source_file,subject_id,subject_label,object_id,object_label,subject_label_norm,object_label_norm,predicate_id,predicate,mapping_justification,similarity_emb_full,similarity_emb_norm,similarity_str_levenshtein_full,similarity_str_jaro_winkler_full,similarity_str_token_sort_full,similarity_str_token_set_full,similarity_str_levenshtein_norm,similarity_str_jaro_winkler_norm,similarity_str_token_sort_norm,similarity_str_token_set_norm
inrap_pactols_sujets_aat.sssom.tsv,pactols:pcrt68T1KcWNtb,latrines,aat:300007951,latrines,latrines,latrines,skos:exactMatch,exactMatch,semapv:UnspecifiedMatching,1.000000,1.000000,1.000000,1.000000,1.000000,1.000000,1.000000,1.000000,1.000000,1.000000
inrap_pactols_sujets_aat.sssom.tsv,pactols:pcrt2nbSAPPSwB,phosphate,aat:300379779,phosphate,phosphate,phosphate,skos:exactMatch,exactMatch,semapv:UnspecifiedMatching,1.000000,1.000000,1.000000,1.000000,1.000000,1.000000,1.000000,1.000000,1.000000,1.000000
inrap_pactols_sujets_aat.sssom.tsv,pactols:pcrtaXHZy6qadS,violence,aat:300192799,violence,violence,violence,skos:exactMatch,exactMatch,semapv:UnspecifiedMatching,1.000000,1.000000,1.000000,1.000000,1.000000,1.000000,1.000000,1.000000,1.000000,1.000000
inrap_pactols_sujets_aat.sssom.tsv,pactols:pcrtpn66h6MkcD,technique Levallois,aat:300400619,Levallois technique,technique Levallois,Levallois technique,skos:exactMatch,exactMatch,semapv:UnspecifiedMatching,1.000000,1.000000,0.473684,0.483709,1.000000,1.000000,0.473684,0.483709,1.000000,1.000000
inrap_pactols_sujets_aat.sssom.tsv,pactols:pcrtav4GgUBmvU,rural,aat:300379516,rural,rural,rural,skos:exactMatch,exactMatch,semapv:UnspecifiedMatching,1.000000,1.000000,1.000000,1.000000,1.000000,1.000000,1.000000,1.000000,1.000000,1.000000
inrap_pactols_sujets_aat.sssom.tsv,pactols:pcrtoyqcfQUVMK,rites,aat:300312160,rites,rites,rites,skos:exactMatch,exactMatch,semapv:UnspecifiedMatching,1.000000,1.000000,1.000000,1.000000,1.000000,1.000000,1.000000,1.000000,1.000000,1.000000
inrap_pactols_sujets_aat.sssom.tsv,pactols:pcrtXVZBob53by,rhyolite,aat:300011211,rhyolite,rhyolite,rhyolite,skos:exactMatch,exactMatch,semapv:UnspecifiedMatching,1.000000,1.000000,1.000000,1.000000,1.000000,1.000000,1.000000,1.000000,1.000000,1.000000
inrap_pactols_sujets_aat.sssom.tsv,pactols:pcrtLgpv98vu4P,quartzite,aat:300011623,quartzite,quartzite,quartzite,skos:exactMatch,exactMatch,semapv:UnspecifiedMatching,1.000000,1.000000,1.000000,1.000000,1.000000,1.000000,1.000000,1.000000,1.000000,1.000000
inrap_pactols_sujets_aat.sssom.tsv,pactols:pcrtTxG9hMhZd7,provenance,aat:300055863,provenance,provenance,provenance,skos:exactMatch,exactMatch,semapv:UnspecifiedMatching,1.000000,1.000000,1.000000,1.000000,1.000000,1.000000,1.000000,1.000000,1.000000,1.000000
inrap_pactols_sujets_aat.sssom.tsv,pactols:pcrtWeehA5itZ7,pisé,aat:300014362,pisé,pisé,pisé,skos:exactMatch,exactMatch,semapv:UnspecifiedMatching,1.000000,1.000000,1.000000,1.000000,1.000000,1.000000,1.000000,1.000000,1.000000,1.000000
inrap_pactols_sujets_aat.sssom.tsv,pactols:pcrtE6otPtwi8P,opus signinum,aat:300379969,opus signinum,opus signinum,opus signinum,skos:exactMatch,exactMatch,semapv:UnspecifiedMatching,1.000000,1.000000,1.000000,1.000000,1.000000,1.000000,1.000000,1.000000,1.000000,1.000000
inrap_pactols_sujets_aat.sssom.tsv,pactols:pcrtAhu8O29Xb2,zinc,aat:300011037,zinc,zinc,zinc,skos:exactMatch,exactMatch,semapv:UnspecifiedMatching,1.000000,1.000000,1.000000,1.000000,1.000000,1.000000,1.000000,1.000000,1.000000,1.000000
inrap_pactols_sujets_aat.sssom.tsv,pactols:pcrtuDGmtyntVb,agriculture,aat:300054463,agriculture,agriculture,agriculture,skos:exactMatch,exactMatch,semapv:UnspecifiedMatching,1.000000,1.000000,1.000000,1.000000,1.000000,1.000000,1.000000,1.000000,1.000000,1.000000
inrap_pactols_sujets_aat.sssom.tsv,pactols:pcrtSIsVZPQG1t,loess,aat:300014336,loess,loess,loess,skos:exactMatch,exactMatch,semapv:UnspecifiedMatching,1.000000,1.000000,1.000000,1.000000,1.000000,1.000000,1.000000,1.000000,1.000000,1.000000
inrap_pactols_sujets_aat.sssom.tsv,pactols:pcrt9rIFPQ997Q,lignite,aat:300211957,lignite,lignite,lignite,skos:exactMatch,exactMatch,semapv:UnspecifiedMatching,1.000000,1.000000,1.000000,1.000000,1.000000,1.000000,1.000000,1.000000,1.000000,1.000000
inrap_pactols_sujets_aat.sssom.tsv,pactols:pcrtSswfqFhJ9S,horticulture,aat:300054512,horticulture,horticulture,horticulture,skos:exactMatch,exactMatch,semapv:UnspecifiedMatching,1.000000,1.000000,1.000000,1.000000,1.000000,1.000000,1.000000,1.000000,1.000000,1.000000
inrap_pactols_sujets_aat.sssom.tsv,pactols:pcrtXgoFDoG7xA,engobe,aat:300015111,engobe,engobe,engobe,skos:exactMatch,exactMatch,semapv:UnspecifiedMatching,1.000000,1.000000,1.000000,1.000000,1.000000,1.000000,1.000000,1.000000,1.000000,1.000000
inrap_pactols_sujets_aat.sssom.tsv,pactols:pcrt2WF3gcWDUM,drainage,aat:300055199,drainage,drainage,drainage,skos:exactMatch,exactMatch,semapv:UnspecifiedMatching,1.000000,1.000000,1.000000,1.000000,1.000000,1.000000,1.000000,1.000000,1.000000,1.000000
inrap_pactols_sujets_aat.sssom.tsv,pactols:pcrtBTWy6SwZAu,domus,aat:300005506,domus,domus,domus,skos:exactMatch,exactMatch,semapv:UnspecifiedMatching,1.000000,1.000000,1.000000,1.000000,1.000000,1.000000,1.000000,1.000000,1.000000,1.000000
inrap_pactols_sujets_aat.sssom.tsv,pactols:pcrtcWtmlzv64Z,destruction,aat:300053087,destruction,destruction,destruction,skos:exactMatch,exactMatch,semapv:UnspecifiedMatching,1.000000,1.000000,1.000000,1.000000,1.000000,1.000000,1.000000,1.000000,1.000000,1.000000
inrap_pactols_sujets_aat.sssom.tsv,pactols:pcrtDrDBcuUmry,viticulture,aat:300389852,viticulture,viticulture,viticulture,skos:exactMatch,exactMatch,semapv:UnspecifiedMatching,1.000000,1.000000,1.000000,1.000000,1.000000,1.000000,1.000000,1.000000,1.000000,1.000000
inrap_pactols_sujets_aat.sssom.tsv,pactols:pcrtGzQPnntJa1,pigment,aat:300013109,pigment,pigment,pigment,skos:exactMatch,exactMatch,semapv:UnspecifiedMatching,1.000000,1.000000,1.000000,1.000000,1.000000,1.000000,1.000000,1.000000,1.000000,1.000000
inrap_pactols_sujets_aat.sssom.tsv,pactols:pcrtWSqJyedQws,graffiti,aat:300015613,graffiti,graffiti,graffiti,skos:exactMatch,exactMatch,semapv:UnspecifiedMatching,0.999512,0.999512,1.000000,1.000000,1.000000,1.000000,1.000000,1.000000,1.000000,1.000000
inrap_pactols_sujets_aat.sssom.tsv,pactols:pcrt039bGXIj6t,opus reticulatum,aat:300262690,opus reticulatum,opus reticulatum,opus reticulatum,skos:exactMatch,exactMatch,semapv:UnspecifiedMatching,0.999512,0.999512,1.000000,1.000000,1.000000,1.000000,1.000000,1.000000,1.000000,1.000000
inrap_pactols_sujets_aat.sssom.tsv,pactols:pcrtADTnt0nqjr,murus gallicus,aat:300247580,murus gallicus,murus gallicus,murus gallicus,skos:exactMatch,exactMatch,semapv:UnspecifiedMatching,0.999512,0.999512,1.000000,1.000000,1.000000,1.000000,1.000000,1.000000,1.000000,1.000000
inrap_pactols_sujets_aat.sssom.tsv,pactols:pcrtg9XR0wFYKT,production,aat:300054713,production,production,production,skos:exactMatch,exactMatch,semapv:UnspecifiedMatching,0.999512,0.999512,1.000000,1.000000,1.000000,1.000000,1.000000,1.000000,1.000000,1.000000
inrap_pactols_sujets_aat.sssom.tsv,pactols:pcrtQjFLxSMhNs,sports,aat:300222725,sports,sports,sports,skos:exactMatch,exactMatch,semapv:UnspecifiedMatching,0.999512,0.999512,1.000000,1.000000,1.000000,1.000000,1.000000,1.000000,1.000000,1.000000
dai_aat.sssom.tsv,http://thesauri.dainst.org/_77e0a34d,Rostra,aat:300265624,rostra,Rostra,rostra,skos:exactMatch,exactMatch,semapv:UnspecifiedMatching,0.963379,0.963379,1.000000,1.000000,1.000000,1.000000,1.000000,1.000000,1.000000,1.000000
inrap_pactols_sujets_aat.sssom.tsv,pactols:pcrtz2Jazv9paI,débitage,aat:300265125,debitage,débitage,debitage,skos:exactMatch,exactMatch,semapv:UnspecifiedMatching,0.953613,0.953613,0.875000,0.925000,0.875000,0.875000,0.875000,0.925000,0.875000,0.875000
inrap_pactols_sujets_aat.sssom.tsv,pactols:pcrtYgu4jWtWru,dendrochronologie,aat:300054715,dendrochronology,dendrochronologie,dendrochronology,skos:exactMatch,exactMatch,semapv:UnspecifiedMatching,0.953125,0.953125,0.909091,0.963971,0.909091,0.909091,0.909091,0.963971,0.909091,0.909091
inrap_pactols_sujets_aat.sssom.tsv,pactols:pcrtzb0P2rTokq,déforestation,aat:300254446,deforestation,déforestation,deforestation,skos:exactMatch,exactMatch,semapv:UnspecifiedMatching,0.944824,0.944824,0.923077,0.903846,0.923077,0.923077,0.923077,0.903846,0.923077,0.923077
inrap_pactols_sujets_aat.sssom.tsv,pactols:pcrt0mjELsY3mi,uranium-thorium,aat:300386639,uranium-thorium dating,uranium-thorium,uranium-thorium dating,skos:exactMatch,exactMatch,semapv:UnspecifiedMatching,0.944336,0.944336,0.810811,0.936364,0.810811,1.000000,0.810811,0.936364,0.810811,1.000000
inrap_pactols_sujets_aat.sssom.tsv,pactols:pcrtcz91HmkSSF,microburin,aat:300400614,microburins,microburin,microburins,skos:exactMatch,exactMatch,semapv:UnspecifiedMatching,0.939941,0.939941,0.952381,0.981818,0.952381,0.952381,0.952381,0.981818,0.952381,0.952381
inrap_pactols_sujets_aat.sssom.tsv,pactols:pcrtKRoPbSDJ9I,pyramidion,aat:300400646,pyramidions,pyramidion,pyramidions,skos:exactMatch,exactMatch,semapv:UnspecifiedMatching,0.939453,0.939453,0.952381,0.981818,0.952381,0.952381,0.952381,0.981818,0.952381,0.952381
inrap_pactols_sujets_aat.sssom.tsv,pactols:pcrtxMZey15FER,ethnologie,aat:300054316,ethnology,ethnologie,ethnology,skos:exactMatch,exactMatch,semapv:UnspecifiedMatching,0.937988,0.937988,0.842105,0.937778,0.842105,0.842105,0.842105,0.937778,0.842105,0.842105
inrap_pactols_sujets_aat.sssom.tsv,pactols:pcrttcpeEPi2K0,anthropologie,aat:300054315,anthropology,anthropologie,anthropology,skos:exactMatch,exactMatch,semapv:UnspecifiedMatching,0.937500,0.937500,0.880000,0.952564,0.880000,0.880000,0.880000,0.952564,0.880000,0.880000
inrap_pactols_sujets_aat.sssom.tsv,pactols:pcrtYYTljnV8Gy,chrisme,aat:300265211,chrism,chrisme,chrism,skos:exactMatch,exactMatch,semapv:UnspecifiedMatching,0.937012,0.937012,0.923077,0.971429,0.923077,0.923077,0.923077,0.971429,0.923077,0.923077
inrap_pactols_sujets_aat.sssom.tsv,pactols:pcrt5StlzTk4Vn,micromorphologie,aat:300218793,micromorphology,micromorphologie,micromorphology,skos:exactMatch,exactMatch,semapv:UnspecifiedMatching,0.936523,0.936523,0.903226,0.961667,0.903226,0.903226,0.903226,0.961667,0.903226,0.903226
inrap_pactols_sujets_aat.sssom.tsv,pactols:pcrtuQw1K0XBDB,Culture,aat:300055768,culture,Culture,culture,skos:exactMatch,exactMatch,semapv:UnspecifiedMatching,0.934570,0.934570,1.000000,1.000000,1.000000,1.000000,1.000000,1.000000,1.000000,1.000000
inrap_pactols_sujets_aat.sssom.tsv,pactols:pcrt6RVUI8RJMJ,tannerie,aat:300006302,tanneries,tannerie,tanneries,skos:exactMatch,exactMatch,semapv:UnspecifiedMatching,0.928223,0.928223,0.941176,0.977778,0.941176,0.941176,0.941176,0.977778,0.941176,0.941176
inrap_pactols_sujets_aat.sssom.tsv,pactols:pcrt1vSh3lIhHm,palynologie,aat:300251145,palynology,palynologie,palynology,skos:exactMatch,exactMatch,semapv:UnspecifiedMatching,0.926758,0.926758,0.857143,0.943636,0.857143,0.857143,0.857143,0.943636,0.857143,0.857143
inrap_pactols_sujets_aat.sssom.tsv,pactols:pcrtQYOKHx5tGa,lithologie,aat:300386791,lithology,lithologie,lithology,skos:exactMatch,exactMatch,semapv:UnspecifiedMatching,0.925781,0.925781,0.842105,0.937778,0.842105,0.842105,0.842105,0.937778,0.842105,0.842105
inrap_pactols_sujets_aat.sssom.tsv,pactols:pcrtVPxBxiVqMy,thermoluminescence,aat:300054718,thermoluminescence dating,thermoluminescence,thermoluminescence dating,skos:exactMatch,exactMatch,semapv:UnspecifiedMatching,0.923340,0.923340,0.837209,0.944000,0.837209,1.000000,0.837209,0.944000,0.837209,1.000000
inrap_pactols_sujets_aat.sssom.tsv,pactols:pcrtwIptMTwKjR,stylobate,aat:300000986,stylobates,stylobate,stylobates,skos:exactMatch,exactMatch,semapv:UnspecifiedMatching,0.921387,0.921387,0.947368,0.980000,0.947368,0.947368,0.947368,0.980000,0.947368,0.947368
inrap_pactols_sujets_aat.sssom.tsv,pactols:pcrtslVSzVnfeg,jadéite,aat:300011121,jadeite,jadéite,jadeite,skos:exactMatch,exactMatch,semapv:UnspecifiedMatching,0.916016,0.916016,0.857143,0.933333,0.857143,0.857143,0.857143,0.933333,0.857143,0.857143
inrap_pactols_sujets_aat.sssom.tsv,pactols:pcrtjGi4jbH8MF,burin,aat:300193147,burins,burin,burins,skos:exactMatch,exactMatch,semapv:UnspecifiedMatching,0.912109,0.912109,0.909091,0.966667,0.909091,0.909091,0.909091,0.966667,0.909091,0.909091
inrap_pactols_sujets_aat.sssom.tsv,pactols:pcrtPPPS9ErMrW,urbanisation,aat:300055460,urbanization,urbanisation,urbanization,skos:exactMatch,exactMatch,semapv:UnspecifiedMatching,0.908203,0.908203,0.916667,0.966667,0.916667,0.916667,0.916667,0.966667,0.916667,0.916667
inrap_pactols_sujets_aat.sssom.tsv,pactols:pcrtcS3oJgVjRu,sport,aat:300222725,sports,sport,sports,skos:exactMatch,exactMatch,semapv:UnspecifiedMatching,0.904785,0.904785,0.909091,0.966667,0.909091,0.909091,0.909091,0.966667,0.909091,0.909091
inrap_pactols_sujets_aat.sssom.tsv,pactols:pcrtqj3vNw55Df,climatologie,aat:300379447,climatology,climatologie,climatology,skos:exactMatch,exactMatch,semapv:UnspecifiedMatching,0.903320,0.903320,0.869565,0.948485,0.869565,0.869565,0.869565,0.948485,0.869565,0.869565
inrap_pactols_sujets_aat.sssom.tsv,pactols:pcrtImRXTwOx0B,schiste,aat:300011626,schist,schiste,schist,skos:exactMatch,exactMatch,semapv:UnspecifiedMatching,0.897949,0.897949,0.923077,0.971429,0.923077,0.923077,0.923077,0.971429,0.923077,0.923077
inrap_pactols_sujets_aat.sssom.tsv,pactols:pcrtWOrwXjvsa3,typologie,aat:300067209,typology,typologie,typology,skos:exactMatch,exactMatch,semapv:UnspecifiedMatching,0.895508,0.895508,0.823529,0.930556,0.823529,0.823529,0.823529,0.930556,0.823529,0.823529
inrap_pactols_sujets_aat.sssom.tsv,pactols:pcrt3qpYFnIQFm,zoologie,aat:300054472,zoology,zoologie,zoology,skos:exactMatch,exactMatch,semapv:UnspecifiedMatching,0.893555,0.893555,0.800000,0.921429,0.800000,0.800000,0.800000,0.921429,0.800000,0.800000
inrap_pactols_sujets_aat.sssom.tsv,pactols:pcrt3EJjtWAVjc,porche,aat:300004132,porches,porche,porches,skos:exactMatch,exactMatch,semapv:UnspecifiedMatching,0.892090,0.892090,0.923077,0.971429,0.923077,0.923077,0.923077,0.971429,0.923077,0.923077
inrap_pactols_sujets_aat.sssom.tsv,pactols:pcrtkhKLXU3mWs,irrigation,aat:300055262,irrigation systems,irrigation,irrigation systems,skos:exactMatch,exactMatch,semapv:UnspecifiedMatching,0.891602,0.891602,0.714286,0.911111,0.714286,1.000000,0.714286,0.911111,0.714286,1.000000
dai_aat.sssom.tsv,http://thesauri.dainst.org/_54354aea,hieratisch,aat:300206211,hieratic,hieratisch,hieratic,skos:exactMatch,exactMatch,semapv:UnspecifiedMatching,0.887695,0.887695,0.888889,0.960000,0.888889,0.888889,0.888889,0.960000,0.888889,0.888889
inrap_pactols_sujets_aat.sssom.tsv,pactols:pcrtsRdSxSAHjb,transept,aat:300004645,transepts,transept,transepts,skos:exactMatch,exactMatch,semapv:UnspecifiedMatching,0.887207,0.887207,0.941176,0.977778,0.941176,0.941176,0.941176,0.977778,0.941176,0.941176
inrap_pactols_sujets_aat.sssom.tsv,pactols:pcrt7BMlTX2YhF,commanderie,aat:300235537,commanderies,commanderie,commanderies,skos:exactMatch,exactMatch,semapv:UnspecifiedMatching,0.882324,0.882324,0.956522,0.983333,0.956522,0.956522,0.956522,0.983333,0.956522,0.956522
inrap_pactols_sujets_aat.sssom.tsv,pactols:pcrt8sdERP5yOv,fanum,aat:300400628,fanums,fanum,fanums,skos:exactMatch,exactMatch,semapv:UnspecifiedMatching,0.882324,0.882324,0.909091,0.966667,0.909091,0.909091,0.909091,0.966667,0.909091,0.909091
inrap_pactols_sujets_aat.sssom.tsv,pactols:pcrtLbjx1LR0E0,façade,aat:300002526,façades,façade,façades,skos:exactMatch,exactMatch,semapv:UnspecifiedMatching,0.879883,0.879883,0.923077,0.971429,0.923077,0.923077,0.923077,0.971429,0.923077,0.923077
inrap_pactols_sujets_aat.sssom.tsv,pactols:pcrtHj8OIOOjJe,rivet,aat:300036425,rivets,rivet,rivets,skos:exactMatch,exactMatch,semapv:UnspecifiedMatching,0.878418,0.878418,0.909091,0.966667,0.909091,0.909091,0.909091,0.966667,0.909091,0.909091
inrap_pactols_sujets_aat.sssom.tsv,pactols:pcrtkFvBudkPIc,aristocratie,aat:300375127,aristocracies,aristocratie,aristocracies,skos:exactMatch,exactMatch,semapv:UnspecifiedMatching,0.876953,0.876953,0.880000,0.952564,0.880000,0.880000,0.880000,0.952564,0.880000,0.880000
inrap_pactols_sujets_aat.sssom.tsv,pactols:pcrt0Ffns3pZ28,coprolithe,aat:300379448,coprolites,coprolithe,coprolites,skos:exactMatch,exactMatch,semapv:UnspecifiedMatching,0.876953,0.876953,0.900000,0.960000,0.900000,0.900000,0.900000,0.960000,0.900000,0.900000
inrap_pactols_sujets_aat.sssom.tsv,pactols:pcrtD19Y1kxWR4,menhir,aat:300006985,menhirs,menhir,menhirs,skos:exactMatch,exactMatch,semapv:UnspecifiedMatching,0.875977,0.875977,0.923077,0.971429,0.923077,0.923077,0.923077,0.971429,0.923077,0.923077
inrap_pactols_sujets_aat.sssom.tsv,pactols:pcrtQluMbIyppo,basilica,aat:300170443,basilicas,basilica,basilicas,skos:closeMatch,closeMatch,semapv:UnspecifiedMatching,0.875000,0.875000,0.941176,0.977778,0.941176,0.941176,0.941176,0.977778,0.941176,0.941176
inrap_pactols_sujets_aat.sssom.tsv,pactols:pcrtfx2fwztQ8p,tuf,aat:300011264,tuff,tuf,tuff,skos:exactMatch,exactMatch,semapv:UnspecifiedMatching,0.875000,0.875000,0.857143,0.941667,0.857143,0.857143,0.857143,0.941667,0.857143,0.857143
inrap_pactols_sujets_aat.sssom.tsv,pactols:pcrtA56TqYxlPi,Cisterciens,aat:300148071,Cistercian,Cisterciens,Cistercian,skos:exactMatch,exactMatch,semapv:UnspecifiedMatching,0.870605,0.870605,0.857143,0.943636,0.857143,0.857143,0.857143,0.943636,0.857143,0.857143
inrap_pactols_sujets_aat.sssom.tsv,pactols:pcrtaGFcSzXQ5x,fortification,aat:300006888,fortifications,fortification,fortifications,skos:exactMatch,exactMatch,semapv:UnspecifiedMatching,0.869629,0.869629,0.962963,0.985714,0.962963,0.962963,0.962963,0.985714,0.962963,0.962963
ads_eh_tmt2_aat.sssom.tsv,fish_tmt2:/concepts/70000,Burial Mound,aat:300005903,burial mounds,Burial Mound,burial mounds,skos:exactMatch,exactMatch,semapv:UnspecifiedMatching,0.860352,0.860352,0.960000,0.984615,0.960000,0.960000,0.960000,0.984615,0.960000,0.960000
ads_eh_tmt2_aat.sssom.tsv,fish_tmt2:/concepts/70044,Burial Mound,aat:300005903,burial mounds,Burial Mound,burial mounds,skos:exactMatch,exactMatch,semapv:UnspecifiedMatching,0.860352,0.860352,0.960000,0.984615,0.960000,0.960000,0.960000,0.984615,0.960000,0.960000
inrap_pactols_sujets_aat.sssom.tsv,pactols:pcrtVauEttfZoe,manufacture,aat:300077527,manufacturing,manufacture,manufacturing,skos:exactMatch,exactMatch,semapv:UnspecifiedMatching,0.860352,0.860352,0.833333,0.935664,0.833333,0.833333,0.833333,0.935664,0.833333,0.833333
inrap_pactols_sujets_aat.sssom.tsv,pactols:pcrtTrt5DQtFIs,ichtyologie,aat:300251965,ichthyology,ichtyologie,ichthyology,skos:exactMatch,exactMatch,semapv:UnspecifiedMatching,0.857910,0.857910,0.818182,0.927273,0.818182,0.818182,0.818182,0.927273,0.818182,0.818182
ads_mda_obj_aat.sssom.tsv,fish_obj:/concepts/141192,Grave Goods,aat:300180706,grave goods,Grave Goods,grave goods,skos:exactMatch,exactMatch,semapv:UnspecifiedMatching,0.854980,0.854980,1.000000,1.000000,1.000000,1.000000,1.000000,1.000000,1.000000,1.000000
inrap_pactols_sujets_aat.sssom.tsv,pactols:pcrtYE8gj9Yicf,magie,aat:300054590,magic,magie,magic,skos:exactMatch,exactMatch,semapv:UnspecifiedMatching,0.853516,0.853516,0.800000,0.920000,0.800000,0.800000,0.800000,0.920000,0.800000,0.800000
inrap_pactols_sujets_aat.sssom.tsv,pactols:pcrtAqKgmvERHQ,cairn,aat:300006960,cairns,cairn,cairns,skos:exactMatch,exactMatch,semapv:UnspecifiedMatching,0.852051,0.852051,0.909091,0.966667,0.909091,0.909091,0.909091,0.966667,0.909091,0.909091
inrap_pactols_sujets_aat.sssom.tsv,pactols:pcrtmdJdxASSdo,crucifix,aat:300248835,crucifixes,crucifix,crucifixes,skos:exactMatch,exactMatch,semapv:UnspecifiedMatching,0.852051,0.852051,0.888889,0.960000,0.888889,0.888889,0.888889,0.960000,0.888889,0.888889
inrap_pactols_sujets_aat.sssom.tsv,pactols:pcrtp45jEJloXR,porphyre,aat:300011232,porphyry,porphyre,porphyry,skos:exactMatch,exactMatch,semapv:UnspecifiedMatching,0.851074,0.851074,0.875000,0.950000,0.875000,0.875000,0.875000,0.950000,0.875000,0.875000
inrap_pactols_sujets_aat.sssom.tsv,pactols:pcrtaI2EMYnfOm,ostéologie,aat:300379771,osteology,ostéologie,osteology,skos:exactMatch,exactMatch,semapv:UnspecifiedMatching,0.849609,0.849609,0.736842,0.878148,0.736842,0.736842,0.736842,0.878148,0.736842,0.736842
inrap_pactols_sujets_aat.sssom.tsv,pactols:pcrtBWujheDk6Z,sculpture funéraire,aat:300184644,funerary sculpture,sculpture funéraire,funerary sculpture,skos:exactMatch,exactMatch,semapv:UnspecifiedMatching,0.849609,0.849609,0.486486,0.620858,0.864865,0.864865,0.486486,0.620858,0.864865,0.864865
inrap_pactols_sujets_aat.sssom.tsv,pactols:pcrtwtNyeS0E2v,hypocauste,aat:300004277,hypocausts,hypocauste,hypocausts,skos:exactMatch,exactMatch,semapv:UnspecifiedMatching,0.849121,0.849121,0.900000,0.960000,0.900000,0.900000,0.900000,0.960000,0.900000,0.900000
inrap_pactols_sujets_aat.sssom.tsv,pactols:pcrtIRVfnRRfuP,photogrammétrie,aat:300053580,photogrammetry,photogrammétrie,photogrammetry,skos:exactMatch,exactMatch,semapv:UnspecifiedMatching,0.846680,0.846680,0.827586,0.943663,0.827586,0.827586,0.827586,0.943663,0.827586,0.827586
inrap_pactols_sujets_aat.sssom.tsv,pactols:pcrtHbFOhUydUz,fertilité,aat:300379149,fertility,fertilité,fertility,skos:exactMatch,exactMatch,semapv:UnspecifiedMatching,0.842285,0.842285,0.888889,0.955556,0.888889,0.888889,0.888889,0.955556,0.888889,0.888889
inrap_pactols_sujets_aat.sssom.tsv,pactols:pcrtvRM2ZVPsLA,sol terrazzo,aat:300011696,terrazzo,sol terrazzo,terrazzo,skos:exactMatch,exactMatch,semapv:UnspecifiedMatching,0.841309,0.841309,0.800000,0.888889,0.800000,1.000000,0.800000,0.888889,0.800000,1.000000
inrap_pactols_sujets_aat.sssom.tsv,pactols:pcrtcSwGKi6BiS,karst,aat:300387344,karst areas,karst,karst areas,skos:exactMatch,exactMatch,semapv:UnspecifiedMatching,0.839844,0.839844,0.625000,0.890909,0.625000,1.000000,0.625000,0.890909,0.625000,1.000000
inrap_pactols_sujets_aat.sssom.tsv,pactols:pcrtSAtrywvkI9,amas de débitage,aat:300265125,debitage,amas de débitage,debitage,skos:exactMatch,exactMatch,semapv:UnspecifiedMatching,0.838379,0.838379,0.666667,0.409722,0.666667,0.666667,0.666667,0.409722,0.666667,0.666667
inrap_pactols_sujets_aat.sssom.tsv,pactols:pcrt5L4aRNkptl,projectile,aat:300024860,projectile points,projectile,projectile points,skos:exactMatch,exactMatch,semapv:UnspecifiedMatching,0.835938,0.835938,0.740741,0.917647,0.740741,1.000000,0.740741,0.917647,0.740741,1.000000
inrap_pactols_sujets_aat.sssom.tsv,pactols:pcrtXkBDk8keXY,strigile,aat:300343767,strigils,strigile,strigils,skos:exactMatch,exactMatch,semapv:UnspecifiedMatching,0.834473,0.834473,0.875000,0.950000,0.875000,0.875000,0.875000,0.950000,0.875000,0.875000
inrap_pactols_sujets_aat.sssom.tsv,pactols:pcrtrmZTScioB8,dolium,aat:300400601,doliums,dolium,doliums,skos:exactMatch,exactMatch,semapv:UnspecifiedMatching,0.833984,0.833984,0.923077,0.971429,0.923077,0.923077,0.923077,0.971429,0.923077,0.923077
inrap_pactols_sujets_aat.sssom.tsv,pactols:pcrthAOjGBEfZk,textile,aat:300231565,textile materials,textile,textile materials,skos:exactMatch,exactMatch,semapv:UnspecifiedMatching,0.832031,0.832031,0.583333,0.882353,0.583333,1.000000,0.583333,0.882353,0.583333,1.000000
inrap_pactols_sujets_aat.sssom.tsv,pactols:pcrti1hjmzSSeI,jeton,aat:300191481,jettons,jeton,jettons,skos:exactMatch,exactMatch,semapv:UnspecifiedMatching,0.832031,0.832031,0.833333,0.933333,0.833333,0.833333,0.833333,0.933333,0.833333,0.833333
inrap_pactols_sujets_aat.sssom.tsv,pactols:pcrt3SWbm6EV00,éclairage,aat:300051944,lighting,éclairage,lighting,skos:exactMatch,exactMatch,semapv:UnspecifiedMatching,0.831543,0.831543,0.352941,0.569444,0.352941,0.352941,0.352941,0.569444,0.352941,0.352941
dai_aat.sssom.tsv,http://thesauri.dainst.org/_169f7db3,demotisch,aat:300206213,demotic,demotisch,demotic,skos:exactMatch,exactMatch,semapv:UnspecifiedMatching,0.831543,0.831543,0.875000,0.955556,0.875000,0.875000,0.875000,0.955556,0.875000,0.875000
inrap_pactols_sujets_aat.sssom.tsv,pactols:pcrt5Bet7kzAgJ,phytolithe,aat:300379628,phytoliths,phytolithe,phytoliths,skos:exactMatch,exactMatch,semapv:UnspecifiedMatching,0.829590,0.829590,0.900000,0.960000,0.900000,0.900000,0.900000,0.960000,0.900000,0.900000
inrap_pactols_sujets_aat.sssom.tsv,pactols:pcrtoSNocojBlt,laraire,aat:300400600,lararia,laraire,lararia,skos:exactMatch,exactMatch,semapv:UnspecifiedMatching,0.828613,0.828613,0.714286,0.909524,0.714286,0.714286,0.714286,0.909524,0.714286,0.714286
inrap_pactols_sujets_aat.sssom.tsv,pactols:pcrt6LWkykxIa8,radiographie,aat:300053450,radiography,radiographie,radiography,skos:exactMatch,exactMatch,semapv:UnspecifiedMatching,0.827637,0.827637,0.869565,0.948485,0.869565,0.869565,0.869565,0.948485,0.869565,0.869565
dai_aat.sssom.tsv,http://thesauri.dainst.org/_7212a798,Naiskos,aat:300108367,naiskoi,Naiskos,naiskoi,skos:exactMatch,exactMatch,semapv:UnspecifiedMatching,0.827148,0.827148,0.857143,0.942857,0.857143,0.857143,0.857143,0.942857,0.857143,0.857143
inrap_pactols_sujets_aat.sssom.tsv,pactols:pcrtxP5I53Pj0s,fluorescence X,aat:300224161,x-ray fluorescence,fluorescence X,x-ray fluorescence,skos:exactMatch,exactMatch,semapv:UnspecifiedMatching,0.825684,0.825684,0.750000,0.729752,0.875000,0.923077,0.750000,0.729752,0.875000,0.923077
inrap_pactols_sujets_aat.sssom.tsv,pactols:pcrtJ8FyJDGMvS,colosse,aat:300047453,colossi,colosse,colossi,skos:exactMatch,exactMatch,semapv:UnspecifiedMatching,0.824707,0.824707,0.857143,0.942857,0.857143,0.857143,0.857143,0.942857,0.857143,0.857143
inrap_pactols_sujets_aat.sssom.tsv,pactols:pcrte5XIxMr7kD,cryptoportique,aat:300004295,cryptoportici,cryptoportique,cryptoportici,skos:exactMatch,exactMatch,semapv:UnspecifiedMatching,0.824219,0.824219,0.814815,0.926374,0.814815,0.814815,0.814815,0.926374,0.814815,0.814815
dai_aat.sssom.tsv,http://thesauri.dainst.org/_0ebbb198,hieroglyphisch,aat:300028721,hieroglyphics,hieroglyphisch,hieroglyphics,skos:exactMatch,exactMatch,semapv:UnspecifiedMatching,0.823730,0.823730,0.888889,0.970330,0.888889,0.888889,0.888889,0.970330,0.888889,0.888889
inrap_pactols_sujets_aat.sssom.tsv,pactols:pcrtI1R2oldVZn,statue,aat:300047600,statues,statue,statues,skos:exactMatch,exactMatch,semapv:UnspecifiedMatching,0.823730,0.823730,0.923077,0.971429,0.923077,0.923077,0.923077,0.971429,0.923077,0.923077
inrap_pactols_sujets_aat.sssom.tsv,pactols:pcrtb4M5pvMjvr,iconographie,aat:300055859,iconography,iconographie,iconography,skos:exactMatch,exactMatch,semapv:UnspecifiedMatching,0.822266,0.822266,0.869565,0.948485,0.869565,0.869565,0.869565,0.948485,0.869565,0.869565
inrap_pactols_sujets_aat.sssom.tsv,pactols:pcrtxTzaEYNSXS,hipposandale,aat:300400634,hipposandals,hipposandale,hipposandals,skos:exactMatch,exactMatch,semapv:UnspecifiedMatching,0.822266,0.822266,0.916667,0.966667,0.916667,0.916667,0.916667,0.966667,0.916667,0.916667
inrap_pactols_sujets_aat.sssom.tsv,pactols:pcrtAyr2cM5Yf0,stratigraphie,aat:300192073,stratigraphy,stratigraphie,stratigraphy,skos:exactMatch,exactMatch,semapv:UnspecifiedMatching,0.819336,0.819336,0.880000,0.952564,0.880000,0.880000,0.880000,0.952564,0.880000,0.880000
inrap_pactols_sujets_aat.sssom.tsv,pactols:pcrthwxAP9LOxf,historiographie,aat:300055926,historiography,historiographie,historiography,skos:exactMatch,exactMatch,semapv:UnspecifiedMatching,0.818359,0.818359,0.896552,0.959048,0.896552,0.896552,0.896552,0.959048,0.896552,0.896552
inrap_pactols_sujets_aat.sssom.tsv,pactols:pcrtQKxf8QNzai,decumanus,aat:300008264,decumani,decumanus,decumani,skos:exactMatch,exactMatch,semapv:UnspecifiedMatching,0.815430,0.815430,0.823529,0.930556,0.823529,0.823529,0.823529,0.930556,0.823529,0.823529
inrap_pactols_sujets_aat.sssom.tsv,pactols:pcrt3mTg9h3RFE,vin,aat:300379442,wine,vin,wine,skos:exactMatch,exactMatch,semapv:UnspecifiedMatching,0.815430,0.815430,0.571429,0.722222,0.571429,0.571429,0.571429,0.722222,0.571429,0.571429
inrap_pactols_sujets_aat.sssom.tsv,pactols:pcrtjt6fT6tah9,tumulus,aat:300391495,tumuli,tumulus,tumuli,skos:exactMatch,exactMatch,semapv:UnspecifiedMatching,0.813965,0.813965,0.769231,0.909524,0.769231,0.769231,0.769231,0.909524,0.769231,0.769231
ads_eh_tmt2_aat.sssom.tsv,fish_tmt2:/concepts/70412,Crop Mark,aat:300248611,crop marks,Crop Mark,crop marks,skos:closeMatch,closeMatch,semapv:UnspecifiedMatching,0.813477,0.813477,0.947368,0.980000,0.947368,0.947368,0.947368,0.980000,0.947368,0.947368
inrap_pactols_sujets_aat.sssom.tsv,pactols:pcrtwSE4xE1XNb,histoire sociale,aat:300054403,social history,histoire sociale,social history,skos:exactMatch,exactMatch,semapv:UnspecifiedMatching,0.813477,0.813477,0.400000,0.646429,0.866667,0.866667,0.400000,0.646429,0.866667,0.866667
inrap_pactols_sujets_aat.sssom.tsv,pactols:pcrthbreFd57Bs,niche,aat:300002704,niches,niche,niches,skos:exactMatch,exactMatch,semapv:UnspecifiedMatching,0.813477,0.813477,0.909091,0.966667,0.909091,0.909091,0.909091,0.966667,0.909091,0.909091
dai_aat.sssom.tsv,http://thesauri.dainst.org/_4b77941b,Mädchen,aat:300247581,girls,Mädchen,girls,skos:exactMatch,exactMatch,semapv:UnspecifiedMatching,0.812012,0.812012,0.000000,0.000000,0.000000,0.000000,0.000000,0.000000,0.000000,0.000000
inrap_pactols_sujets_aat.sssom.tsv,pactols:pcrtoyLU25Xoz1,cavalerie,aat:300212659,cavalries,cavalerie,cavalries,skos:exactMatch,exactMatch,semapv:UnspecifiedMatching,0.812012,0.812012,0.888889,0.930556,0.888889,0.888889,0.888889,0.930556,0.888889,0.888889
inrap_pactols_sujets_aat.sssom.tsv,pactols:pcrt6UZ1B610j3,citadelle,aat:300006902,citadels,citadelle,citadels,skos:exactMatch,exactMatch,semapv:UnspecifiedMatching,0.812012,0.812012,0.823529,0.930556,0.823529,0.823529,0.823529,0.930556,0.823529,0.823529
inrap_pactols_sujets_aat.sssom.tsv,pactols:pcrtcMAzwfcMyS,géologie,aat:300054546,geology,géologie,geology,skos:exactMatch,exactMatch,semapv:UnspecifiedMatching,0.811523,0.811523,0.666667,0.801786,0.666667,0.666667,0.666667,0.801786,0.666667,0.666667
ads_eh_tbm_aat.sssom.tsv,fish_tbm:/concepts/97722,ASHLAR,aat:300011701,ashlar,ASHLAR,ashlar,skos:closeMatch,closeMatch,semapv:UnspecifiedMatching,0.810547,0.810547,1.000000,1.000000,1.000000,1.000000,1.000000,1.000000,1.000000,1.000000
inrap_pactols_sujets_aat.sssom.tsv,pactols:pcrtbbOKgxaFFc,umbo,aat:300222460,umbos,umbo,umbos,skos:exactMatch,exactMatch,semapv:UnspecifiedMatching,0.810059,0.810059,0.888889,0.960000,0.888889,0.888889,0.888889,0.960000,0.888889,0.888889
inrap_pactols_sujets_aat.sssom.tsv,pactols:pcrtiqoxXEO1L0,histoire militaire,aat:300249450,military history,histoire militaire,military history,skos:exactMatch,exactMatch,semapv:UnspecifiedMatching,0.807129,0.807129,0.470588,0.606481,0.823529,0.823529,0.470588,0.606481,0.823529,0.823529
ads_eh_tmt2_aat.sssom.tsv,fish_tmt2:/concepts/69980,Abbey Church,aat:300007495,abbey churches,Abbey Church,abbey churches,skos:closeMatch,closeMatch,semapv:UnspecifiedMatching,0.800293,0.800293,0.923077,0.971429,0.923077,0.923077,0.923077,0.971429,0.923077,0.923077
dai_aat.sssom.tsv,http://thesauri.dainst.org/_6583d13d,Phryger,aat:300019715,Phrygian,Phryger,Phrygian,skos:closeMatch,closeMatch,semapv:UnspecifiedMatching,0.799316,0.799316,0.666667,0.867857,0.666667,0.666667,0.666667,0.867857,0.666667,0.666667
inrap_pactols_sujets_aat.sssom.tsv,pactols:pcrt1tSmMf0Tw8,fibule,aat:300209303,fibulae,fibule,fibulae,skos:exactMatch,exactMatch,semapv:UnspecifiedMatching,0.798828,0.798828,0.923077,0.971429,0.923077,0.923077,0.923077,0.971429,0.923077,0.923077
dai_aat.sssom.tsv,http://thesauri.dainst.org/_6d543ff9,urban,aat:300130893,urban areas,urban,urban areas,skos:closeMatch,closeMatch,semapv:UnspecifiedMatching,0.798828,0.798828,0.625000,0.890909,0.625000,1.000000,0.625000,0.890909,0.625000,1.000000
dai_aat.sssom.tsv,http://thesauri.dainst.org/_950aa627,Atriumhaus,aat:300005451,atrium houses,Atriumhaus,atrium houses,skos:exactMatch,exactMatch,semapv:UnspecifiedMatching,0.798828,0.798828,0.782609,0.918462,0.782609,0.782609,0.782609,0.918462,0.782609,0.782609
inrap_pactols_sujets_aat.sssom.tsv,pactols:pcrtZoPEeqKhas,cippe,aat:300006963,cippi,cippe,cippi,skos:exactMatch,exactMatch,semapv:UnspecifiedMatching,0.797852,0.797852,0.800000,0.920000,0.800000,0.800000,0.800000,0.920000,0.800000,0.800000
inrap_pactols_sujets_aat.sssom.tsv,pactols:pcrtjpqBTfmY7d,taphonomie,aat:300379641,taphonomy,taphonomie,taphonomy,skos:exactMatch,exactMatch,semapv:UnspecifiedMatching,0.797363,0.797363,0.842105,0.937778,0.842105,0.842105,0.842105,0.937778,0.842105,0.842105
inrap_pactols_sujets_aat.sssom.tsv,pactols:pcrtLEIWWX4Z3O,villa,aat:300005517,villas,villa,villas,skos:exactMatch,exactMatch,semapv:UnspecifiedMatching,0.793457,0.793457,0.909091,0.966667,0.909091,0.909091,0.909091,0.966667,0.909091,0.909091
inrap_pactols_sujets_aat.sssom.tsv,pactols:pcrtJHTcW3uQ01,géomorphologie,aat:300054547,geomorphology,géomorphologie,geomorphology,skos:exactMatch,exactMatch,semapv:UnspecifiedMatching,0.791992,0.791992,0.814815,0.889560,0.814815,0.814815,0.814815,0.889560,0.814815,0.814815
inrap_pactols_sujets_aat.sssom.tsv,pactols:pcrtzh0WTynBny,scories,aat:300137730,scoria,scories,scoria,skos:exactMatch,exactMatch,semapv:UnspecifiedMatching,0.791992,0.791992,0.769231,0.909524,0.769231,0.769231,0.769231,0.909524,0.769231,0.769231
inrap_pactols_sujets_aat.sssom.tsv,pactols:pcrtSGWOGTgMp8,cella,aat:300185263,cellae,cella,cellae,skos:exactMatch,exactMatch,semapv:UnspecifiedMatching,0.789551,0.789551,0.909091,0.966667,0.909091,0.909091,0.909091,0.966667,0.909091,0.909091
ads_mda_obj_aat.sssom.tsv,fish_obj:/concepts/96654,Bangle,aat:300045992,bangles,Bangle,bangles,skos:exactMatch,exactMatch,semapv:UnspecifiedMatching,0.789062,0.789062,0.923077,0.971429,0.923077,0.923077,0.923077,0.971429,0.923077,0.923077
ads_mda_obj_aat.sssom.tsv,fish_obj:/concepts/95758,BURIN,aat:300193147,burins,BURIN,burins,skos:exactMatch,exactMatch,semapv:UnspecifiedMatching,0.786133,0.786133,0.909091,0.966667,0.909091,0.909091,0.909091,0.966667,0.909091,0.909091
inrap_pactols_sujets_aat.sssom.tsv,pactols:pcrtrm9U7TEqJS,bastion,aat:300002495,bastions,bastion,bastions,skos:exactMatch,exactMatch,semapv:UnspecifiedMatching,0.785645,0.785645,0.933333,0.975000,0.933333,0.933333,0.933333,0.975000,0.933333,0.933333
dai_aat.sssom.tsv,http://thesauri.dainst.org/_344ef1a0,suburban,aat:300132448,suburban landscapes,suburban,suburban landscapes,skos:closeMatch,closeMatch,semapv:UnspecifiedMatching,0.785156,0.785156,0.592593,0.884211,0.592593,1.000000,0.592593,0.884211,0.592593,1.000000
ads_mda_obj_aat.sssom.tsv,fish_obj:/concepts/141179,AXE (TOOL),aat:300024664,axes (tools),AXE,axes,skos:exactMatch,exactMatch,semapv:UnspecifiedMatching,0.782227,0.678711,0.909091,0.961111,0.909091,0.909091,0.857143,0.941667,0.857143,0.857143
dai_aat.sssom.tsv,http://thesauri.dainst.org/_b86f4b17,Tumulus,aat:300391495,tumuli,Tumulus,tumuli,skos:exactMatch,exactMatch,semapv:UnspecifiedMatching,0.777832,0.777832,0.769231,0.909524,0.769231,0.769231,0.769231,0.909524,0.769231,0.769231
inrap_pactols_sujets_aat.sssom.tsv,pactols:pcrtQLzzeiDyrk,aqueduc,aat:300006165,aqueducts,aqueduc,aqueducts,skos:exactMatch,exactMatch,semapv:UnspecifiedMatching,0.777832,0.777832,0.875000,0.955556,0.875000,0.875000,0.875000,0.955556,0.875000,0.875000
inrap_pactols_sujets_aat.sssom.tsv,pactols:pcrtt5JlTMM6i9,urne,aat:300129425,urns,urne,urns,skos:exactMatch,exactMatch,semapv:UnspecifiedMatching,0.777344,0.777344,0.750000,0.883333,0.750000,0.750000,0.750000,0.883333,0.750000,0.750000
inrap_pactols_sujets_aat.sssom.tsv,pactols:pcrt45NtAFS36q,transport,aat:300055244,transportation,transport,transportation,skos:exactMatch,exactMatch,semapv:UnspecifiedMatching,0.776367,0.776367,0.782609,0.928571,0.782609,0.782609,0.782609,0.928571,0.782609,0.782609
inrap_pactols_sujets_aat.sssom.tsv,pactols:pcrtWthF204SuS,atlas,aat:300028053,atlases,atlas,atlases,skos:exactMatch,exactMatch,semapv:UnspecifiedMatching,0.775391,0.775391,0.833333,0.942857,0.833333,0.833333,0.833333,0.942857,0.833333,0.833333
ads_mda_obj_aat.sssom.tsv,fish_obj:/concepts/96882,PLATTER,aat:300043053,platters,PLATTER,platters,skos:exactMatch,exactMatch,semapv:UnspecifiedMatching,0.770508,0.770508,0.933333,0.975000,0.933333,0.933333,0.933333,0.975000,0.933333,0.933333
inrap_pactols_sujets_aat.sssom.tsv,pactols:pcrt1N8tL35oBg,sacrifice,aat:300263243,sacrifices,sacrifice,sacrifices,skos:exactMatch,exactMatch,semapv:UnspecifiedMatching,0.769531,0.769531,0.947368,0.980000,0.947368,0.947368,0.947368,0.980000,0.947368,0.947368
inrap_pactols_sujets_aat.sssom.tsv,pactols:pcrtfhnY18Qz3w,village,aat:300008372,villages,village,villages,skos:exactMatch,exactMatch,semapv:UnspecifiedMatching,0.769043,0.769043,0.933333,0.975000,0.933333,0.933333,0.933333,0.975000,0.933333,0.933333
inrap_pactols_sujets_aat.sssom.tsv,pactols:pcrt3u1amrctOl,pointe de Palmela,aat:300400682,Palmela points,pointe de Palmela,Palmela points,skos:exactMatch,exactMatch,semapv:UnspecifiedMatching,0.766602,0.766602,0.451613,0.482726,0.838710,0.838710,0.451613,0.482726,0.838710,0.838710
dai_aat.sssom.tsv,http://thesauri.dainst.org/_4e0f83c7,Aedicula,aat:300002574,aedicules,Aedicula,aedicules,skos:exactMatch,exactMatch,semapv:UnspecifiedMatching,0.765625,0.765625,0.823529,0.930556,0.823529,0.823529,0.823529,0.930556,0.823529,0.823529
inrap_pactols_sujets_aat.sssom.tsv,pactols:pcrtr2LIg20u6S,climat,aat:300055322,climate,climat,climate,skos:exactMatch,exactMatch,semapv:UnspecifiedMatching,0.764160,0.764160,0.923077,0.971429,0.923077,0.923077,0.923077,0.971429,0.923077,0.923077
inrap_pactols_sujets_aat.sssom.tsv,pactols:pcrtyHeYxfQFMo,harpon,aat:300037011,harpoons,harpon,harpoons,skos:exactMatch,exactMatch,semapv:UnspecifiedMatching,0.762695,0.762695,0.857143,0.950000,0.857143,0.857143,0.857143,0.950000,0.857143,0.857143
inrap_pactols_sujets_aat.sssom.tsv,pactols:pcrtxB7AK7LSTp,savane,aat:300008881,savannas,savane,savannas,skos:exactMatch,exactMatch,semapv:UnspecifiedMatching,0.760742,0.760742,0.714286,0.891667,0.714286,0.714286,0.714286,0.891667,0.714286,0.714286
inrap_pactols_sujets_aat.sssom.tsv,pactols:pcrtTQjJbnRU7S,acrotre,aat:300002214,acroteria,acrotre,acroteria,skos:exactMatch,exactMatch,semapv:UnspecifiedMatching,0.759277,0.759277,0.750000,0.926984,0.750000,0.750000,0.750000,0.926984,0.750000,0.750000
inrap_pactols_sujets_aat.sssom.tsv,pactols:pcrt5dU0qJs5N8,microlithe,aat:300393267,microliths,microlithe,microliths,skos:exactMatch,exactMatch,semapv:UnspecifiedMatching,0.756836,0.756836,0.900000,0.960000,0.900000,0.900000,0.900000,0.960000,0.900000,0.900000
dai_aat.sssom.tsv,http://thesauri.dainst.org/_b24e1e12,Prytaneion,aat:300127097,prytaneia,Prytaneion,prytaneia,skos:exactMatch,exactMatch,semapv:UnspecifiedMatching,0.753418,0.753418,0.842105,0.937778,0.842105,0.842105,0.842105,0.937778,0.842105,0.842105
ads_mda_obj_aat.sssom.tsv,fish_obj:/concepts/142915,ALLUVIUM,aat:300264223,alluvium,ALLUVIUM,alluvium,skos:exactMatch,exactMatch,semapv:UnspecifiedMatching,0.753418,0.753418,1.000000,1.000000,1.000000,1.000000,1.000000,1.000000,1.000000,1.000000
inrap_pactols_sujets_aat.sssom.tsv,pactols:pcrtW9wgN3Gdgb,crypte,aat:300004618,crypts,crypte,crypts,skos:exactMatch,exactMatch,semapv:UnspecifiedMatching,0.752930,0.752930,0.833333,0.933333,0.833333,0.833333,0.833333,0.933333,0.833333,0.833333
inrap_pactols_sujets_aat.sssom.tsv,pactols:pcrtWTK3DeulF7,résonance de spin électronique,aat:300220387,electron spin resonance,résonance de spin électronique,electron spin resonance,skos:exactMatch,exactMatch,semapv:UnspecifiedMatching,0.752930,0.752930,0.490566,0.728157,0.566038,0.566038,0.490566,0.728157,0.566038,0.566038
ads_eh_tmc_aat.sssom.tsv,fish_tmc:/concepts/100480,TRANSPORT VESSEL,aat:300232815,transport vessels,TRANSPORT VESSEL,transport vessels,skos:closeMatch,closeMatch,semapv:UnspecifiedMatching,0.751953,0.751953,0.969697,0.988235,0.969697,0.969697,0.969697,0.988235,0.969697,0.969697
inrap_pactols_sujets_aat.sssom.tsv,pactols:pcrtPi94u2INlY,anthropologie de terrain,aat:300054322,physical anthropology,anthropologie de terrain,physical anthropology,skos:closeMatch,closeMatch,semapv:UnspecifiedMatching,0.750977,0.750977,0.488889,0.566392,0.577778,0.577778,0.488889,0.566392,0.577778,0.577778
inrap_pactols_sujets_aat.sssom.tsv,pactols:pcrtrXrWfiRYvF,denticulé,aat:300400630,denticulates,denticulé,denticulates,skos:exactMatch,exactMatch,semapv:UnspecifiedMatching,0.750000,0.750000,0.761905,0.911111,0.761905,0.761905,0.761905,0.911111,0.761905,0.761905
inrap_pactols_sujets_aat.sssom.tsv,pactols:pcrtO40ZLI4giK,combustible,aat:300015139,fuel,combustible,fuel,skos:exactMatch,exactMatch,semapv:UnspecifiedMatching,0.748535,0.748535,0.266667,0.446970,0.266667,0.266667,0.266667,0.446970,0.266667,0.266667
inrap_pactols_sujets_aat.sssom.tsv,pactols:pcrt20EsS32aXe,bâtiment commercial,aat:300005147,commercial buildings,bâtiment commercial,commercial buildings,skos:exactMatch,exactMatch,semapv:UnspecifiedMatching,0.746094,0.746094,0.512821,0.577193,0.717949,0.717949,0.512821,0.577193,0.717949,0.717949
inrap_pactols_sujets_aat.sssom.tsv,pactols:pcrtPFlqRPxAw0,pilastre,aat:300002737,pilasters,pilastre,pilasters,skos:exactMatch,exactMatch,semapv:UnspecifiedMatching,0.744629,0.744629,0.823529,0.952778,0.823529,0.823529,0.823529,0.952778,0.823529,0.823529
dai_aat.sssom.tsv,http://thesauri.dainst.org/_53c052d3,Dipteros,aat:300135990,dipteral,Dipteros,dipteral,skos:closeMatch,closeMatch,semapv:UnspecifiedMatching,0.744141,0.744141,0.750000,0.900000,0.750000,0.750000,0.750000,0.900000,0.750000,0.750000
ads_mda_obj_aat.sssom.tsv,fish_obj:/concepts/96716,NECKLACE,aat:300046001,necklaces,NECKLACE,necklaces,skos:exactMatch,exactMatch,semapv:UnspecifiedMatching,0.741211,0.741211,0.941176,0.977778,0.941176,0.941176,0.941176,0.977778,0.941176,0.941176
inrap_pactols_sujets_aat.sssom.tsv,pactols:pcrtA03yShas9H,pronaos,aat:300004670,pronaoi,pronaos,pronaoi,skos:exactMatch,exactMatch,semapv:UnspecifiedMatching,0.741211,0.741211,0.857143,0.942857,0.857143,0.857143,0.857143,0.942857,0.857143,0.857143
inrap_pactols_sujets_aat.sssom.tsv,pactols:pcrtHIBqP9Wsvy,instrument de musique,aat:300041620,musical instruments,instrument de musique,musical instruments,skos:exactMatch,exactMatch,semapv:UnspecifiedMatching,0.740234,0.740234,0.550000,0.701253,0.750000,0.750000,0.550000,0.701253,0.750000,0.750000
inrap_pactols_sujets_aat.sssom.tsv,pactols:pcrtzh0OPBazqS,aryballe,aat:300198885,aryballoi,aryballe,aryballoi,skos:exactMatch,exactMatch,semapv:UnspecifiedMatching,0.739746,0.739746,0.823529,0.930556,0.823529,0.823529,0.823529,0.930556,0.823529,0.823529
inrap_pactols_sujets_aat.sssom.tsv,pactols:pcrtWQl17aKWko,chaise curule,aat:300139435,curule chairs,chaise curule,curule chairs,skos:exactMatch,exactMatch,semapv:UnspecifiedMatching,0.737793,0.737793,0.461538,0.529915,0.923077,0.923077,0.461538,0.529915,0.923077,0.923077
inrap_pactols_sujets_aat.sssom.tsv,pactols:pcrtZig4pNZk7B,hydraulique,aat:300054566,hydraulics,hydraulique,hydraulics,skos:exactMatch,exactMatch,semapv:UnspecifiedMatching,0.737305,0.737305,0.761905,0.905455,0.761905,0.761905,0.761905,0.905455,0.761905,0.761905
ads_mda_obj_aat.sssom.tsv,fish_obj:/concepts/96084,IMBREX,aat:300010682,imbrex,IMBREX,imbrex,skos:exactMatch,exactMatch,semapv:UnspecifiedMatching,0.736816,0.736816,1.000000,1.000000,1.000000,1.000000,1.000000,1.000000,1.000000,1.000000
inrap_pactols_sujets_aat.sssom.tsv,pactols:pcrtOF9oqZo0Pd,gypse,aat:300011099,gypsum,gypse,gypsum,skos:exactMatch,exactMatch,semapv:UnspecifiedMatching,0.736328,0.736328,0.727273,0.893333,0.727273,0.727273,0.727273,0.893333,0.727273,0.727273
ads_mda_obj_aat.sssom.tsv,fish_obj:/concepts/97317,KEY (LOCKING),aat:300033579,keys (hardware),KEY,keys,skos:exactMatch,exactMatch,semapv:UnspecifiedMatching,0.732910,0.639160,0.428571,0.620513,0.428571,0.428571,0.857143,0.941667,0.857143,0.857143
inrap_pactols_sujets_aat.sssom.tsv,pactols:pcrtt7G9pnQlu1,grès (pot),aat:300010672,stoneware (pottery),grès,stoneware,skos:exactMatch,exactMatch,semapv:UnspecifiedMatching,0.731445,-0.017319,0.482759,0.546617,0.482759,0.482759,0.153846,0.453704,0.153846,0.153846
inrap_pactols_sujets_aat.sssom.tsv,pactols:pcrtwJqetoWYz9,tuyère,aat:300380255,tuyeres,tuyère,tuyeres,skos:exactMatch,exactMatch,semapv:UnspecifiedMatching,0.731445,0.731445,0.769231,0.847778,0.769231,0.769231,0.769231,0.847778,0.769231,0.769231
dai_aat.sssom.tsv,http://thesauri.dainst.org/_4f6f0dd3,Runen,aat:300219050,runes,Runen,runes,skos:exactMatch,exactMatch,semapv:UnspecifiedMatching,0.731445,0.731445,0.800000,0.920000,0.800000,0.800000,0.800000,0.920000,0.800000,0.800000
dai_aat.sssom.tsv,http://thesauri.dainst.org/_6d70d873,natürlich,aat:300219527,natural,natürlich,natural,skos:closeMatch,closeMatch,semapv:UnspecifiedMatching,0.730469,0.730469,0.625000,0.829630,0.625000,0.625000,0.625000,0.829630,0.625000,0.625000
inrap_pactols_sujets_aat.sssom.tsv,pactols:pcrtmGlRAoyFJ2,épitaphe,aat:300028729,epitaphs,épitaphe,epitaphs,skos:exactMatch,exactMatch,semapv:UnspecifiedMatching,0.728516,0.728516,0.750000,0.833333,0.750000,0.750000,0.750000,0.833333,0.750000,0.750000
inrap_pactols_sujets_aat.sssom.tsv,pactols:pcrtJkLW2h0FJh,cuve (structure),aat:300194541,vats (containers),cuve,vats,skos:exactMatch,exactMatch,semapv:UnspecifiedMatching,0.727051,0.281738,0.424242,0.604412,0.424242,0.424242,0.250000,0.000000,0.250000,0.250000
ads_mda_obj_aat.sssom.tsv,fish_obj:/concepts/136754,DAUB,aat:300163933,daub,DAUB,daub,skos:closeMatch,closeMatch,semapv:UnspecifiedMatching,0.723145,0.723145,1.000000,1.000000,1.000000,1.000000,1.000000,1.000000,1.000000,1.000000
ads_eh_tbm_aat.sssom.tsv,fish_tbm:/concepts/97873,DAUB,aat:300163933,daub,DAUB,daub,skos:exactMatch,exactMatch,semapv:UnspecifiedMatching,0.723145,0.723145,1.000000,1.000000,1.000000,1.000000,1.000000,1.000000,1.000000,1.000000
inrap_pactols_sujets_aat.sssom.tsv,pactols:pcrtrugvfgLj8m,lamelle,aat:300213348,lamellae,lamelle,lamellae,skos:exactMatch,exactMatch,semapv:UnspecifiedMatching,0.722168,0.722168,0.933333,0.975000,0.933333,0.933333,0.933333,0.975000,0.933333,0.933333
inrap_pactols_sujets_aat.sssom.tsv,pactols:pcrtDNwkkmmHq2,basilique,aat:300170443,basilicas,basilique,basilicas,skos:closeMatch,closeMatch,semapv:UnspecifiedMatching,0.721191,0.721191,0.666667,0.866667,0.666667,0.666667,0.666667,0.866667,0.666667,0.666667
inrap_pactols_sujets_aat.sssom.tsv,pactols:pcrtroIpDW7j36,oppidum,aat:300008396,oppida,oppidum,oppida,skos:exactMatch,exactMatch,semapv:UnspecifiedMatching,0.720703,0.720703,0.769231,0.909524,0.769231,0.769231,0.769231,0.909524,0.769231,0.769231
dai_aat.sssom.tsv,http://thesauri.dainst.org/_53ba880b,Stadion,aat:300007271,stadium,Stadion,stadium,skos:exactMatch,exactMatch,semapv:UnspecifiedMatching,0.720215,0.720215,0.714286,0.885714,0.714286,0.714286,0.714286,0.885714,0.714286,0.714286
inrap_pactols_sujets_aat.sssom.tsv,pactols:pcrtuFKsKIOQ3U,baptistère,aat:300007444,baptisteries,baptistère,baptisteries,skos:exactMatch,exactMatch,semapv:UnspecifiedMatching,0.719727,0.719727,0.818182,0.907778,0.818182,0.818182,0.818182,0.907778,0.818182,0.818182
inrap_pactols_sujets_aat.sssom.tsv,pactols:pcrtBnFSZZpTMl,pyxide,aat:300083008,pyxes,pyxide,pyxes,skos:exactMatch,exactMatch,semapv:UnspecifiedMatching,0.719727,0.719727,0.727273,0.875556,0.727273,0.727273,0.727273,0.875556,0.727273,0.727273
ads_eh_tmt2_aat.sssom.tsv,fish_tmt2:/concepts/69014,FOUNTAIN,aat:300006179,fountains,FOUNTAIN,fountains,skos:exactMatch,exactMatch,semapv:UnspecifiedMatching,0.718750,0.718750,0.941176,0.977778,0.941176,0.941176,0.941176,0.977778,0.941176,0.941176
inrap_pactols_sujets_aat.sssom.tsv,pactols:pcrtBUIxwNlS4X,tholos,aat:300121227,tholoi,tholos,tholoi,skos:exactMatch,exactMatch,semapv:UnspecifiedMatching,0.718262,0.718262,0.833333,0.933333,0.833333,0.833333,0.833333,0.933333,0.833333,0.833333
inrap_pactols_sujets_aat.sssom.tsv,pactols:pcrtjbX1Zygs38,travaux publics,aat:300008554,public works,travaux publics,public works,skos:exactMatch,exactMatch,semapv:UnspecifiedMatching,0.716309,0.716309,0.518519,0.483333,0.592593,0.592593,0.518519,0.483333,0.592593,0.592593
dai_aat.sssom.tsv,http://thesauri.dainst.org/_2d40b40a,Park,aat:300254248,parks,Park,parks,skos:exactMatch,exactMatch,semapv:UnspecifiedMatching,0.715820,0.715820,0.888889,0.960000,0.888889,0.888889,0.888889,0.960000,0.888889,0.888889
inrap_pactols_sujets_aat.sssom.tsv,pactols:pcrt4Jy2JE8F3U,alluvion,aat:300264223,alluvium,alluvion,alluvium,skos:exactMatch,exactMatch,semapv:UnspecifiedMatching,0.714355,0.714355,0.750000,0.900000,0.750000,0.750000,0.750000,0.900000,0.750000,0.750000
inrap_pactols_sujets_aat.sssom.tsv,pactols:pcrtTsp6zXaTwQ,tintinnabulum,aat:300301443,tintinnabulos,tintinnabulum,tintinnabulos,skos:exactMatch,exactMatch,semapv:UnspecifiedMatching,0.713379,0.713379,0.846154,0.938462,0.846154,0.846154,0.846154,0.938462,0.846154,0.846154
inrap_pactols_sujets_aat.sssom.tsv,pactols:pcrt0dHwUvhWqv,sesterce,aat:300037270,sestertii,sesterce,sestertii,skos:exactMatch,exactMatch,semapv:UnspecifiedMatching,0.713379,0.713379,0.705882,0.883333,0.705882,0.705882,0.705882,0.883333,0.705882,0.705882
inrap_pactols_sujets_aat.sssom.tsv,pactols:pcrt9dibLrQ5oo,agronomie,aat:300254393,agronomy,agronomie,agronomy,skos:exactMatch,exactMatch,semapv:UnspecifiedMatching,0.711426,0.711426,0.823529,0.930556,0.823529,0.823529,0.823529,0.930556,0.823529,0.823529
dai_aat.sssom.tsv,http://thesauri.dainst.org/_5a3fbdb3,Tunnel,aat:300007899,tunnels,Tunnel,tunnels,skos:exactMatch,exactMatch,semapv:UnspecifiedMatching,0.709961,0.709961,0.923077,0.971429,0.923077,0.923077,0.923077,0.971429,0.923077,0.923077
ads_mda_obj_aat.sssom.tsv,fish_obj:/concepts/96468,SCISSORS,aat:300023459,scissors,SCISSORS,scissors,skos:exactMatch,exactMatch,semapv:UnspecifiedMatching,0.709473,0.709473,1.000000,1.000000,1.000000,1.000000,1.000000,1.000000,1.000000,1.000000
dai_aat.sssom.tsv,http://thesauri.dainst.org/_2ea5294b,Nekropole,aat:300000372,necropolises,Nekropole,necropolises,skos:exactMatch,exactMatch,semapv:UnspecifiedMatching,0.708984,0.708984,0.761905,0.881481,0.761905,0.761905,0.761905,0.881481,0.761905,0.761905
ads_mda_obj_aat.sssom.tsv,fish_obj:/concepts/95509,Clapper,aat:300041874,clapper bells,Clapper,clapper bells,skos:closeMatch,closeMatch,semapv:UnspecifiedMatching,0.708008,0.708008,0.700000,0.907692,0.700000,1.000000,0.700000,0.907692,0.700000,1.000000
inrap_pactols_sujets_aat.sssom.tsv,pactols:pcrt4kT9Gzua0B,géophysique,aat:300054548,geophysics,géophysique,geophysics,skos:exactMatch,exactMatch,semapv:UnspecifiedMatching,0.707520,0.707520,0.666667,0.800909,0.666667,0.666667,0.666667,0.800909,0.666667,0.666667
inrap_pactols_sujets_aat.sssom.tsv,pactols:pcrtzpthHxgRWY,sarcophage,aat:300005947,sarcophagi (coffins),sarcophage,sarcophagi,skos:exactMatch,exactMatch,semapv:UnspecifiedMatching,0.705566,0.925781,0.600000,0.870000,0.600000,0.600000,0.900000,0.960000,0.900000,0.900000
inrap_pactols_sujets_aat.sssom.tsv,pactols:pcrtd1J2aYQ6GE,décor architectural,aat:300000885,architectural elements,décor architectural,architectural elements,skos:exactMatch,exactMatch,semapv:UnspecifiedMatching,0.705078,0.705078,0.634146,0.648211,0.682927,0.812500,0.634146,0.648211,0.682927,0.812500
inrap_pactols_sujets_aat.sssom.tsv,pactols:pcrtSKri8bFtmn,plan,aat:300034158,floor plans,plan,floor plans,skos:exactMatch,exactMatch,semapv:UnspecifiedMatching,0.702148,0.702148,0.533333,0.446970,0.533333,0.533333,0.533333,0.446970,0.533333,0.533333
inrap_pactols_sujets_aat.sssom.tsv,pactols:pcrtXxzPt5omn1,sandale,aat:300046077,sandals,sandale,sandals,skos:exactMatch,exactMatch,semapv:UnspecifiedMatching,0.702148,0.702148,0.857143,0.942857,0.857143,0.857143,0.857143,0.942857,0.857143,0.857143
inrap_pactols_sujets_aat.sssom.tsv,pactols:pcrtUqG1cmRahD,statère,aat:300191666,staters,statère,staters,skos:exactMatch,exactMatch,semapv:UnspecifiedMatching,0.701660,0.701660,0.714286,0.909524,0.714286,0.714286,0.714286,0.909524,0.714286,0.714286
ads_eh_tmt2_aat.sssom.tsv,fish_tmt2:/concepts/70441,Land Drain,aat:300055202,land drainage,Land Drain,land drainage,skos:closeMatch,closeMatch,semapv:UnspecifiedMatching,0.693359,0.693359,0.869565,0.953846,0.869565,0.869565,0.869565,0.953846,0.869565,0.869565
inrap_pactols_sujets_aat.sssom.tsv,pactols:pcrtsIGcaQ8O7x,stuc,aat:300014966,stucco,stuc,stucco,skos:exactMatch,exactMatch,semapv:UnspecifiedMatching,0.691406,0.691406,0.800000,0.933333,0.800000,0.800000,0.800000,0.933333,0.800000,0.800000
dai_aat.sssom.tsv,http://thesauri.dainst.org/_4a1e0431,Heroen,aat:300236801,heroes,Heroen,heroes,skos:exactMatch,exactMatch,semapv:UnspecifiedMatching,0.689941,0.689941,0.833333,0.933333,0.833333,0.833333,0.833333,0.933333,0.833333,0.833333
inrap_pactols_sujets_aat.sssom.tsv,pactols:pcrt0McMy0AxE3,hypogée,aat:300005931,hypogea,hypogée,hypogea,skos:exactMatch,exactMatch,semapv:UnspecifiedMatching,0.689453,0.689453,0.857143,0.942857,0.857143,0.857143,0.857143,0.942857,0.857143,0.857143
inrap_pactols_sujets_aat.sssom.tsv,pactols:pcrtfvFEM5jWpL,polychromie,aat:300247962,polychromy,polychromie,polychromy,skos:exactMatch,exactMatch,semapv:UnspecifiedMatching,0.688477,0.688477,0.857143,0.943636,0.857143,0.857143,0.857143,0.943636,0.857143,0.857143
inrap_pactols_sujets_aat.sssom.tsv,pactols:pcrtU0zgrbMIHE,situle,aat:300198870,situlae,situle,situlae,skos:exactMatch,exactMatch,semapv:UnspecifiedMatching,0.686035,0.686035,0.923077,0.971429,0.923077,0.923077,0.923077,0.971429,0.923077,0.923077
dai_aat.sssom.tsv,http://thesauri.dainst.org/_cade55c0,Tholos,aat:300121227,tholoi,Tholos,tholoi,skos:exactMatch,exactMatch,semapv:UnspecifiedMatching,0.684570,0.684570,0.833333,0.933333,0.833333,0.833333,0.833333,0.933333,0.833333,0.833333
inrap_pactols_sujets_aat.sssom.tsv,pactols:pcrtJlb73k6yKX,photographie aérienne,aat:300053443,aerial photography,photographie aérienne,aerial photography,skos:exactMatch,exactMatch,semapv:UnspecifiedMatching,0.684082,0.684082,0.512821,0.648148,0.717949,0.717949,0.512821,0.648148,0.717949,0.717949
inrap_pactols_sujets_aat.sssom.tsv,pactols:pcrtTyrrYeD26R,zoomorphe,aat:300010338,zoomorphic,zoomorphe,zoomorphic,skos:exactMatch,exactMatch,semapv:UnspecifiedMatching,0.684082,0.684082,0.842105,0.937778,0.842105,0.842105,0.842105,0.937778,0.842105,0.842105
ads_eh_tmt2_aat.sssom.tsv,fish_tmt2:/concepts/70334,HEDGE,aat:300266413,hedges,HEDGE,hedges,skos:exactMatch,exactMatch,semapv:UnspecifiedMatching,0.683594,0.683594,0.909091,0.966667,0.909091,0.909091,0.909091,0.966667,0.909091,0.909091
inrap_pactols_sujets_aat.sssom.tsv,pactols:pcrte0Wtwmldeh,thermes,aat:300007364,thermae,thermes,thermae,skos:exactMatch,exactMatch,semapv:UnspecifiedMatching,0.683105,0.683105,0.857143,0.942857,0.857143,0.857143,0.857143,0.942857,0.857143,0.857143
ads_mda_obj_aat.sssom.tsv,fish_obj:/concepts/97102,ANGON,aat:300036975,angons,ANGON,angons,skos:exactMatch,exactMatch,semapv:UnspecifiedMatching,0.682129,0.682129,0.909091,0.966667,0.909091,0.909091,0.909091,0.966667,0.909091,0.909091
inrap_pactols_sujets_aat.sssom.tsv,pactols:pcrtgefwJa13yZ,obsidienne,aat:300011254,obsidian,obsidienne,obsidian,skos:exactMatch,exactMatch,semapv:UnspecifiedMatching,0.681641,0.681641,0.777778,0.915000,0.777778,0.777778,0.777778,0.915000,0.777778,0.777778
inrap_pactols_sujets_aat.sssom.tsv,pactols:pcrt16K8Z22Yox,paléontologie animale,aat:300054555,paleontology,paléontologie animale,paleontology,skos:closeMatch,closeMatch,semapv:UnspecifiedMatching,0.681152,0.681152,0.606061,0.692280,0.606061,0.606061,0.606061,0.692280,0.606061,0.606061
ads_eh_tmt2_aat.sssom.tsv,fish_tmt2:/concepts/68827,BEACON,aat:300007739,beacons,BEACON,beacons,skos:closeMatch,closeMatch,semapv:UnspecifiedMatching,0.681152,0.681152,0.923077,0.971429,0.923077,0.923077,0.923077,0.971429,0.923077,0.923077
inrap_pactols_sujets_aat.sssom.tsv,pactols:pcrtc4giwkfkYt,édicule,aat:300002574,aedicules,édicule,aedicules,skos:exactMatch,exactMatch,semapv:UnspecifiedMatching,0.680664,0.680664,0.750000,0.841270,0.750000,0.750000,0.750000,0.841270,0.750000,0.750000
inrap_pactols_sujets_aat.sssom.tsv,pactols:pcrtYvFTIy7qRD,portique,aat:300004145,porticoes,portique,porticoes,skos:exactMatch,exactMatch,semapv:UnspecifiedMatching,0.679688,0.679688,0.705882,0.883333,0.705882,0.705882,0.705882,0.883333,0.705882,0.705882
ads_eh_tmc_aat.sssom.tsv,fish_tmc:/concepts/100359,GUNBOAT,aat:300232845,gunboats,GUNBOAT,gunboats,skos:exactMatch,exactMatch,semapv:UnspecifiedMatching,0.679199,0.679199,0.933333,0.975000,0.933333,0.933333,0.933333,0.975000,0.933333,0.933333
inrap_pactols_sujets_aat.sssom.tsv,pactols:pcrt9mYGGkTtLB,biochimie,aat:300054538,biochemistry,biochimie,biochemistry,skos:exactMatch,exactMatch,semapv:UnspecifiedMatching,0.679199,0.679199,0.666667,0.886111,0.666667,0.666667,0.666667,0.886111,0.666667,0.666667
inrap_pactols_sujets_aat.sssom.tsv,pactols:pcrt8gLHNSozRI,fossile,aat:300247919,fossils,fossile,fossils,skos:exactMatch,exactMatch,semapv:UnspecifiedMatching,0.678711,0.678711,0.857143,0.942857,0.857143,0.857143,0.857143,0.942857,0.857143,0.857143
ads_eh_tmt2_aat.sssom.tsv,fish_tmt2:/concepts/143003,BROCH,aat:300004863,brochs,BROCH,brochs,skos:exactMatch,exactMatch,semapv:UnspecifiedMatching,0.678711,0.678711,0.909091,0.966667,0.909091,0.909091,0.909091,0.966667,0.909091,0.909091
dai_aat.sssom.tsv,http://thesauri.dainst.org/_dd360f8a,Photograph,aat:300025687,photographers,Photograph,photographers,skos:exactMatch,exactMatch,semapv:UnspecifiedMatching,0.678223,0.678223,0.869565,0.953846,0.869565,0.869565,0.869565,0.953846,0.869565,0.869565
inrap_pactols_sujets_aat.sssom.tsv,pactols:pcrtjLErxnSQev,oenochoé,aat:300198866,oinochoai,oenochoé,oinochoai,skos:exactMatch,exactMatch,semapv:UnspecifiedMatching,0.677246,0.677246,0.705882,0.825000,0.705882,0.705882,0.705882,0.825000,0.705882,0.705882
inrap_pactols_sujets_aat.sssom.tsv,pactols:pcrtheTIyQA4MB,narthex,aat:300004624,narthexes,narthex,narthexes,skos:exactMatch,exactMatch,semapv:UnspecifiedMatching,0.677246,0.677246,0.875000,0.955556,0.875000,0.875000,0.875000,0.955556,0.875000,0.875000
dai_aat.sssom.tsv,http://thesauri.dainst.org/_2804,Villa,aat:300005517,villas,Villa,villas,skos:exactMatch,exactMatch,semapv:UnspecifiedMatching,0.675293,0.675293,0.909091,0.966667,0.909091,0.909091,0.909091,0.966667,0.909091,0.909091
inrap_pactols_sujets_aat.sssom.tsv,pactols:pcrtzQcj7ySt1K,géographie,aat:300054388,geography,géographie,geography,skos:exactMatch,exactMatch,semapv:UnspecifiedMatching,0.673340,0.673340,0.736842,0.843333,0.736842,0.736842,0.736842,0.843333,0.736842,0.736842
ads_mda_obj_aat.sssom.tsv,fish_obj:/concepts/97088,MUSIC,aat:300041620,musical instruments,MUSIC,musical instruments,skos:closeMatch,closeMatch,semapv:UnspecifiedMatching,0.672363,0.672363,0.416667,0.852632,0.416667,0.416667,0.416667,0.852632,0.416667,0.416667
inrap_pactols_sujets_aat.sssom.tsv,pactols:pcrt02KdlM0gwJ,bassin (structure),aat:300006191,reservoirs (water distribution structures),bassin,reservoirs,skos:exactMatch,exactMatch,semapv:UnspecifiedMatching,0.671875,0.041077,0.500000,0.560847,0.366667,0.366667,0.250000,0.511111,0.250000,0.250000
ads_mda_obj_aat.sssom.tsv,fish_obj:/concepts/95098,OYSTER SHELL,aat:300011836,oyster shell,OYSTER SHELL,oyster shell,skos:exactMatch,exactMatch,semapv:UnspecifiedMatching,0.670410,0.670410,1.000000,1.000000,1.000000,1.000000,1.000000,1.000000,1.000000,1.000000
inrap_pactols_sujets_aat.sssom.tsv,pactols:pcrtmjVjRMpJM1,as,aat:300194586,as coins,as,as coins,skos:exactMatch,exactMatch,semapv:UnspecifiedMatching,0.668457,0.668457,0.400000,0.800000,0.400000,1.000000,0.400000,0.800000,0.400000,1.000000
ads_mda_obj_aat.sssom.tsv,fish_obj:/concepts/141181,AXE (WEAPON),aat:300036982,axes (weapons),AXE,axes,skos:exactMatch,exactMatch,semapv:UnspecifiedMatching,0.666504,0.678711,0.923077,0.966667,0.923077,0.923077,0.857143,0.941667,0.857143,0.857143
inrap_pactols_sujets_aat.sssom.tsv,pactols:pcrtQPAuiNqSdy,statuette,aat:300312262,statuettes (statues),statuette,statuettes,skos:exactMatch,exactMatch,semapv:UnspecifiedMatching,0.664062,0.916016,0.620690,0.890000,0.620690,0.620690,0.947368,0.980000,0.947368,0.947368
ads_eh_tmc_aat.sssom.tsv,fish_tmc:/concepts/100419,PASSENGER VESSEL,aat:300232798,passenger vessels,PASSENGER VESSEL,passenger vessels,skos:exactMatch,exactMatch,semapv:UnspecifiedMatching,0.663086,0.663086,0.969697,0.988235,0.969697,0.969697,0.969697,0.988235,0.969697,0.969697
inrap_pactols_sujets_aat.sssom.tsv,pactols:pcrtqQv1MSIsp0,hydrologie,aat:300264403,hydrology,hydrologie,hydrology,skos:exactMatch,exactMatch,semapv:UnspecifiedMatching,0.660645,0.660645,0.842105,0.937778,0.842105,0.842105,0.842105,0.937778,0.842105,0.842105
inrap_pactols_sujets_aat.sssom.tsv,pactols:pcrtVnWeKqGpcj,habitat rural,aat:300229355,rural areas,habitat rural,rural areas,skos:exactMatch,exactMatch,semapv:UnspecifiedMatching,0.660645,0.660645,0.416667,0.546387,0.666667,0.666667,0.416667,0.546387,0.666667,0.666667
dai_aat.sssom.tsv,http://thesauri.dainst.org/_3f0b446f,Athlet / Sportler,aat:300236025,athletes,Athlet / Sportler,athletes,skos:exactMatch,exactMatch,semapv:UnspecifiedMatching,0.660156,0.660156,0.560000,0.857353,0.560000,0.560000,0.560000,0.857353,0.560000,0.560000
inrap_pactols_sujets_aat.sssom.tsv,pactols:pcrtkilSDZLAlV,paléoenvironnement,aat:300379410,paleoenvironments,paléoenvironnement,paleoenvironments,skos:exactMatch,exactMatch,semapv:UnspecifiedMatching,0.659180,0.659180,0.857143,0.887432,0.857143,0.857143,0.857143,0.887432,0.857143,0.857143
inrap_pactols_sujets_aat.sssom.tsv,pactols:pcrt6g3bwHKS6p,géographie physique,aat:300054389,physical geography,géographie physique,physical geography,skos:exactMatch,exactMatch,semapv:UnspecifiedMatching,0.656250,0.656250,0.432432,0.593957,0.702703,0.702703,0.432432,0.593957,0.702703,0.702703
inrap_pactols_sujets_aat.sssom.tsv,pactols:pcrt3qfpcjQejP,reliquaire,aat:300187549,reliquaries,reliquaire,reliquaries,skos:exactMatch,exactMatch,semapv:UnspecifiedMatching,0.655762,0.655762,0.857143,0.961818,0.857143,0.857143,0.857143,0.961818,0.857143,0.857143
inrap_pactols_sujets_aat.sssom.tsv,pactols:pcrts62Z2hl4ux,dépôt,aat:300264846,deposit,dépôt,deposit,skos:exactMatch,exactMatch,semapv:UnspecifiedMatching,0.655762,0.655762,0.500000,0.676190,0.500000,0.500000,0.500000,0.676190,0.500000,0.500000
dai_aat.sssom.tsv,http://thesauri.dainst.org/_330d8d95,Gladiator,aat:300258488,gladiators,Gladiator,gladiators,skos:exactMatch,exactMatch,semapv:UnspecifiedMatching,0.655762,0.655762,0.947368,0.980000,0.947368,0.947368,0.947368,0.980000,0.947368,0.947368
inrap_pactols_sujets_aat.sssom.tsv,pactols:pcrtooz4GMRqi4,bâtiment industriel,aat:300006231,industrial buildings,bâtiment industriel,industrial buildings,skos:exactMatch,exactMatch,semapv:UnspecifiedMatching,0.655273,0.655273,0.461538,0.604971,0.666667,0.666667,0.461538,0.604971,0.666667,0.666667
inrap_pactols_sujets_aat.sssom.tsv,pactols:pcrtPEkp3Yydb2,architecture de terre,aat:300379486,earthen architecture,architecture de terre,earthen architecture,skos:exactMatch,exactMatch,semapv:UnspecifiedMatching,0.654785,0.654785,0.585366,0.729645,0.780488,0.780488,0.585366,0.729645,0.780488,0.780488
ads_eh_tmt2_aat.sssom.tsv,fish_tmt2:/concepts/145080,BAR (LICENCED),aat:300005158,bars (commercial buildings),BAR,bars,skos:exactMatch,exactMatch,semapv:UnspecifiedMatching,0.653809,0.604492,0.487805,0.670435,0.390244,0.390244,0.857143,0.941667,0.857143,0.857143
inrap_pactols_sujets_aat.sssom.tsv,pactols:pcrtLf3Bt5nKRt,milieu rural,aat:300380146,rural life,milieu rural,rural life,skos:closeMatch,closeMatch,semapv:UnspecifiedMatching,0.650879,0.650879,0.454545,0.618254,0.818182,0.818182,0.454545,0.618254,0.818182,0.818182
dai_aat.sssom.tsv,http://thesauri.dainst.org/_3d134df3,aristokratisch,aat:300055484,aristocracy,aristokratisch,aristocracy,skos:closeMatch,closeMatch,semapv:UnspecifiedMatching,0.650879,0.650879,0.720000,0.869986,0.720000,0.720000,0.720000,0.869986,0.720000,0.720000
inrap_pactols_sujets_aat.sssom.tsv,pactols:pcrtPpa488jnSS,canon (arme),aat:300036936,cannons (artillery),canon,cannons,skos:exactMatch,exactMatch,semapv:UnspecifiedMatching,0.647949,0.222168,0.709677,0.861098,0.709677,0.709677,0.833333,0.886667,0.833333,0.833333
inrap_pactols_sujets_aat.sssom.tsv,pactols:pcrt6Bxd07j7Ni,consulat,aat:300025461,consuls,consulat,consuls,skos:exactMatch,exactMatch,semapv:UnspecifiedMatching,0.646973,0.646973,0.800000,0.921429,0.800000,0.800000,0.800000,0.921429,0.800000,0.800000
inrap_pactols_sujets_aat.sssom.tsv,pactols:pcrtJBpSsfiAq9,vie rurale,aat:300380146,rural life,vie rurale,rural life,skos:exactMatch,exactMatch,semapv:UnspecifiedMatching,0.645996,0.645996,0.600000,0.657143,0.500000,0.500000,0.600000,0.657143,0.500000,0.500000
ads_mda_obj_aat.sssom.tsv,fish_obj:/concepts/96810,URN,aat:300129425,urns,URN,urns,skos:exactMatch,exactMatch,semapv:UnspecifiedMatching,0.643066,0.643066,0.857143,0.941667,0.857143,0.857143,0.857143,0.941667,0.857143,0.857143
inrap_pactols_sujets_aat.sssom.tsv,pactols:pcrttDPhmeXlJn,style corinthien,aat:300020133,Corinthian (pottery style),style corinthien,Corinthian,skos:exactMatch,exactMatch,semapv:UnspecifiedMatching,0.640137,0.743164,0.428571,0.616987,0.714286,0.714286,0.692308,0.709722,0.692308,0.692308
inrap_pactols_sujets_aat.sssom.tsv,pactols:pcrtMY50Z2K4Fh,maladie,aat:300055130,disease,maladie,disease,skos:exactMatch,exactMatch,semapv:UnspecifiedMatching,0.637207,0.637207,0.428571,0.523810,0.428571,0.428571,0.428571,0.523810,0.428571,0.428571
inrap_pactols_sujets_aat.sssom.tsv,pactols:pcrtSNta3G6E6g,opus sectile,aat:300254462,opus sectile (visual works),opus sectile,opus sectile,skos:exactMatch,exactMatch,semapv:UnspecifiedMatching,0.636230,1.000000,0.615385,0.888889,0.615385,1.000000,1.000000,1.000000,1.000000,1.000000
inrap_pactols_sujets_aat.sssom.tsv,pactols:pcrtWWZemZd9gj,sacristie,aat:300004631,sacristies (religious spaces),sacristie,sacristies,skos:exactMatch,exactMatch,semapv:UnspecifiedMatching,0.635742,0.913574,0.473684,0.862069,0.473684,0.473684,0.947368,0.980000,0.947368,0.947368
inrap_pactols_sujets_aat.sssom.tsv,pactols:pcrtrg5RZoroR7,adolescent,aat:300163862,adolescents,adolescent,adolescents,skos:exactMatch,exactMatch,semapv:UnspecifiedMatching,0.633789,0.633789,0.952381,0.981818,0.952381,0.952381,0.952381,0.981818,0.952381,0.952381
inrap_pactols_sujets_aat.sssom.tsv,pactols:pcrtW0KbTFT2kb,architecture militaire,aat:300006887,military buildings,architecture militaire,military buildings,skos:closeMatch,closeMatch,semapv:UnspecifiedMatching,0.633301,0.633301,0.350000,0.525253,0.450000,0.450000,0.350000,0.525253,0.450000,0.450000
inrap_pactols_sujets_aat.sssom.tsv,pactols:pcrtYEUR76AjnD,lissoir,aat:300400797,lissoirs (polishing tools),lissoir,lissoirs,skos:exactMatch,exactMatch,semapv:UnspecifiedMatching,0.632812,0.938965,0.424242,0.853846,0.424242,0.424242,0.933333,0.975000,0.933333,0.933333
ads_eh_com_aat.sssom.tsv,fish_com:/concepts/138059,PARAPET,aat:300002717,parapets,PARAPET,parapets,skos:exactMatch,exactMatch,semapv:UnspecifiedMatching,0.630371,0.630371,0.933333,0.975000,0.933333,0.933333,0.933333,0.975000,0.933333,0.933333
inrap_pactols_sujets_aat.sssom.tsv,pactols:pcrtkP8rR1YLpG,bâtiment militaire,aat:300006887,military buildings,bâtiment militaire,military buildings,skos:exactMatch,exactMatch,semapv:UnspecifiedMatching,0.628906,0.628906,0.388889,0.504630,0.611111,0.611111,0.388889,0.504630,0.611111,0.611111
inrap_pactols_sujets_aat.sssom.tsv,pactols:pcrtF4g7aXEn6l,administrations,aat:300254069,public administration,administrations,public administration,skos:exactMatch,exactMatch,semapv:UnspecifiedMatching,0.628418,0.628418,0.777778,0.723810,0.777778,0.777778,0.777778,0.723810,0.777778,0.777778
inrap_pactols_sujets_aat.sssom.tsv,pactols:pcrtkOgxvd4Ijy,arts décoratifs,aat:300054168,decorative arts,arts décoratifs,decorative arts,skos:exactMatch,exactMatch,semapv:UnspecifiedMatching,0.627441,0.627441,0.533333,0.727778,0.800000,0.800000,0.533333,0.727778,0.800000,0.800000
inrap_pactols_sujets_aat.sssom.tsv,pactols:pcrth6yZm2rFvQ,ex-voto,aat:300178243,ex-votos (religious visual works),ex-voto,ex-votos,skos:exactMatch,exactMatch,semapv:UnspecifiedMatching,0.627441,0.937012,0.350000,0.842424,0.350000,0.350000,0.933333,0.975000,0.933333,0.933333
ads_mda_obj_aat.sssom.tsv,fish_obj:/concepts/95214,SCABBARD,aat:300037139,scabbards,SCABBARD,scabbards,skos:exactMatch,exactMatch,semapv:UnspecifiedMatching,0.626953,0.626953,0.941176,0.977778,0.941176,0.941176,0.941176,0.977778,0.941176,0.941176
ads_mda_obj_aat.sssom.tsv,fish_obj:/concepts/100082,PIPE (SMOKING),aat:300248067,pipes (smoking equipment),PIPE,pipes,skos:exactMatch,exactMatch,semapv:UnspecifiedMatching,0.626465,0.267578,0.717949,0.897714,0.717949,0.717949,0.888889,0.960000,0.888889,0.888889
inrap_pactols_sujets_aat.sssom.tsv,pactols:pcrtuoBc53ywow,griffon,aat:300379594,griffins,griffon,griffins,skos:exactMatch,exactMatch,semapv:UnspecifiedMatching,0.626465,0.626465,0.800000,0.921429,0.800000,0.800000,0.800000,0.921429,0.800000,0.800000
inrap_pactols_sujets_aat.sssom.tsv,pactols:pcrtTEWIXPM7Br,mortier (récipient),aat:300024724,mortars (grinding tools),mortier,mortars,skos:exactMatch,exactMatch,semapv:UnspecifiedMatching,0.626465,0.413818,0.604651,0.665036,0.511628,0.511628,0.714286,0.885714,0.714286,0.714286
inrap_pactols_sujets_aat.sssom.tsv,pactols:pcrtcm41DKVMlu,Franciscains,aat:300148096,Franciscan,Franciscains,Franciscan,skos:exactMatch,exactMatch,semapv:UnspecifiedMatching,0.625488,0.625488,0.909091,0.966667,0.909091,0.909091,0.909091,0.966667,0.909091,0.909091
ads_eh_tmt2_aat.sssom.tsv,fish_tmt2:/concepts/91922,FERNERY (GLASSHOUSE),aat:300259220,ferneries (greenhouses),FERNERY,ferneries,skos:exactMatch,exactMatch,semapv:UnspecifiedMatching,0.624023,0.480957,0.697674,0.882532,0.697674,0.697674,0.750000,0.904762,0.750000,0.750000
inrap_pactols_sujets_aat.sssom.tsv,pactols:pcrt1urpl6axh0,écologie,aat:300054468,ecology,écologie,ecology,skos:exactMatch,exactMatch,semapv:UnspecifiedMatching,0.623535,0.623535,0.666667,0.779762,0.666667,0.666667,0.666667,0.779762,0.666667,0.666667
inrap_pactols_sujets_aat.sssom.tsv,pactols:pcrtcKecfL7Beu,antéfixe,aat:300002217,antefixes,antéfixe,antefixes,skos:exactMatch,exactMatch,semapv:UnspecifiedMatching,0.620117,0.620117,0.823529,0.918981,0.823529,0.823529,0.823529,0.918981,0.823529,0.823529
inrap_pactols_sujets_aat.sssom.tsv,pactols:pcrtVJoK8AR7B6,pistolet,aat:300037160,pistols,pistolet,pistols,skos:exactMatch,exactMatch,semapv:UnspecifiedMatching,0.619629,0.619629,0.800000,0.921429,0.800000,0.800000,0.800000,0.921429,0.800000,0.800000
inrap_pactols_sujets_aat.sssom.tsv,pactols:pcrtMgKMJJ3DRJ,chariot,aat:300219531,chariots (carriages),chariot,chariots,skos:exactMatch,exactMatch,semapv:UnspecifiedMatching,0.616699,0.914551,0.518519,0.870000,0.518519,0.518519,0.933333,0.975000,0.933333,0.933333
inrap_pactols_sujets_aat.sssom.tsv,pactols:pcrtk1diUAx3s7,rasoir,aat:300236438,razors,rasoir,razors,skos:exactMatch,exactMatch,semapv:UnspecifiedMatching,0.614746,0.614746,0.666667,0.822222,0.666667,0.666667,0.666667,0.822222,0.666667,0.666667
ads_eh_tmt2_aat.sssom.tsv,fish_tmt2:/concepts/68985,HAMLET,aat:300008369,hamlets,HAMLET,hamlets,skos:exactMatch,exactMatch,semapv:UnspecifiedMatching,0.614258,0.614258,0.923077,0.971429,0.923077,0.923077,0.923077,0.971429,0.923077,0.923077
inrap_pactols_sujets_aat.sssom.tsv,pactols:pcrtslhJM0KfQ3,paléopathologie,aat:300379436,pathology,paléopathologie,pathology,skos:exactMatch,exactMatch,semapv:UnspecifiedMatching,0.613770,0.613770,0.666667,0.779259,0.666667,0.666667,0.666667,0.779259,0.666667,0.666667
ads_eh_tmt2_aat.sssom.tsv,fish_tmt2:/concepts/70018,Beaker Burial,aat:300263485,burials,Beaker Burial,burials,skos:closeMatch,closeMatch,semapv:UnspecifiedMatching,0.613281,0.613281,0.600000,0.442002,0.600000,0.600000,0.600000,0.442002,0.600000,0.600000
inrap_pactols_sujets_aat.sssom.tsv,pactols:pcrtX58FTqpRou,brassard,aat:300247490,armbands,brassard,armbands,skos:exactMatch,exactMatch,semapv:UnspecifiedMatching,0.613281,0.613281,0.375000,0.722222,0.375000,0.375000,0.375000,0.722222,0.375000,0.375000
inrap_pactols_sujets_aat.sssom.tsv,pactols:pcrtNjfX50bXbv,transport sur eau,aat:300068773,water transport,transport sur eau,water transport,skos:exactMatch,exactMatch,semapv:UnspecifiedMatching,0.612793,0.612793,0.562500,0.668627,0.562500,0.750000,0.562500,0.668627,0.562500,0.750000
inrap_pactols_sujets_aat.sssom.tsv,pactols:pcrtGdotYbyIR9,architecture funéraire,aat:300005866,funerary buildings,architecture funéraire,funerary buildings,skos:closeMatch,closeMatch,semapv:UnspecifiedMatching,0.612305,0.612305,0.300000,0.503367,0.400000,0.400000,0.300000,0.503367,0.400000,0.400000
inrap_pactols_sujets_aat.sssom.tsv,pactols:pcrt6TSfpXkNW6,strates géologiques,aat:300387100,geological formations,strates géologiques,geological formations,skos:closeMatch,closeMatch,semapv:UnspecifiedMatching,0.611328,0.611328,0.350000,0.567502,0.350000,0.350000,0.350000,0.567502,0.350000,0.350000
inrap_pactols_sujets_aat.sssom.tsv,pactols:pcrtbXaQ5mO06W,prisonnier,aat:300025933,prisoners,prisonnier,prisoners,skos:exactMatch,exactMatch,semapv:UnspecifiedMatching,0.611328,0.611328,0.842105,0.937778,0.842105,0.842105,0.842105,0.937778,0.842105,0.842105
inrap_pactols_sujets_aat.sssom.tsv,pactols:pcrtbAJrlqK7Lc,terre cuite architecturale,aat:300010670,architectural terracotta,terre cuite architecturale,architectural terracotta,skos:exactMatch,exactMatch,semapv:UnspecifiedMatching,0.607910,0.607910,0.560000,0.717521,0.720000,0.720000,0.560000,0.717521,0.720000,0.720000
inrap_pactols_sujets_aat.sssom.tsv,pactols:pcrtJrInD7k8G1,épigraphie,aat:300138808,epigraphy,épigraphie,epigraphy,skos:exactMatch,exactMatch,semapv:UnspecifiedMatching,0.607422,0.607422,0.736842,0.825926,0.736842,0.736842,0.736842,0.825926,0.736842,0.736842
inrap_pactols_sujets_aat.sssom.tsv,pactols:pcrtHOoY2ss1a1,diatomée,aat:300013808,diatomaceous earth,diatomée,diatomaceous earth,skos:exactMatch,exactMatch,semapv:UnspecifiedMatching,0.607422,0.607422,0.538462,0.852778,0.538462,0.538462,0.538462,0.852778,0.538462,0.538462
inrap_pactols_sujets_aat.sssom.tsv,pactols:pcrtD900pLBG6t,prospection géophysique,aat:300379907,geophysical surveys,prospection géophysique,geophysical surveys,skos:exactMatch,exactMatch,semapv:UnspecifiedMatching,0.605469,0.605469,0.428571,0.564524,0.476190,0.476190,0.428571,0.564524,0.476190,0.476190
inrap_pactols_sujets_aat.sssom.tsv,pactols:pcrtJdl7n3HRdk,mausolée,aat:300005891,mausoleums,mausolée,mausoleums,skos:exactMatch,exactMatch,semapv:UnspecifiedMatching,0.604492,0.604492,0.777778,0.915000,0.777778,0.777778,0.777778,0.915000,0.777778,0.777778
inrap_pactols_sujets_aat.sssom.tsv,pactols:pcrtUtYOn0siqy,sceau-cylindre,aat:300195841,cylinder seals,sceau-cylindre,cylinder seals,skos:exactMatch,exactMatch,semapv:UnspecifiedMatching,0.604004,0.604004,0.571429,0.650794,0.571429,0.571429,0.571429,0.650794,0.571429,0.571429
ads_mda_obj_aat.sssom.tsv,fish_obj:/concepts/95682,HARNESS,aat:300212971,harnesses,HARNESS,harnesses,skos:exactMatch,exactMatch,semapv:UnspecifiedMatching,0.604004,0.604004,0.875000,0.955556,0.875000,0.875000,0.875000,0.955556,0.875000,0.875000
ads_mda_obj_aat.sssom.tsv,fish_obj:/concepts/96914,AWL,aat:300024663,awls,AWL,awls,skos:closeMatch,closeMatch,semapv:UnspecifiedMatching,0.603516,0.603516,0.857143,0.941667,0.857143,0.857143,0.857143,0.941667,0.857143,0.857143
ads_eh_tmt2_aat.sssom.tsv,fish_tmt2:/concepts/68893,MARTELLO TOWER,aat:300006946,martello towers,MARTELLO TOWER,martello towers,skos:exactMatch,exactMatch,semapv:UnspecifiedMatching,0.602539,0.602539,0.965517,0.986667,0.965517,0.965517,0.965517,0.986667,0.965517,0.965517
inrap_pactols_sujets_aat.sssom.tsv,pactols:pcrtckTraG5aXX,organisation sociale,aat:300055473,social structure,organisation sociale,social structure,skos:exactMatch,exactMatch,semapv:UnspecifiedMatching,0.602051,0.602051,0.388889,0.575000,0.388889,0.388889,0.388889,0.575000,0.388889,0.388889
inrap_pactols_sujets_aat.sssom.tsv,pactols:pcrt5p3bwgIHaR,colonnade,aat:300002613,colonnades,colonnade,colonnades,skos:exactMatch,exactMatch,semapv:UnspecifiedMatching,0.601562,0.601562,0.947368,0.980000,0.947368,0.947368,0.947368,0.980000,0.947368,0.947368
ads_mda_obj_aat.sssom.tsv,fish_obj:/concepts/95070,UNASSIGNED,aat:300386154,unidentified,UNASSIGNED,unidentified,skos:closeMatch,closeMatch,semapv:UnspecifiedMatching,0.600098,0.600098,0.545455,0.644444,0.545455,0.545455,0.545455,0.644444,0.545455,0.545455
inrap_pactols_sujets_aat.sssom.tsv,pactols:pcrtRmSldQaKLx,archéozoologie,aat:300251929,archaeozoology,archéozoologie,archaeozoology,skos:exactMatch,exactMatch,semapv:UnspecifiedMatching,0.598145,0.598145,0.785714,0.914286,0.785714,0.785714,0.785714,0.914286,0.785714,0.785714
dai_aat.sssom.tsv,http://thesauri.dainst.org/_c32d5a5b,vicus,aat:300000754,vici,vicus,vici,skos:exactMatch,exactMatch,semapv:UnspecifiedMatching,0.595703,0.595703,0.666667,0.848333,0.666667,0.666667,0.666667,0.848333,0.666667,0.666667
inrap_pactols_sujets_aat.sssom.tsv,pactols:pcrtQNRRYhNKP5,vicus,aat:300000754,vici,vicus,vici,skos:exactMatch,exactMatch,semapv:UnspecifiedMatching,0.595703,0.595703,0.666667,0.848333,0.666667,0.666667,0.666667,0.848333,0.666667,0.666667
inrap_pactols_sujets_aat.sssom.tsv,pactols:pcrt00ulosY2Lk,javelot,aat:300037019,javelins,javelot,javelins,skos:exactMatch,exactMatch,semapv:UnspecifiedMatching,0.592285,0.592285,0.666667,0.867857,0.666667,0.666667,0.666667,0.867857,0.666667,0.666667
ads_mda_obj_aat.sssom.tsv,fish_obj:/concepts/96805,SPOON,aat:300043149,spoons,SPOON,spoons,skos:exactMatch,exactMatch,semapv:UnspecifiedMatching,0.592285,0.592285,0.909091,0.966667,0.909091,0.909091,0.909091,0.966667,0.909091,0.909091
ads_eh_tmt2_aat.sssom.tsv,fish_tmt2:/concepts/146404,BEER CELLAR,aat:300004760,beer cellars,BEER CELLAR,beer cellars,skos:exactMatch,exactMatch,semapv:UnspecifiedMatching,0.588867,0.588867,0.956522,0.983333,0.956522,0.956522,0.956522,0.983333,0.956522,0.956522
dai_aat.sssom.tsv,http://thesauri.dainst.org/_56cad583,Verkauf,aat:300069089,sales events,Verkauf,sales events,skos:closeMatch,closeMatch,semapv:UnspecifiedMatching,0.588867,0.588867,0.210526,0.317460,0.315789,0.315789,0.210526,0.317460,0.315789,0.315789
ads_eh_tmt2_aat.sssom.tsv,fish_tmt2:/concepts/68793,INN,aat:300007170,inns,INN,inns,skos:exactMatch,exactMatch,semapv:UnspecifiedMatching,0.588379,0.588379,0.857143,0.941667,0.857143,0.857143,0.857143,0.941667,0.857143,0.857143
inrap_pactols_sujets_aat.sssom.tsv,pactols:pcrtQuZiT5nYY2,matériaux de construction,aat:300014857,building materials,matériaux de construction,building materials,skos:exactMatch,exactMatch,semapv:UnspecifiedMatching,0.587891,0.587891,0.325581,0.593561,0.465116,0.465116,0.325581,0.593561,0.465116,0.465116
ads_mda_obj_aat.sssom.tsv,fish_obj:/concepts/95639,CLAY PIPE (SMOKING),aat:300248067,pipes (smoking equipment),CLAY PIPE,pipes,skos:closeMatch,closeMatch,semapv:UnspecifiedMatching,0.587402,0.205078,0.636364,0.663158,0.636364,0.636364,0.571429,0.437037,0.571429,0.571429
ads_eh_tmt2_aat.sssom.tsv,fish_tmt2:/concepts/70441,DRAIN,aat:300052564,drains,DRAIN,drains,skos:exactMatch,exactMatch,semapv:UnspecifiedMatching,0.587402,0.587402,0.909091,0.966667,0.909091,0.909091,0.909091,0.966667,0.909091,0.909091
inrap_pactols_sujets_aat.sssom.tsv,pactols:pcrtI3GLtDKz2W,synagogue,aat:300007590,synagogues (buildings),synagogue,synagogues,skos:exactMatch,exactMatch,semapv:UnspecifiedMatching,0.585449,0.934570,0.580645,0.881818,0.580645,0.580645,0.947368,0.980000,0.947368,0.947368
inrap_pactols_sujets_aat.sssom.tsv,pactols:pcrtKm7j4sf5fd,tombe à ciste,aat:300005941,cist graves,tombe à ciste,cist graves,skos:exactMatch,exactMatch,semapv:UnspecifiedMatching,0.584961,0.584961,0.416667,0.473776,0.500000,0.500000,0.416667,0.473776,0.500000,0.500000
ads_eh_com_aat.sssom.tsv,fish_com:/concepts/137654,CRUCK,aat:300001846,crucks,CRUCK,crucks,skos:exactMatch,exactMatch,semapv:UnspecifiedMatching,0.583008,0.583008,0.909091,0.966667,0.909091,0.909091,0.909091,0.966667,0.909091,0.909091
dai_aat.sssom.tsv,http://thesauri.dainst.org/_a48496de,König / Pharao,aat:300150507,pharaohs,König / Pharao,pharaohs,skos:exactMatch,exactMatch,semapv:UnspecifiedMatching,0.582520,0.582520,0.545455,0.297619,0.545455,0.545455,0.545455,0.297619,0.545455,0.545455
inrap_pactols_sujets_aat.sssom.tsv,pactols:pcrtaspfi2lUjq,bas-relief,aat:300053623,bas-relief (sculpture technique),bas-relief,bas-relief,skos:exactMatch,exactMatch,semapv:UnspecifiedMatching,0.581543,1.000000,0.476190,0.862500,0.476190,1.000000,1.000000,1.000000,1.000000,1.000000
ads_eh_tmt2_aat.sssom.tsv,fish_tmt2:/concepts/70382,MOUND,aat:300008024,mounds,MOUND,mounds,skos:exactMatch,exactMatch,semapv:UnspecifiedMatching,0.580566,0.580566,0.909091,0.966667,0.909091,0.909091,0.909091,0.966667,0.909091,0.909091
inrap_pactols_sujets_aat.sssom.tsv,pactols:pcrta4RiFzdpuH,harnais,aat:300212971,harnesses,harnais,harnesses,skos:exactMatch,exactMatch,semapv:UnspecifiedMatching,0.577637,0.577637,0.625000,0.853968,0.625000,0.625000,0.625000,0.853968,0.625000,0.625000
dai_aat.sssom.tsv,http://thesauri.dainst.org/_cd750998,Gallier,aat:300379855,Gallic,Gallier,Gallic,skos:closeMatch,closeMatch,semapv:UnspecifiedMatching,0.577637,0.577637,0.769231,0.909524,0.769231,0.769231,0.769231,0.909524,0.769231,0.769231
inrap_pactols_sujets_aat.sssom.tsv,pactols:pcrtsfaiAjXLxV,dépendance,aat:300235114,dependencies,dépendance,dependencies,skos:exactMatch,exactMatch,semapv:UnspecifiedMatching,0.577637,0.577637,0.727273,0.765000,0.727273,0.727273,0.727273,0.765000,0.727273,0.727273
inrap_pactols_sujets_aat.sssom.tsv,pactols:pcrtf4z1Qe2N4U,adulte,aat:300154397,adults,adulte,adults,skos:exactMatch,exactMatch,semapv:UnspecifiedMatching,0.575684,0.575684,0.833333,0.933333,0.833333,0.833333,0.833333,0.933333,0.833333,0.833333
inrap_pactols_sujets_aat.sssom.tsv,pactols:pcrtjzKlry0LZi,bronze,aat:300010957,bronze (metal),bronze,bronze,skos:exactMatch,exactMatch,semapv:UnspecifiedMatching,0.575195,1.000000,0.600000,0.885714,0.600000,1.000000,1.000000,1.000000,1.000000,1.000000
inrap_pactols_sujets_aat.sssom.tsv,pactols:pcrtwXskswbuF3,architecture religieuse,aat:300007391,religious buildings,architecture religieuse,religious buildings,skos:closeMatch,closeMatch,semapv:UnspecifiedMatching,0.575195,0.575195,0.380952,0.625130,0.476190,0.476190,0.380952,0.625130,0.476190,0.476190
dai_aat.sssom.tsv,http://thesauri.dainst.org/_f6674384,private Ausstattung,aat:300122241,equipment,private Ausstattung,equipment,skos:closeMatch,closeMatch,semapv:UnspecifiedMatching,0.574707,0.574707,0.214286,0.472904,0.214286,0.214286,0.214286,0.472904,0.214286,0.214286
ads_mda_obj_aat.sssom.tsv,fish_obj:/concepts/96783,JAR,aat:300195347,jars,JAR,jars,skos:exactMatch,exactMatch,semapv:UnspecifiedMatching,0.574707,0.574707,0.857143,0.941667,0.857143,0.857143,0.857143,0.941667,0.857143,0.857143
dai_aat.sssom.tsv,http://thesauri.dainst.org/_2742,Aquädukt,aat:300006165,aqueducts,Aquädukt,aqueducts,skos:exactMatch,exactMatch,semapv:UnspecifiedMatching,0.573730,0.573730,0.705882,0.863889,0.705882,0.705882,0.705882,0.863889,0.705882,0.705882
ads_mda_obj_aat.sssom.tsv,fish_obj:/concepts/96757,CAULDRON,aat:300196395,cauldrons,CAULDRON,cauldrons,skos:exactMatch,exactMatch,semapv:UnspecifiedMatching,0.573730,0.573730,0.941176,0.977778,0.941176,0.941176,0.941176,0.977778,0.941176,0.941176
inrap_pactols_sujets_aat.sssom.tsv,pactols:pcrttUONyH0Uai,archives,aat:300312242,archives (institutions),archives,archives,skos:exactMatch,exactMatch,semapv:UnspecifiedMatching,0.573242,1.000000,0.516129,0.869565,0.516129,1.000000,1.000000,1.000000,1.000000,1.000000
inrap_pactols_sujets_aat.sssom.tsv,pactols:pcrt3We1mLOmN0,fabrication des textiles,aat:300239669,textile processes and techniques,fabrication des textiles,textile processes and techniques,skos:closeMatch,closeMatch,semapv:UnspecifiedMatching,0.573242,0.573242,0.392857,0.622685,0.500000,0.500000,0.392857,0.622685,0.500000,0.500000
inrap_pactols_sujets_aat.sssom.tsv,pactols:pcrtWbThvTYYf4,art mobilier,aat:300400640,portable art,art mobilier,portable art,skos:exactMatch,exactMatch,semapv:UnspecifiedMatching,0.572754,0.572754,0.500000,0.722222,0.666667,0.666667,0.500000,0.722222,0.666667,0.666667
dai_aat.sssom.tsv,http://thesauri.dainst.org/_bad70e93,Philosoph,aat:300025569,philosophers,Philosoph,philosophers,skos:exactMatch,exactMatch,semapv:UnspecifiedMatching,0.572754,0.572754,0.857143,0.950000,0.857143,0.857143,0.857143,0.950000,0.857143,0.857143
inrap_pactols_sujets_aat.sssom.tsv,pactols:pcrtvzl3HUp31m,cité-ville,aat:300234611,city-states,cité-ville,city-states,skos:exactMatch,exactMatch,semapv:UnspecifiedMatching,0.572266,0.572266,0.476190,0.651515,0.476190,0.476190,0.476190,0.651515,0.476190,0.476190
inrap_pactols_sujets_aat.sssom.tsv,pactols:pcrt2WTqu2BkNA,vase de libation,aat:300404019,libation vessels,vase de libation,libation vessels,skos:exactMatch,exactMatch,semapv:UnspecifiedMatching,0.572266,0.572266,0.500000,0.527778,0.750000,0.750000,0.500000,0.527778,0.750000,0.750000
ads_mda_obj_aat.sssom.tsv,fish_obj:/concepts/95214,Scabbard Fitting,aat:300037139,scabbards,Scabbard Fitting,scabbards,skos:closeMatch,closeMatch,semapv:UnspecifiedMatching,0.571289,0.571289,0.640000,0.877778,0.640000,0.640000,0.640000,0.877778,0.640000,0.640000
ads_eh_tmt2_aat.sssom.tsv,fish_tmt2:/concepts/70323,BOUNDARY,aat:300055590,boundaries,BOUNDARY,boundaries,skos:exactMatch,exactMatch,semapv:UnspecifiedMatching,0.569824,0.569824,0.777778,0.915000,0.777778,0.777778,0.777778,0.915000,0.777778,0.777778
ads_mda_obj_aat.sssom.tsv,fish_obj:/concepts/96652,ARMLET,aat:300045990,armlets,ARMLET,armlets,skos:exactMatch,exactMatch,semapv:UnspecifiedMatching,0.569336,0.569336,0.923077,0.971429,0.923077,0.923077,0.923077,0.971429,0.923077,0.923077
inrap_pactols_sujets_aat.sssom.tsv,pactols:pcrtVEYRUBqoLm,bouteille,aat:300045627,bottles,bouteille,bottles,skos:exactMatch,exactMatch,semapv:UnspecifiedMatching,0.568848,0.568848,0.625000,0.689947,0.625000,0.625000,0.625000,0.689947,0.625000,0.625000
ads_mda_obj_aat.sssom.tsv,fish_obj:/concepts/96475,WHETSTONE,aat:300023299,whetstones,WHETSTONE,whetstones,skos:exactMatch,exactMatch,semapv:UnspecifiedMatching,0.568359,0.568359,0.947368,0.980000,0.947368,0.947368,0.947368,0.980000,0.947368,0.947368
dai_aat.sssom.tsv,http://thesauri.dainst.org/_5bfa9a82,amphiprostyler Tempel,aat:300163729,amphiprostyle,amphiprostyler Tempel,amphiprostyle,skos:closeMatch,closeMatch,semapv:UnspecifiedMatching,0.566895,0.566895,0.764706,0.923810,0.764706,0.764706,0.764706,0.923810,0.764706,0.764706
inrap_pactols_sujets_aat.sssom.tsv,pactols:pcrtISZAuzsISK,palais,aat:300005734,palaces,palais,palaces,skos:exactMatch,exactMatch,semapv:UnspecifiedMatching,0.566406,0.566406,0.769231,0.909524,0.769231,0.769231,0.769231,0.909524,0.769231,0.769231
inrap_pactols_sujets_aat.sssom.tsv,pactols:pcrtroLHL5A6bm,artillerie,aat:300036931,artillery,artillerie,artillery,skos:exactMatch,exactMatch,semapv:UnspecifiedMatching,0.564453,0.564453,0.842105,0.937778,0.842105,0.842105,0.842105,0.937778,0.842105,0.842105
inrap_pactols_sujets_aat.sssom.tsv,pactols:pcrt9PJh9aTXv4,site archéologique,aat:300000810,archaeological sites,site archéologique,archaeological sites,skos:exactMatch,exactMatch,semapv:UnspecifiedMatching,0.563477,0.563477,0.526316,0.616667,0.736842,0.736842,0.526316,0.616667,0.736842,0.736842
dai_aat.sssom.tsv,http://thesauri.dainst.org/_4287,Parther,aat:300019967,Parthian,Parther,Parthian,skos:closeMatch,closeMatch,semapv:UnspecifiedMatching,0.562988,0.562988,0.666667,0.867857,0.666667,0.666667,0.666667,0.867857,0.666667,0.666667
inrap_pactols_sujets_aat.sssom.tsv,pactols:pcrtNU9yWjKe6U,souterrain,aat:300004779,souterrains (passages),souterrain,souterrains,skos:exactMatch,exactMatch,semapv:UnspecifiedMatching,0.562012,0.944336,0.625000,0.890909,0.625000,0.625000,0.952381,0.981818,0.952381,0.952381
inrap_pactols_sujets_aat.sssom.tsv,pactols:pcrtDnenSUMjFl,granite,aat:300011183,granite (rock),granite,granite,skos:exactMatch,exactMatch,semapv:UnspecifiedMatching,0.561523,1.000000,0.666667,0.900000,0.666667,1.000000,1.000000,1.000000,1.000000,1.000000
dai_aat.sssom.tsv,http://thesauri.dainst.org/_eac58268,öffentliche Ausstattung,aat:300122241,equipment,öffentliche Ausstattung,equipment,skos:closeMatch,closeMatch,semapv:UnspecifiedMatching,0.560547,0.560547,0.250000,0.457649,0.250000,0.250000,0.250000,0.457649,0.250000,0.250000
inrap_pactols_sujets_aat.sssom.tsv,pactols:pcrtBx4xajlIjR,reconstruction,aat:300053744,reconstruction (process ),reconstruction,reconstruction,skos:exactMatch,exactMatch,semapv:UnspecifiedMatching,0.560547,1.000000,0.717949,0.912000,0.717949,1.000000,1.000000,1.000000,1.000000,1.000000
ads_mda_obj_aat.sssom.tsv,fish_obj:/concepts/96240,BOLT (FASTENING),aat:300033325,bolts (fasteners),BOLT,bolts,skos:exactMatch,exactMatch,semapv:UnspecifiedMatching,0.558594,0.230713,0.787879,0.884672,0.787879,0.787879,0.888889,0.960000,0.888889,0.888889
inrap_pactols_sujets_aat.sssom.tsv,pactols:pcrtIulke04wc7,camp,aat:300164117,army camps,camp,army camps,skos:exactMatch,exactMatch,semapv:UnspecifiedMatching,0.558594,0.558594,0.571429,0.566667,0.571429,0.571429,0.571429,0.566667,0.571429,0.571429
inrap_pactols_sujets_aat.sssom.tsv,pactols:pcrtJs2bV5mfYW,atrium,aat:300004097,atriums (Roman halls),atrium,atriums,skos:exactMatch,exactMatch,semapv:UnspecifiedMatching,0.558105,0.885742,0.444444,0.857143,0.444444,0.444444,0.923077,0.971429,0.923077,0.923077
ads_eh_tmt2_aat.sssom.tsv,fish_tmt2:/concepts/70006,LONG BARROW,aat:300391498,long barrows,LONG BARROW,long barrows,skos:exactMatch,exactMatch,semapv:UnspecifiedMatching,0.558105,0.558105,0.956522,0.983333,0.956522,0.956522,0.956522,0.983333,0.956522,0.956522
inrap_pactols_sujets_aat.sssom.tsv,pactols:pcrtMoabnLELjx,cratère,aat:300198855,kraters,cratère,kraters,skos:exactMatch,exactMatch,semapv:UnspecifiedMatching,0.557617,0.557617,0.571429,0.742857,0.571429,0.571429,0.571429,0.742857,0.571429,0.571429
inrap_pactols_sujets_aat.sssom.tsv,pactols:pcrtNb90Egda4H,mort,aat:300151836,deaths,mort,deaths,skos:exactMatch,exactMatch,semapv:UnspecifiedMatching,0.557617,0.557617,0.200000,0.472222,0.200000,0.200000,0.200000,0.472222,0.200000,0.200000
inrap_pactols_sujets_aat.sssom.tsv,pactols:pcrt4rR2kyMQuW,sculpture,aat:300047090,sculpture (visual works),sculpture,sculpture,skos:exactMatch,exactMatch,semapv:UnspecifiedMatching,0.556152,1.000000,0.545455,0.875000,0.545455,1.000000,1.000000,1.000000,1.000000,1.000000
ads_eh_tmc_aat.sssom.tsv,fish_tmc:/concepts/100443,SAILING VESSEL,aat:300233013,sailing-vessels,SAILING VESSEL,sailing-vessels,skos:closeMatch,closeMatch,semapv:UnspecifiedMatching,0.554688,0.554688,0.896552,0.959048,0.896552,0.896552,0.896552,0.959048,0.896552,0.896552
ads_eh_tmt2_aat.sssom.tsv,fish_tmt2:/concepts/68880,FORTRESS,aat:300006894,fortresses,FORTRESS,fortresses,skos:exactMatch,exactMatch,semapv:UnspecifiedMatching,0.554199,0.554199,0.888889,0.960000,0.888889,0.888889,0.888889,0.960000,0.888889,0.888889
ads_eh_tmt2_aat.sssom.tsv,fish_tmt2:/concepts/68602,HUNTING LODGE,aat:300007177,hunting lodges,HUNTING LODGE,hunting lodges,skos:closeMatch,closeMatch,semapv:UnspecifiedMatching,0.552734,0.552734,0.962963,0.985714,0.962963,0.962963,0.962963,0.985714,0.962963,0.962963
ads_mda_obj_aat.sssom.tsv,fish_obj:/concepts/97322,DEBITAGE,aat:300265125,debitage,DEBITAGE,debitage,skos:exactMatch,exactMatch,semapv:UnspecifiedMatching,0.552734,0.552734,1.000000,1.000000,1.000000,1.000000,1.000000,1.000000,1.000000,1.000000
inrap_pactols_sujets_aat.sssom.tsv,pactols:pcrthELuSjXqGH,adobe,aat:300081138,adobe (material),adobe,adobe,skos:exactMatch,exactMatch,semapv:UnspecifiedMatching,0.552246,1.000000,0.476190,0.862500,0.476190,1.000000,1.000000,1.000000,1.000000,1.000000
inrap_pactols_sujets_aat.sssom.tsv,pactols:pcrtSuHbSRhwZu,architecture chrétienne,aat:300004560,Christian religious building spaces,architecture chrétienne,Christian religious building spaces,skos:closeMatch,closeMatch,semapv:UnspecifiedMatching,0.551758,0.551758,0.344828,0.526708,0.310345,0.310345,0.344828,0.526708,0.310345,0.310345
dai_aat.sssom.tsv,http://thesauri.dainst.org/_90f11ef0,Nekropole/Grab,aat:300000372,necropolises,Nekropole/Grab,necropolises,skos:exactMatch,exactMatch,semapv:UnspecifiedMatching,0.549805,0.549805,0.615385,0.796825,0.615385,0.615385,0.615385,0.796825,0.615385,0.615385
ads_mda_obj_aat.sssom.tsv,fish_obj:/concepts/96410,MORTAR (VESSEL),aat:300024724,mortars (grinding tools),MORTAR,mortars,skos:exactMatch,exactMatch,semapv:UnspecifiedMatching,0.549316,0.253662,0.512821,0.826667,0.410256,0.410256,0.923077,0.971429,0.923077,0.923077
inrap_pactols_sujets_aat.sssom.tsv,pactols:pcrts48isTYuSt,pointe foliacée,aat:300400609,foliate points,pointe foliacée,foliate points,skos:exactMatch,exactMatch,semapv:UnspecifiedMatching,0.548340,0.548340,0.482759,0.655556,0.827586,0.827586,0.482759,0.655556,0.827586,0.827586
inrap_pactols_sujets_aat.sssom.tsv,pactols:pcrtJMg7QSeeGX,conservation de site,aat:300379385,site protection,conservation de site,site protection,skos:exactMatch,exactMatch,semapv:UnspecifiedMatching,0.547852,0.547852,0.400000,0.661111,0.628571,0.628571,0.400000,0.661111,0.628571,0.628571
inrap_pactols_sujets_aat.sssom.tsv,pactols:pcrt3mGRLwEneh,pavé,aat:300011718,paving stone,pavé,paving stone,skos:exactMatch,exactMatch,semapv:UnspecifiedMatching,0.547363,0.547363,0.375000,0.666667,0.375000,0.375000,0.375000,0.666667,0.375000,0.375000
dai_aat.sssom.tsv,http://thesauri.dainst.org/_427d7bf1,Stadt,aat:300008389,cities,Stadt,cities,skos:exactMatch,exactMatch,semapv:UnspecifiedMatching,0.546875,0.546875,0.181818,0.455556,0.181818,0.181818,0.181818,0.455556,0.181818,0.181818
inrap_pactols_sujets_aat.sssom.tsv,pactols:pcrthT7f96LxBR,urbanisme,aat:300189645,urban design,urbanisme,urban design,skos:exactMatch,exactMatch,semapv:UnspecifiedMatching,0.546387,0.546387,0.571429,0.886111,0.476190,0.476190,0.571429,0.886111,0.476190,0.476190
inrap_pactols_sujets_aat.sssom.tsv,pactols:pcrta4TfENEoJy,objet religieux,aat:300234098,religious objects,objet religieux,religious objects,skos:exactMatch,exactMatch,semapv:UnspecifiedMatching,0.546387,0.546387,0.437500,0.618301,0.812500,0.812500,0.437500,0.618301,0.812500,0.812500
inrap_pactols_sujets_aat.sssom.tsv,pactols:pcrtXnnrd43yND,peinture murale,aat:300178677,mural painting (image-making),peinture murale,mural painting,skos:exactMatch,exactMatch,semapv:UnspecifiedMatching,0.545898,0.840820,0.363636,0.552699,0.454545,0.454545,0.344828,0.534921,0.689655,0.689655
ads_eh_tmt2_aat.sssom.tsv,fish_tmt2:/concepts/69009,BANDSTAND,aat:300006791,bandstands,BANDSTAND,bandstands,skos:exactMatch,exactMatch,semapv:UnspecifiedMatching,0.544922,0.544922,0.947368,0.980000,0.947368,0.947368,0.947368,0.980000,0.947368,0.947368
inrap_pactols_sujets_aat.sssom.tsv,pactols:pcrt0fEFHq0Qcm,steppe,aat:300386995,steppes,steppe,steppes,skos:exactMatch,exactMatch,semapv:UnspecifiedMatching,0.544434,0.544434,0.923077,0.971429,0.923077,0.923077,0.923077,0.971429,0.923077,0.923077
ads_mda_obj_aat.sssom.tsv,fish_obj:/concepts/95426,JETTON,aat:300191481,jettons,JETTON,jettons,skos:exactMatch,exactMatch,semapv:UnspecifiedMatching,0.544434,0.544434,0.923077,0.971429,0.923077,0.923077,0.923077,0.971429,0.923077,0.923077
inrap_pactols_sujets_aat.sssom.tsv,pactols:pcrt1jTyJEx22Y,graphite,aat:300011098,graphite (mineral),graphite,graphite,skos:exactMatch,exactMatch,semapv:UnspecifiedMatching,0.544434,1.000000,0.615385,0.888889,0.615385,1.000000,1.000000,1.000000,1.000000,1.000000
inrap_pactols_sujets_aat.sssom.tsv,pactols:pcrtmkRNd3ikl4,géoarchéologie,aat:300251618,geoarchaeology,géoarchéologie,geoarchaeology,skos:exactMatch,exactMatch,semapv:UnspecifiedMatching,0.543945,0.543945,0.714286,0.816883,0.714286,0.714286,0.714286,0.816883,0.714286,0.714286
ads_mda_obj_aat.sssom.tsv,fish_obj:/concepts/97183,SCRAPER (TOOL),aat:300024836,scrapers (finishing tools),SCRAPER,scrapers,skos:closeMatch,closeMatch,semapv:UnspecifiedMatching,0.543945,0.226929,0.700000,0.907692,0.450000,0.450000,0.933333,0.975000,0.933333,0.933333
inrap_pactols_sujets_aat.sssom.tsv,pactols:pcrtDwe0cp16nl,quartz,aat:300011132,quartz (mineral),quartz,quartz,skos:exactMatch,exactMatch,semapv:UnspecifiedMatching,0.543457,0.999512,0.545455,0.875000,0.545455,1.000000,1.000000,1.000000,1.000000,1.000000
inrap_pactols_sujets_aat.sssom.tsv,pactols:pcrtqdEo1gq2xN,crustacé,aat:300310469,Crustacea (subphylum),crustacé,Crustacea,skos:exactMatch,exactMatch,semapv:UnspecifiedMatching,0.543457,0.851074,0.482759,0.841667,0.482759,0.482759,0.823529,0.930556,0.823529,0.823529
dai_aat.sssom.tsv,http://thesauri.dainst.org/_9ad3989f,Autor,aat:300025492,authors,Autor,authors,skos:exactMatch,exactMatch,semapv:UnspecifiedMatching,0.542969,0.542969,0.833333,0.933333,0.833333,0.833333,0.833333,0.933333,0.833333,0.833333
dai_aat.sssom.tsv,http://thesauri.dainst.org/_3701_a470a738408e250b1ed2c7c8f5ea05ac,unbekannt,aat:300386154,unidentified,unbekannt,unidentified,skos:exactMatch,exactMatch,semapv:UnspecifiedMatching,0.541504,0.541504,0.476190,0.657407,0.476190,0.476190,0.476190,0.657407,0.476190,0.476190
inrap_pactols_sujets_aat.sssom.tsv,pactols:pcrt8gP3z538ei,horreum,aat:300120504,horrea,horreum,horrea,skos:exactMatch,exactMatch,semapv:UnspecifiedMatching,0.539062,0.539062,0.769231,0.909524,0.769231,0.769231,0.769231,0.909524,0.769231,0.769231
inrap_pactols_sujets_aat.sssom.tsv,pactols:pcrtXGgQa70ZVU,campement,aat:300000476,military camps,campement,military camps,skos:exactMatch,exactMatch,semapv:UnspecifiedMatching,0.537109,0.537109,0.347826,0.410053,0.521739,0.521739,0.347826,0.410053,0.521739,0.521739
ads_mda_obj_aat.sssom.tsv,fish_obj:/concepts/96706,JEWELLERY,aat:300209286,jewellery,JEWELLERY,jewellery,skos:exactMatch,exactMatch,semapv:UnspecifiedMatching,0.536621,0.536621,1.000000,1.000000,1.000000,1.000000,1.000000,1.000000,1.000000,1.000000
inrap_pactols_sujets_aat.sssom.tsv,pactols:pcrtZxVQ2PLkIO,encensoir,aat:300198814,censers,encensoir,censers,skos:exactMatch,exactMatch,semapv:UnspecifiedMatching,0.535156,0.535156,0.625000,0.730159,0.625000,0.625000,0.625000,0.730159,0.625000,0.625000
dai_aat.sssom.tsv,http://thesauri.dainst.org/_e1e0e72e,Propylon,aat:300005090,propylaea,Propylon,propylaea,skos:exactMatch,exactMatch,semapv:UnspecifiedMatching,0.535156,0.535156,0.705882,0.883333,0.705882,0.705882,0.705882,0.883333,0.705882,0.705882
inrap_pactols_sujets_aat.sssom.tsv,pactols:pcrt39PRSHHxPD,objet liturgique,aat:300234147,liturgical objects,objet liturgique,liturgical objects,skos:exactMatch,exactMatch,semapv:UnspecifiedMatching,0.534180,0.534180,0.470588,0.560185,0.764706,0.764706,0.470588,0.560185,0.764706,0.764706
ads_mda_obj_aat.sssom.tsv,fish_obj:/concepts/96869,MORTARIUM,aat:300395633,mortaria,MORTARIUM,mortaria,skos:exactMatch,exactMatch,semapv:UnspecifiedMatching,0.533203,0.533203,0.823529,0.930556,0.823529,0.823529,0.823529,0.930556,0.823529,0.823529
inrap_pactols_sujets_aat.sssom.tsv,pactols:pcrtdJAt9nhHcl,récipient (fonction),aat:300193015,vessels (containers),récipient,vessels,skos:closeMatch,closeMatch,semapv:UnspecifiedMatching,0.531738,-0.049652,0.450000,0.533333,0.450000,0.450000,0.125000,0.417989,0.125000,0.125000
ads_mda_obj_aat.sssom.tsv,fish_obj:/concepts/96922,CHISEL,aat:300024665,chisels,CHISEL,chisels,skos:exactMatch,exactMatch,semapv:UnspecifiedMatching,0.531738,0.531738,0.923077,0.971429,0.923077,0.923077,0.923077,0.971429,0.923077,0.923077
inrap_pactols_sujets_aat.sssom.tsv,pactols:pcrt89cX9Z01xr,statuaire,aat:300047600,statues,statuaire,statues,skos:closeMatch,closeMatch,semapv:UnspecifiedMatching,0.530762,0.530762,0.750000,0.904762,0.750000,0.750000,0.750000,0.904762,0.750000,0.750000
ads_eh_tmt2_aat.sssom.tsv,fish_tmt2:/concepts/70407,RING DITCH,aat:300312201,ring ditches,RING DITCH,ring ditches,skos:exactMatch,exactMatch,semapv:UnspecifiedMatching,0.529297,0.529297,0.909091,0.966667,0.909091,0.909091,0.909091,0.966667,0.909091,0.909091
ads_mda_obj_aat.sssom.tsv,fish_obj:/concepts/96722,POUCH,aat:300194553,pouches,POUCH,pouches,skos:exactMatch,exactMatch,semapv:UnspecifiedMatching,0.528809,0.528809,0.833333,0.942857,0.833333,0.833333,0.833333,0.942857,0.833333,0.833333
ads_mda_obj_aat.sssom.tsv,fish_obj:/concepts/137052,RIM SHERD,aat:300263317,rim sherds,RIM SHERD,rim sherds,skos:exactMatch,exactMatch,semapv:UnspecifiedMatching,0.528809,0.528809,0.947368,0.980000,0.947368,0.947368,0.947368,0.980000,0.947368,0.947368
inrap_pactols_sujets_aat.sssom.tsv,pactols:pcrt0YYwncvlpV,ossuaire,aat:300005897,ossuaries (buildings),ossuaire,ossuaries,skos:exactMatch,exactMatch,semapv:UnspecifiedMatching,0.524902,0.714844,0.482759,0.851190,0.482759,0.482759,0.823529,0.952778,0.823529,0.823529
ads_mda_obj_aat.sssom.tsv,fish_obj:/concepts/96123,STRUCTURAL TIMBER,aat:300012822,structural lumber,STRUCTURAL TIMBER,structural lumber,skos:closeMatch,closeMatch,semapv:UnspecifiedMatching,0.523926,0.523926,0.882353,0.952941,0.588235,0.882353,0.882353,0.952941,0.588235,0.882353
inrap_pactols_sujets_aat.sssom.tsv,pactols:pcrtaJkXATOYwB,métrologie,aat:300379443,metrology,métrologie,metrology,skos:exactMatch,exactMatch,semapv:UnspecifiedMatching,0.523438,0.523438,0.736842,0.843333,0.736842,0.736842,0.736842,0.843333,0.736842,0.736842
ads_mda_obj_aat.sssom.tsv,fish_obj:/concepts/96293,PADLOCK,aat:300133746,padlocks,PADLOCK,padlocks,skos:closeMatch,closeMatch,semapv:UnspecifiedMatching,0.522949,0.522949,0.933333,0.975000,0.933333,0.933333,0.933333,0.975000,0.933333,0.933333
ads_mda_obj_aat.sssom.tsv,fish_obj:/concepts/96665,BROOCH,aat:300045995,brooches,BROOCH,brooches,skos:exactMatch,exactMatch,semapv:UnspecifiedMatching,0.522461,0.522461,0.857143,0.950000,0.857143,0.857143,0.857143,0.950000,0.857143,0.857143
ads_mda_obj_aat.sssom.tsv,fish_obj:/concepts/96719,PENANNULAR BROOCH,aat:300211545,penannular brooches,PENANNULAR BROOCH,penannular brooches,skos:closeMatch,closeMatch,semapv:UnspecifiedMatching,0.521973,0.521973,0.944444,0.978947,0.944444,0.944444,0.944444,0.978947,0.944444,0.944444
ads_eh_tmc_aat.sssom.tsv,fish_tmc:/concepts/100295,CARGO VESSEL,aat:300212694,cargo vessels,CARGO VESSEL,cargo vessels,skos:exactMatch,exactMatch,semapv:UnspecifiedMatching,0.521973,0.521973,0.960000,0.984615,0.960000,0.960000,0.960000,0.984615,0.960000,0.960000
ads_mda_obj_aat.sssom.tsv,fish_obj:/concepts/96025,CHIMNEY POT,aat:300003961,chimney pots,CHIMNEY POT,chimney pots,skos:exactMatch,exactMatch,semapv:UnspecifiedMatching,0.521973,0.521973,0.956522,0.983333,0.956522,0.956522,0.956522,0.983333,0.956522,0.956522
inrap_pactols_sujets_aat.sssom.tsv,pactols:pcrtbexIrkxhip,louche,aat:300200095,ladles,louche,ladles,skos:exactMatch,exactMatch,semapv:UnspecifiedMatching,0.521484,0.521484,0.333333,0.555556,0.333333,0.333333,0.333333,0.555556,0.333333,0.333333
ads_mda_obj_aat.sssom.tsv,fish_obj:/concepts/96723,PURSE,aat:300215521,coin purses,PURSE,coin purses,skos:closeMatch,closeMatch,semapv:UnspecifiedMatching,0.520508,0.520508,0.625000,0.000000,0.625000,0.625000,0.625000,0.000000,0.625000,0.625000
inrap_pactols_sujets_aat.sssom.tsv,pactols:pcrtibXdLTUhhT,bronzes,aat:300047333,bronzes (visual works),bronzes,bronzes,skos:exactMatch,exactMatch,semapv:UnspecifiedMatching,0.520020,0.999512,0.482759,0.863636,0.482759,1.000000,1.000000,1.000000,1.000000,1.000000
ads_mda_obj_aat.sssom.tsv,fish_obj:/concepts/96089,MOULDING,aat:300244017,architectural mouldings,MOULDING,architectural mouldings,skos:closeMatch,closeMatch,semapv:UnspecifiedMatching,0.518555,0.518555,0.516129,0.390700,0.516129,0.516129,0.516129,0.390700,0.516129,0.516129
ads_mda_obj_aat.sssom.tsv,fish_obj:/concepts/96462,WEDGE,aat:300024101,wedges,WEDGE,wedges,skos:closeMatch,closeMatch,semapv:UnspecifiedMatching,0.518555,0.518555,0.909091,0.966667,0.909091,0.909091,0.909091,0.966667,0.909091,0.909091
ads_mda_obj_aat.sssom.tsv,fish_obj:/concepts/96204,FIRE GRATE,aat:300003988,grates,FIRE GRATE,grates,skos:closeMatch,closeMatch,semapv:UnspecifiedMatching,0.517090,0.517090,0.625000,0.511111,0.625000,0.625000,0.625000,0.511111,0.625000,0.625000
inrap_pactols_sujets_aat.sssom.tsv,pactols:pcrtF8Wf7AekK2,silice,aat:300011131,silica (mineral),silice,silica,skos:exactMatch,exactMatch,semapv:UnspecifiedMatching,0.517090,0.863281,0.545455,0.875000,0.454545,0.454545,0.833333,0.933333,0.833333,0.833333
inrap_pactols_sujets_aat.sssom.tsv,pactols:pcrtZd0FGOZwl3,démographie,aat:300054357,demography,démographie,demography,skos:exactMatch,exactMatch,semapv:UnspecifiedMatching,0.517090,0.517090,0.761905,0.858182,0.761905,0.761905,0.761905,0.858182,0.761905,0.761905
dai_aat.sssom.tsv,http://thesauri.dainst.org/_befe9436,Leder,aat:300011845,leather,Leder,leather,skos:exactMatch,exactMatch,semapv:UnspecifiedMatching,0.517090,0.517090,0.666667,0.832381,0.666667,0.666667,0.666667,0.832381,0.666667,0.666667
ads_mda_obj_aat.sssom.tsv,fish_obj:/concepts/96119,STAINED GLASS (WINDOW),aat:300010853,stained glass (material),STAINED GLASS,stained glass,skos:exactMatch,exactMatch,semapv:UnspecifiedMatching,0.516602,0.209717,0.739130,0.896212,0.739130,0.742857,1.000000,1.000000,1.000000,1.000000
inrap_pactols_sujets_aat.sssom.tsv,pactols:pcrtihlJWfvH4v,vigne,aat:300000248,vineyards,vigne,vineyards,skos:exactMatch,exactMatch,semapv:UnspecifiedMatching,0.516113,0.516113,0.571429,0.798519,0.571429,0.571429,0.571429,0.798519,0.571429,0.571429
inrap_pactols_sujets_aat.sssom.tsv,pactols:pcrtdUvEkSeyqH,méthodologie,aat:300054676,methodology,méthodologie,methodology,skos:exactMatch,exactMatch,semapv:UnspecifiedMatching,0.515625,0.515625,0.782609,0.870455,0.782609,0.782609,0.782609,0.870455,0.782609,0.782609
inrap_pactols_sujets_aat.sssom.tsv,pactols:pcrtthlTfnSHQp,drain,aat:300052600,drainage piping,drain,drainage piping,skos:closeMatch,closeMatch,semapv:UnspecifiedMatching,0.514648,0.514648,0.500000,0.866667,0.500000,0.500000,0.500000,0.866667,0.500000,0.500000
ads_eh_tmt2_aat.sssom.tsv,fish_tmt2:/concepts/69975,CATHEDRAL,aat:300007501,cathedrals (buildings),CATHEDRAL,cathedrals,skos:exactMatch,exactMatch,semapv:UnspecifiedMatching,0.514648,0.721191,0.580645,0.881818,0.580645,0.580645,0.947368,0.980000,0.947368,0.947368
inrap_pactols_sujets_aat.sssom.tsv,pactols:pcrtD0oRTnKoRb,thermes privés,aat:300007364,thermae,thermes privés,thermae,skos:closeMatch,closeMatch,semapv:UnspecifiedMatching,0.514160,0.514160,0.571429,0.857143,0.571429,0.571429,0.571429,0.857143,0.571429,0.571429
ads_mda_obj_aat.sssom.tsv,fish_obj:/concepts/95213,RAPIER,aat:300037085,rapiers,RAPIER,rapiers,skos:exactMatch,exactMatch,semapv:UnspecifiedMatching,0.514160,0.514160,0.923077,0.971429,0.923077,0.923077,0.923077,0.971429,0.923077,0.923077
inrap_pactols_sujets_aat.sssom.tsv,pactols:pcrtwZOaTfxE7u,graphisme,aat:300264849,graphic arts,graphisme,graphic arts,skos:exactMatch,exactMatch,semapv:UnspecifiedMatching,0.514160,0.514160,0.666667,0.872222,0.571429,0.571429,0.666667,0.872222,0.571429,0.571429
inrap_pactols_sujets_aat.sssom.tsv,pactols:pcrtFJ1mxd5cGS,statistique,aat:300026924,statistics,statistique,statistics,skos:exactMatch,exactMatch,semapv:UnspecifiedMatching,0.513672,0.513672,0.761905,0.905455,0.761905,0.761905,0.761905,0.905455,0.761905,0.761905
ads_mda_obj_aat.sssom.tsv,fish_obj:/concepts/100095,POLLEN,aat:300213002,pollen,POLLEN,pollen,skos:exactMatch,exactMatch,semapv:UnspecifiedMatching,0.513672,0.513672,1.000000,1.000000,1.000000,1.000000,1.000000,1.000000,1.000000,1.000000
inrap_pactols_sujets_aat.sssom.tsv,pactols:pcrt28fUXAVb3Z,montagne,aat:300008795,mountains,montagne,mountains,skos:exactMatch,exactMatch,semapv:UnspecifiedMatching,0.513672,0.513672,0.705882,0.844444,0.705882,0.705882,0.705882,0.844444,0.705882,0.705882
dai_aat.sssom.tsv,http://thesauri.dainst.org/_b971daa6,Odeion,aat:300127075,odea,Odeion,odea,skos:exactMatch,exactMatch,semapv:UnspecifiedMatching,0.513184,0.513184,0.600000,0.825000,0.600000,0.600000,0.600000,0.825000,0.600000,0.600000
inrap_pactols_sujets_aat.sssom.tsv,pactols:pcrtZhnbHzuSzG,objet,aat:300311889,objects,objet,objects,skos:exactMatch,exactMatch,semapv:UnspecifiedMatching,0.512695,0.512695,0.833333,0.942857,0.833333,0.833333,0.833333,0.942857,0.833333,0.833333
ads_mda_obj_aat.sssom.tsv,fish_obj:/concepts/97653,VESSEL,aat:300193015,vessels (containers),VESSEL,vessels,skos:closeMatch,closeMatch,semapv:UnspecifiedMatching,0.512695,0.707031,0.461538,0.860000,0.461538,0.461538,0.923077,0.971429,0.923077,0.923077
inrap_pactols_sujets_aat.sssom.tsv,pactols:pcrtf0jhaoDXkJ,ossements humains,aat:300191781,skeleton components (animal components),ossements humains,skeleton components,skos:closeMatch,closeMatch,semapv:UnspecifiedMatching,0.512207,0.534668,0.428571,0.571141,0.392857,0.392857,0.444444,0.604850,0.444444,0.444444
ads_eh_com_aat.sssom.tsv,fish_com:/concepts/138038,ORIEL WINDOW,aat:300002954,oriel windows,ORIEL WINDOW,oriel windows,skos:exactMatch,exactMatch,semapv:UnspecifiedMatching,0.511719,0.511719,0.960000,0.984615,0.960000,0.960000,0.960000,0.984615,0.960000,0.960000
inrap_pactols_sujets_aat.sssom.tsv,pactols:pcrtubcbbalocA,vie financière,aat:300055715,finance,vie financière,finance,skos:closeMatch,closeMatch,semapv:UnspecifiedMatching,0.510742,0.510742,0.666667,0.690476,0.666667,0.666667,0.666667,0.690476,0.666667,0.666667
inrap_pactols_sujets_aat.sssom.tsv,pactols:pcrtIlQ85rFA17,columbarium,aat:300000370,columbaria (cemeteries),columbarium,columbaria,skos:exactMatch,exactMatch,semapv:UnspecifiedMatching,0.510254,0.839355,0.588235,0.868775,0.529412,0.529412,0.857143,0.943636,0.857143,0.857143
inrap_pactols_sujets_aat.sssom.tsv,pactols:pcrtdgALrHBSlv,silo,aat:300005024,silos (agricultural structures),silo,silos,skos:exactMatch,exactMatch,semapv:UnspecifiedMatching,0.510254,0.823730,0.228571,0.825806,0.228571,0.228571,0.888889,0.960000,0.888889,0.888889
inrap_pactols_sujets_aat.sssom.tsv,pactols:pcrtymoUAauQMy,chronologie,aat:300056104,chronology (discipline),chronologie,chronology,skos:exactMatch,exactMatch,semapv:UnspecifiedMatching,0.509766,0.911133,0.647059,0.868775,0.529412,0.529412,0.857143,0.943636,0.857143,0.857143
dai_aat.sssom.tsv,http://thesauri.dainst.org/_2892ea94,Distrikt,aat:300000705,districts,Distrikt,districts,skos:exactMatch,exactMatch,semapv:UnspecifiedMatching,0.508789,0.508789,0.823529,0.930556,0.823529,0.823529,0.823529,0.930556,0.823529,0.823529
inrap_pactols_sujets_aat.sssom.tsv,pactols:pcrtVNiJ6JaW7U,archéologie industrielle,aat:300054333,industrial archaeology,archéologie industrielle,industrial archaeology,skos:exactMatch,exactMatch,semapv:UnspecifiedMatching,0.508789,0.508789,0.434783,0.570707,0.782609,0.782609,0.434783,0.570707,0.782609,0.782609
inrap_pactols_sujets_aat.sssom.tsv,pactols:pcrtxMLnhaMAsQ,bateau,aat:300178749,boats,bateau,boats,skos:exactMatch,exactMatch,semapv:UnspecifiedMatching,0.508301,0.508301,0.545455,0.730000,0.545455,0.545455,0.545455,0.730000,0.545455,0.545455
ads_eh_tmc_aat.sssom.tsv,fish_tmc:/concepts/100322,DREDGER,aat:300232872,dredgers (watercraft),DREDGER,dredgers,skos:exactMatch,exactMatch,semapv:UnspecifiedMatching,0.505371,0.767090,0.500000,0.866667,0.500000,0.500000,0.933333,0.975000,0.933333,0.933333
ads_mda_obj_aat.sssom.tsv,fish_obj:/concepts/142984,SEEDS,aat:300400469,seeds (plant components),SEEDS,seeds,skos:closeMatch,closeMatch,semapv:UnspecifiedMatching,0.505371,0.676270,0.344828,0.841667,0.344828,1.000000,1.000000,1.000000,1.000000,1.000000
ads_eh_tmt2_aat.sssom.tsv,fish_tmt2:/concepts/70351,DITCH,aat:300006178,ditches,DITCH,ditches,skos:exactMatch,exactMatch,semapv:UnspecifiedMatching,0.505371,0.505371,0.833333,0.942857,0.833333,0.833333,0.833333,0.942857,0.833333,0.833333
inrap_pactols_sujets_aat.sssom.tsv,pactols:pcrtTsFUpot5O5,chimie,aat:300054537,chemistry,chimie,chemistry,skos:exactMatch,exactMatch,semapv:UnspecifiedMatching,0.504883,0.504883,0.533333,0.783704,0.533333,0.533333,0.533333,0.783704,0.533333,0.533333
ads_eh_tmt2_aat.sssom.tsv,fish_tmt2:/concepts/70833,HOMESTEAD,aat:300000291,homesteads,HOMESTEAD,homesteads,skos:closeMatch,closeMatch,semapv:UnspecifiedMatching,0.504395,0.504395,0.947368,0.980000,0.947368,0.947368,0.947368,0.980000,0.947368,0.947368
ads_eh_tmt2_aat.sssom.tsv,fish_tmt2:/concepts/91126,BANK (EARTHWORK),aat:300008020,earthworks (engineering works),BANK,earthworks,skos:closeMatch,closeMatch,semapv:UnspecifiedMatching,0.500977,-0.010323,0.478261,0.637698,0.521739,0.521739,0.285714,0.450000,0.285714,0.285714
inrap_pactols_sujets_aat.sssom.tsv,pactols:pcrtybZfQyGGDM,religion,aat:300073708,"religions (belief systems, cultures)",religion,religions,skos:exactMatch,exactMatch,semapv:UnspecifiedMatching,0.500488,0.777832,0.363636,0.844444,0.363636,0.363636,0.941176,0.977778,0.941176,0.941176
inrap_pactols_sujets_aat.sssom.tsv,pactols:pcrtxS1kGjQJiw,calvaire,aat:300010047,Calvary crosses,calvaire,Calvary crosses,skos:exactMatch,exactMatch,semapv:UnspecifiedMatching,0.500000,0.500000,0.608696,0.868333,0.608696,0.608696,0.608696,0.868333,0.608696,0.608696
inrap_pactols_sujets_aat.sssom.tsv,pactols:pcrtxaAvFeoE3Z,ossements animaux,aat:300191781,skeleton components (animal components),ossements animaux,skeleton components,skos:closeMatch,closeMatch,semapv:UnspecifiedMatching,0.499268,0.434326,0.464286,0.608454,0.464286,0.464286,0.388889,0.556588,0.388889,0.388889
inrap_pactols_sujets_aat.sssom.tsv,pactols:pcrtRXhdi4O5ST,conservation- restauration,aat:300054238,conservation (discipline),conservation- restauration,conservation,skos:closeMatch,closeMatch,semapv:UnspecifiedMatching,0.498779,0.737793,0.627451,0.855005,0.470588,0.470588,0.631579,0.892308,0.631579,0.631579
ads_mda_obj_aat.sssom.tsv,fish_obj:/concepts/95488,JEWS HARP,aat:300042576,Jew's harps,JEWS HARP,Jew's harps,skos:exactMatch,exactMatch,semapv:UnspecifiedMatching,0.498779,0.498779,0.900000,0.957576,0.900000,0.900000,0.900000,0.957576,0.900000,0.900000
dai_aat.sssom.tsv,http://thesauri.dainst.org/_85e43cae,Codex,aat:300224200,codices,Codex,codices,skos:exactMatch,exactMatch,semapv:UnspecifiedMatching,0.498535,0.498535,0.666667,0.853333,0.666667,0.666667,0.666667,0.853333,0.666667,0.666667
dai_aat.sssom.tsv,http://thesauri.dainst.org/_677268f5,Straße,aat:300008247,streets,Straße,streets,skos:exactMatch,exactMatch,semapv:UnspecifiedMatching,0.498047,0.498047,0.615385,0.822222,0.615385,0.615385,0.615385,0.822222,0.615385,0.615385
inrap_pactols_sujets_aat.sssom.tsv,pactols:pcrtLnUS9cADfI,scie,aat:300024671,saws,scie,saws,skos:exactMatch,exactMatch,semapv:UnspecifiedMatching,0.497559,0.497559,0.250000,0.500000,0.250000,0.250000,0.250000,0.500000,0.250000,0.250000
inrap_pactols_sujets_aat.sssom.tsv,pactols:pcrtFPA0Zqg3Yz,motif décoratif,aat:300009700,motifs,motif décoratif,motifs,skos:exactMatch,exactMatch,semapv:UnspecifiedMatching,0.497559,0.497559,0.476190,0.833333,0.476190,0.476190,0.476190,0.833333,0.476190,0.476190
ads_eh_tmt2_aat.sssom.tsv,fish_tmt2:/concepts/70976,INFIRMARY,aat:300006706,infirmaries,INFIRMARY,infirmaries,skos:exactMatch,exactMatch,semapv:UnspecifiedMatching,0.495361,0.495361,0.800000,0.923232,0.800000,0.800000,0.800000,0.923232,0.800000,0.800000
inrap_pactols_sujets_aat.sssom.tsv,pactols:pcrtIMLF0zrBUu,territoire,aat:300135982,territories,territoire,territories,skos:exactMatch,exactMatch,semapv:UnspecifiedMatching,0.495361,0.495361,0.857143,0.961818,0.857143,0.857143,0.857143,0.961818,0.857143,0.857143
ads_mda_obj_aat.sssom.tsv,fish_obj:/concepts/95471,FISH HOOK,aat:300024418,fishhooks,FISH HOOK,fishhooks,skos:exactMatch,exactMatch,semapv:UnspecifiedMatching,0.495361,0.495361,0.888889,0.955556,0.888889,0.888889,0.888889,0.955556,0.888889,0.888889
inrap_pactols_sujets_aat.sssom.tsv,pactols:pcrtGqf4ieHiSY,paléontologie humaine,aat:300054326,paleoanthropology,paléontologie humaine,paleoanthropology,skos:closeMatch,closeMatch,semapv:UnspecifiedMatching,0.494385,0.494385,0.526316,0.647993,0.526316,0.526316,0.526316,0.647993,0.526316,0.526316
inrap_pactols_sujets_aat.sssom.tsv,pactols:pcrtSR6GJ72lOD,fenêtre,aat:300002944,windows,fenêtre,windows,skos:exactMatch,exactMatch,semapv:UnspecifiedMatching,0.493408,0.493408,0.142857,0.428571,0.142857,0.142857,0.142857,0.428571,0.142857,0.142857
inrap_pactols_sujets_aat.sssom.tsv,pactols:pcrtL1em6pzVhS,bronzier,aat:300025316,bronzeworkers,bronzier,bronzeworkers,skos:exactMatch,exactMatch,semapv:UnspecifiedMatching,0.490967,0.490967,0.666667,0.882692,0.666667,0.666667,0.666667,0.882692,0.666667,0.666667
inrap_pactols_sujets_aat.sssom.tsv,pactols:pcrtPEGVkSl8Hk,porcelaine,aat:300386874,porcelain (visual works),porcelaine,porcelain,skos:exactMatch,exactMatch,semapv:UnspecifiedMatching,0.490479,0.872070,0.529412,0.855000,0.529412,0.529412,0.947368,0.980000,0.947368,0.947368
inrap_pactols_sujets_aat.sssom.tsv,pactols:pcrthVHcfmv1xQ,femme,aat:300025943,women (female humans),femme,women,skos:exactMatch,exactMatch,semapv:UnspecifiedMatching,0.490479,0.693359,0.307692,0.612698,0.384615,0.384615,0.400000,0.600000,0.400000,0.400000
inrap_pactols_sujets_aat.sssom.tsv,pactols:pcrtBOi4SRNxSG,corderie,aat:300006259,roperies,corderie,roperies,skos:exactMatch,exactMatch,semapv:UnspecifiedMatching,0.489990,0.489990,0.625000,0.777778,0.625000,0.625000,0.625000,0.777778,0.625000,0.625000
inrap_pactols_sujets_aat.sssom.tsv,pactols:pcrtGuSnDZ85Ta,table,aat:300039548,tables (support furniture),table,tables,skos:exactMatch,exactMatch,semapv:UnspecifiedMatching,0.489258,0.782715,0.322581,0.838462,0.322581,0.322581,0.909091,0.966667,0.909091,0.909091
ads_mda_obj_aat.sssom.tsv,fish_obj:/concepts/96520,CORK,aat:300203448,corks (stoppers),CORK,corks,skos:exactMatch,exactMatch,semapv:UnspecifiedMatching,0.489258,0.737793,0.400000,0.850000,0.400000,0.400000,0.888889,0.960000,0.888889,0.888889
inrap_pactols_sujets_aat.sssom.tsv,pactols:pcrte3arlcUhzY,cervidé,aat:300250308,Cervidae (family),cervidé,Cervidae,skos:exactMatch,exactMatch,semapv:UnspecifiedMatching,0.488525,0.753906,0.500000,0.842017,0.500000,0.500000,0.800000,0.921429,0.800000,0.800000
ads_eh_tmt2_aat.sssom.tsv,fish_tmt2:/concepts/97280,DESERTED SETTLEMENT,aat:300167671,deserted settlements,DESERTED SETTLEMENT,deserted settlements,skos:closeMatch,closeMatch,semapv:UnspecifiedMatching,0.486816,0.486816,0.974359,0.990000,0.974359,0.974359,0.974359,0.990000,0.974359,0.974359
dai_aat.sssom.tsv,http://thesauri.dainst.org/_f6674384,private Ausstattung,aat:300056387,privacy,private Ausstattung,privacy,skos:closeMatch,closeMatch,semapv:UnspecifiedMatching,0.486572,0.486572,0.384615,0.659148,0.384615,0.384615,0.384615,0.659148,0.384615,0.384615
dai_aat.sssom.tsv,http://thesauri.dainst.org/_2701,Künstler,aat:300025103,artists (visual artists),Künstler,artists,skos:exactMatch,exactMatch,semapv:UnspecifiedMatching,0.485596,0.658203,0.250000,0.472222,0.187500,0.187500,0.266667,0.345238,0.266667,0.266667
dai_aat.sssom.tsv,http://thesauri.dainst.org/_d0339afd,Metallverarbeitun g,aat:300169784,metalworking plants,Metallverarbeitun g,metalworking plants,skos:closeMatch,closeMatch,semapv:UnspecifiedMatching,0.485107,0.485107,0.473684,0.671053,0.421053,0.421053,0.473684,0.671053,0.421053,0.421053
ads_eh_tmt2_aat.sssom.tsv,fish_tmt2:/concepts/69180,BLOOMERY,aat:300379639,bloomeries,BLOOMERY,bloomeries,skos:exactMatch,exactMatch,semapv:UnspecifiedMatching,0.485107,0.485107,0.777778,0.915000,0.777778,0.777778,0.777778,0.915000,0.777778,0.777778
inrap_pactols_sujets_aat.sssom.tsv,pactols:pcrtBThnmzqTT1,analyse fonctionnelle,aat:300380275,functional analysis,analyse fonctionnelle,functional analysis,skos:exactMatch,exactMatch,semapv:UnspecifiedMatching,0.484863,0.484863,0.450000,0.639548,0.750000,0.750000,0.450000,0.639548,0.750000,0.750000
ads_eh_tmt2_aat.sssom.tsv,fish_tmt2:/concepts/71798,ARMY CAMP,aat:300164117,army camps,ARMY CAMP,army camps,skos:exactMatch,exactMatch,semapv:UnspecifiedMatching,0.483887,0.483887,0.947368,0.980000,0.947368,0.947368,0.947368,0.980000,0.947368,0.947368
inrap_pactols_sujets_aat.sssom.tsv,pactols:pcrtvzUoe0N6qk,potier,aat:300025414,potters,potier,potters,skos:exactMatch,exactMatch,semapv:UnspecifiedMatching,0.483398,0.483398,0.769231,0.894444,0.769231,0.769231,0.769231,0.894444,0.769231,0.769231
ads_eh_tmt2_aat.sssom.tsv,fish_tmt2:/concepts/70109,MONUMENTAL MOUND,aat:300386964,ceremonial mounds,MONUMENTAL MOUND,ceremonial mounds,skos:closeMatch,closeMatch,semapv:UnspecifiedMatching,0.483398,0.483398,0.666667,0.707516,0.666667,0.666667,0.666667,0.707516,0.666667,0.666667
ads_eh_tmt2_aat.sssom.tsv,fish_tmt2:/concepts/69591,BENCH,aat:300038494,benches (furniture),BENCH,benches,skos:exactMatch,exactMatch,semapv:UnspecifiedMatching,0.483398,0.778320,0.416667,0.852632,0.416667,0.416667,0.833333,0.942857,0.833333,0.833333
ads_eh_tmt2_aat.sssom.tsv,fish_tmt2:/concepts/69130,MALTINGS,aat:300004950,malthouses,MALTINGS,malthouses,skos:closeMatch,closeMatch,semapv:UnspecifiedMatching,0.482910,0.482910,0.555556,0.825000,0.555556,0.555556,0.555556,0.825000,0.555556,0.555556
inrap_pactols_sujets_aat.sssom.tsv,pactols:pcrtwS8B9AqhuJ,polissage,aat:300053867,polishing,polissage,polishing,skos:exactMatch,exactMatch,semapv:UnspecifiedMatching,0.481934,0.481934,0.666667,0.866667,0.666667,0.666667,0.666667,0.866667,0.666667,0.666667
dai_aat.sssom.tsv,http://thesauri.dainst.org/_330b6e2e,Bouleuterion,aat:300006015,bouleuteria,Bouleuterion,bouleuteria,skos:exactMatch,exactMatch,semapv:UnspecifiedMatching,0.478271,0.478271,0.869565,0.948485,0.869565,0.869565,0.869565,0.948485,0.869565,0.869565
inrap_pactols_sujets_aat.sssom.tsv,pactols:pcrt7mTLggtbHJ,bracelet,aat:300045991,bracelets (jewelry),bracelet,bracelets,skos:exactMatch,exactMatch,semapv:UnspecifiedMatching,0.477783,0.791504,0.592593,0.884211,0.592593,0.592593,0.941176,0.977778,0.941176,0.941176
dai_aat.sssom.tsv,http://thesauri.dainst.org/_691bba9c,Thermen,aat:300007364,thermae,Thermen,thermae,skos:closeMatch,closeMatch,semapv:UnspecifiedMatching,0.477295,0.477295,0.857143,0.942857,0.857143,0.857143,0.857143,0.942857,0.857143,0.857143
dai_aat.sssom.tsv,http://thesauri.dainst.org/_691bba9c,Thermen,aat:300007364,thermae,Thermen,thermae,skos:exactMatch,exactMatch,semapv:UnspecifiedMatching,0.477295,0.477295,0.857143,0.942857,0.857143,0.857143,0.857143,0.942857,0.857143,0.857143
dai_aat.sssom.tsv,http://thesauri.dainst.org/_2777,Mithräum,aat:300007567,mithraea,Mithräum,mithraea,skos:exactMatch,exactMatch,semapv:UnspecifiedMatching,0.477051,0.477051,0.625000,0.850000,0.625000,0.625000,0.625000,0.850000,0.625000,0.625000
inrap_pactols_sujets_aat.sssom.tsv,pactols:pcrtug0BSh8Km8,cloître,aat:300007423,cloisters,cloître,cloisters,skos:exactMatch,exactMatch,semapv:UnspecifiedMatching,0.477051,0.477051,0.625000,0.850000,0.625000,0.625000,0.625000,0.850000,0.625000,0.625000
inrap_pactols_sujets_aat.sssom.tsv,pactols:pcrtse6crobZf3,archéologie urbaine,aat:300379542,urban archaeology,archéologie urbaine,urban archaeology,skos:exactMatch,exactMatch,semapv:UnspecifiedMatching,0.476318,0.476318,0.444444,0.612487,0.777778,0.777778,0.444444,0.612487,0.777778,0.777778
ads_eh_tmt2_aat.sssom.tsv,fish_tmt2:/concepts/70203,HOLY WELL,aat:300007638,holy wells,HOLY WELL,holy wells,skos:exactMatch,exactMatch,semapv:UnspecifiedMatching,0.476074,0.476074,0.947368,0.980000,0.947368,0.947368,0.947368,0.980000,0.947368,0.947368
inrap_pactols_sujets_aat.sssom.tsv,pactols:pcrtKJVpuP3AET,architecture,aat:300054156,architecture (discipline),architecture,architecture,skos:exactMatch,exactMatch,semapv:UnspecifiedMatching,0.475586,1.000000,0.648649,0.896000,0.648649,1.000000,1.000000,1.000000,1.000000,1.000000
inrap_pactols_sujets_aat.sssom.tsv,pactols:pcrtlhRBmey0WK,bovidé,aat:300310440,Bovidae (family),bovidé,Bovidae,skos:exactMatch,exactMatch,semapv:UnspecifiedMatching,0.475586,0.762207,0.454545,0.829167,0.454545,0.454545,0.769231,0.909524,0.769231,0.769231
inrap_pactols_sujets_aat.sssom.tsv,pactols:pcrtwh5icnwutJ,port maritime,aat:300387511,seaports,port maritime,seaports,skos:exactMatch,exactMatch,semapv:UnspecifiedMatching,0.474854,0.474854,0.380952,0.536538,0.476190,0.476190,0.380952,0.536538,0.476190,0.476190
dai_aat.sssom.tsv,http://thesauri.dainst.org/_97918e93,Karawanserei,aat:300007148,caravanserais,Karawanserei,caravanserais,skos:exactMatch,exactMatch,semapv:UnspecifiedMatching,0.474854,0.474854,0.720000,0.814103,0.720000,0.720000,0.720000,0.814103,0.720000,0.720000
inrap_pactols_sujets_aat.sssom.tsv,pactols:pcrtbza1yQv2Rr,édifice funéraire,aat:300005866,funerary buildings,édifice funéraire,funerary buildings,skos:exactMatch,exactMatch,semapv:UnspecifiedMatching,0.474365,0.474365,0.342857,0.565359,0.342857,0.342857,0.342857,0.565359,0.342857,0.342857
inrap_pactols_sujets_aat.sssom.tsv,pactols:pcrtET0l280TUS,art rupestre,aat:300184090,rock art,art rupestre,rock art,skos:exactMatch,exactMatch,semapv:UnspecifiedMatching,0.474121,0.474121,0.400000,0.547222,0.500000,0.545455,0.400000,0.547222,0.500000,0.545455
inrap_pactols_sujets_aat.sssom.tsv,pactols:pcrtbNUNRnBldV,Dominicains,aat:300148084,Dominican (monastic order),Dominicains,Dominican,skos:exactMatch,exactMatch,semapv:UnspecifiedMatching,0.474121,0.639648,0.540541,0.866434,0.486486,0.486486,0.900000,0.963636,0.900000,0.900000
inrap_pactols_sujets_aat.sssom.tsv,pactols:pcrt5vXubUfqPO,sigillée italique,aat:300301418,Italic terra sigillata,sigillée italique,Italic terra sigillata,skos:exactMatch,exactMatch,semapv:UnspecifiedMatching,0.473877,0.473877,0.410256,0.547594,0.666667,0.666667,0.410256,0.547594,0.666667,0.666667
inrap_pactols_sujets_aat.sssom.tsv,pactols:pcrtqw7yj7Uiav,érosion,aat:300054116,erosion,érosion,erosion,skos:exactMatch,exactMatch,semapv:UnspecifiedMatching,0.473633,0.473633,0.857143,0.904762,0.857143,0.857143,0.857143,0.904762,0.857143,0.857143
dai_aat.sssom.tsv,http://thesauri.dainst.org/_518d6936,Kaiserfamilie,aat:300055474,families,Kaiserfamilie,families,skos:closeMatch,closeMatch,semapv:UnspecifiedMatching,0.473633,0.473633,0.666667,0.603205,0.666667,0.666667,0.666667,0.603205,0.666667,0.666667
inrap_pactols_sujets_aat.sssom.tsv,pactols:pcrtWJqx3qlw07,cours d'eau,aat:300387091,watercourses,cours d'eau,watercourses,skos:exactMatch,exactMatch,semapv:UnspecifiedMatching,0.471436,0.471436,0.521739,0.515152,0.521739,0.521739,0.521739,0.515152,0.521739,0.521739
ads_mda_obj_aat.sssom.tsv,fish_obj:/concepts/96485,BORER,aat:300389694,borers (tools),BORER,borers,skos:closeMatch,closeMatch,semapv:UnspecifiedMatching,0.471436,0.707031,0.526316,0.871429,0.526316,0.526316,0.909091,0.966667,0.909091,0.909091
ads_eh_tmc_aat.sssom.tsv,fish_tmc:/concepts/100455,SHIP OF THE LINE,aat:300233561,ships of the line,SHIP OF THE LINE,ships of the line,skos:exactMatch,exactMatch,semapv:UnspecifiedMatching,0.470947,0.470947,0.969697,0.988235,0.969697,0.969697,0.969697,0.988235,0.969697,0.969697
ads_eh_tmt2_aat.sssom.tsv,fish_tmt2:/concepts/68925,BURNT MOUND,aat:300375754,burnt mounds,BURNT MOUND,burnt mounds,skos:exactMatch,exactMatch,semapv:UnspecifiedMatching,0.470703,0.470703,0.956522,0.983333,0.956522,0.956522,0.956522,0.983333,0.956522,0.956522
ads_eh_tmt2_aat.sssom.tsv,fish_tmt2:/concepts/68580,Corn Drier,aat:300209521,corn dryers,Corn Drier,corn dryers,skos:closeMatch,closeMatch,semapv:UnspecifiedMatching,0.469971,0.469971,0.857143,0.943636,0.857143,0.857143,0.857143,0.943636,0.857143,0.857143
dai_aat.sssom.tsv,http://thesauri.dainst.org/_b9994efb,Hotel,aat:300007166,hotels (public accommodations),Hotel,hotels,skos:exactMatch,exactMatch,semapv:UnspecifiedMatching,0.469727,0.854980,0.285714,0.833333,0.285714,0.285714,0.909091,0.966667,0.909091,0.909091
inrap_pactols_sujets_aat.sssom.tsv,pactols:pcrt4GtjAItlOn,charbon de bois,aat:300012864,wood charcoal,charbon de bois,wood charcoal,skos:exactMatch,exactMatch,semapv:UnspecifiedMatching,0.469727,0.469727,0.357143,0.591239,0.500000,0.500000,0.357143,0.591239,0.500000,0.500000
ads_eh_tmt2_aat.sssom.tsv,fish_tmt2:/concepts/70000,BARROW,aat:300391494,barrows,BARROW,barrows,skos:exactMatch,exactMatch,semapv:UnspecifiedMatching,0.469727,0.469727,0.923077,0.971429,0.923077,0.923077,0.923077,0.971429,0.923077,0.923077
dai_aat.sssom.tsv,http://thesauri.dainst.org/_2811,Amphitheater,aat:300007128,amphitheaters (built works),Amphitheater,amphitheaters,skos:exactMatch,exactMatch,semapv:UnspecifiedMatching,0.469727,0.856934,0.615385,0.888889,0.615385,0.615385,0.960000,0.984615,0.960000,0.960000
ads_eh_tmt2_aat.sssom.tsv,fish_tmt2:/concepts/69265,LEAD MINE,aat:300343378,lead mines,LEAD MINE,lead mines,skos:exactMatch,exactMatch,semapv:UnspecifiedMatching,0.469238,0.469238,0.947368,0.980000,0.947368,0.947368,0.947368,0.980000,0.947368,0.947368
inrap_pactols_sujets_aat.sssom.tsv,pactols:pcrtwRi2ji9ZSA,inventaire,aat:300027045,inventories,inventaire,inventories,skos:exactMatch,exactMatch,semapv:UnspecifiedMatching,0.467041,0.467041,0.761905,0.921414,0.761905,0.761905,0.761905,0.921414,0.761905,0.761905
inrap_pactols_sujets_aat.sssom.tsv,pactols:pcrt6d15xRmV8x,électrum,aat:300010965,electrum,électrum,electrum,skos:exactMatch,exactMatch,semapv:UnspecifiedMatching,0.466797,0.466797,0.875000,0.869048,0.875000,0.875000,0.875000,0.869048,0.875000,0.875000
ads_mda_obj_aat.sssom.tsv,fish_obj:/concepts/95897,AMPULLA,aat:300198899,ampullae,AMPULLA,ampullae,skos:exactMatch,exactMatch,semapv:UnspecifiedMatching,0.465820,0.465820,0.933333,0.975000,0.933333,0.933333,0.933333,0.975000,0.933333,0.933333
ads_eh_tmt2_aat.sssom.tsv,fish_tmt2:/concepts/70208,AIRCRAFT,aat:300212527,aircraft,AIRCRAFT,aircraft,skos:closeMatch,closeMatch,semapv:UnspecifiedMatching,0.464844,0.464844,1.000000,1.000000,1.000000,1.000000,1.000000,1.000000,1.000000,1.000000
inrap_pactols_sujets_aat.sssom.tsv,pactols:pcrtUdAqTSVpc7,travail du bois,aat:300054083,woodworking,travail du bois,woodworking,skos:exactMatch,exactMatch,semapv:UnspecifiedMatching,0.464600,0.464600,0.230769,0.379798,0.307692,0.307692,0.230769,0.379798,0.307692,0.307692
inrap_pactols_sujets_aat.sssom.tsv,pactols:pcrtpHtvTOh6g6,importation,aat:300252720,imports,importation,imports,skos:exactMatch,exactMatch,semapv:UnspecifiedMatching,0.464600,0.464600,0.666667,0.880519,0.666667,0.666667,0.666667,0.880519,0.666667,0.666667
inrap_pactols_sujets_aat.sssom.tsv,pactols:pcrtZpkoQ0bXdY,paléontologie des invertébrés,aat:300054555,paleontology,paléontologie des invertébrés,paleontology,skos:closeMatch,closeMatch,semapv:UnspecifiedMatching,0.464111,0.464111,0.487805,0.644114,0.487805,0.487805,0.487805,0.644114,0.487805,0.487805
ads_eh_tmt2_aat.sssom.tsv,fish_tmt2:/concepts/70374,HEARTH,aat:300003990,hearths,HEARTH,hearths,skos:closeMatch,closeMatch,semapv:UnspecifiedMatching,0.463623,0.463623,0.923077,0.971429,0.923077,0.923077,0.923077,0.971429,0.923077,0.923077
ads_mda_obj_aat.sssom.tsv,fish_obj:/concepts/97050,POTTERS WHEEL,aat:300022820,potter's wheels,POTTERS WHEEL,potter's wheels,skos:exactMatch,exactMatch,semapv:UnspecifiedMatching,0.463135,0.463135,0.928571,0.973333,0.928571,0.928571,0.928571,0.973333,0.928571,0.928571
inrap_pactols_sujets_aat.sssom.tsv,pactols:pcrtFoJLRZxYE7,enclos sacré,aat:300400518,sacred space,enclos sacré,sacred space,skos:exactMatch,exactMatch,semapv:UnspecifiedMatching,0.461914,0.461914,0.416667,0.674603,0.416667,0.416667,0.416667,0.674603,0.416667,0.416667
inrap_pactols_sujets_aat.sssom.tsv,pactols:pcrtrKe2HqRZl4,récipient (typologie),aat:300193015,vessels (containers),récipient,vessels,skos:closeMatch,closeMatch,semapv:UnspecifiedMatching,0.461914,-0.049652,0.341463,0.525397,0.341463,0.341463,0.125000,0.417989,0.125000,0.125000
inrap_pactols_sujets_aat.sssom.tsv,pactols:pcrtAIrNT67ovS,soubassement,aat:300001955,substructures,soubassement,substructures,skos:exactMatch,exactMatch,semapv:UnspecifiedMatching,0.461182,0.461182,0.400000,0.598291,0.400000,0.400000,0.400000,0.598291,0.400000,0.400000
inrap_pactols_sujets_aat.sssom.tsv,pactols:pcrt2f8QaSD6TS,immeuble,aat:300005707,apartment houses,immeuble,apartment houses,skos:exactMatch,exactMatch,semapv:UnspecifiedMatching,0.460693,0.460693,0.333333,0.520833,0.333333,0.333333,0.333333,0.520833,0.333333,0.333333
inrap_pactols_sujets_aat.sssom.tsv,pactols:pcrtAWMnNe4Z2N,cuisine,aat:300200422,cooking and heating devices,cuisine,cooking and heating devices,skos:closeMatch,closeMatch,semapv:UnspecifiedMatching,0.460693,0.460693,0.294118,0.566490,0.294118,0.294118,0.294118,0.566490,0.294118,0.294118
inrap_pactols_sujets_aat.sssom.tsv,pactols:pcrtLRidhSkMsE,sigillée sud-gauloise,aat:300301427,south Gallic terra sigillata,sigillée sud-gauloise,south Gallic terra sigillata,skos:exactMatch,exactMatch,semapv:UnspecifiedMatching,0.460205,0.460205,0.367347,0.540598,0.408163,0.408163,0.367347,0.540598,0.408163,0.408163
inrap_pactols_sujets_aat.sssom.tsv,pactols:pcrtjU6tklpIsW,arboriculture,aat:300179397,silviculture,arboriculture,silviculture,skos:exactMatch,exactMatch,semapv:UnspecifiedMatching,0.459961,0.459961,0.640000,0.760684,0.640000,0.640000,0.640000,0.760684,0.640000,0.640000
ads_mda_obj_aat.sssom.tsv,fish_obj:/concepts/95221,SWORD,aat:300037048,swords,SWORD,swords,skos:exactMatch,exactMatch,semapv:UnspecifiedMatching,0.459717,0.459717,0.909091,0.966667,0.909091,0.909091,0.909091,0.966667,0.909091,0.909091
inrap_pactols_sujets_aat.sssom.tsv,pactols:pcrtiZVgpwZxxt,spatule,aat:300193195,spatulas (artists' tools),spatule,spatulas,skos:closeMatch,closeMatch,semapv:UnspecifiedMatching,0.458984,0.737793,0.375000,0.699048,0.375000,0.375000,0.800000,0.921429,0.800000,0.800000
inrap_pactols_sujets_aat.sssom.tsv,pactols:pcrt5BkWfWHwDc,industrie,aat:300055718,industry (economic concept),industrie,industry,skos:exactMatch,exactMatch,semapv:UnspecifiedMatching,0.458740,0.893066,0.500000,0.844444,0.388889,0.388889,0.823529,0.930556,0.823529,0.823529
ads_mda_obj_aat.sssom.tsv,fish_obj:/concepts/96011,Window Lead,aat:300121827,leaded lights,Window Lead,leaded lights,skos:closeMatch,closeMatch,semapv:UnspecifiedMatching,0.458496,0.458496,0.333333,0.479720,0.500000,0.500000,0.333333,0.479720,0.500000,0.500000
inrap_pactols_sujets_aat.sssom.tsv,pactols:pcrt4otVkR3bqD,porte,aat:300002803,doors,porte,doors,skos:exactMatch,exactMatch,semapv:UnspecifiedMatching,0.458008,0.458008,0.400000,0.600000,0.400000,0.400000,0.400000,0.600000,0.400000,0.400000
ads_eh_tmt2_aat.sssom.tsv,fish_tmt2:/concepts/70348,CARVING,aat:300047203,carvings (visual works),CARVING,carvings,skos:exactMatch,exactMatch,semapv:UnspecifiedMatching,0.457520,0.514648,0.466667,0.860870,0.466667,0.466667,0.933333,0.975000,0.933333,0.933333
dai_aat.sssom.tsv,http://thesauri.dainst.org/_41bac42c,Mastaba,aat:300005933,mastabas (tombs),Mastaba,mastabas,skos:exactMatch,exactMatch,semapv:UnspecifiedMatching,0.456055,0.808594,0.608696,0.887500,0.608696,0.608696,0.933333,0.975000,0.933333,0.933333
ads_eh_tmt2_aat.sssom.tsv,fish_tmt2:/concepts/91536,COAL MINING SITE,aat:300000396,coal mines,COAL MINING SITE,coal mines,skos:closeMatch,closeMatch,semapv:UnspecifiedMatching,0.455322,0.455322,0.692308,0.905000,0.692308,0.692308,0.692308,0.905000,0.692308,0.692308
inrap_pactols_sujets_aat.sssom.tsv,pactols:pcrtW9bpQtLjsx,art roman,aat:300020768,Romanesque,art roman,Romanesque,skos:exactMatch,exactMatch,semapv:UnspecifiedMatching,0.454834,0.454834,0.526316,0.551852,0.526316,0.526316,0.526316,0.551852,0.526316,0.526316
ads_eh_tmt2_aat.sssom.tsv,fish_tmt2:/concepts/91930,FIELD DRAIN,aat:300052564,drains,FIELD DRAIN,drains,skos:closeMatch,closeMatch,semapv:UnspecifiedMatching,0.454590,0.454590,0.588235,0.338384,0.588235,0.588235,0.588235,0.338384,0.588235,0.588235
ads_eh_tmt2_aat.sssom.tsv,fish_tmt2:/concepts/91680,CRUCK HOUSE,aat:300001846,crucks,CRUCK HOUSE,crucks,skos:closeMatch,closeMatch,semapv:UnspecifiedMatching,0.454346,0.454346,0.705882,0.909091,0.705882,0.705882,0.705882,0.909091,0.705882,0.705882
inrap_pactols_sujets_aat.sssom.tsv,pactols:pcrtF9P4mbuyGk,sanctuaire,aat:300004575,sanctuaries (religious building spaces),sanctuaire,sanctuaries,skos:exactMatch,exactMatch,semapv:UnspecifiedMatching,0.454346,0.685059,0.408163,0.831282,0.367347,0.367347,0.857143,0.961818,0.857143,0.857143
inrap_pactols_sujets_aat.sssom.tsv,pactols:pcrtkfp5SIXXoF,architecture publique,aat:300008059,public buildings (governmental buildings),architecture publique,public buildings,skos:closeMatch,closeMatch,semapv:UnspecifiedMatching,0.453857,0.581543,0.290323,0.526520,0.322581,0.322581,0.324324,0.501984,0.378378,0.378378
inrap_pactols_sujets_aat.sssom.tsv,pactols:pcrt5G8Zu1vuaw,mort violente,aat:300069676,murders,mort violente,murders,skos:closeMatch,closeMatch,semapv:UnspecifiedMatching,0.453125,0.453125,0.300000,0.553114,0.300000,0.300000,0.300000,0.553114,0.300000,0.300000
inrap_pactols_sujets_aat.sssom.tsv,pactols:pcrt6oT1r38cvH,hôpital,aat:300006676,hospitals (buildings for health facility),hôpital,hospitals,skos:exactMatch,exactMatch,semapv:UnspecifiedMatching,0.451660,0.656250,0.250000,0.667828,0.250000,0.250000,0.750000,0.857143,0.750000,0.750000
inrap_pactols_sujets_aat.sssom.tsv,pactols:pcrtu1Srs8qhIX,palestre,aat:300007301,palaestrae,palestre,palaestrae,skos:exactMatch,exactMatch,semapv:UnspecifiedMatching,0.450928,0.450928,0.888889,0.953333,0.888889,0.888889,0.888889,0.953333,0.888889,0.888889
dai_aat.sssom.tsv,http://thesauri.dainst.org/_77a609fb,Priester,aat:300025774,priests,Priester,priests,skos:exactMatch,exactMatch,semapv:UnspecifiedMatching,0.450684,0.450684,0.800000,0.921429,0.800000,0.800000,0.800000,0.921429,0.800000,0.800000
inrap_pactols_sujets_aat.sssom.tsv,pactols:pcrtJxXUPZ76vw,style protoattique,aat:300265031,Proto-Attic,style protoattique,Proto-Attic,skos:exactMatch,exactMatch,semapv:UnspecifiedMatching,0.450684,0.450684,0.620690,0.661616,0.620690,0.620690,0.620690,0.661616,0.620690,0.620690
inrap_pactols_sujets_aat.sssom.tsv,pactols:pcrtvun1g7PPLq,paléographie,aat:300054420,paleography,paléographie,paleography,skos:exactMatch,exactMatch,semapv:UnspecifiedMatching,0.450195,0.450195,0.782609,0.899242,0.782609,0.782609,0.782609,0.899242,0.782609,0.782609
ads_mda_obj_aat.sssom.tsv,fish_obj:/concepts/95686,STIRRUP,aat:300255573,stirrups,STIRRUP,stirrups,skos:exactMatch,exactMatch,semapv:UnspecifiedMatching,0.449707,0.449707,0.933333,0.975000,0.933333,0.933333,0.933333,0.975000,0.933333,0.933333
inrap_pactols_sujets_aat.sssom.tsv,pactols:pcrt4gZUIHTwR0,lanterne,aat:300037647,lanterns (lighting devices),lanterne,lanterns,skos:exactMatch,exactMatch,semapv:UnspecifiedMatching,0.449219,0.676270,0.457143,0.826852,0.400000,0.400000,0.875000,0.950000,0.875000,0.875000
inrap_pactols_sujets_aat.sssom.tsv,pactols:pcrtfxt1vqyxAp,hospice,aat:300007160,hospices (public accomodations),hospice,hospices,skos:exactMatch,exactMatch,semapv:UnspecifiedMatching,0.448486,0.886719,0.368421,0.845161,0.368421,0.368421,0.933333,0.975000,0.933333,0.933333
inrap_pactols_sujets_aat.sssom.tsv,pactols:pcrtUTIawFdJyT,sépulture double,aat:300400606,double burials,sépulture double,double burials,skos:exactMatch,exactMatch,semapv:UnspecifiedMatching,0.448486,0.448486,0.400000,0.607143,0.400000,0.600000,0.400000,0.607143,0.400000,0.600000
inrap_pactols_sujets_aat.sssom.tsv,pactols:pcrtMchkJ5TnEz,chaudron,aat:300196395,cauldrons,chaudron,cauldrons,skos:exactMatch,exactMatch,semapv:UnspecifiedMatching,0.448242,0.448242,0.823529,0.895833,0.823529,0.823529,0.823529,0.895833,0.823529,0.823529
ads_eh_tmt2_aat.sssom.tsv,fish_tmt2:/concepts/69263,IRONSTONE MINE,aat:300000399,iron mines,IRONSTONE MINE,iron mines,skos:closeMatch,closeMatch,semapv:UnspecifiedMatching,0.447998,0.447998,0.750000,0.882857,0.750000,0.750000,0.750000,0.882857,0.750000,0.750000
inrap_pactols_sujets_aat.sssom.tsv,pactols:pcrt6FVY044DB8,publication,aat:300111999,publications (documents),publication,publications,skos:exactMatch,exactMatch,semapv:UnspecifiedMatching,0.447266,0.798828,0.628571,0.891667,0.628571,0.628571,0.956522,0.983333,0.956522,0.956522
inrap_pactols_sujets_aat.sssom.tsv,pactols:pcrtlKNhumKaYq,lampe,aat:300037592,lamps (lighting devices),lampe,lamps,skos:exactMatch,exactMatch,semapv:UnspecifiedMatching,0.447266,0.674316,0.344828,0.655556,0.275862,0.275862,0.800000,0.920000,0.800000,0.800000
inrap_pactols_sujets_aat.sssom.tsv,pactols:pcrtqMJdKI4PHt,biberon,aat:300215505,biberons (drinking vessels),biberon,biberons,skos:exactMatch,exactMatch,semapv:UnspecifiedMatching,0.446777,0.878906,0.411765,0.851852,0.411765,0.411765,0.933333,0.975000,0.933333,0.933333
inrap_pactols_sujets_aat.sssom.tsv,pactols:pcrtBDFoDRAo75,motif végétal,aat:300164599,plant-derived motifs,motif végétal,plant-derived motifs,skos:exactMatch,exactMatch,semapv:UnspecifiedMatching,0.445801,0.445801,0.303030,0.476068,0.424242,0.424242,0.303030,0.476068,0.424242,0.424242
ads_eh_tmt2_aat.sssom.tsv,fish_tmt2:/concepts/70053,CEMETERY,aat:300266755,cemeteries,CEMETERY,cemeteries,skos:exactMatch,exactMatch,semapv:UnspecifiedMatching,0.445557,0.445557,0.777778,0.915000,0.777778,0.777778,0.777778,0.915000,0.777778,0.777778
dai_aat.sssom.tsv,http://thesauri.dainst.org/_2778,Palast,aat:300005734,palaces,Palast,palaces,skos:exactMatch,exactMatch,semapv:UnspecifiedMatching,0.445068,0.445068,0.769231,0.909524,0.769231,0.769231,0.769231,0.909524,0.769231,0.769231
dai_aat.sssom.tsv,http://thesauri.dainst.org/_2778,Palast,aat:300005734,palaces,Palast,palaces,skos:closeMatch,closeMatch,semapv:UnspecifiedMatching,0.445068,0.445068,0.769231,0.909524,0.769231,0.769231,0.769231,0.909524,0.769231,0.769231
ads_mda_obj_aat.sssom.tsv,fish_obj:/concepts/96686,EAR RING,aat:300045998,earrings (jewelry),EAR RING,earrings,skos:exactMatch,exactMatch,semapv:UnspecifiedMatching,0.444092,0.532715,0.538462,0.812037,0.538462,0.538462,0.875000,0.941667,0.875000,0.875000
inrap_pactols_sujets_aat.sssom.tsv,pactols:pcrt97cSBJyoxI,palette à fard,aat:300375707,cosmetic palettes,palette à fard,cosmetic palettes,skos:closeMatch,closeMatch,semapv:UnspecifiedMatching,0.444092,0.444092,0.451613,0.483754,0.516129,0.516129,0.451613,0.483754,0.516129,0.516129
inrap_pactols_sujets_aat.sssom.tsv,pactols:pcrtEbZ8WTILNS,cartographie,aat:300053163,cartography (discipline),cartographie,cartography,skos:exactMatch,exactMatch,semapv:UnspecifiedMatching,0.443848,0.817871,0.666667,0.900000,0.555556,0.555556,0.869565,0.948485,0.869565,0.869565
dai_aat.sssom.tsv,http://thesauri.dainst.org/_08f1839e,Heroon,aat:300005888,heroa,Heroon,heroa,skos:exactMatch,exactMatch,semapv:UnspecifiedMatching,0.443604,0.443604,0.727273,0.893333,0.727273,0.727273,0.727273,0.893333,0.727273,0.727273
inrap_pactols_sujets_aat.sssom.tsv,pactols:pcrtuDWiNoQD59,analyse spatiale,aat:300223990,spatial analysis,analyse spatiale,spatial analysis,skos:exactMatch,exactMatch,semapv:UnspecifiedMatching,0.442871,0.442871,0.437500,0.650000,0.875000,0.875000,0.437500,0.650000,0.875000,0.875000
ads_eh_tmt2_aat.sssom.tsv,fish_tmt2:/concepts/68948,MANOR HOUSE,aat:300005579,manor houses,MANOR HOUSE,manor houses,skos:exactMatch,exactMatch,semapv:UnspecifiedMatching,0.442627,0.442627,0.956522,0.983333,0.956522,0.956522,0.956522,0.983333,0.956522,0.956522
inrap_pactols_sujets_aat.sssom.tsv,pactols:pcrtIdEjFMFAod,bâtiment agricole,aat:300004898,agricultural buildings,bâtiment agricole,agricultural buildings,skos:exactMatch,exactMatch,semapv:UnspecifiedMatching,0.442383,0.442383,0.307692,0.498019,0.512821,0.512821,0.307692,0.498019,0.512821,0.512821
ads_eh_tmt2_aat.sssom.tsv,fish_tmt2:/concepts/91489,CIVIC CENTRE,aat:300000701,civic centres,CIVIC CENTRE,civic centres,skos:exactMatch,exactMatch,semapv:UnspecifiedMatching,0.442139,0.442139,0.960000,0.984615,0.960000,0.960000,0.960000,0.984615,0.960000,0.960000
ads_mda_obj_aat.sssom.tsv,fish_obj:/concepts/96225,HEARTHSTONE,aat:300052342,hearthstones,HEARTHSTONE,hearthstones,skos:exactMatch,exactMatch,semapv:UnspecifiedMatching,0.441650,0.441650,0.956522,0.983333,0.956522,0.956522,0.956522,0.983333,0.956522,0.956522
inrap_pactols_sujets_aat.sssom.tsv,pactols:pcrtaGBUR5Ekx1,maison,aat:300005433,houses,maison,houses,skos:exactMatch,exactMatch,semapv:UnspecifiedMatching,0.440430,0.440430,0.166667,0.444444,0.166667,0.166667,0.166667,0.444444,0.166667,0.166667
ads_eh_tmt2_aat.sssom.tsv,fish_tmt2:/concepts/70071,CIST,aat:300005941,cist graves,CIST,cist graves,skos:exactMatch,exactMatch,semapv:UnspecifiedMatching,0.439941,0.439941,0.533333,0.872727,0.533333,1.000000,0.533333,0.872727,0.533333,1.000000
inrap_pactols_sujets_aat.sssom.tsv,pactols:pcrtIB2ZBVtndn,banquet,aat:300247614,banquets (feasts),banquet,banquets,skos:exactMatch,exactMatch,semapv:UnspecifiedMatching,0.439453,0.871582,0.583333,0.882353,0.583333,0.583333,0.933333,0.975000,0.933333,0.933333
inrap_pactols_sujets_aat.sssom.tsv,pactols:pcrtvsFBSmOKN2,peinture,aat:300054216,painting (image- making),peinture,painting,skos:exactMatch,exactMatch,semapv:UnspecifiedMatching,0.438965,0.870117,0.312500,0.611111,0.250000,0.250000,0.500000,0.666667,0.500000,0.500000
ads_eh_tmt2_aat.sssom.tsv,fish_tmt2:/concepts/87826,MARSHALLING YARD,aat:300000691,marshalling yards,MARSHALLING YARD,marshalling yards,skos:exactMatch,exactMatch,semapv:UnspecifiedMatching,0.437256,0.437256,0.969697,0.988235,0.969697,0.969697,0.969697,0.988235,0.969697,0.969697
inrap_pactols_sujets_aat.sssom.tsv,pactols:pcrt9qyM2vyJd6,scramasaxe,aat:300400650,saxes (edged weapons),scramasaxe,saxes,skos:exactMatch,exactMatch,semapv:UnspecifiedMatching,0.437256,0.545898,0.258065,0.517460,0.258065,0.258065,0.533333,0.633333,0.533333,0.533333
dai_aat.sssom.tsv,http://thesauri.dainst.org/_89a1fc71,integriertes Gebäude,aat:300072553,building divisions,integriertes Gebäude,building divisions,skos:exactMatch,exactMatch,semapv:UnspecifiedMatching,0.436035,0.436035,0.263158,0.436772,0.421053,0.421053,0.263158,0.436772,0.421053,0.421053
ads_mda_obj_aat.sssom.tsv,fish_obj:/concepts/95826,PETROGLYPH,aat:300312034,petroglyphs,PETROGLYPH,petroglyphs,skos:exactMatch,exactMatch,semapv:UnspecifiedMatching,0.435547,0.435547,0.952381,0.981818,0.952381,0.952381,0.952381,0.981818,0.952381,0.952381
inrap_pactols_sujets_aat.sssom.tsv,pactols:pcrtERMm8Q0wYw,chaux,aat:300011736,calcium oxide,chaux,calcium oxide,skos:exactMatch,exactMatch,semapv:UnspecifiedMatching,0.435547,0.435547,0.444444,0.732308,0.444444,0.444444,0.444444,0.732308,0.444444,0.444444
inrap_pactols_sujets_aat.sssom.tsv,pactols:pcrtoz5WZxu4iz,optoluminescence,aat:300266050,optically stimulated luminescence dating,optoluminescence,optically stimulated luminescence dating,skos:exactMatch,exactMatch,semapv:UnspecifiedMatching,0.435303,0.435303,0.535714,0.659722,0.464286,0.464286,0.535714,0.659722,0.464286,0.464286
inrap_pactols_sujets_aat.sssom.tsv,pactols:pcrt55D1AwT1kg,reptile,aat:300265956,Reptilia (class),reptile,Reptilia,skos:exactMatch,exactMatch,semapv:UnspecifiedMatching,0.432861,0.637207,0.521739,0.846429,0.521739,0.521739,0.800000,0.921429,0.800000,0.800000
ads_mda_obj_aat.sssom.tsv,fish_obj:/concepts/96103,PLANK,aat:300012825,planks (wood),PLANK,planks,skos:exactMatch,exactMatch,semapv:UnspecifiedMatching,0.432617,0.714844,0.555556,0.876923,0.555556,0.555556,0.909091,0.966667,0.909091,0.909091
inrap_pactols_sujets_aat.sssom.tsv,pactols:pcrt34NxNXOBYM,bulle,aat:300266223,bullae (seals),bulle,bullae,skos:exactMatch,exactMatch,semapv:UnspecifiedMatching,0.432129,0.722656,0.526316,0.871429,0.526316,0.526316,0.909091,0.966667,0.909091,0.909091
inrap_pactols_sujets_aat.sssom.tsv,pactols:pcrtSPbJxwzVmX,exploitation des données,aat:300379871,data management,exploitation des données,data management,skos:exactMatch,exactMatch,semapv:UnspecifiedMatching,0.431396,0.431396,0.256410,0.497222,0.307692,0.307692,0.256410,0.497222,0.307692,0.307692
inrap_pactols_sujets_aat.sssom.tsv,pactols:pcrtvLkK6N8Qni,tuilerie,aat:300248627,tileries,tuilerie,tileries,skos:exactMatch,exactMatch,semapv:UnspecifiedMatching,0.430664,0.430664,0.875000,0.925000,0.875000,0.875000,0.875000,0.925000,0.875000,0.875000
ads_eh_tmc_aat.sssom.tsv,fish_tmc:/concepts/100490,WARSHIP,aat:300212606,warships,WARSHIP,warships,skos:exactMatch,exactMatch,semapv:UnspecifiedMatching,0.430176,0.430176,0.933333,0.975000,0.933333,0.933333,0.933333,0.975000,0.933333,0.933333
ads_mda_obj_aat.sssom.tsv,fish_obj:/concepts/97404,SPEARHEAD,aat:300037118,spearheads,SPEARHEAD,spearheads,skos:exactMatch,exactMatch,semapv:UnspecifiedMatching,0.429932,0.429932,0.947368,0.980000,0.947368,0.947368,0.947368,0.980000,0.947368,0.947368
inrap_pactols_sujets_aat.sssom.tsv,pactols:pcrtDISmiAdvys,galène,aat:300266177,galena,galène,galena,skos:exactMatch,exactMatch,semapv:UnspecifiedMatching,0.429688,0.429688,0.666667,0.875556,0.666667,0.666667,0.666667,0.875556,0.666667,0.666667
ads_eh_tmt2_aat.sssom.tsv,fish_tmt2:/concepts/91036,ANGLICAN CATHEDRAL,aat:300007501,cathedrals (buildings),ANGLICAN CATHEDRAL,cathedrals,skos:closeMatch,closeMatch,semapv:UnspecifiedMatching,0.428223,0.584473,0.450000,0.598485,0.650000,0.650000,0.642857,0.374074,0.642857,0.642857
inrap_pactols_sujets_aat.sssom.tsv,pactols:pcrtixGJUknjcq,métallographie,aat:300226182,metallography,métallographie,metallography,skos:exactMatch,exactMatch,semapv:UnspecifiedMatching,0.427979,0.427979,0.814815,0.889560,0.814815,0.814815,0.814815,0.889560,0.814815,0.814815
inrap_pactols_sujets_aat.sssom.tsv,pactols:pcrttBIxHKUw54,crémation,aat:300266356,cremations,crémation,cremations,skos:exactMatch,exactMatch,semapv:UnspecifiedMatching,0.427979,0.427979,0.842105,0.917037,0.842105,0.842105,0.842105,0.917037,0.842105,0.842105
dai_aat.sssom.tsv,http://thesauri.dainst.org/_2796,Synagoge,aat:300007590,synagogues (buildings),Synagoge,synagogues,skos:exactMatch,exactMatch,semapv:UnspecifiedMatching,0.427979,0.682617,0.533333,0.872727,0.533333,0.533333,0.888889,0.960000,0.888889,0.888889
dai_aat.sssom.tsv,http://thesauri.dainst.org/_0189f056,Auktion,aat:300054751,auctions,Auktion,auctions,skos:closeMatch,closeMatch,semapv:UnspecifiedMatching,0.427734,0.427734,0.800000,0.895238,0.800000,0.800000,0.800000,0.895238,0.800000,0.800000
inrap_pactols_sujets_aat.sssom.tsv,pactols:pcrt0zYTSW9UyI,palissade,aat:300003717,palisades (outworks),palissade,palisades,skos:exactMatch,exactMatch,semapv:UnspecifiedMatching,0.427490,0.667969,0.551724,0.845556,0.551724,0.551724,0.888889,0.955556,0.888889,0.888889
inrap_pactols_sujets_aat.sssom.tsv,pactols:pcrtATL3ZnpSP5,plante alimentaire,aat:300380162,vegetables,plante alimentaire,vegetables,skos:closeMatch,closeMatch,semapv:UnspecifiedMatching,0.427246,0.427246,0.357143,0.459259,0.357143,0.357143,0.357143,0.459259,0.357143,0.357143
inrap_pactols_sujets_aat.sssom.tsv,pactols:pcrtSiQAzZxXsv,ambre,aat:300012934,amber (fossil resin),ambre,amber,skos:exactMatch,exactMatch,semapv:UnspecifiedMatching,0.427002,0.547852,0.400000,0.683333,0.400000,0.400000,0.800000,0.953333,0.800000,0.800000
dai_aat.sssom.tsv,http://thesauri.dainst.org/_203b2f61,Peripteros sine postico,aat:300135991,peripteral,Peripteros sine postico,peripteral,skos:closeMatch,closeMatch,semapv:UnspecifiedMatching,0.427002,0.427002,0.484848,0.829565,0.484848,0.484848,0.484848,0.829565,0.484848,0.484848
ads_mda_obj_aat.sssom.tsv,fish_obj:/concepts/96404,CLEAVER,aat:300199941,cleavers,CLEAVER,cleavers,skos:closeMatch,closeMatch,semapv:UnspecifiedMatching,0.425781,0.425781,0.933333,0.975000,0.933333,0.933333,0.933333,0.975000,0.933333,0.933333
dai_aat.sssom.tsv,http://thesauri.dainst.org/_59dd53fc,Mann,aat:300189559,male,Mann,male,skos:exactMatch,exactMatch,semapv:UnspecifiedMatching,0.425537,0.425537,0.500000,0.666667,0.500000,0.500000,0.500000,0.666667,0.500000,0.500000
inrap_pactols_sujets_aat.sssom.tsv,pactols:pcrtB9EnHWh1cG,biface,aat:300265136,bifaces (stone tools),biface,bifaces,skos:exactMatch,exactMatch,semapv:UnspecifiedMatching,0.424561,0.850586,0.444444,0.857143,0.444444,0.444444,0.923077,0.971429,0.923077,0.923077
ads_mda_obj_aat.sssom.tsv,fish_obj:/concepts/96851,CRUCIBLE,aat:300196462,crucibles,CRUCIBLE,crucibles,skos:exactMatch,exactMatch,semapv:UnspecifiedMatching,0.424072,0.424072,0.941176,0.977778,0.941176,0.941176,0.941176,0.977778,0.941176,0.941176
inrap_pactols_sujets_aat.sssom.tsv,pactols:pcrtSJlHFFua75,topographie,aat:300256273,topography (image- making),topographie,topography,skos:exactMatch,exactMatch,semapv:UnspecifiedMatching,0.423828,0.780762,0.594595,0.884615,0.486486,0.486486,0.857143,0.943636,0.857143,0.857143
ads_eh_tmt2_aat.sssom.tsv,fish_tmt2:/concepts/68600,FISHPOND,aat:300008689,fishponds,FISHPOND,fishponds,skos:exactMatch,exactMatch,semapv:UnspecifiedMatching,0.423584,0.423584,0.941176,0.977778,0.941176,0.941176,0.941176,0.977778,0.941176,0.941176
ads_mda_obj_aat.sssom.tsv,fish_obj:/concepts/96691,FINGER RING,aat:300046012,rings (jewelry),FINGER RING,rings,skos:exactMatch,exactMatch,semapv:UnspecifiedMatching,0.423340,0.599609,0.384615,0.558153,0.538462,0.538462,0.500000,0.624242,0.500000,0.500000
dai_aat.sssom.tsv,http://thesauri.dainst.org/_2746,Basilika,aat:300170443,basilicas,Basilika,basilicas,skos:exactMatch,exactMatch,semapv:UnspecifiedMatching,0.423096,0.423096,0.823529,0.930556,0.823529,0.823529,0.823529,0.930556,0.823529,0.823529
inrap_pactols_sujets_aat.sssom.tsv,pactols:pcrtqHWkorsw9D,faïence,aat:300010668,faience (earthenware),faïence,faience,skos:exactMatch,exactMatch,semapv:UnspecifiedMatching,0.422607,0.683594,0.428571,0.771429,0.428571,0.428571,0.857143,0.923810,0.857143,0.857143
inrap_pactols_sujets_aat.sssom.tsv,pactols:pcrtjMFrjr1utW,mégalithe,aat:300123562,megaliths,mégalithe,megaliths,skos:exactMatch,exactMatch,semapv:UnspecifiedMatching,0.422363,0.422363,0.777778,0.866667,0.777778,0.777778,0.777778,0.866667,0.777778,0.777778
inrap_pactols_sujets_aat.sssom.tsv,pactols:pcrtmKHYJPrErU,denier,aat:300037266,denarii,denier,denarii,skos:exactMatch,exactMatch,semapv:UnspecifiedMatching,0.422363,0.422363,0.615385,0.847778,0.615385,0.615385,0.615385,0.847778,0.615385,0.615385
inrap_pactols_sujets_aat.sssom.tsv,pactols:pcrt3tBXWyzuAv,véhicule,aat:300219258,vehicles (transportation),véhicule,vehicles,skos:exactMatch,exactMatch,semapv:UnspecifiedMatching,0.422119,0.823242,0.363636,0.552222,0.363636,0.363636,0.750000,0.850000,0.750000,0.750000
inrap_pactols_sujets_aat.sssom.tsv,pactols:pcrtV3kw2a2i6i,jeu,aat:300069657,games,jeu,games,skos:exactMatch,exactMatch,semapv:UnspecifiedMatching,0.421875,0.421875,0.250000,0.000000,0.250000,0.250000,0.250000,0.000000,0.250000,0.250000
dai_aat.sssom.tsv,http://thesauri.dainst.org/_b0039022,Militärlager,aat:300000476,military camps,Militärlager,military camps,skos:exactMatch,exactMatch,semapv:UnspecifiedMatching,0.421875,0.421875,0.538462,0.646825,0.538462,0.538462,0.538462,0.646825,0.538462,0.538462
inrap_pactols_sujets_aat.sssom.tsv,pactols:pcrtjyu8fGvM12,socle-piédestal,aat:300001744,pedestals,socle-piédestal,pedestals,skos:exactMatch,exactMatch,semapv:UnspecifiedMatching,0.421387,0.421387,0.583333,0.496296,0.583333,0.583333,0.583333,0.496296,0.583333,0.583333
inrap_pactols_sujets_aat.sssom.tsv,pactols:pcrtDUuxi4zDjo,téménos,aat:300000805,temene,téménos,temene,skos:exactMatch,exactMatch,semapv:UnspecifiedMatching,0.421387,0.421387,0.461538,0.642857,0.461538,0.461538,0.461538,0.642857,0.461538,0.461538
ads_eh_tmt2_aat.sssom.tsv,fish_tmt2:/concepts/70184,SHRINE,aat:300007558,shrines (structures),SHRINE,shrines,skos:exactMatch,exactMatch,semapv:UnspecifiedMatching,0.421143,0.537598,0.461538,0.860000,0.461538,0.461538,0.923077,0.971429,0.923077,0.923077
ads_eh_tmt2_aat.sssom.tsv,fish_tmt2:/concepts/70342,CLOISTER,aat:300007423,cloisters,CLOISTER,cloisters,skos:exactMatch,exactMatch,semapv:UnspecifiedMatching,0.420410,0.420410,0.941176,0.977778,0.941176,0.941176,0.941176,0.977778,0.941176,0.941176
ads_mda_obj_aat.sssom.tsv,fish_obj:/concepts/96114,ROOF SLATE,aat:300011650,roofing slate,ROOF SLATE,roofing slate,skos:exactMatch,exactMatch,semapv:UnspecifiedMatching,0.419434,0.419434,0.869565,0.953846,0.869565,0.869565,0.869565,0.953846,0.869565,0.869565
inrap_pactols_sujets_aat.sssom.tsv,pactols:pcrtvpHLEemb4v,stèle,aat:300007023,stelae,stèle,stelae,skos:exactMatch,exactMatch,semapv:UnspecifiedMatching,0.418945,0.418945,0.727273,0.791111,0.727273,0.727273,0.727273,0.791111,0.727273,0.727273
inrap_pactols_sujets_aat.sssom.tsv,pactols:pcrtL8Vz1ImuZ3,biologie,aat:300054466,biology,biologie,biology,skos:exactMatch,exactMatch,semapv:UnspecifiedMatching,0.418945,0.418945,0.800000,0.921429,0.800000,0.800000,0.800000,0.921429,0.800000,0.800000
inrap_pactols_sujets_aat.sssom.tsv,pactols:pcrtAWl3eAUQlA,lait,aat:300191622,milk,lait,milk,skos:exactMatch,exactMatch,semapv:UnspecifiedMatching,0.418457,0.418457,0.250000,0.500000,0.250000,0.250000,0.250000,0.500000,0.250000,0.250000
ads_mda_obj_aat.sssom.tsv,fish_obj:/concepts/95196,Macehead,aat:300375720,mace heads (weapons),Macehead,mace heads,skos:exactMatch,exactMatch,semapv:UnspecifiedMatching,0.417725,0.511719,0.571429,0.880000,0.357143,0.357143,0.888889,0.960000,0.444444,0.444444
inrap_pactols_sujets_aat.sssom.tsv,pactols:pcrtu9P4MNQ4K8,canal,aat:300006075,canals (waterways),canal,canals,skos:exactMatch,exactMatch,semapv:UnspecifiedMatching,0.417480,0.785645,0.434783,0.855556,0.434783,0.434783,0.909091,0.966667,0.909091,0.909091
inrap_pactols_sujets_aat.sssom.tsv,pactols:pcrtafV5Xq6zoY,vie économique,aat:300389790,economy,vie économique,economy,skos:closeMatch,closeMatch,semapv:UnspecifiedMatching,0.417480,0.417480,0.571429,0.761905,0.571429,0.571429,0.571429,0.761905,0.571429,0.571429
inrap_pactols_sujets_aat.sssom.tsv,pactols:pcrtBWawwFyKfi,cerf,aat:300310515,Cervus (genus),cerf,Cervus,skos:exactMatch,exactMatch,semapv:UnspecifiedMatching,0.417480,0.503906,0.333333,0.654762,0.333333,0.333333,0.600000,0.825000,0.600000,0.600000
inrap_pactols_sujets_aat.sssom.tsv,pactols:pcrtf1yEbB24G1,guerre,aat:300055314,wars,guerre,wars,skos:exactMatch,exactMatch,semapv:UnspecifiedMatching,0.417236,0.417236,0.200000,0.472222,0.200000,0.200000,0.200000,0.472222,0.200000,0.200000
inrap_pactols_sujets_aat.sssom.tsv,pactols:pcrtqiiVth9tfA,vaisselle de bronze,aat:300047333,bronzes (visual works),vaisselle de bronze,bronzes,skos:exactMatch,exactMatch,semapv:UnspecifiedMatching,0.416992,0.625488,0.292683,0.526954,0.390244,0.390244,0.461538,0.296992,0.538462,0.538462
inrap_pactols_sujets_aat.sssom.tsv,pactols:pcrt1zp23TEHfU,chopper,aat:300400610,choppers (prehistoric cutting tools),chopper,choppers,skos:exactMatch,exactMatch,semapv:UnspecifiedMatching,0.416504,0.867676,0.325581,0.838889,0.325581,0.325581,0.933333,0.975000,0.933333,0.933333
ads_mda_obj_aat.sssom.tsv,fish_obj:/concepts/151960,BICONICAL URN,aat:300264948,biconical urns,BICONICAL URN,biconical urns,skos:closeMatch,closeMatch,semapv:UnspecifiedMatching,0.416260,0.416260,0.962963,0.985714,0.962963,0.962963,0.962963,0.985714,0.962963,0.962963
ads_mda_obj_aat.sssom.tsv,fish_obj:/concepts/137051,SHERD,aat:300117132,sherds,SHERD,sherds,skos:exactMatch,exactMatch,semapv:UnspecifiedMatching,0.415771,0.415771,0.909091,0.966667,0.909091,0.909091,0.909091,0.966667,0.909091,0.909091
inrap_pactols_sujets_aat.sssom.tsv,pactols:pcrtYhYMiLwDUr,temple,aat:300007595,temples (buildings),temple,temples,skos:exactMatch,exactMatch,semapv:UnspecifiedMatching,0.415527,0.799805,0.480000,0.863158,0.480000,0.480000,0.923077,0.971429,0.923077,0.923077
inrap_pactols_sujets_aat.sssom.tsv,pactols:pcrtM9HMWQTGJV,construction,aat:300054608,construction (assembling),construction,construction,skos:exactMatch,exactMatch,semapv:UnspecifiedMatching,0.415283,1.000000,0.648649,0.896000,0.648649,1.000000,1.000000,1.000000,1.000000,1.000000
ads_eh_tmt2_aat.sssom.tsv,fish_tmt2:/concepts/68810,AIR RAID SHELTER,aat:300007689,air raid shelters,AIR RAID SHELTER,air raid shelters,skos:exactMatch,exactMatch,semapv:UnspecifiedMatching,0.413086,0.413086,0.969697,0.988235,0.969697,0.969697,0.969697,0.988235,0.969697,0.969697
ads_eh_com_aat.sssom.tsv,fish_com:/concepts/138191,SAIL,aat:300185694,sails (equipment),SAIL,sails,skos:exactMatch,exactMatch,semapv:UnspecifiedMatching,0.412598,0.737793,0.380952,0.847059,0.380952,0.380952,0.888889,0.960000,0.888889,0.888889
inrap_pactols_sujets_aat.sssom.tsv,pactols:pcrtSP0dQbsIZo,méandre body components),aat:300008727,meanders (water,méandre body components),meanders (water,skos:exactMatch,exactMatch,semapv:UnspecifiedMatching,0.411865,0.411865,0.358974,0.547222,0.358974,0.358974,0.358974,0.547222,0.358974,0.358974
inrap_pactols_sujets_aat.sssom.tsv,pactols:pcrtXiL6nBw86Y,hygiène,aat:300379164,hygiene,hygiène,hygiene,skos:exactMatch,exactMatch,semapv:UnspecifiedMatching,0.411377,0.411377,0.857143,0.909524,0.857143,0.857143,0.857143,0.909524,0.857143,0.857143
inrap_pactols_sujets_aat.sssom.tsv,pactols:pcrtgi6nA8qPOv,outil agricole,aat:300233315,agricultural equipment,outil agricole,agricultural equipment,skos:exactMatch,exactMatch,semapv:UnspecifiedMatching,0.411133,0.411133,0.388889,0.634199,0.500000,0.500000,0.388889,0.634199,0.500000,0.500000
ads_eh_tmt2_aat.sssom.tsv,fish_tmt2:/concepts/69237,IRON WORKS,aat:300006296,ironworks (factories),IRON WORKS,ironworks,skos:closeMatch,closeMatch,semapv:UnspecifiedMatching,0.410645,0.605957,0.580645,0.835238,0.580645,0.580645,0.947368,0.980000,0.947368,0.947368
ads_eh_tmt2_aat.sssom.tsv,fish_tmt2:/concepts/68967,HYPOCAUST,aat:300004277,hypocausts,HYPOCAUST,hypocausts,skos:exactMatch,exactMatch,semapv:UnspecifiedMatching,0.410645,0.410645,0.947368,0.980000,0.947368,0.947368,0.947368,0.980000,0.947368,0.947368
ads_eh_tmt2_aat.sssom.tsv,fish_tmt2:/concepts/69456,HARBOUR,aat:300008678,harbours,HARBOUR,harbours,skos:exactMatch,exactMatch,semapv:UnspecifiedMatching,0.409912,0.409912,0.933333,0.975000,0.933333,0.933333,0.933333,0.975000,0.933333,0.933333
inrap_pactols_sujets_aat.sssom.tsv,pactols:pcrtPiWnSsQTNJ,géochimie,aat:300054543,geochemistry,géochimie,geochemistry,skos:exactMatch,exactMatch,semapv:UnspecifiedMatching,0.409668,0.409668,0.571429,0.765476,0.571429,0.571429,0.571429,0.765476,0.571429,0.571429
inrap_pactols_sujets_aat.sssom.tsv,pactols:pcrtR02lm9id5t,podium,aat:300249278,podiums (platforms),podium,podiums,skos:exactMatch,exactMatch,semapv:UnspecifiedMatching,0.409424,0.787109,0.480000,0.863158,0.480000,0.480000,0.923077,0.971429,0.923077,0.923077
inrap_pactols_sujets_aat.sssom.tsv,pactols:pcrtsIm3RuNMGu,cimetière,aat:300000372,necropolises,cimetière,necropolises,skos:exactMatch,exactMatch,semapv:UnspecifiedMatching,0.408203,0.408203,0.285714,0.524074,0.285714,0.285714,0.285714,0.524074,0.285714,0.285714
ads_mda_obj_aat.sssom.tsv,fish_obj:/concepts/100056,PIPE (ARCHITECTURAL),aat:300014662,pipes (conduits),PIPE,pipes,skos:closeMatch,closeMatch,semapv:UnspecifiedMatching,0.408203,0.267578,0.555556,0.829318,0.555556,0.555556,0.888889,0.960000,0.888889,0.888889
inrap_pactols_sujets_aat.sssom.tsv,pactols:pcrtpYS4ijo0m2,verrerie,aat:300010898,glassware,verrerie,glassware,skos:exactMatch,exactMatch,semapv:UnspecifiedMatching,0.407959,0.407959,0.235294,0.490741,0.235294,0.235294,0.235294,0.490741,0.235294,0.235294
inrap_pactols_sujets_aat.sssom.tsv,pactols:pcrthmS86NawNU,retable,aat:300076035,retables (altar appendage),retable,retables,skos:exactMatch,exactMatch,semapv:UnspecifiedMatching,0.407715,0.489258,0.424242,0.853846,0.424242,0.424242,0.933333,0.975000,0.933333,0.933333
inrap_pactols_sujets_aat.sssom.tsv,pactols:pcrtqXL8V79evX,enclos à bétail,aat:300004983,corrals,enclos à bétail,corrals,skos:exactMatch,exactMatch,semapv:UnspecifiedMatching,0.407227,0.407227,0.363636,0.529365,0.272727,0.272727,0.363636,0.529365,0.272727,0.272727
ads_eh_tmt2_aat.sssom.tsv,fish_tmt2:/concepts/68821,BARRACKS,aat:300005665,barracks,BARRACKS,barracks,skos:exactMatch,exactMatch,semapv:UnspecifiedMatching,0.406494,0.406494,1.000000,1.000000,1.000000,1.000000,1.000000,1.000000,1.000000,1.000000
ads_mda_obj_aat.sssom.tsv,fish_obj:/concepts/96909,ADZE,aat:300023553,adzes,ADZE,adzes,skos:exactMatch,exactMatch,semapv:UnspecifiedMatching,0.406006,0.406006,0.888889,0.960000,0.888889,0.888889,0.888889,0.960000,0.888889,0.888889
inrap_pactols_sujets_aat.sssom.tsv,pactols:pcrt8AQJzm2L6E,château-fort,aat:300400701,motte-and-bailey castles,château-fort,motte-and-bailey castles,skos:exactMatch,exactMatch,semapv:UnspecifiedMatching,0.405518,0.405518,0.277778,0.416667,0.277778,0.277778,0.277778,0.416667,0.277778,0.277778
inrap_pactols_sujets_aat.sssom.tsv,pactols:pcrtSgRiFP04jl,archéologie du paysage,aat:300252459,landscape archaeology,archéologie du paysage,landscape archaeology,skos:exactMatch,exactMatch,semapv:UnspecifiedMatching,0.405518,0.405518,0.418605,0.665368,0.604651,0.604651,0.418605,0.665368,0.604651,0.604651
inrap_pactols_sujets_aat.sssom.tsv,pactols:pcrtqhD4QzKHDr,aureus,aat:300192871,aurei,aureus,aurei,skos:exactMatch,exactMatch,semapv:UnspecifiedMatching,0.405273,0.405273,0.727273,0.893333,0.727273,0.727273,0.727273,0.893333,0.727273,0.727273
inrap_pactols_sujets_aat.sssom.tsv,pactols:pcrtDnXil6KFZm,photographie,aat:300054225,photography (process),photographie,photography,skos:exactMatch,exactMatch,semapv:UnspecifiedMatching,0.405273,0.756836,0.666667,0.888095,0.606061,0.606061,0.869565,0.948485,0.869565,0.869565
inrap_pactols_sujets_aat.sssom.tsv,pactols:pcrt1t50zTAfPG,base de données,aat:300028543,databases,base de données,databases,skos:exactMatch,exactMatch,semapv:UnspecifiedMatching,0.405029,0.405029,0.416667,0.577778,0.416667,0.416667,0.416667,0.577778,0.416667,0.416667
inrap_pactols_sujets_aat.sssom.tsv,pactols:pcrt9tOSfBmNuc,route,aat:300008217,roads,route,roads,skos:exactMatch,exactMatch,semapv:UnspecifiedMatching,0.404297,0.404297,0.400000,0.600000,0.400000,0.400000,0.400000,0.600000,0.400000,0.400000
inrap_pactols_sujets_aat.sssom.tsv,pactols:pcrtX6i6y3KIsv,pressoir à vin,aat:300203675,wine presses,pressoir à vin,wine presses,skos:exactMatch,exactMatch,semapv:UnspecifiedMatching,0.404297,0.404297,0.384615,0.551587,0.615385,0.615385,0.384615,0.551587,0.615385,0.615385
ads_eh_tmc_aat.sssom.tsv,fish_tmc:/concepts/100355,GALLEY,aat:300125456,galleys (watercraft),GALLEY,galleys,skos:exactMatch,exactMatch,semapv:UnspecifiedMatching,0.404297,0.638184,0.461538,0.860000,0.461538,0.461538,0.923077,0.971429,0.923077,0.923077
ads_mda_obj_aat.sssom.tsv,fish_obj:/concepts/95093,Human Skull,aat:300191856,skulls (skeleton components),Human Skull,skulls,skos:closeMatch,closeMatch,semapv:UnspecifiedMatching,0.404053,0.555176,0.256410,0.485931,0.410256,0.410256,0.588235,0.505051,0.588235,0.588235
inrap_pactols_sujets_aat.sssom.tsv,pactols:pcrty05M9SVnLu,archéologie,aat:300054328,archaeology,archéologie,archaeology,skos:exactMatch,exactMatch,semapv:UnspecifiedMatching,0.403809,0.403809,0.727273,0.890909,0.727273,0.727273,0.727273,0.890909,0.727273,0.727273
inrap_pactols_sujets_aat.sssom.tsv,pactols:pcrtwvFLgSQRs5,matière organique,aat:300011792,organic material,matière organique,organic material,skos:exactMatch,exactMatch,semapv:UnspecifiedMatching,0.403809,0.403809,0.424242,0.531863,0.666667,0.666667,0.424242,0.531863,0.666667,0.666667
ads_mda_obj_aat.sssom.tsv,fish_obj:/concepts/95797,PITCHFORK,aat:300024353,pitchforks,PITCHFORK,pitchforks,skos:exactMatch,exactMatch,semapv:UnspecifiedMatching,0.403564,0.403564,0.947368,0.980000,0.947368,0.947368,0.947368,0.980000,0.947368,0.947368
inrap_pactols_sujets_aat.sssom.tsv,pactols:pcrtuf9JSs9vo6,métallurgie,aat:300054499,metallurgy,métallurgie,metallurgy,skos:exactMatch,exactMatch,semapv:UnspecifiedMatching,0.403320,0.403320,0.761905,0.858182,0.761905,0.761905,0.761905,0.858182,0.761905,0.761905
inrap_pactols_sujets_aat.sssom.tsv,pactols:pcrt8eIQ0jLXjo,cénotaphe,aat:300007027,cenotaphs,cénotaphe,cenotaphs,skos:exactMatch,exactMatch,semapv:UnspecifiedMatching,0.403320,0.403320,0.777778,0.866667,0.777778,0.777778,0.777778,0.866667,0.777778,0.777778
inrap_pactols_sujets_aat.sssom.tsv,pactols:pcrtMSRKVDdz7Z,restitution,aat:300015643,reproductions,restitution,reproductions,skos:exactMatch,exactMatch,semapv:UnspecifiedMatching,0.402832,0.402832,0.583333,0.629704,0.583333,0.583333,0.583333,0.629704,0.583333,0.583333
inrap_pactols_sujets_aat.sssom.tsv,pactols:pcrt9iomb1d1EJ,charité,aat:300379107,charity (philosophical concept),charité,charity,skos:exactMatch,exactMatch,semapv:UnspecifiedMatching,0.402588,0.797363,0.315789,0.683564,0.315789,0.315789,0.857143,0.942857,0.857143,0.857143
ads_eh_tmt2_aat.sssom.tsv,fish_tmt2:/concepts/68648,MANOR,aat:300000238,manors (agricultural complexes),MANOR,manors,skos:exactMatch,exactMatch,semapv:UnspecifiedMatching,0.401855,0.728027,0.277778,0.832258,0.277778,0.277778,0.909091,0.966667,0.909091,0.909091
ads_mda_obj_aat.sssom.tsv,fish_obj:/concepts/96754,BEAKER,aat:300043198,beakers (drinking vessels),BEAKER,beakers,skos:exactMatch,exactMatch,semapv:UnspecifiedMatching,0.401367,0.665039,0.375000,0.846154,0.375000,0.375000,0.923077,0.971429,0.923077,0.923077
ads_mda_obj_aat.sssom.tsv,fish_obj:/concepts/96111,RIDGE TILE,aat:300010715,ridge tile,RIDGE TILE,ridge tile,skos:exactMatch,exactMatch,semapv:UnspecifiedMatching,0.401367,0.401367,1.000000,1.000000,1.000000,1.000000,1.000000,1.000000,1.000000,1.000000
inrap_pactols_sujets_aat.sssom.tsv,pactols:pcrtWB9n8gkPsO,objet de libation,aat:300404019,libation vessels,objet de libation,libation vessels,skos:closeMatch,closeMatch,semapv:UnspecifiedMatching,0.400635,0.400635,0.484848,0.531863,0.606061,0.666667,0.484848,0.531863,0.606061,0.666667
inrap_pactols_sujets_aat.sssom.tsv,pactols:pcrto2Udjh8XSP,encens,aat:300265591,incense,encens,incense,skos:exactMatch,exactMatch,semapv:UnspecifiedMatching,0.400146,0.400146,0.769231,0.849206,0.769231,0.769231,0.769231,0.849206,0.769231,0.769231
ads_eh_tmt2_aat.sssom.tsv,fish_tmt2:/concepts/70432,AQUEDUCT,aat:300006165,aqueducts,AQUEDUCT,aqueducts,skos:exactMatch,exactMatch,semapv:UnspecifiedMatching,0.399414,0.399414,0.941176,0.977778,0.941176,0.941176,0.941176,0.977778,0.941176,0.941176
inrap_pactols_sujets_aat.sssom.tsv,pactols:pcrtB8TJ1UZKdW,creuset,aat:300196462,crucibles,creuset,crucibles,skos:exactMatch,exactMatch,semapv:UnspecifiedMatching,0.399170,0.399170,0.500000,0.671958,0.500000,0.500000,0.500000,0.671958,0.500000,0.500000
dai_aat.sssom.tsv,http://thesauri.dainst.org/_b668b3ed,Peripteros,aat:300135991,peripteral,Peripteros,peripteral,skos:closeMatch,closeMatch,semapv:UnspecifiedMatching,0.398438,0.398438,0.800000,0.920000,0.800000,0.800000,0.800000,0.920000,0.800000,0.800000
inrap_pactols_sujets_aat.sssom.tsv,pactols:pcrt8icSwjOM7u,abbatiale,aat:300007495,abbey churches,abbatiale,abbey churches,skos:exactMatch,exactMatch,semapv:UnspecifiedMatching,0.398438,0.398438,0.347826,0.576720,0.347826,0.347826,0.347826,0.576720,0.347826,0.347826
ads_mda_obj_aat.sssom.tsv,fish_obj:/concepts/95824,FIGURINE,aat:300047455,figurines,FIGURINE,figurines,skos:exactMatch,exactMatch,semapv:UnspecifiedMatching,0.398193,0.398193,0.941176,0.977778,0.941176,0.941176,0.941176,0.977778,0.941176,0.941176
inrap_pactols_sujets_aat.sssom.tsv,pactols:pcrtmSImgZOUQg,pêche,aat:300239470,fishing,pêche,fishing,skos:exactMatch,exactMatch,semapv:UnspecifiedMatching,0.397949,0.397949,0.166667,0.447619,0.166667,0.166667,0.166667,0.447619,0.166667,0.166667
inrap_pactols_sujets_aat.sssom.tsv,pactols:pcrtVIebDXVNhS,cultes,aat:300251847,cults (group or movement),cultes,cults,skos:exactMatch,exactMatch,semapv:UnspecifiedMatching,0.397705,0.734863,0.322581,0.677778,0.322581,0.322581,0.909091,0.966667,0.909091,0.909091
ads_eh_tmt2_aat.sssom.tsv,fish_tmt2:/concepts/70341,CELLAR,aat:300004759,cellars (storerooms),CELLAR,cellars,skos:exactMatch,exactMatch,semapv:UnspecifiedMatching,0.397705,0.690430,0.461538,0.860000,0.461538,0.461538,0.923077,0.971429,0.923077,0.923077
ads_eh_tmt2_aat.sssom.tsv,fish_tmt2:/concepts/91656,COW HOUSE,aat:300265627,cow houses,COW HOUSE,cow houses,skos:exactMatch,exactMatch,semapv:UnspecifiedMatching,0.397461,0.397461,0.947368,0.980000,0.947368,0.947368,0.947368,0.980000,0.947368,0.947368
ads_mda_obj_aat.sssom.tsv,fish_obj:/concepts/96562,VASE,aat:300132254,vases,VASE,vases,skos:exactMatch,exactMatch,semapv:UnspecifiedMatching,0.397217,0.397217,0.888889,0.960000,0.888889,0.888889,0.888889,0.960000,0.888889,0.888889
ads_mda_obj_aat.sssom.tsv,fish_obj:/concepts/97225,DRINKING VESSEL,aat:300194567,drinking vessels,DRINKING VESSEL,drinking vessels,skos:exactMatch,exactMatch,semapv:UnspecifiedMatching,0.396973,0.396973,0.967742,0.987500,0.967742,0.967742,0.967742,0.987500,0.967742,0.967742
ads_mda_obj_aat.sssom.tsv,fish_obj:/concepts/96364,BUCKET,aat:300045651,buckets (vessels),BUCKET,buckets,skos:exactMatch,exactMatch,semapv:UnspecifiedMatching,0.396729,0.514648,0.521739,0.870588,0.521739,0.521739,0.923077,0.971429,0.923077,0.923077
dai_aat.sssom.tsv,http://thesauri.dainst.org/_3868,lykisch,aat:300019700,Lycian,lykisch,Lycian,skos:exactMatch,exactMatch,semapv:UnspecifiedMatching,0.396729,0.396729,0.461538,0.642857,0.461538,0.461538,0.461538,0.642857,0.461538,0.461538
inrap_pactols_sujets_aat.sssom.tsv,pactols:pcrt0uGqGRYcaL,rhinocéros,aat:300250315,Rhinocerotidae (family),rhinocéros,Rhinocerotidae,skos:exactMatch,exactMatch,semapv:UnspecifiedMatching,0.396484,0.479980,0.484848,0.829565,0.484848,0.484848,0.666667,0.874286,0.666667,0.666667
inrap_pactols_sujets_aat.sssom.tsv,pactols:pcrtN0rNrP54Qt,pipe,aat:300248067,pipes (smoking equipment),pipe,pipes,skos:exactMatch,exactMatch,semapv:UnspecifiedMatching,0.395996,0.764160,0.275862,0.832000,0.275862,0.275862,0.888889,0.960000,0.888889,0.888889
inrap_pactols_sujets_aat.sssom.tsv,pactols:pcrtSkipOsBGML,marbre,aat:300011443,marble (rock),marbre,marble,skos:exactMatch,exactMatch,semapv:UnspecifiedMatching,0.395996,0.758789,0.526316,0.858974,0.526316,0.526316,0.833333,0.933333,0.833333,0.833333
ads_mda_obj_aat.sssom.tsv,fish_obj:/concepts/96439,BOX,aat:300045643,boxes (containers),BOX,boxes,skos:exactMatch,exactMatch,semapv:UnspecifiedMatching,0.395752,0.527344,0.285714,0.805556,0.285714,0.285714,0.750000,0.906667,0.750000,0.750000
inrap_pactols_sujets_aat.sssom.tsv,pactols:pcrtbFJDzRUZx0,cour,aat:300004095,courtyards,cour,courtyards,skos:exactMatch,exactMatch,semapv:UnspecifiedMatching,0.395752,0.395752,0.571429,0.880000,0.571429,0.571429,0.571429,0.880000,0.571429,0.571429
inrap_pactols_sujets_aat.sssom.tsv,pactols:pcrtu6kwQxaOeV,mammouth,aat:300395482,Mammuthus (genus),mammouth,Mammuthus,skos:exactMatch,exactMatch,semapv:UnspecifiedMatching,0.395752,0.639648,0.560000,0.857353,0.560000,0.560000,0.823529,0.930556,0.823529,0.823529
ads_mda_obj_aat.sssom.tsv,fish_obj:/concepts/97660,RING,aat:300263678,rings (object genres),RING,rings,skos:closeMatch,closeMatch,semapv:UnspecifiedMatching,0.395020,0.837891,0.320000,0.838095,0.320000,0.320000,0.888889,0.960000,0.888889,0.888889
inrap_pactols_sujets_aat.sssom.tsv,pactols:pcrtgJvAbEFhK7,conduite d'eau,aat:300006175,conduits (water distribution structures),conduite d'eau,conduits,skos:exactMatch,exactMatch,semapv:UnspecifiedMatching,0.394531,0.554199,0.407407,0.663492,0.370370,0.370370,0.636364,0.875000,0.636364,0.636364
inrap_pactols_sujets_aat.sssom.tsv,pactols:pcrtpDiX3ha6hS,boutique,aat:300005283,stores,boutique,stores,skos:exactMatch,exactMatch,semapv:UnspecifiedMatching,0.394531,0.394531,0.285714,0.513889,0.285714,0.285714,0.285714,0.513889,0.285714,0.285714
inrap_pactols_sujets_aat.sssom.tsv,pactols:pcrtdt7TJtiVvO,plaquette décorée,aat:300190507,plaquettes (sculptures),plaquette décorée,plaquettes,skos:closeMatch,closeMatch,semapv:UnspecifiedMatching,0.394531,0.709473,0.650000,0.865985,0.650000,0.650000,0.666667,0.885882,0.666667,0.666667
inrap_pactols_sujets_aat.sssom.tsv,pactols:pcrtDMPItSUxPY,arme,aat:300036926,weapons,arme,weapons,skos:exactMatch,exactMatch,semapv:UnspecifiedMatching,0.393799,0.393799,0.181818,0.428571,0.181818,0.181818,0.181818,0.428571,0.181818,0.181818
inrap_pactols_sujets_aat.sssom.tsv,pactols:pcrt7117G28hkK,chevet,aat:300004606,chevets (building spaces),chevet,chevets,skos:exactMatch,exactMatch,semapv:UnspecifiedMatching,0.392090,0.859375,0.387097,0.848000,0.387097,0.387097,0.923077,0.971429,0.923077,0.923077
inrap_pactols_sujets_aat.sssom.tsv,pactols:pcrthX8XjMG2wX,ciste,aat:300400723,cistae (toiletry containers),ciste,cistae,skos:exactMatch,exactMatch,semapv:UnspecifiedMatching,0.391846,0.564453,0.303030,0.835714,0.303030,0.303030,0.909091,0.966667,0.909091,0.909091
dai_aat.sssom.tsv,http://thesauri.dainst.org/_141f024d,Sarkophaggruppe,aat:300005947,sarcophagi (coffins),Sarkophaggruppe,sarcophagi,skos:closeMatch,closeMatch,semapv:UnspecifiedMatching,0.391846,0.535156,0.457143,0.644444,0.457143,0.457143,0.640000,0.844444,0.640000,0.640000
inrap_pactols_sujets_aat.sssom.tsv,pactols:pcrtpbgzj4c0da,alignements,aat:300056243,alignment,alignements,alignment,skos:exactMatch,exactMatch,semapv:UnspecifiedMatching,0.390869,0.390869,0.900000,0.941414,0.900000,0.900000,0.900000,0.941414,0.900000,0.900000
dai_aat.sssom.tsv,http://thesauri.dainst.org/_2771,Krankenhaus,aat:300006676,hospitals (buildings for health facility),Krankenhaus,hospitals,skos:closeMatch,closeMatch,semapv:UnspecifiedMatching,0.390381,0.585938,0.192308,0.397265,0.192308,0.192308,0.300000,0.468013,0.300000,0.300000
inrap_pactols_sujets_aat.sssom.tsv,pactols:pcrtPsfSZ5o6f9,vase funéraire,aat:300379340,grave vases,vase funéraire,grave vases,skos:exactMatch,exactMatch,semapv:UnspecifiedMatching,0.390137,0.390137,0.400000,0.569264,0.640000,0.640000,0.400000,0.569264,0.640000,0.640000
ads_mda_obj_aat.sssom.tsv,fish_obj:/concepts/96300,RIVET,aat:300036425,rivets,RIVET,rivets,skos:exactMatch,exactMatch,semapv:UnspecifiedMatching,0.389404,0.389404,0.909091,0.966667,0.909091,0.909091,0.909091,0.966667,0.909091,0.909091
inrap_pactols_sujets_aat.sssom.tsv,pactols:pcrtfcf82N0J8s,division des terres,aat:300055451,land subdivision,division des terres,land subdivision,skos:exactMatch,exactMatch,semapv:UnspecifiedMatching,0.388672,0.388672,0.457143,0.603967,0.571429,0.571429,0.457143,0.603967,0.571429,0.571429
ads_mda_obj_aat.sssom.tsv,fish_obj:/concepts/97135,DIE,aat:300211084,dice,DIE,dice,skos:exactMatch,exactMatch,semapv:UnspecifiedMatching,0.388428,0.388428,0.857143,0.933333,0.857143,0.857143,0.857143,0.933333,0.857143,0.857143
dai_aat.sssom.tsv,http://thesauri.dainst.org/_30178e37,Museum,aat:300005768,museums (buildings),Museum,museums,skos:exactMatch,exactMatch,semapv:UnspecifiedMatching,0.388184,0.710449,0.480000,0.863158,0.480000,0.480000,0.923077,0.971429,0.923077,0.923077
ads_mda_obj_aat.sssom.tsv,fish_obj:/concepts/95636,MARBLE,aat:300211125,marbles (game pieces),MARBLE,marbles,skos:exactMatch,exactMatch,semapv:UnspecifiedMatching,0.387695,0.687500,0.444444,0.857143,0.444444,0.444444,0.923077,0.971429,0.923077,0.923077
inrap_pactols_sujets_aat.sssom.tsv,pactols:pcrtDFvOrje3j0,fruit,aat:300011868,fruit (plant components),fruit,fruit,skos:exactMatch,exactMatch,semapv:UnspecifiedMatching,0.387451,0.999512,0.344828,0.841667,0.344828,1.000000,1.000000,1.000000,1.000000,1.000000
inrap_pactols_sujets_aat.sssom.tsv,pactols:pcrtNQhoS8U7Ve,plante à textile,aat:300014031,plant fiber,plante à textile,plant fiber,skos:exactMatch,exactMatch,semapv:UnspecifiedMatching,0.387451,0.387451,0.592593,0.820455,0.370370,0.370370,0.592593,0.820455,0.370370,0.370370
inrap_pactols_sujets_aat.sssom.tsv,pactols:pcrtPD5wyQH2wG,sagaie,aat:300251704,assegais,sagaie,assegais,skos:exactMatch,exactMatch,semapv:UnspecifiedMatching,0.386475,0.386475,0.571429,0.750000,0.571429,0.571429,0.571429,0.750000,0.571429,0.571429
inrap_pactols_sujets_aat.sssom.tsv,pactols:pcrtXBwEwXhHkX,toilette,aat:300379165,toilette (activity),toilette,toilette,skos:exactMatch,exactMatch,semapv:UnspecifiedMatching,0.385986,1.000000,0.592593,0.884211,0.592593,1.000000,1.000000,1.000000,1.000000,1.000000
dai_aat.sssom.tsv,http://thesauri.dainst.org/_6f5fdc0e,Columbarium,aat:300000370,columbaria (cemeteries),Columbarium,columbaria,skos:exactMatch,exactMatch,semapv:UnspecifiedMatching,0.385742,0.435791,0.588235,0.868775,0.529412,0.529412,0.857143,0.943636,0.857143,0.857143
ads_eh_tmc_aat.sssom.tsv,fish_tmc:/concepts/145087,SEWN BOAT,aat:300264028,sewn boats,SEWN BOAT,sewn boats,skos:exactMatch,exactMatch,semapv:UnspecifiedMatching,0.385498,0.385498,0.947368,0.980000,0.947368,0.947368,0.947368,0.980000,0.947368,0.947368
ads_mda_obj_aat.sssom.tsv,fish_obj:/concepts/97498,HOARD,aat:300195474,hoards (groupings),HOARD,hoards,skos:exactMatch,exactMatch,semapv:UnspecifiedMatching,0.385498,0.687012,0.434783,0.855556,0.434783,0.434783,0.909091,0.966667,0.909091,0.909091
dai_aat.sssom.tsv,http://thesauri.dainst.org/_01f3c708,Curia,aat:300006027,curiae,Curia,curiae,skos:exactMatch,exactMatch,semapv:UnspecifiedMatching,0.384277,0.384277,0.909091,0.966667,0.909091,0.909091,0.909091,0.966667,0.909091,0.909091
ads_eh_tmt2_aat.sssom.tsv,fish_tmt2:/concepts/68612,CAIRN,aat:300006960,cairns,CAIRN,cairns,skos:exactMatch,exactMatch,semapv:UnspecifiedMatching,0.384033,0.384033,0.909091,0.966667,0.909091,0.909091,0.909091,0.966667,0.909091,0.909091
inrap_pactols_sujets_aat.sssom.tsv,pactols:pcrta3PzVQ4Hnu,sucrerie,aat:300004958,sugar houses,sucrerie,sugar houses,skos:exactMatch,exactMatch,semapv:UnspecifiedMatching,0.382568,0.382568,0.400000,0.611111,0.300000,0.300000,0.400000,0.611111,0.300000,0.300000
ads_mda_obj_aat.sssom.tsv,fish_obj:/concepts/95196,MACE,aat:300299039,ceremonial maces,MACE,ceremonial maces,skos:closeMatch,closeMatch,semapv:UnspecifiedMatching,0.382568,0.382568,0.400000,0.583333,0.400000,0.400000,0.400000,0.583333,0.400000,0.400000
inrap_pactols_sujets_aat.sssom.tsv,pactols:pcrtTv2xhrEwPW,art pariétal,aat:300080208,cave art,art pariétal,cave art,skos:exactMatch,exactMatch,semapv:UnspecifiedMatching,0.382080,0.382080,0.500000,0.547222,0.500000,0.545455,0.500000,0.547222,0.500000,0.545455
ads_eh_tmt2_aat.sssom.tsv,fish_tmt2:/concepts/70720,COLLIERY,aat:300266759,collieries,COLLIERY,collieries,skos:exactMatch,exactMatch,semapv:UnspecifiedMatching,0.381592,0.381592,0.777778,0.915000,0.777778,0.777778,0.777778,0.915000,0.777778,0.777778
ads_mda_obj_aat.sssom.tsv,fish_obj:/concepts/96154,COMB,aat:300236397,combs (grooming tools),COMB,combs,skos:exactMatch,exactMatch,semapv:UnspecifiedMatching,0.380859,0.604980,0.307692,0.836364,0.307692,0.307692,0.888889,0.960000,0.888889,0.888889
inrap_pactols_sujets_aat.sssom.tsv,pactols:pcrt3uOj7GEVaE,forge,aat:300023137,forges (machinery),forge,forges,skos:exactMatch,exactMatch,semapv:UnspecifiedMatching,0.380371,0.803711,0.434783,0.855556,0.434783,0.434783,0.909091,0.966667,0.909091,0.909091
inrap_pactols_sujets_aat.sssom.tsv,pactols:pcrt2hndmryMV2,masse d'armes,aat:300037214,maces (weapons),masse d'armes,maces,skos:exactMatch,exactMatch,semapv:UnspecifiedMatching,0.379883,0.217041,0.428571,0.632906,0.428571,0.428571,0.444444,0.619231,0.333333,0.333333
ads_mda_obj_aat.sssom.tsv,fish_obj:/concepts/97658,WIRE,aat:300011063,wire,WIRE,wire,skos:exactMatch,exactMatch,semapv:UnspecifiedMatching,0.379639,0.379639,1.000000,1.000000,1.000000,1.000000,1.000000,1.000000,1.000000,1.000000
inrap_pactols_sujets_aat.sssom.tsv,pactols:pcrt7TXrgFrBy7,plaquette gravée,aat:300190507,plaquettes (sculptures),plaquette gravée,plaquettes,skos:closeMatch,closeMatch,semapv:UnspecifiedMatching,0.379639,0.686035,0.615385,0.854348,0.615385,0.615385,0.692308,0.892500,0.692308,0.692308
ads_eh_tmt2_aat.sssom.tsv,fish_tmt2:/concepts/70333,FENCE,aat:300005044,fences (site elements),FENCE,fences,skos:exactMatch,exactMatch,semapv:UnspecifiedMatching,0.379395,0.725098,0.370370,0.845455,0.370370,0.370370,0.909091,0.966667,0.909091,0.909091
ads_mda_obj_aat.sssom.tsv,fish_obj:/concepts/95074,Antler,aat:300395687,antlers (animal components),Antler,antlers,skos:exactMatch,exactMatch,semapv:UnspecifiedMatching,0.379395,0.811523,0.363636,0.844444,0.363636,0.363636,0.923077,0.971429,0.923077,0.923077
inrap_pactols_sujets_aat.sssom.tsv,pactols:pcrt1zVFrqhSh2,ivoire,aat:300011857,ivory (material),ivoire,ivory,skos:exactMatch,exactMatch,semapv:UnspecifiedMatching,0.379150,0.548828,0.454545,0.800694,0.363636,0.363636,0.727273,0.875556,0.727273,0.727273
dai_aat.sssom.tsv,http://thesauri.dainst.org/_9512c706,Fluss,aat:300008707,rivers (bodies of water),Fluss,rivers,skos:exactMatch,exactMatch,semapv:UnspecifiedMatching,0.378906,0.594238,0.137931,0.494444,0.137931,0.137931,0.181818,0.455556,0.181818,0.181818
inrap_pactols_sujets_aat.sssom.tsv,pactols:pcrttq9gp2ZMuc,art,aat:300175240,arts (broad discipline),art,arts,skos:exactMatch,exactMatch,semapv:UnspecifiedMatching,0.378662,0.868164,0.230769,0.797101,0.230769,0.230769,0.857143,0.941667,0.857143,0.857143
dai_aat.sssom.tsv,http://thesauri.dainst.org/_51b56937,kyrillisch,aat:300256135,Cyrillic,kyrillisch,Cyrillic,skos:exactMatch,exactMatch,semapv:UnspecifiedMatching,0.378418,0.378418,0.777778,0.858333,0.777778,0.777778,0.777778,0.858333,0.777778,0.777778
ads_eh_tmt2_aat.sssom.tsv,fish_tmt2:/concepts/68759,CENOTAPH,aat:300007027,cenotaphs,CENOTAPH,cenotaphs,skos:exactMatch,exactMatch,semapv:UnspecifiedMatching,0.377686,0.377686,0.941176,0.977778,0.941176,0.941176,0.941176,0.977778,0.941176,0.941176
inrap_pactols_sujets_aat.sssom.tsv,pactols:pcrtiiGa8GYBlS,pétrographie,aat:300379416,petrography,pétrographie,petrography,skos:exactMatch,exactMatch,semapv:UnspecifiedMatching,0.377441,0.377441,0.782609,0.870455,0.782609,0.782609,0.782609,0.870455,0.782609,0.782609
inrap_pactols_sujets_aat.sssom.tsv,pactols:pcrtIMsuG0RWTs,matériaux,aat:300010358,materials (matter),matériaux,materials,skos:exactMatch,exactMatch,semapv:UnspecifiedMatching,0.376221,0.795898,0.444444,0.666667,0.444444,0.444444,0.666667,0.844444,0.666667,0.666667
ads_mda_obj_aat.sssom.tsv,fish_obj:/concepts/95145,SPEAR,aat:300037038,spears (weapons),SPEAR,spears,skos:exactMatch,exactMatch,semapv:UnspecifiedMatching,0.375732,0.525879,0.476190,0.862500,0.476190,0.476190,0.909091,0.966667,0.909091,0.909091
dai_aat.sssom.tsv,http://thesauri.dainst.org/_6969a8c7,Fabrikgebäude,aat:300006231,industrial buildings,Fabrikgebäude,industrial buildings,skos:closeMatch,closeMatch,semapv:UnspecifiedMatching,0.374756,0.374756,0.303030,0.420513,0.242424,0.242424,0.303030,0.420513,0.242424,0.242424
inrap_pactols_sujets_aat.sssom.tsv,pactols:pcrt8WnGavbNU7,bovins,aat:300310440,Bovidae (family),bovins,Bovidae,skos:exactMatch,exactMatch,semapv:UnspecifiedMatching,0.373779,0.512207,0.363636,0.638889,0.363636,0.363636,0.615385,0.847619,0.615385,0.615385
inrap_pactols_sujets_aat.sssom.tsv,pactols:pcrt4jqSXocNLw,malacofaune,aat:300266510,Mollusca (phylum),malacofaune,Mollusca,skos:exactMatch,exactMatch,semapv:UnspecifiedMatching,0.373291,0.437988,0.357143,0.521687,0.285714,0.285714,0.421053,0.654040,0.421053,0.421053
ads_eh_tmt2_aat.sssom.tsv,fish_tmt2:/concepts/70434,CESS PIT,aat:300052556,cesspools,CESS PIT,cesspools,skos:closeMatch,closeMatch,semapv:UnspecifiedMatching,0.372314,0.372314,0.588235,0.836111,0.588235,0.588235,0.588235,0.836111,0.588235,0.588235
ads_mda_obj_aat.sssom.tsv,fish_obj:/concepts/95811,SICKLE,aat:300264860,sickles,SICKLE,sickles,skos:exactMatch,exactMatch,semapv:UnspecifiedMatching,0.371582,0.371582,0.923077,0.971429,0.923077,0.923077,0.923077,0.971429,0.923077,0.923077
ads_eh_tmt2_aat.sssom.tsv,fish_tmt2:/concepts/69013,FOLLY,aat:300006795,follies (architectural),FOLLY,follies,skos:exactMatch,exactMatch,semapv:UnspecifiedMatching,0.371582,0.571777,0.285714,0.657971,0.285714,0.285714,0.666667,0.874286,0.666667,0.666667
ads_mda_obj_aat.sssom.tsv,fish_obj:/concepts/95093,Human Bone,aat:300379896,human remains,Human Bone,human remains,skos:closeMatch,closeMatch,semapv:UnspecifiedMatching,0.370850,0.370850,0.608696,0.858077,0.434783,0.666667,0.608696,0.858077,0.434783,0.666667
inrap_pactols_sujets_aat.sssom.tsv,pactols:pcrtz0w6vUsuRQ,sabre,aat:300037086,sabers,sabre,sabers,skos:exactMatch,exactMatch,semapv:UnspecifiedMatching,0.370850,0.370850,0.727273,0.914444,0.727273,0.727273,0.727273,0.914444,0.727273,0.727273
ads_mda_obj_aat.sssom.tsv,fish_obj:/concepts/95827,STATUE,aat:300047600,statues,STATUE,statues,skos:closeMatch,closeMatch,semapv:UnspecifiedMatching,0.370605,0.370605,0.923077,0.971429,0.923077,0.923077,0.923077,0.971429,0.923077,0.923077
inrap_pactols_sujets_aat.sssom.tsv,pactols:pcrttrEq4Rcpkr,technologie,aat:300056069,technology (general associated concept),technologie,technology,skos:exactMatch,exactMatch,semapv:UnspecifiedMatching,0.370361,0.884277,0.440000,0.838228,0.360000,0.360000,0.857143,0.943636,0.857143,0.857143
inrap_pactols_sujets_aat.sssom.tsv,pactols:pcrtnnO5LEtmht,ébauche,aat:300015617,sketches,ébauche,sketches,skos:exactMatch,exactMatch,semapv:UnspecifiedMatching,0.369873,0.369873,0.400000,0.601190,0.400000,0.400000,0.400000,0.601190,0.400000,0.400000
inrap_pactols_sujets_aat.sssom.tsv,pactols:pcrtHgXylM0gkU,colonne monumentale,aat:300007008,memorial columns,colonne monumentale,memorial columns,skos:exactMatch,exactMatch,semapv:UnspecifiedMatching,0.369629,0.369629,0.400000,0.617105,0.514286,0.514286,0.400000,0.617105,0.514286,0.514286
inrap_pactols_sujets_aat.sssom.tsv,pactols:pcrtvS2lfiKO1a,frise,aat:300001816,friezes (entablature components),frise,friezes,skos:exactMatch,exactMatch,semapv:UnspecifiedMatching,0.369629,0.617188,0.270270,0.652083,0.216216,0.216216,0.666667,0.853333,0.666667,0.666667
dai_aat.sssom.tsv,http://thesauri.dainst.org/_b3b6ee12,Peristylhaus,aat:300005452,peristyle houses,Peristylhaus,peristyle houses,skos:exactMatch,exactMatch,semapv:UnspecifiedMatching,0.368652,0.368652,0.785714,0.920833,0.571429,0.571429,0.785714,0.920833,0.571429,0.571429
dai_aat.sssom.tsv,http://thesauri.dainst.org/_065c3696,Schauspieler,aat:300025658,actors (performing artists),Schauspieler,actors,skos:exactMatch,exactMatch,semapv:UnspecifiedMatching,0.368408,0.691406,0.256410,0.518959,0.153846,0.153846,0.222222,0.472222,0.222222,0.222222
dai_aat.sssom.tsv,http://thesauri.dainst.org/_1483b8da,Film,aat:300054141,film (performing arts),Film,film,skos:exactMatch,exactMatch,semapv:UnspecifiedMatching,0.367920,0.912109,0.307692,0.836364,0.307692,1.000000,1.000000,1.000000,1.000000,1.000000
dai_aat.sssom.tsv,http://thesauri.dainst.org/_28f8614b,Doppelherme,aat:300047170,herms,Doppelherme,herms,skos:closeMatch,closeMatch,semapv:UnspecifiedMatching,0.367432,0.367432,0.500000,0.430303,0.500000,0.500000,0.500000,0.430303,0.500000,0.500000
inrap_pactols_sujets_aat.sssom.tsv,pactols:pcrtFngGoA2jsH,tour de potier,aat:300022820,potter's wheels,tour de potier,potter's wheels,skos:exactMatch,exactMatch,semapv:UnspecifiedMatching,0.366943,0.366943,0.344828,0.498413,0.413793,0.413793,0.344828,0.498413,0.413793,0.413793
ads_mda_obj_aat.sssom.tsv,fish_obj:/concepts/96960,PUNCH,aat:300389696,punches (cutting tools),PUNCH,punches,skos:exactMatch,exactMatch,semapv:UnspecifiedMatching,0.366699,0.583496,0.357143,0.843478,0.357143,0.357143,0.833333,0.942857,0.833333,0.833333
inrap_pactols_sujets_aat.sssom.tsv,pactols:pcrtqfG1QXGASz,forum,aat:300008085,forums (open spaces),forum,forums,skos:exactMatch,exactMatch,semapv:UnspecifiedMatching,0.366455,0.773438,0.400000,0.850000,0.400000,0.400000,0.909091,0.966667,0.909091,0.909091
ads_eh_tmt2_aat.sssom.tsv,fish_tmt2:/concepts/71511,Latrine,aat:300007951,latrines,Latrine,latrines,skos:exactMatch,exactMatch,semapv:UnspecifiedMatching,0.366455,0.366455,0.933333,0.975000,0.933333,0.933333,0.933333,0.975000,0.933333,0.933333
dai_aat.sssom.tsv,http://thesauri.dainst.org/_2774,Latrine,aat:300007951,latrines,Latrine,latrines,skos:closeMatch,closeMatch,semapv:UnspecifiedMatching,0.366455,0.366455,0.933333,0.975000,0.933333,0.933333,0.933333,0.975000,0.933333,0.933333
ads_mda_obj_aat.sssom.tsv,fish_obj:/concepts/96192,CANDLE HOLDER,aat:300037583,candleholders,CANDLE HOLDER,candleholders,skos:exactMatch,exactMatch,semapv:UnspecifiedMatching,0.366211,0.366211,0.923077,0.969231,0.923077,0.923077,0.923077,0.969231,0.923077,0.923077
ads_eh_com_aat.sssom.tsv,fish_com:/concepts/137950,LINTEL,aat:300003161,lintels (spanning elements),LINTEL,lintels,skos:exactMatch,exactMatch,semapv:UnspecifiedMatching,0.365967,0.630371,0.363636,0.844444,0.363636,0.363636,0.923077,0.971429,0.923077,0.923077
dai_aat.sssom.tsv,http://thesauri.dainst.org/_3fda85f8,Militäroffizier,aat:300236210,military officers,Militäroffizier,military officers,skos:exactMatch,exactMatch,semapv:UnspecifiedMatching,0.365967,0.365967,0.750000,0.901176,0.750000,0.750000,0.750000,0.901176,0.750000,0.750000
inrap_pactols_sujets_aat.sssom.tsv,pactols:pcrtPMnyBFScKQ,technique agricole,aat:300192637,agricultural functions,technique agricole,agricultural functions,skos:closeMatch,closeMatch,semapv:UnspecifiedMatching,0.365234,0.365234,0.300000,0.598485,0.450000,0.450000,0.300000,0.598485,0.450000,0.450000
inrap_pactols_sujets_aat.sssom.tsv,pactols:pcrtWzsaEhKlzd,poisson,aat:300266085,fish (animals),poisson,fish,skos:exactMatch,exactMatch,semapv:UnspecifiedMatching,0.364990,0.770508,0.285714,0.547619,0.285714,0.285714,0.363636,0.595238,0.363636,0.363636
ads_eh_tmt2_aat.sssom.tsv,fish_tmt2:/concepts/94213,LITHIC SCATTER,aat:300379567,lithics,LITHIC SCATTER,lithics,skos:closeMatch,closeMatch,semapv:UnspecifiedMatching,0.364990,0.364990,0.666667,0.900000,0.666667,0.666667,0.666667,0.900000,0.666667,0.666667
ads_eh_tmt2_aat.sssom.tsv,fish_tmt2:/concepts/159207,CAMPSITE,aat:300000819,camp sites (recreation spaces),CAMPSITE,camp sites,skos:exactMatch,exactMatch,semapv:UnspecifiedMatching,0.364990,0.446533,0.421053,0.853333,0.421053,0.421053,0.888889,0.960000,0.888889,0.888889
ads_mda_obj_aat.sssom.tsv,fish_obj:/concepts/97418,SLAG,aat:300011790,slag,SLAG,slag,skos:exactMatch,exactMatch,semapv:UnspecifiedMatching,0.364746,0.364746,1.000000,1.000000,1.000000,1.000000,1.000000,1.000000,1.000000,1.000000
ads_eh_tbm_aat.sssom.tsv,fish_tbm:/concepts/98193,SLAG,aat:300011790,slag,SLAG,slag,skos:exactMatch,exactMatch,semapv:UnspecifiedMatching,0.364746,0.364746,1.000000,1.000000,1.000000,1.000000,1.000000,1.000000,1.000000,1.000000
ads_mda_obj_aat.sssom.tsv,fish_obj:/concepts/96337,DRAIN PIPE,aat:300052564,drains,DRAIN PIPE,drains,skos:closeMatch,closeMatch,semapv:UnspecifiedMatching,0.364258,0.364258,0.625000,0.866667,0.625000,0.625000,0.625000,0.866667,0.625000,0.625000
ads_eh_tmt2_aat.sssom.tsv,fish_tmt2:/concepts/68603,KENNELS,aat:300004993,kennels (animal housing),KENNELS,kennels,skos:exactMatch,exactMatch,semapv:UnspecifiedMatching,0.363770,0.614258,0.451613,0.858333,0.451613,1.000000,1.000000,1.000000,1.000000,1.000000
inrap_pactols_sujets_aat.sssom.tsv,pactols:pcrt2vlSZd64Zk,limon,aat:300014335,loam,limon,loam,skos:exactMatch,exactMatch,semapv:UnspecifiedMatching,0.363770,0.363770,0.444444,0.633333,0.444444,0.444444,0.444444,0.633333,0.444444,0.444444
inrap_pactols_sujets_aat.sssom.tsv,pactols:pcrtGfuuHTbwsI,prison,aat:300006460,prisons (buildings),prison,prisons,skos:exactMatch,exactMatch,semapv:UnspecifiedMatching,0.363770,0.783691,0.480000,0.863158,0.480000,0.480000,0.923077,0.971429,0.923077,0.923077
dai_aat.sssom.tsv,http://thesauri.dainst.org/_2be24780,Forum/Agora,aat:300008074,agoras,Forum/Agora,agoras,skos:exactMatch,exactMatch,semapv:UnspecifiedMatching,0.363037,0.363037,0.588235,0.590909,0.588235,0.588235,0.588235,0.590909,0.588235,0.588235
ads_eh_tmt2_aat.sssom.tsv,fish_tmt2:/concepts/69053,BRICK KILN,aat:300022989,brick kilns,BRICK KILN,brick kilns,skos:exactMatch,exactMatch,semapv:UnspecifiedMatching,0.362793,0.362793,0.952381,0.981818,0.952381,0.952381,0.952381,0.981818,0.952381,0.952381
dai_aat.sssom.tsv,http://thesauri.dainst.org/_c84577be,zufällig getrennte antike Statue,aat:300047600,statues,zufällig getrennte antike Statue,statues,skos:closeMatch,closeMatch,semapv:UnspecifiedMatching,0.362549,0.362549,0.307692,0.398810,0.307692,0.307692,0.307692,0.398810,0.307692,0.307692
dai_aat.sssom.tsv,http://thesauri.dainst.org/_a46e0d7c,Textilverarbeitun g,aat:300006321,textile mills,Textilverarbeitun g,textile mills,skos:closeMatch,closeMatch,semapv:UnspecifiedMatching,0.362305,0.362305,0.500000,0.678812,0.500000,0.500000,0.500000,0.678812,0.500000,0.500000
ads_mda_obj_aat.sssom.tsv,fish_obj:/concepts/95378,INKWELL,aat:300196797,inkwells,INKWELL,inkwells,skos:exactMatch,exactMatch,semapv:UnspecifiedMatching,0.362305,0.362305,0.933333,0.975000,0.933333,0.933333,0.933333,0.975000,0.933333,0.933333
inrap_pactols_sujets_aat.sssom.tsv,pactols:pcrtxAh3LEGcFT,momie,aat:300262951,mummies (bodies),momie,mummies,skos:exactMatch,exactMatch,semapv:UnspecifiedMatching,0.361816,0.569824,0.380952,0.683333,0.380952,0.380952,0.666667,0.811429,0.666667,0.666667
ads_mda_obj_aat.sssom.tsv,fish_obj:/concepts/97661,CREMATION,aat:300266356,cremations,CREMATION,cremations,skos:closeMatch,closeMatch,semapv:UnspecifiedMatching,0.361328,0.361328,0.947368,0.980000,0.947368,0.947368,0.947368,0.980000,0.947368,0.947368
ads_eh_tmt2_aat.sssom.tsv,fish_tmt2:/concepts/70028,CREMATION,aat:300266356,cremations,CREMATION,cremations,skos:closeMatch,closeMatch,semapv:UnspecifiedMatching,0.361328,0.361328,0.947368,0.980000,0.947368,0.947368,0.947368,0.980000,0.947368,0.947368
inrap_pactols_sujets_aat.sssom.tsv,pactols:pcrtXbnSYWENsu,chapelle,aat:300004590,chapels (rooms or structures),chapelle,chapels,skos:exactMatch,exactMatch,semapv:UnspecifiedMatching,0.360840,0.735840,0.378378,0.652299,0.378378,0.378378,0.800000,0.921429,0.800000,0.800000
dai_aat.sssom.tsv,http://thesauri.dainst.org/_2753,Circus,aat:300007255,circuses (Roman arenas),Circus,circuses,skos:exactMatch,exactMatch,semapv:UnspecifiedMatching,0.360352,0.625488,0.413793,0.852174,0.413793,0.413793,0.857143,0.950000,0.857143,0.857143
inrap_pactols_sujets_aat.sssom.tsv,pactols:pcrtplAOSH90sN,banquet sacré,aat:300247614,banquets (feasts),banquet sacré,banquets,skos:closeMatch,closeMatch,semapv:UnspecifiedMatching,0.360107,0.622559,0.600000,0.851493,0.533333,0.533333,0.761905,0.923077,0.761905,0.761905
ads_mda_obj_aat.sssom.tsv,fish_obj:/concepts/97574,ROD,aat:300014669,rods (object genre),ROD,rods,skos:exactMatch,exactMatch,semapv:UnspecifiedMatching,0.360107,0.585449,0.272727,0.803509,0.272727,0.272727,0.857143,0.941667,0.857143,0.857143
inrap_pactols_sujets_aat.sssom.tsv,pactols:pcrtVgXu5JJGUg,polissoir à rainures,aat:300400637,grooved rocks,polissoir à rainures,grooved rocks,skos:closeMatch,closeMatch,semapv:UnspecifiedMatching,0.358154,0.358154,0.303030,0.476068,0.303030,0.303030,0.303030,0.476068,0.303030,0.303030
inrap_pactols_sujets_aat.sssom.tsv,pactols:pcrtTS2T8PJDRo,jarre,aat:300195347,jars,jarre,jars,skos:exactMatch,exactMatch,semapv:UnspecifiedMatching,0.358154,0.358154,0.666667,0.848333,0.666667,0.666667,0.666667,0.848333,0.666667,0.666667
ads_eh_tmt2_aat.sssom.tsv,fish_tmt2:/concepts/69063,LIME KILN,aat:300006404,lime kilns,LIME KILN,lime kilns,skos:exactMatch,exactMatch,semapv:UnspecifiedMatching,0.356445,0.356445,0.947368,0.980000,0.947368,0.947368,0.947368,0.980000,0.947368,0.947368
ads_eh_tmt2_aat.sssom.tsv,fish_tmt2:/concepts/92441,LAND IMPROVEMENT DRAIN,aat:300055202,land drainage,LAND IMPROVEMENT DRAIN,land drainage,skos:closeMatch,closeMatch,semapv:UnspecifiedMatching,0.354980,0.354980,0.571429,0.674592,0.628571,0.628571,0.571429,0.674592,0.628571,0.628571
ads_mda_obj_aat.sssom.tsv,fish_obj:/concepts/95774,FISH SPEAR,aat:300037044,fishing spears,FISH SPEAR,fishing spears,skos:exactMatch,exactMatch,semapv:UnspecifiedMatching,0.354980,0.354980,0.833333,0.942857,0.833333,0.833333,0.833333,0.942857,0.833333,0.833333
ads_mda_obj_aat.sssom.tsv,fish_obj:/concepts/96776,FLASK,aat:300045671,flasks (bottles),FLASK,flasks,skos:exactMatch,exactMatch,semapv:UnspecifiedMatching,0.354248,0.471191,0.476190,0.862500,0.476190,0.476190,0.909091,0.966667,0.909091,0.909091
inrap_pactols_sujets_aat.sssom.tsv,pactols:pcrtQNxYz6P6Mh,technique de construction,aat:300389791,construction (discipline),technique de construction,construction,skos:closeMatch,closeMatch,semapv:UnspecifiedMatching,0.354248,0.645508,0.480000,0.577778,0.480000,0.680000,0.648649,0.555185,0.648649,1.000000
ads_eh_tbm_aat.sssom.tsv,fish_tbm:/concepts/98028,LIMESTONE,aat:300011286,limestone,LIMESTONE,limestone,skos:exactMatch,exactMatch,semapv:UnspecifiedMatching,0.354248,0.354248,1.000000,1.000000,1.000000,1.000000,1.000000,1.000000,1.000000,1.000000
inrap_pactols_sujets_aat.sssom.tsv,pactols:pcrtI57XGm8k1D,pavement,aat:300002088,pavements (surface elements),pavement,pavements,skos:exactMatch,exactMatch,semapv:UnspecifiedMatching,0.353516,0.560547,0.444444,0.857143,0.444444,0.444444,0.941176,0.977778,0.941176,0.941176
dai_aat.sssom.tsv,http://thesauri.dainst.org/_30178e37,Museum,aat:300312281,museums (institutions),Museum,museums,skos:closeMatch,closeMatch,semapv:UnspecifiedMatching,0.353516,0.710449,0.428571,0.854545,0.428571,0.428571,0.923077,0.971429,0.923077,0.923077
inrap_pactols_sujets_aat.sssom.tsv,pactols:pcrtwSX1mPDm02,pressoir à huile,aat:300121802,oil presses,pressoir à huile,oil presses,skos:exactMatch,exactMatch,semapv:UnspecifiedMatching,0.353271,0.353271,0.444444,0.645412,0.592593,0.592593,0.444444,0.645412,0.592593,0.592593
inrap_pactols_sujets_aat.sssom.tsv,pactols:pcrtkyIAFWLoSn,physico-chimie,aat:300224431,physical chemistry,physico-chimie,physical chemistry,skos:exactMatch,exactMatch,semapv:UnspecifiedMatching,0.352539,0.352539,0.625000,0.861183,0.375000,0.375000,0.625000,0.861183,0.375000,0.375000
ads_mda_obj_aat.sssom.tsv,fish_obj:/concepts/143949,AXE HAMMER,aat:300023039,axhammers,AXE HAMMER,axhammers,skos:exactMatch,exactMatch,semapv:UnspecifiedMatching,0.352295,0.352295,0.842105,0.850370,0.842105,0.842105,0.842105,0.850370,0.842105,0.842105
ads_mda_obj_aat.sssom.tsv,fish_obj:/concepts/95886,BURIAL URN,aat:300124808,cremation urns,BURIAL URN,cremation urns,skos:exactMatch,exactMatch,semapv:UnspecifiedMatching,0.351807,0.351807,0.500000,0.590476,0.500000,0.500000,0.500000,0.590476,0.500000,0.500000
ads_mda_obj_aat.sssom.tsv,fish_obj:/concepts/97042,LOOMWEIGHT,aat:300248042,loom weights,LOOMWEIGHT,loom weights,skos:exactMatch,exactMatch,semapv:UnspecifiedMatching,0.351807,0.351807,0.909091,0.966667,0.909091,0.909091,0.909091,0.966667,0.909091,0.909091
dai_aat.sssom.tsv,http://thesauri.dainst.org/_243de556,Skythe,aat:300019526,Scythian,Skythe,Scythian,skos:closeMatch,closeMatch,semapv:UnspecifiedMatching,0.351562,0.351562,0.571429,0.750000,0.571429,0.571429,0.571429,0.750000,0.571429,0.571429
inrap_pactols_sujets_aat.sssom.tsv,pactols:pcrtmDglThUK8S,île,aat:300008791,islands (landforms),île,islands,skos:exactMatch,exactMatch,semapv:UnspecifiedMatching,0.350830,0.626465,0.090909,0.461988,0.090909,0.090909,0.200000,0.492063,0.200000,0.200000
ads_eh_tbm_aat.sssom.tsv,fish_tbm:/concepts/98243,TIN,aat:300133748,tin (metal),TIN,tin,skos:closeMatch,closeMatch,semapv:UnspecifiedMatching,0.350586,0.876465,0.428571,0.830303,0.428571,1.000000,1.000000,1.000000,1.000000,1.000000
inrap_pactols_sujets_aat.sssom.tsv,pactols:pcrtaOHvUS4rT6,collagène,aat:300192948,collagen,collagène,collagen,skos:exactMatch,exactMatch,semapv:UnspecifiedMatching,0.350098,0.350098,0.823529,0.952778,0.823529,0.823529,0.823529,0.952778,0.823529,0.823529
dai_aat.sssom.tsv,http://thesauri.dainst.org/_a0f55911,Materialsammlung,aat:300378926,topical collections,Materialsammlung,topical collections,skos:closeMatch,closeMatch,semapv:UnspecifiedMatching,0.349609,0.349609,0.342857,0.508041,0.285714,0.285714,0.342857,0.508041,0.285714,0.285714
inrap_pactols_sujets_aat.sssom.tsv,pactols:pcrtdDETRlg6JV,catalogue (documents),aat:300026059,catalogs,catalogue,catalogs,skos:exactMatch,exactMatch,semapv:UnspecifiedMatching,0.349365,0.607910,0.551724,0.841667,0.482759,0.482759,0.823529,0.930556,0.823529,0.823529
ads_mda_obj_aat.sssom.tsv,fish_obj:/concepts/96621,TUNIC,aat:300209869,tunics,TUNIC,tunics,skos:exactMatch,exactMatch,semapv:UnspecifiedMatching,0.349121,0.349121,0.909091,0.966667,0.909091,0.909091,0.909091,0.966667,0.909091,0.909091
ads_eh_tmt2_aat.sssom.tsv,fish_tmt2:/concepts/70064,CHAMBERED TOMB,aat:300005935,chamber tombs,CHAMBERED TOMB,chamber tombs,skos:closeMatch,closeMatch,semapv:UnspecifiedMatching,0.349121,0.349121,0.888889,0.956044,0.888889,0.888889,0.888889,0.956044,0.888889,0.888889
ads_eh_tmt2_aat.sssom.tsv,fish_tmt2:/concepts/70120,ABBEY,aat:300000642,abbeys (monasteries),ABBEY,abbeys,skos:exactMatch,exactMatch,semapv:UnspecifiedMatching,0.348389,0.448975,0.400000,0.850000,0.400000,0.400000,0.909091,0.966667,0.909091,0.909091
inrap_pactols_sujets_aat.sssom.tsv,pactols:pcrt3mBlLdPeGK,organisation de l'espace,aat:300054188,space planning,organisation de l'espace,space planning,skos:exactMatch,exactMatch,semapv:UnspecifiedMatching,0.348145,0.348145,0.315789,0.610317,0.315789,0.315789,0.315789,0.610317,0.315789,0.315789
ads_mda_obj_aat.sssom.tsv,fish_obj:/concepts/96678,CHATELAINE,aat:300209297,chatelaines,CHATELAINE,chatelaines,skos:exactMatch,exactMatch,semapv:UnspecifiedMatching,0.347412,0.347412,0.952381,0.981818,0.952381,0.952381,0.952381,0.981818,0.952381,0.952381
inrap_pactols_sujets_aat.sssom.tsv,pactols:pcrtFlZ2UyH7Bb,économie (faits),aat:300389790,economy,économie,economy,skos:exactMatch,exactMatch,semapv:UnspecifiedMatching,0.347412,0.773926,0.434783,0.577381,0.434783,0.434783,0.666667,0.779762,0.666667,0.666667
inrap_pactols_sujets_aat.sssom.tsv,pactols:pcrtzEegseJ5VO,maçonnerie,aat:300015333,brickwork (masonry),maçonnerie,brickwork,skos:exactMatch,exactMatch,semapv:UnspecifiedMatching,0.345947,0.290527,0.344828,0.374854,0.413793,0.413793,0.210526,0.474074,0.210526,0.210526
ads_eh_tmt2_aat.sssom.tsv,fish_tmt2:/concepts/70336,Foundation,aat:300000919,foundations (structural elements),Foundation,foundations,skos:closeMatch,closeMatch,semapv:UnspecifiedMatching,0.343750,0.644043,0.465116,0.860606,0.465116,0.465116,0.952381,0.981818,0.952381,0.952381
ads_mda_obj_aat.sssom.tsv,fish_obj:/concepts/97061,SPINDLE WHORL,aat:300263796,whorls,SPINDLE WHORL,whorls,skos:exactMatch,exactMatch,semapv:UnspecifiedMatching,0.343506,0.343506,0.526316,0.329060,0.526316,0.526316,0.526316,0.329060,0.526316,0.526316
dai_aat.sssom.tsv,http://thesauri.dainst.org/_391,Moschee,aat:300007544,mosques (buildings),Moschee,mosques,skos:exactMatch,exactMatch,semapv:UnspecifiedMatching,0.342529,0.555176,0.307692,0.593985,0.307692,0.307692,0.571429,0.800000,0.571429,0.571429
dai_aat.sssom.tsv,http://thesauri.dainst.org/_4962c921,Krieger / Soldat,aat:300185678,soldiers,Krieger / Soldat,soldiers,skos:exactMatch,exactMatch,semapv:UnspecifiedMatching,0.342529,0.342529,0.333333,0.500000,0.333333,0.333333,0.333333,0.500000,0.333333,0.333333
ads_eh_tmt2_aat.sssom.tsv,fish_tmt2:/concepts/69201,INDUSTRIAL SITE,aat:300000816,industrial sites,INDUSTRIAL SITE,industrial sites,skos:closeMatch,closeMatch,semapv:UnspecifiedMatching,0.342285,0.342285,0.967742,0.987500,0.967742,0.967742,0.967742,0.987500,0.967742,0.967742
dai_aat.sssom.tsv,http://thesauri.dainst.org/_58a1cbaf,Schule,aat:300006495,schools (buildings),Schule,schools,skos:closeMatch,closeMatch,semapv:UnspecifiedMatching,0.341797,0.764648,0.400000,0.632164,0.320000,0.320000,0.615385,0.822222,0.615385,0.615385
ads_mda_obj_aat.sssom.tsv,fish_obj:/concepts/95798,Ploughshare,aat:300233317,ploughs (agricultural equipment),Ploughshare,ploughs,skos:closeMatch,closeMatch,semapv:UnspecifiedMatching,0.341797,0.680176,0.465116,0.844318,0.325581,0.325581,0.777778,0.927273,0.777778,0.777778
inrap_pactols_sujets_aat.sssom.tsv,pactols:pcrt9MZnacjb5Y,Bénédictins,aat:300148044,Benedictine,Bénédictins,Benedictine,skos:exactMatch,exactMatch,semapv:UnspecifiedMatching,0.341797,0.341797,0.727273,0.836364,0.727273,0.727273,0.727273,0.836364,0.727273,0.727273
inrap_pactols_sujets_aat.sssom.tsv,pactols:pcrt1FD59O4eTz,cercle de pierres,aat:300006998,cromlechs,cercle de pierres,cromlechs,skos:exactMatch,exactMatch,semapv:UnspecifiedMatching,0.341553,0.341553,0.384615,0.483224,0.384615,0.384615,0.384615,0.483224,0.384615,0.384615
ads_mda_obj_aat.sssom.tsv,fish_obj:/concepts/137067,HANDLE,aat:300024927,handles,HANDLE,handles,skos:closeMatch,closeMatch,semapv:UnspecifiedMatching,0.341309,0.341309,0.923077,0.971429,0.923077,0.923077,0.923077,0.971429,0.923077,0.923077
dai_aat.sssom.tsv,http://thesauri.dainst.org/_3637,Tiere,aat:300249395,Animalia (kingdom),Tiere,Animalia,skos:closeMatch,closeMatch,semapv:UnspecifiedMatching,0.341064,0.621094,0.086957,0.418519,0.086957,0.086957,0.153846,0.441667,0.153846,0.153846
inrap_pactols_sujets_aat.sssom.tsv,pactols:pcrtn0Eluy59dq,glaive,aat:300213477,gladii,glaive,gladii,skos:exactMatch,exactMatch,semapv:UnspecifiedMatching,0.340576,0.340576,0.666667,0.844444,0.666667,0.666667,0.666667,0.844444,0.666667,0.666667
inrap_pactols_sujets_aat.sssom.tsv,pactols:pcrtfUWF9GVr4q,grotte sépulcrale,aat:300387008,burial caves,grotte sépulcrale,burial caves,skos:exactMatch,exactMatch,semapv:UnspecifiedMatching,0.340332,0.340332,0.344828,0.569795,0.344828,0.344828,0.344828,0.569795,0.344828,0.344828
inrap_pactols_sujets_aat.sssom.tsv,pactols:pcrtPN66ARBqe9,canidé,aat:300265713,Canidae (family),canidé,Canidae,skos:exactMatch,exactMatch,semapv:UnspecifiedMatching,0.339111,0.473389,0.454545,0.829167,0.454545,0.454545,0.769231,0.909524,0.769231,0.769231
inrap_pactols_sujets_aat.sssom.tsv,pactols:pcrthhW88JhtBR,dé,aat:300211084,dice,dé,dice,skos:exactMatch,exactMatch,semapv:UnspecifiedMatching,0.339111,0.339111,0.333333,0.583333,0.333333,0.333333,0.333333,0.583333,0.333333,0.333333
inrap_pactols_sujets_aat.sssom.tsv,pactols:pcrtoTxSI7RoF4,partie de monastère,aat:300004560,monastic churches (buildings),partie de monastère,monastic churches,skos:closeMatch,closeMatch,semapv:UnspecifiedMatching,0.339111,0.504883,0.333333,0.501237,0.416667,0.416667,0.444444,0.545776,0.500000,0.500000
inrap_pactols_sujets_aat.sssom.tsv,pactols:pcrt6RlBpO560k,archéologie expérimentale,aat:300252681,experimental archaeology,archéologie expérimentale,experimental archaeology,skos:exactMatch,exactMatch,semapv:UnspecifiedMatching,0.339111,0.339111,0.489796,0.511566,0.816327,0.816327,0.489796,0.511566,0.816327,0.816327
inrap_pactols_sujets_aat.sssom.tsv,pactols:pcrt7HbtemJhVu,plaque,aat:300010262,plaques (flat objects),plaque,plaques,skos:exactMatch,exactMatch,semapv:UnspecifiedMatching,0.338867,0.789062,0.428571,0.854545,0.428571,0.428571,0.923077,0.971429,0.923077,0.923077
ads_eh_tmt2_aat.sssom.tsv,fish_tmt2:/concepts/143482,FOREST,aat:300008863,forests (cultural landscapes),FOREST,forests,skos:closeMatch,closeMatch,semapv:UnspecifiedMatching,0.338135,0.698730,0.342857,0.841379,0.342857,0.342857,0.923077,0.971429,0.923077,0.923077
inrap_pactols_sujets_aat.sssom.tsv,pactols:pcrtwv8hEQphcZ,pot à cuire,aat:300198953,stockpots,pot à cuire,stockpots,skos:closeMatch,closeMatch,semapv:UnspecifiedMatching,0.337646,0.337646,0.300000,0.424242,0.400000,0.400000,0.300000,0.424242,0.400000,0.400000
inrap_pactols_sujets_aat.sssom.tsv,pactols:pcrtQpKQcDolxc,mégalithe complexe,aat:300006983,megalithic monuments,mégalithe complexe,megalithic monuments,skos:closeMatch,closeMatch,semapv:UnspecifiedMatching,0.337646,0.337646,0.578947,0.662536,0.473684,0.473684,0.578947,0.662536,0.473684,0.473684
ads_mda_obj_aat.sssom.tsv,fish_obj:/concepts/95138,DAGGER,aat:300037058,daggers (weapons),DAGGER,daggers,skos:exactMatch,exactMatch,semapv:UnspecifiedMatching,0.335938,0.631836,0.521739,0.870588,0.521739,0.521739,0.923077,0.971429,0.923077,0.923077
ads_eh_tmc_aat.sssom.tsv,fish_tmc:/concepts/100273,BARQUE,aat:300233050,jackass barques,BARQUE,jackass barques,skos:closeMatch,closeMatch,semapv:UnspecifiedMatching,0.334717,0.334717,0.571429,0.411111,0.571429,0.571429,0.571429,0.411111,0.571429,0.571429
ads_eh_tmt2_aat.sssom.tsv,fish_tmt2:/concepts/69203,KILN,aat:300022798,kilns,KILN,kilns,skos:exactMatch,exactMatch,semapv:UnspecifiedMatching,0.333984,0.333984,0.888889,0.960000,0.888889,0.888889,0.888889,0.960000,0.888889,0.888889
ads_mda_obj_aat.sssom.tsv,fish_obj:/concepts/100011,PROJECTILE,aat:300203727,projectile weapons,PROJECTILE,projectile weapons,skos:closeMatch,closeMatch,semapv:UnspecifiedMatching,0.333984,0.333984,0.714286,0.911111,0.714286,1.000000,0.714286,0.911111,0.714286,1.000000
inrap_pactols_sujets_aat.sssom.tsv,pactols:pcrtTcw1EjNRjc,peinture pariétale,aat:300178308,cave paintings,peinture pariétale,cave paintings,skos:exactMatch,exactMatch,semapv:UnspecifiedMatching,0.333252,0.333252,0.375000,0.546958,0.437500,0.437500,0.375000,0.546958,0.437500,0.437500
inrap_pactols_sujets_aat.sssom.tsv,pactols:pcrtNb6b1FbpBU,nymphée,aat:300006809,nymphaea (garden structures),nymphée,nymphaea,skos:exactMatch,exactMatch,semapv:UnspecifiedMatching,0.333252,0.439453,0.342857,0.690476,0.342857,0.342857,0.800000,0.921429,0.800000,0.800000
dai_aat.sssom.tsv,http://thesauri.dainst.org/_4962c921,Krieger / Soldat,aat:300261945,warriors,Krieger / Soldat,warriors,skos:exactMatch,exactMatch,semapv:UnspecifiedMatching,0.332764,0.332764,0.333333,0.512500,0.333333,0.333333,0.333333,0.512500,0.333333,0.333333
inrap_pactols_sujets_aat.sssom.tsv,pactols:pcrtNHs49sqYDW,poterne,aat:300002932,posterns,poterne,posterns,skos:exactMatch,exactMatch,semapv:UnspecifiedMatching,0.332520,0.332520,0.800000,0.895238,0.800000,0.800000,0.800000,0.895238,0.800000,0.800000
ads_mda_obj_aat.sssom.tsv,fish_obj:/concepts/96373,MICROLITH,aat:300393267,microliths,MICROLITH,microliths,skos:exactMatch,exactMatch,semapv:UnspecifiedMatching,0.331543,0.331543,0.947368,0.980000,0.947368,0.947368,0.947368,0.980000,0.947368,0.947368
ads_mda_obj_aat.sssom.tsv,fish_obj:/concepts/95893,BIER,aat:300262819,biers,BIER,biers,skos:exactMatch,exactMatch,semapv:UnspecifiedMatching,0.331299,0.331299,0.888889,0.960000,0.888889,0.888889,0.888889,0.960000,0.888889,0.888889
inrap_pactols_sujets_aat.sssom.tsv,pactols:pcrtVFfTq3JlGu,amphore,aat:300148696,amphorae (storage vessels),amphore,amphorae,skos:exactMatch,exactMatch,semapv:UnspecifiedMatching,0.331299,0.692383,0.424242,0.853846,0.424242,0.424242,0.933333,0.975000,0.933333,0.933333
inrap_pactols_sujets_aat.sssom.tsv,pactols:pcrtWegewfItfX,architecture domestique,aat:300257729,residential structures,architecture domestique,residential structures,skos:closeMatch,closeMatch,semapv:UnspecifiedMatching,0.331299,0.331299,0.400000,0.661808,0.400000,0.400000,0.400000,0.661808,0.400000,0.400000
ads_mda_obj_aat.sssom.tsv,fish_obj:/concepts/100153,AXEHEAD,aat:300400808,ax heads,AXEHEAD,ax heads,skos:exactMatch,exactMatch,semapv:UnspecifiedMatching,0.330566,0.330566,0.800000,0.850794,0.800000,0.800000,0.800000,0.850794,0.800000,0.800000
inrap_pactols_sujets_aat.sssom.tsv,pactols:pcrthS3cPFaIEA,gril,aat:300203658,gridirons (culinary tools),gril,gridirons,skos:exactMatch,exactMatch,semapv:UnspecifiedMatching,0.330078,0.360352,0.266667,0.802564,0.266667,0.266667,0.461538,0.694444,0.461538,0.461538
inrap_pactols_sujets_aat.sssom.tsv,pactols:pcrtWAzvDrstom,chapelet,aat:300264662,chaplets (rosaries),chapelet,chaplets,skos:exactMatch,exactMatch,semapv:UnspecifiedMatching,0.329346,0.656250,0.518519,0.820113,0.518519,0.518519,0.875000,0.921429,0.875000,0.875000
inrap_pactols_sujets_aat.sssom.tsv,pactols:pcrtZ1NStSd183,milieu végétal,aat:300266061,vegetation,milieu végétal,vegetation,skos:closeMatch,closeMatch,semapv:UnspecifiedMatching,0.329346,0.329346,0.333333,0.393651,0.333333,0.333333,0.333333,0.393651,0.333333,0.333333
inrap_pactols_sujets_aat.sssom.tsv,pactols:pcrtctuE9VNJOc,basalte,aat:300011222,basalt (basic igneous rock),basalte,basalt,skos:exactMatch,exactMatch,semapv:UnspecifiedMatching,0.329102,0.839355,0.411765,0.851852,0.411765,0.411765,0.923077,0.971429,0.923077,0.923077
ads_mda_obj_aat.sssom.tsv,fish_obj:/concepts/96975,THIMBLE,aat:300247551,thimbles,THIMBLE,thimbles,skos:exactMatch,exactMatch,semapv:UnspecifiedMatching,0.329102,0.329102,0.933333,0.975000,0.933333,0.933333,0.933333,0.975000,0.933333,0.933333
ads_mda_obj_aat.sssom.tsv,fish_obj:/concepts/137054,BODY SHERD,aat:300117132,sherds,BODY SHERD,sherds,skos:closeMatch,closeMatch,semapv:UnspecifiedMatching,0.327881,0.327881,0.625000,0.511111,0.625000,0.625000,0.625000,0.511111,0.625000,0.625000
inrap_pactols_sujets_aat.sssom.tsv,pactols:pcrtGBctSVZOBy,grenier,aat:300004929,granaries,grenier,granaries,skos:exactMatch,exactMatch,semapv:UnspecifiedMatching,0.327393,0.327393,0.625000,0.828571,0.625000,0.625000,0.625000,0.828571,0.625000,0.625000
ads_eh_tmt2_aat.sssom.tsv,fish_tmt2:/concepts/68615,Common,aat:300008666,common land (cultural landscape),Common,common land,skos:exactMatch,exactMatch,semapv:UnspecifiedMatching,0.327148,0.627930,0.315789,0.837500,0.315789,1.000000,0.705882,0.909091,0.705882,1.000000
inrap_pactols_sujets_aat.sssom.tsv,pactols:pcrtzcGlM17go5,alliage,aat:300010902,alloy,alliage,alloy,skos:exactMatch,exactMatch,semapv:UnspecifiedMatching,0.327148,0.327148,0.500000,0.676190,0.500000,0.500000,0.500000,0.676190,0.500000,0.500000
ads_mda_obj_aat.sssom.tsv,fish_obj:/concepts/95696,HORSESHOE,aat:300024400,horseshoes (animal equipment),HORSESHOE,horseshoes,skos:exactMatch,exactMatch,semapv:UnspecifiedMatching,0.326904,0.500977,0.473684,0.862069,0.473684,0.473684,0.947368,0.980000,0.947368,0.947368
ads_eh_tmt2_aat.sssom.tsv,fish_tmt2:/concepts/69457,JETTY,aat:300006155,jetties (erosion protection works),JETTY,jetties,skos:exactMatch,exactMatch,semapv:UnspecifiedMatching,0.326904,0.475098,0.205128,0.639216,0.205128,0.205128,0.666667,0.874286,0.666667,0.666667
ads_eh_tmt2_aat.sssom.tsv,fish_tmt2:/concepts/69055,BRICKWORKS,aat:300006278,brickworks (factories),BRICKWORKS,brickworks,skos:exactMatch,exactMatch,semapv:UnspecifiedMatching,0.326172,0.455322,0.625000,0.890909,0.625000,1.000000,1.000000,1.000000,1.000000,1.000000
ads_mda_obj_aat.sssom.tsv,fish_obj:/concepts/96380,POT,aat:300045697,pots (containers),POT,pots,skos:exactMatch,exactMatch,semapv:UnspecifiedMatching,0.325928,0.689453,0.300000,0.807843,0.300000,0.300000,0.857143,0.941667,0.857143,0.857143
inrap_pactols_sujets_aat.sssom.tsv,pactols:pcrtWt1GTT1T0b,chasseur-cueilleur,aat:300391448,hunter-gatherer (early cultures),chasseur-cueilleur,hunter-gatherer,skos:exactMatch,exactMatch,semapv:UnspecifiedMatching,0.325928,0.358398,0.360000,0.619378,0.320000,0.320000,0.424242,0.588889,0.424242,0.424242
ads_mda_obj_aat.sssom.tsv,fish_obj:/concepts/96401,BUNG,aat:300203447,bungs,BUNG,bungs,skos:exactMatch,exactMatch,semapv:UnspecifiedMatching,0.325928,0.325928,0.888889,0.960000,0.888889,0.888889,0.888889,0.960000,0.888889,0.888889
inrap_pactols_sujets_aat.sssom.tsv,pactols:pcrt1PtSvqzeS0,relief,aat:300053622,relief (sculpture techniques),relief,relief,skos:exactMatch,exactMatch,semapv:UnspecifiedMatching,0.325439,1.000000,0.342857,0.841379,0.342857,1.000000,1.000000,1.000000,1.000000,1.000000
ads_eh_tmt2_aat.sssom.tsv,fish_tmt2:/concepts/70311,COLUMN,aat:300001571,columns (architectural elements),COLUMN,columns,skos:closeMatch,closeMatch,semapv:UnspecifiedMatching,0.324951,0.456543,0.315789,0.837500,0.315789,0.315789,0.923077,0.971429,0.923077,0.923077
inrap_pactols_sujets_aat.sssom.tsv,pactols:pcrtKpR47IIaTn,vinification,aat:300265204,wine making (process),vinification,wine making,skos:exactMatch,exactMatch,semapv:UnspecifiedMatching,0.324707,0.489990,0.303030,0.484127,0.242424,0.242424,0.434783,0.557071,0.347826,0.347826
inrap_pactols_sujets_aat.sssom.tsv,pactols:pcrthOtrQhBIUG,commerce,aat:300061886,trade (function),commerce,trade,skos:exactMatch,exactMatch,semapv:UnspecifiedMatching,0.324463,0.706055,0.166667,0.409722,0.333333,0.333333,0.307692,0.441667,0.307692,0.307692
ads_eh_tmt2_aat.sssom.tsv,fish_tmt2:/concepts/68712,BATHS,aat:300007353,public baths,BATHS,public baths,skos:exactMatch,exactMatch,semapv:UnspecifiedMatching,0.323730,0.323730,0.588235,0.427778,0.588235,1.000000,0.588235,0.427778,0.588235,1.000000
ads_mda_obj_aat.sssom.tsv,fish_obj:/concepts/95204,PISTOL,aat:300037160,pistols,PISTOL,pistols,skos:exactMatch,exactMatch,semapv:UnspecifiedMatching,0.323730,0.323730,0.923077,0.971429,0.923077,0.923077,0.923077,0.971429,0.923077,0.923077
ads_eh_tmt2_aat.sssom.tsv,fish_tmt2:/concepts/68881,LEGIONARY FORTRESS,aat:300006894,fortresses,LEGIONARY FORTRESS,fortresses,skos:closeMatch,closeMatch,semapv:UnspecifiedMatching,0.323730,0.323730,0.571429,0.588889,0.642857,0.642857,0.571429,0.588889,0.642857,0.642857
ads_mda_obj_aat.sssom.tsv,fish_obj:/concepts/95306,Scales,aat:300196293,scales (weighing devices),Scales,scales,skos:exactMatch,exactMatch,semapv:UnspecifiedMatching,0.323486,0.565430,0.387097,0.848000,0.387097,1.000000,1.000000,1.000000,1.000000,1.000000
inrap_pactols_sujets_aat.sssom.tsv,pactols:pcrt9Y2UzXnNSo,environnement,aat:300055325,environments (object groupings),environnement,environments,skos:exactMatch,exactMatch,semapv:UnspecifiedMatching,0.322754,0.675293,0.500000,0.828701,0.500000,0.500000,0.880000,0.934382,0.880000,0.880000
dai_aat.sssom.tsv,http://thesauri.dainst.org/_60efc5d6,Befestigungsbau,aat:300006888,fortifications,Befestigungsbau,fortifications,skos:exactMatch,exactMatch,semapv:UnspecifiedMatching,0.322754,0.322754,0.344828,0.553968,0.344828,0.344828,0.344828,0.553968,0.344828,0.344828
dai_aat.sssom.tsv,http://thesauri.dainst.org/_60efc5d6,Befestigungsbau,aat:300006888,fortifications,Befestigungsbau,fortifications,skos:closeMatch,closeMatch,semapv:UnspecifiedMatching,0.322754,0.322754,0.344828,0.553968,0.344828,0.344828,0.344828,0.553968,0.344828,0.344828
inrap_pactols_sujets_aat.sssom.tsv,pactols:pcrtuSD3gHyNAk,bas-fourneau,aat:300006438,blast furnaces,bas-fourneau,blast furnaces,skos:exactMatch,exactMatch,semapv:UnspecifiedMatching,0.322510,0.322510,0.615385,0.784524,0.615385,0.615385,0.615385,0.784524,0.615385,0.615385
dai_aat.sssom.tsv,http://thesauri.dainst.org/_c2502528,Region,aat:300236112,regions (administrative divisions),Region,regions,skos:closeMatch,closeMatch,semapv:UnspecifiedMatching,0.322510,0.676758,0.300000,0.835294,0.300000,0.300000,0.923077,0.971429,0.923077,0.923077
inrap_pactols_sujets_aat.sssom.tsv,pactols:pcrtpXF9cZA8R4,incendie,aat:300068986,fires (events),incendie,fires,skos:exactMatch,exactMatch,semapv:UnspecifiedMatching,0.322510,0.494385,0.272727,0.511905,0.363636,0.363636,0.307692,0.550000,0.307692,0.307692
ads_mda_obj_aat.sssom.tsv,fish_obj:/concepts/97241,SHEATH,aat:300198733,sheaths (cases),SHEATH,sheaths,skos:exactMatch,exactMatch,semapv:UnspecifiedMatching,0.322021,0.527344,0.571429,0.880000,0.571429,0.571429,0.923077,0.971429,0.923077,0.923077
inrap_pactols_sujets_aat.sssom.tsv,pactols:pcrtOUkmlGSESJ,phonétique,aat:300054262,phonetics,phonétique,phonetics,skos:exactMatch,exactMatch,semapv:UnspecifiedMatching,0.321777,0.321777,0.631579,0.853333,0.631579,0.631579,0.631579,0.853333,0.631579,0.631579
ads_eh_tmt2_aat.sssom.tsv,fish_tmt2:/concepts/70029,CINERARY URN,aat:300124808,cremation urns,CINERARY URN,cremation urns,skos:closeMatch,closeMatch,semapv:UnspecifiedMatching,0.321533,0.321533,0.538462,0.744286,0.538462,0.538462,0.538462,0.744286,0.538462,0.538462
ads_mda_obj_aat.sssom.tsv,fish_obj:/concepts/95903,CINERARY URN,aat:300124808,cremation urns,CINERARY URN,cremation urns,skos:closeMatch,closeMatch,semapv:UnspecifiedMatching,0.321533,0.321533,0.538462,0.744286,0.538462,0.538462,0.538462,0.744286,0.538462,0.538462
ads_eh_tbm_aat.sssom.tsv,fish_tbm:/concepts/98194,SLATE,aat:300389711,slate (roofing),SLATE,slate,skos:closeMatch,closeMatch,semapv:UnspecifiedMatching,0.321289,0.583496,0.500000,0.866667,0.500000,1.000000,1.000000,1.000000,1.000000,1.000000
ads_mda_obj_aat.sssom.tsv,fish_obj:/concepts/97566,LITHIC IMPLEMENT,aat:300379567,lithics,LITHIC IMPLEMENT,lithics,skos:exactMatch,exactMatch,semapv:UnspecifiedMatching,0.321045,0.321045,0.521739,0.846429,0.521739,0.521739,0.521739,0.846429,0.521739,0.521739
inrap_pactols_sujets_aat.sssom.tsv,pactols:pcrtGhrS5rJcNl,digue,aat:300170882,dikes,digue,dikes,skos:exactMatch,exactMatch,semapv:UnspecifiedMatching,0.321045,0.321045,0.600000,0.786667,0.600000,0.600000,0.600000,0.786667,0.600000,0.600000
dai_aat.sssom.tsv,http://thesauri.dainst.org/_78c804cf,Frau,aat:300025943,women (female humans),Frau,women,skos:exactMatch,exactMatch,semapv:UnspecifiedMatching,0.320801,0.469482,0.240000,0.531746,0.240000,0.240000,0.000000,0.000000,0.000000,0.000000
inrap_pactols_sujets_aat.sssom.tsv,pactols:pcrtZQS76tcoZi,mors,aat:300248085,bits (bridle components),mors,bits,skos:exactMatch,exactMatch,semapv:UnspecifiedMatching,0.320557,0.373535,0.214286,0.361111,0.214286,0.214286,0.250000,0.500000,0.250000,0.250000
ads_mda_obj_aat.sssom.tsv,fish_obj:/concepts/137086,SNAFFLE BIT,aat:300248085,bits (bridle components),SNAFFLE BIT,bits,skos:closeMatch,closeMatch,semapv:UnspecifiedMatching,0.320312,0.384033,0.285714,0.499820,0.342857,0.342857,0.400000,0.446970,0.533333,0.533333
ads_eh_tmt2_aat.sssom.tsv,fish_tmt2:/concepts/71379,CANTEEN,aat:300312219,canteens (eating and recreation spaces),CANTEEN,canteens,skos:exactMatch,exactMatch,semapv:UnspecifiedMatching,0.320312,0.582520,0.304348,0.835897,0.304348,0.304348,0.933333,0.975000,0.933333,0.933333
inrap_pactols_sujets_aat.sssom.tsv,pactols:pcrthQAINOX0GB,sol,aat:300014330,soil,sol,soil,skos:exactMatch,exactMatch,semapv:UnspecifiedMatching,0.319824,0.319824,0.857143,0.933333,0.857143,0.857143,0.857143,0.933333,0.857143,0.857143
inrap_pactols_sujets_aat.sssom.tsv,pactols:pcrtySvUnoT58R,damasquinure,aat:300054019,damascening,damasquinure,damascening,skos:exactMatch,exactMatch,semapv:UnspecifiedMatching,0.319824,0.319824,0.608696,0.853788,0.608696,0.608696,0.608696,0.853788,0.608696,0.608696
ads_eh_tmt2_aat.sssom.tsv,fish_tmt2:/concepts/70209,AIRFIELD,aat:300000679,airfields,AIRFIELD,airfields,skos:exactMatch,exactMatch,semapv:UnspecifiedMatching,0.319336,0.319336,0.941176,0.977778,0.941176,0.941176,0.941176,0.977778,0.941176,0.941176
ads_eh_tmt2_aat.sssom.tsv,fish_tmt2:/concepts/68855,HILLFORT,aat:300006911,hillforts,HILLFORT,hillforts,skos:exactMatch,exactMatch,semapv:UnspecifiedMatching,0.319092,0.319092,0.941176,0.977778,0.941176,0.941176,0.941176,0.977778,0.941176,0.941176
inrap_pactols_sujets_aat.sssom.tsv,pactols:pcrtUWW1jdmNbs,motif géométrique,aat:300009764,geometric motifs,motif géométrique,geometric motifs,skos:exactMatch,exactMatch,semapv:UnspecifiedMatching,0.318848,0.318848,0.424242,0.656974,0.727273,0.727273,0.424242,0.656974,0.727273,0.727273
ads_mda_obj_aat.sssom.tsv,fish_obj:/concepts/97242,COMB CASE,aat:300236397,combs (grooming tools),COMB CASE,combs,skos:closeMatch,closeMatch,semapv:UnspecifiedMatching,0.318848,0.459717,0.387097,0.590909,0.322581,0.322581,0.714286,0.911111,0.571429,0.571429
dai_aat.sssom.tsv,http://thesauri.dainst.org/_dee10600,Landschaft,aat:300008626,landscapes (environments),Landschaft,landscapes,skos:closeMatch,closeMatch,semapv:UnspecifiedMatching,0.318848,0.558594,0.457143,0.660000,0.400000,0.400000,0.700000,0.880000,0.700000,0.700000
inrap_pactols_sujets_aat.sssom.tsv,pactols:pcrtUF6SedpeVv,icône,aat:300033945,icons (devotional images),icône,icons,skos:exactMatch,exactMatch,semapv:UnspecifiedMatching,0.318604,0.377686,0.266667,0.653333,0.266667,0.266667,0.600000,0.786667,0.600000,0.600000
ads_eh_tmt2_aat.sssom.tsv,fish_tmt2:/concepts/94351,COASTAL DEFENCE SITE,aat:300048803,coastal fortifications,COASTAL DEFENCE SITE,coastal fortifications,skos:closeMatch,closeMatch,semapv:UnspecifiedMatching,0.318359,0.318359,0.523810,0.838701,0.523810,0.523810,0.523810,0.838701,0.523810,0.523810
dai_aat.sssom.tsv,http://thesauri.dainst.org/_44ecd5e7,Hippodrom / Zirkus,aat:300108449,hippodromes (Greek sports buildings),Hippodrom / Zirkus,hippodromes,skos:exactMatch,exactMatch,semapv:UnspecifiedMatching,0.317383,0.421143,0.518519,0.841667,0.481481,0.481481,0.689655,0.892929,0.689655,0.689655
inrap_pactols_sujets_aat.sssom.tsv,pactols:pcrtAO75iuppgW,granulométrie,aat:300380072,granulometry,granulométrie,granulometry,skos:exactMatch,exactMatch,semapv:UnspecifiedMatching,0.317139,0.317139,0.800000,0.934382,0.800000,0.800000,0.800000,0.934382,0.800000,0.800000
inrap_pactols_sujets_aat.sssom.tsv,pactols:pcrtq1Ejudoefg,blessure,aat:300393192,injury (medical condition),blessure,injury,skos:exactMatch,exactMatch,semapv:UnspecifiedMatching,0.316650,0.749023,0.176471,0.385684,0.176471,0.176471,0.285714,0.527778,0.285714,0.285714
dai_aat.sssom.tsv,http://thesauri.dainst.org/_d6217c47,arabisch,aat:300385957,Arabic (style),arabisch,Arabic,skos:exactMatch,exactMatch,semapv:UnspecifiedMatching,0.315186,0.591797,0.545455,0.846429,0.545455,0.545455,0.857143,0.950000,0.857143,0.857143
dai_aat.sssom.tsv,http://thesauri.dainst.org/_7d53da3b,persisch,aat:300019933,Persian (culture),persisch,Persian,skos:exactMatch,exactMatch,semapv:UnspecifiedMatching,0.315186,0.452881,0.480000,0.820588,0.400000,0.400000,0.666667,0.867857,0.666667,0.666667
inrap_pactols_sujets_aat.sssom.tsv,pactols:pcrt2SY3ROHAYV,rue,aat:300008247,streets,rue,streets,skos:exactMatch,exactMatch,semapv:UnspecifiedMatching,0.315186,0.315186,0.400000,0.650794,0.400000,0.400000,0.400000,0.650794,0.400000,0.400000
ads_mda_obj_aat.sssom.tsv,fish_obj:/concepts/96961,QUERN,aat:300200181,querns,QUERN,querns,skos:exactMatch,exactMatch,semapv:UnspecifiedMatching,0.314453,0.314453,0.909091,0.966667,0.909091,0.909091,0.909091,0.966667,0.909091,0.909091
inrap_pactols_sujets_aat.sssom.tsv,pactols:pcrt2Li4dQSq4u,pilum,aat:300213510,pila (javelins),pilum,pila,skos:exactMatch,exactMatch,semapv:UnspecifiedMatching,0.313232,0.502441,0.300000,0.600000,0.300000,0.300000,0.666667,0.848333,0.666667,0.666667
ads_eh_tmt2_aat.sssom.tsv,fish_tmt2:/concepts/70086,LONG MOUND,aat:300391498,long barrows,LONG MOUND,long barrows,skos:closeMatch,closeMatch,semapv:UnspecifiedMatching,0.313232,0.313232,0.545455,0.820000,0.363636,0.571429,0.545455,0.820000,0.363636,0.571429
inrap_pactols_sujets_aat.sssom.tsv,pactols:pcrtGKF5TmR5AS,marais,aat:300008903,marshes,marais,marshes,skos:exactMatch,exactMatch,semapv:UnspecifiedMatching,0.312744,0.312744,0.615385,0.822222,0.615385,0.615385,0.615385,0.822222,0.615385,0.615385
ads_mda_obj_aat.sssom.tsv,fish_obj:/concepts/96248,CLASP,aat:300239507,clasps (fasteners),CLASP,clasps,skos:exactMatch,exactMatch,semapv:UnspecifiedMatching,0.312744,0.534668,0.434783,0.855556,0.434783,0.434783,0.909091,0.966667,0.909091,0.909091
inrap_pactols_sujets_aat.sssom.tsv,pactols:pcrtZS6oum6Xwy,sceau,aat:300028877,seals (artifacts),sceau,seals,skos:exactMatch,exactMatch,semapv:UnspecifiedMatching,0.312500,0.433838,0.272727,0.592157,0.272727,0.272727,0.600000,0.760000,0.600000,0.600000
ads_mda_obj_aat.sssom.tsv,fish_obj:/concepts/96295,PEG,aat:300036421,pegs (fasteners),PEG,pegs,skos:exactMatch,exactMatch,semapv:UnspecifiedMatching,0.312500,0.465820,0.315789,0.810417,0.315789,0.315789,0.857143,0.941667,0.857143,0.857143
ads_eh_tmt2_aat.sssom.tsv,fish_tmt2:/concepts/68705,FORUM,aat:300008085,forums (open spaces),FORUM,forums,skos:exactMatch,exactMatch,semapv:UnspecifiedMatching,0.312256,0.612305,0.400000,0.850000,0.400000,0.400000,0.909091,0.966667,0.909091,0.909091
ads_mda_obj_aat.sssom.tsv,fish_obj:/concepts/96304,SPIKE,aat:300036427,spikes (object genre),SPIKE,spikes,skos:closeMatch,closeMatch,semapv:UnspecifiedMatching,0.312256,0.386475,0.384615,0.847619,0.384615,0.384615,0.909091,0.966667,0.909091,0.909091
inrap_pactols_sujets_aat.sssom.tsv,pactols:pcrttDG0oSwLVJ,rivière,aat:300008707,rivers,rivière,rivers,skos:exactMatch,exactMatch,semapv:UnspecifiedMatching,0.312012,0.312012,0.615385,0.822222,0.615385,0.615385,0.615385,0.822222,0.615385,0.615385
ads_mda_obj_aat.sssom.tsv,fish_obj:/concepts/96152,TWEEZERS,aat:300024749,tweezers,TWEEZERS,tweezers,skos:exactMatch,exactMatch,semapv:UnspecifiedMatching,0.311768,0.311768,1.000000,1.000000,1.000000,1.000000,1.000000,1.000000,1.000000,1.000000
inrap_pactols_sujets_aat.sssom.tsv,pactols:pcrtcg7XX1LdjY,ustrinum,aat:300005876,ustrina,ustrinum,ustrina,skos:exactMatch,exactMatch,semapv:UnspecifiedMatching,0.311768,0.311768,0.800000,0.921429,0.800000,0.800000,0.800000,0.921429,0.800000,0.800000
inrap_pactols_sujets_aat.sssom.tsv,pactols:pcrtwmwJw6xguE,pic,aat:300024830,picks (tools),pic,picks,skos:exactMatch,exactMatch,semapv:UnspecifiedMatching,0.311523,0.483643,0.375000,0.820513,0.375000,0.375000,0.750000,0.906667,0.750000,0.750000
inrap_pactols_sujets_aat.sssom.tsv,pactols:pcrtbUunFprb1b,marque,aat:300028744,marks (symbols),marque,marks,skos:exactMatch,exactMatch,semapv:UnspecifiedMatching,0.311279,0.568848,0.285714,0.566667,0.285714,0.285714,0.545455,0.790000,0.545455,0.545455
inrap_pactols_sujets_aat.sssom.tsv,pactols:pcrtUxWo09gzB6,marque sur brique,aat:300028783,brick stamps,marque sur brique,brick stamps,skos:exactMatch,exactMatch,semapv:UnspecifiedMatching,0.310791,0.310791,0.206897,0.356209,0.413793,0.413793,0.206897,0.356209,0.413793,0.413793
inrap_pactols_sujets_aat.sssom.tsv,pactols:pcrttnySGIGsj6,ocre,aat:300013951,ocher (inorganic material),ocre,ocher,skos:exactMatch,exactMatch,semapv:UnspecifiedMatching,0.310791,0.222900,0.266667,0.634615,0.266667,0.266667,0.666667,0.826667,0.666667,0.666667
inrap_pactols_sujets_aat.sssom.tsv,pactols:pcrtBoASrkiQOc,patène,aat:300198942,patens (liturgical vessels),patène,patens,skos:exactMatch,exactMatch,semapv:UnspecifiedMatching,0.310059,0.760254,0.303030,0.606173,0.303030,0.303030,0.666667,0.875556,0.666667,0.666667
inrap_pactols_sujets_aat.sssom.tsv,pactols:pcrtBXP12Vm0e7,quartier résidentiel,aat:300000742,residential districts,quartier résidentiel,residential districts,skos:exactMatch,exactMatch,semapv:UnspecifiedMatching,0.310059,0.310059,0.487805,0.688095,0.585366,0.585366,0.487805,0.688095,0.585366,0.585366
inrap_pactols_sujets_aat.sssom.tsv,pactols:pcrtnQsh3FimJb,analyse des données,aat:300054636,data processing,analyse des données,data processing,skos:exactMatch,exactMatch,semapv:UnspecifiedMatching,0.309326,0.309326,0.352941,0.580117,0.352941,0.352941,0.352941,0.580117,0.352941,0.352941
inrap_pactols_sujets_aat.sssom.tsv,pactols:pcrtVeZQVh7enW,porte monumentale,aat:300076641,portals,porte monumentale,portals,skos:closeMatch,closeMatch,semapv:UnspecifiedMatching,0.309326,0.309326,0.500000,0.602241,0.333333,0.333333,0.500000,0.602241,0.333333,0.333333
dai_aat.sssom.tsv,http://thesauri.dainst.org/_9bcb8115,Horreum / Magazingebäude,aat:300120504,horrea,Horreum / Magazingebäude,horrea,skos:exactMatch,exactMatch,semapv:UnspecifiedMatching,0.308594,0.308594,0.400000,0.850000,0.400000,0.400000,0.400000,0.850000,0.400000,0.400000
ads_mda_obj_aat.sssom.tsv,fish_obj:/concepts/96449,DRESSED STONE,aat:300070050,dressed stone,DRESSED STONE,dressed stone,skos:closeMatch,closeMatch,semapv:UnspecifiedMatching,0.308350,0.308350,1.000000,1.000000,1.000000,1.000000,1.000000,1.000000,1.000000,1.000000
dai_aat.sssom.tsv,http://thesauri.dainst.org/_7daaeda6,Moscheekomplex,aat:300007544,mosques (buildings),Moscheekomplex,mosques,skos:closeMatch,closeMatch,semapv:UnspecifiedMatching,0.308105,0.478271,0.303030,0.540100,0.242424,0.242424,0.380952,0.619048,0.380952,0.380952
dai_aat.sssom.tsv,http://thesauri.dainst.org/_2676,Papyrus,aat:300014127,papyrus (fiber product),Papyrus,papyrus,skos:exactMatch,exactMatch,semapv:UnspecifiedMatching,0.308105,0.439453,0.466667,0.860870,0.466667,1.000000,1.000000,1.000000,1.000000,1.000000
ads_mda_obj_aat.sssom.tsv,fish_obj:/concepts/96982,TOOLS AND EQUIPMENT,aat:300022238,Tools and Equipment (Hierarchy Name),TOOLS AND EQUIPMENT,Tools and Equipment,skos:exactMatch,exactMatch,semapv:UnspecifiedMatching,0.308105,0.227539,0.690909,0.905556,0.690909,1.000000,1.000000,1.000000,1.000000,1.000000
ads_mda_obj_aat.sssom.tsv,fish_obj:/concepts/100078,CODPIECE,aat:300046148,codpieces,CODPIECE,codpieces,skos:exactMatch,exactMatch,semapv:UnspecifiedMatching,0.308105,0.308105,0.941176,0.977778,0.941176,0.941176,0.941176,0.977778,0.941176,0.941176
inrap_pactols_sujets_aat.sssom.tsv,pactols:pcrtbrO7H4lPWM,prieuré,aat:300000645,priories,prieuré,priories,skos:exactMatch,exactMatch,semapv:UnspecifiedMatching,0.308105,0.308105,0.533333,0.799167,0.533333,0.533333,0.533333,0.799167,0.533333,0.533333
dai_aat.sssom.tsv,http://thesauri.dainst.org/_1386,Papier,aat:300014110,<paper by composition or origin>,Papier,<paper by composition or origin>,skos:closeMatch,closeMatch,semapv:UnspecifiedMatching,0.307861,0.307861,0.263158,0.673611,0.263158,0.263158,0.263158,0.673611,0.263158,0.263158
inrap_pactols_sujets_aat.sssom.tsv,pactols:pcrtTQjmm8BnWW,ustensile,aat:300241917,utensils,ustensile,utensils,skos:exactMatch,exactMatch,semapv:UnspecifiedMatching,0.307861,0.307861,0.823529,0.854167,0.823529,0.823529,0.823529,0.854167,0.823529,0.823529
inrap_pactols_sujets_aat.sssom.tsv,pactols:pcrtrx7Rc5oHkk,alimentation en eau,aat:300008618,water supply systems,alimentation en eau,water supply systems,skos:exactMatch,exactMatch,semapv:UnspecifiedMatching,0.307617,0.307617,0.256410,0.523684,0.256410,0.256410,0.256410,0.523684,0.256410,0.256410
inrap_pactols_sujets_aat.sssom.tsv,pactols:pcrtVHSiUuDQVO,limite des terres,aat:300055451,land subdivision,limite des terres,land subdivision,skos:exactMatch,exactMatch,semapv:UnspecifiedMatching,0.307617,0.307617,0.242424,0.520425,0.303030,0.303030,0.242424,0.520425,0.303030,0.303030
inrap_pactols_sujets_aat.sssom.tsv,pactols:pcrt3JJD9yzFE8,porte urbaine,aat:300005080,city gates,porte urbaine,city gates,skos:exactMatch,exactMatch,semapv:UnspecifiedMatching,0.307617,0.307617,0.347826,0.485897,0.347826,0.347826,0.347826,0.485897,0.347826,0.347826
inrap_pactols_sujets_aat.sssom.tsv,pactols:pcrtDSibTZMY1O,hôtellerie,aat:300007162,hostels,hôtellerie,hostels,skos:exactMatch,exactMatch,semapv:UnspecifiedMatching,0.307373,0.307373,0.470588,0.657143,0.470588,0.470588,0.470588,0.657143,0.470588,0.470588
ads_mda_obj_aat.sssom.tsv,fish_obj:/concepts/96861,KEG,aat:300194516,kegs,KEG,kegs,skos:exactMatch,exactMatch,semapv:UnspecifiedMatching,0.307373,0.307373,0.857143,0.941667,0.857143,0.857143,0.857143,0.941667,0.857143,0.857143
ads_eh_tmt2_aat.sssom.tsv,fish_tmt2:/concepts/127133,BOAT SHED,aat:300387501,boatyards,BOAT SHED,boatyards,skos:closeMatch,closeMatch,semapv:UnspecifiedMatching,0.307373,0.307373,0.555556,0.833333,0.555556,0.555556,0.555556,0.833333,0.555556,0.555556
inrap_pactols_sujets_aat.sssom.tsv,pactols:pcrttvE2YZwZu6,huile,aat:300014254,oil (organic material),huile,oil,skos:exactMatch,exactMatch,semapv:UnspecifiedMatching,0.306885,0.576660,0.222222,0.496970,0.148148,0.148148,0.500000,0.688889,0.500000,0.500000
inrap_pactols_sujets_aat.sssom.tsv,pactols:pcrtLhbOznwGk6,tapisserie,aat:300205002,tapestries,tapisserie,tapestries,skos:exactMatch,exactMatch,semapv:UnspecifiedMatching,0.306641,0.306641,0.700000,0.901481,0.700000,0.700000,0.700000,0.901481,0.700000,0.700000
ads_eh_tmt2_aat.sssom.tsv,fish_tmt2:/concepts/70443,DRAINAGE SYSTEM,aat:300008620,drainage systems,DRAINAGE SYSTEM,drainage systems,skos:exactMatch,exactMatch,semapv:UnspecifiedMatching,0.306396,0.306396,0.967742,0.987500,0.967742,0.967742,0.967742,0.987500,0.967742,0.967742
ads_eh_tmt2_aat.sssom.tsv,fish_tmt2:/concepts/92351,INDUSTRIAL HOUSE,aat:300000322,industrial housing,INDUSTRIAL HOUSE,industrial housing,skos:closeMatch,closeMatch,semapv:UnspecifiedMatching,0.306152,0.306152,0.882353,0.954167,0.882353,0.882353,0.882353,0.954167,0.882353,0.882353
dai_aat.sssom.tsv,http://thesauri.dainst.org/_6a32477b,türkisch,aat:300193868,Turkish (culture or style),türkisch,Turkish,skos:exactMatch,exactMatch,semapv:UnspecifiedMatching,0.306152,0.576172,0.352941,0.667125,0.352941,0.352941,0.800000,0.882143,0.800000,0.800000
dai_aat.sssom.tsv,http://thesauri.dainst.org/_6557b6ca,Provinz,aat:300000774,provinces,Provinz,provinces,skos:exactMatch,exactMatch,semapv:UnspecifiedMatching,0.305908,0.305908,0.750000,0.904762,0.750000,0.750000,0.750000,0.904762,0.750000,0.750000
dai_aat.sssom.tsv,http://thesauri.dainst.org/_5b9f2871,Akropolis,aat:300000700,acropolises,Akropolis,acropolises,skos:exactMatch,exactMatch,semapv:UnspecifiedMatching,0.305664,0.305664,0.800000,0.884848,0.800000,0.800000,0.800000,0.884848,0.800000,0.800000
inrap_pactols_sujets_aat.sssom.tsv,pactols:pcrtlBLY2zwdxi,sifflet,aat:300042706,whistles,sifflet,whistles,skos:exactMatch,exactMatch,semapv:UnspecifiedMatching,0.305176,0.305176,0.400000,0.646429,0.400000,0.400000,0.400000,0.646429,0.400000,0.400000
ads_mda_obj_aat.sssom.tsv,fish_obj:/concepts/97552,CORE,aat:300265134,cores (object genres),CORE,cores,skos:exactMatch,exactMatch,semapv:UnspecifiedMatching,0.304443,0.311035,0.320000,0.838095,0.320000,0.320000,0.888889,0.960000,0.888889,0.888889
inrap_pactols_sujets_aat.sssom.tsv,pactols:pcrtg8ehkPNQXZ,gastéropodes,aat:300249701,Gastropoda (class),gastéropodes,Gastropoda,skos:exactMatch,exactMatch,semapv:UnspecifiedMatching,0.303955,0.416748,0.666667,0.877778,0.600000,0.600000,0.818182,0.930000,0.818182,0.818182
inrap_pactols_sujets_aat.sssom.tsv,pactols:pcrt694BdPU8No,torque,aat:300263462,torques (necklaces),torque,torques,skos:exactMatch,exactMatch,semapv:UnspecifiedMatching,0.303955,0.774902,0.480000,0.863158,0.480000,0.480000,0.923077,0.971429,0.923077,0.923077
ads_mda_obj_aat.sssom.tsv,fish_obj:/concepts/100075,DRESS AND PERSONAL ACCESSORIES,aat:300209273,costume accessories,DRESS AND PERSONAL ACCESSORIES,costume accessories,skos:closeMatch,closeMatch,semapv:UnspecifiedMatching,0.303711,0.303711,0.571429,0.607602,0.571429,0.733333,0.571429,0.607602,0.571429,0.733333
inrap_pactols_sujets_aat.sssom.tsv,pactols:pcrtcz89Bsf1o7,carrier,aat:300025047,quarriers,carrier,quarriers,skos:exactMatch,exactMatch,semapv:UnspecifiedMatching,0.303467,0.303467,0.750000,0.841270,0.750000,0.750000,0.750000,0.841270,0.750000,0.750000
dai_aat.sssom.tsv,http://thesauri.dainst.org/_3701_a470a738408e250b1ed2c7c8f5ea05ac,unbekannt,aat:300404267,<qualifiers for unknown creators not working directly with a known creator>,unbekannt,<qualifiers for unknown creators not working directly with a known creator>,skos:closeMatch,closeMatch,semapv:UnspecifiedMatching,0.303467,0.303467,0.190476,0.623519,0.142857,0.142857,0.190476,0.623519,0.142857,0.142857
ads_eh_tmt2_aat.sssom.tsv,fish_tmt2:/concepts/68558,DOVECOTE,aat:300004975,dovecotes,DOVECOTE,dovecotes,skos:exactMatch,exactMatch,semapv:UnspecifiedMatching,0.302734,0.302734,0.941176,0.977778,0.941176,0.941176,0.941176,0.977778,0.941176,0.941176
inrap_pactols_sujets_aat.sssom.tsv,pactols:pcrt6htVOpKXb1,construction navale,aat:300247448,shipbuilding,construction navale,shipbuilding,skos:exactMatch,exactMatch,semapv:UnspecifiedMatching,0.302246,0.302246,0.258065,0.431287,0.258065,0.258065,0.258065,0.431287,0.258065,0.258065
inrap_pactols_sujets_aat.sssom.tsv,pactols:pcrtrxL50B7yNx,résine,aat:300012882,resin (organic material),résine,resin,skos:exactMatch,exactMatch,semapv:UnspecifiedMatching,0.302246,0.579102,0.333333,0.547222,0.266667,0.266667,0.727273,0.840000,0.727273,0.727273
inrap_pactols_sujets_aat.sssom.tsv,pactols:pcrtn5zR6bBN39,cuir,aat:300011845,leather,cuir,leather,skos:exactMatch,exactMatch,semapv:UnspecifiedMatching,0.302002,0.302002,0.181818,0.000000,0.181818,0.181818,0.181818,0.000000,0.181818,0.181818
dai_aat.sssom.tsv,http://thesauri.dainst.org/_d2c772a0,Menschen,aat:300024979,people (agents),Menschen,people,skos:exactMatch,exactMatch,semapv:UnspecifiedMatching,0.301758,0.848633,0.260870,0.525000,0.347826,0.347826,0.285714,0.527778,0.285714,0.285714
inrap_pactols_sujets_aat.sssom.tsv,pactols:pcrtRnZm96c6HF,représentation architecturale,aat:300034787,architectural drawings (visual works),représentation architecturale,architectural drawings,skos:exactMatch,exactMatch,semapv:UnspecifiedMatching,0.301514,0.517578,0.393939,0.593399,0.545455,0.545455,0.509804,0.587326,0.705882,0.705882
ads_mda_obj_aat.sssom.tsv,fish_obj:/concepts/96377,KNIFE,aat:300024668,knives,KNIFE,knives,skos:closeMatch,closeMatch,semapv:UnspecifiedMatching,0.301025,0.301025,0.727273,0.875556,0.727273,0.727273,0.727273,0.875556,0.727273,0.727273
ads_eh_tmt2_aat.sssom.tsv,fish_tmt2:/concepts/70096,HENGE,aat:300120486,henges,HENGE,henges,skos:exactMatch,exactMatch,semapv:UnspecifiedMatching,0.300781,0.300781,0.909091,0.966667,0.909091,0.909091,0.909091,0.966667,0.909091,0.909091
inrap_pactols_sujets_aat.sssom.tsv,pactols:pcrttV8cp3mWYM,pile funéraire,aat:300263483,pillar tombs,pile funéraire,pillar tombs,skos:exactMatch,exactMatch,semapv:UnspecifiedMatching,0.300537,0.300537,0.384615,0.587302,0.230769,0.230769,0.384615,0.587302,0.230769,0.230769
inrap_pactols_sujets_aat.sssom.tsv,pactols:pcrt6oKbFdZxqF,moulin à eau,aat:300006270,water mills,moulin à eau,water mills,skos:exactMatch,exactMatch,semapv:UnspecifiedMatching,0.300293,0.300293,0.173913,0.396465,0.260870,0.260870,0.173913,0.396465,0.260870,0.260870
ads_eh_tmt2_aat.sssom.tsv,fish_tmt2:/concepts/70099,HERMITAGE (RELIGIOUS),aat:300000640,hermitages,HERMITAGE,hermitages,skos:exactMatch,exactMatch,semapv:UnspecifiedMatching,0.300293,0.409180,0.645161,0.865714,0.580645,0.580645,0.947368,0.980000,0.947368,0.947368
inrap_pactols_sujets_aat.sssom.tsv,pactols:pcrtLuTRnnPFJp,moulin à vent,aat:300006273,windmills,moulin à vent,windmills,skos:exactMatch,exactMatch,semapv:UnspecifiedMatching,0.300049,0.300049,0.181818,0.417379,0.181818,0.181818,0.181818,0.417379,0.181818,0.181818
inrap_pactols_sujets_aat.sssom.tsv,pactols:pcrtUQEt5jp9Q3,alêne,aat:300024663,awls,alêne,awls,skos:exactMatch,exactMatch,semapv:UnspecifiedMatching,0.300049,0.300049,0.444444,0.633333,0.444444,0.444444,0.444444,0.633333,0.444444,0.444444
inrap_pactols_sujets_aat.sssom.tsv,pactols:pcrtDlzbGxWvTo,bâtiment,aat:300004792,buildings (structures),bâtiment,buildings,skos:exactMatch,exactMatch,semapv:UnspecifiedMatching,0.299805,0.486328,0.266667,0.550758,0.200000,0.200000,0.352941,0.569444,0.352941,0.352941
inrap_pactols_sujets_aat.sssom.tsv,pactols:pcrtEmYHAsBI3W,amphithéâtre,aat:300007128,amphitheaters (built works),amphithéâtre,amphitheaters,skos:exactMatch,exactMatch,semapv:UnspecifiedMatching,0.299805,0.549316,0.461538,0.820741,0.461538,0.461538,0.720000,0.900513,0.720000,0.720000
inrap_pactols_sujets_aat.sssom.tsv,pactols:pcrtVLnKfPwHqV,chauffage,aat:300051479,heating systems,chauffage,heating systems,skos:exactMatch,exactMatch,semapv:UnspecifiedMatching,0.299561,0.299561,0.333333,0.570370,0.333333,0.333333,0.333333,0.570370,0.333333,0.333333
dai_aat.sssom.tsv,http://thesauri.dainst.org/_36c788fd,Modernes Pasticcio,aat:300049945,pastiches (objects),Modernes Pasticcio,pastiches,skos:exactMatch,exactMatch,semapv:UnspecifiedMatching,0.299316,0.507812,0.378378,0.538499,0.540541,0.540541,0.444444,0.388889,0.444444,0.444444
ads_eh_tmt2_aat.sssom.tsv,fish_tmt2:/concepts/69965,Belfry,aat:300137347,belfries (equipment spaces),Belfry,belfries,skos:exactMatch,exactMatch,semapv:UnspecifiedMatching,0.299316,0.610840,0.303030,0.672840,0.303030,0.303030,0.714286,0.891667,0.714286,0.714286
dai_aat.sssom.tsv,http://thesauri.dainst.org/_f1d12674,Macellum / Markt,aat:300005238,markets (structures),Macellum / Markt,markets,skos:closeMatch,closeMatch,semapv:UnspecifiedMatching,0.298828,0.340332,0.333333,0.548214,0.444444,0.444444,0.434783,0.538690,0.434783,0.434783
inrap_pactols_sujets_aat.sssom.tsv,pactols:pcrtU9mPdxj3Ql,artisan,aat:300025389,craftsmen,artisan,craftsmen,skos:exactMatch,exactMatch,semapv:UnspecifiedMatching,0.298584,0.298584,0.500000,0.689947,0.500000,0.500000,0.500000,0.689947,0.500000,0.500000
inrap_pactols_sujets_aat.sssom.tsv,pactols:pcrt4pVKLiaB9L,gobelet,aat:300043198,beakers (drinking vessels),gobelet,beakers,skos:exactMatch,exactMatch,semapv:UnspecifiedMatching,0.298340,0.246094,0.181818,0.514652,0.242424,0.242424,0.428571,0.619048,0.428571,0.428571
ads_eh_tmt2_aat.sssom.tsv,fish_tmt2:/concepts/69047,INDUSTRIAL,aat:300000385,industrial complexes,INDUSTRIAL,industrial complexes,skos:closeMatch,closeMatch,semapv:UnspecifiedMatching,0.298096,0.298096,0.666667,0.900000,0.666667,1.000000,0.666667,0.900000,0.666667,1.000000
ads_eh_tmt2_aat.sssom.tsv,fish_tmt2:/concepts/68745,ENCLOSED OPPIDUM,aat:300008396,oppida,ENCLOSED OPPIDUM,oppida,skos:closeMatch,closeMatch,semapv:UnspecifiedMatching,0.297607,0.297607,0.454545,0.486111,0.454545,0.454545,0.454545,0.486111,0.454545,0.454545
ads_mda_obj_aat.sssom.tsv,fish_obj:/concepts/96634,COLLAR,aat:300210058,collars (neckwear),COLLAR,collars,skos:closeMatch,closeMatch,semapv:UnspecifiedMatching,0.297363,0.333252,0.500000,0.866667,0.500000,0.500000,0.923077,0.971429,0.923077,0.923077
inrap_pactols_sujets_aat.sssom.tsv,pactols:pcrtSpZKiFuqSw,flore,aat:300310152,flora (plants),flore,flora,skos:exactMatch,exactMatch,semapv:UnspecifiedMatching,0.297363,0.633301,0.421053,0.695238,0.421053,0.421053,0.800000,0.920000,0.800000,0.800000
inrap_pactols_sujets_aat.sssom.tsv,pactols:pcrt4OanARQmgf,objet en bois,aat:300015348,woodwork,objet en bois,woodwork,skos:closeMatch,closeMatch,semapv:UnspecifiedMatching,0.297119,0.297119,0.190476,0.467949,0.190476,0.190476,0.190476,0.467949,0.190476,0.190476
inrap_pactols_sujets_aat.sssom.tsv,pactols:pcrtKoEikI0iIm,corniche,aat:300001788,cornices,corniche,cornices,skos:exactMatch,exactMatch,semapv:UnspecifiedMatching,0.297119,0.297119,0.875000,0.950000,0.875000,0.875000,0.875000,0.950000,0.875000,0.875000
ads_eh_tmt2_aat.sssom.tsv,fish_tmt2:/concepts/129049,DOMESTIC WORKSHOP,aat:300004531,workshops (work spaces),DOMESTIC WORKSHOP,workshops,skos:closeMatch,closeMatch,semapv:UnspecifiedMatching,0.297119,0.176147,0.450000,0.556925,0.600000,0.600000,0.615385,0.559913,0.615385,0.615385
ads_eh_tmt2_aat.sssom.tsv,fish_tmt2:/concepts/151890,FIRE PIT,aat:300375112,firepits,FIRE PIT,firepits,skos:exactMatch,exactMatch,semapv:UnspecifiedMatching,0.296631,0.296631,0.875000,0.950000,0.875000,0.875000,0.875000,0.950000,0.875000,0.875000
ads_eh_tmt2_aat.sssom.tsv,fish_tmt2:/concepts/70062,CIST GRAVE CEMETERY,aat:300005941,cist graves,CIST GRAVE CEMETERY,cist graves,skos:closeMatch,closeMatch,semapv:UnspecifiedMatching,0.295898,0.295898,0.666667,0.887081,0.666667,0.666667,0.666667,0.887081,0.666667,0.666667
dai_aat.sssom.tsv,http://thesauri.dainst.org/_7f2e8caa,Kanal,aat:300006075,canals (waterways),Kanal,canals,skos:exactMatch,exactMatch,semapv:UnspecifiedMatching,0.295410,0.605957,0.347826,0.674074,0.347826,0.347826,0.727273,0.822222,0.727273,0.727273
inrap_pactols_sujets_aat.sssom.tsv,pactols:pcrtuVBFofOdjD,mine,aat:300000390,mines (extracting complexes),mine,mines,skos:exactMatch,exactMatch,semapv:UnspecifiedMatching,0.294189,0.755371,0.250000,0.828571,0.250000,0.250000,0.888889,0.960000,0.888889,0.888889
inrap_pactols_sujets_aat.sssom.tsv,pactols:pcrtFrREfvh9AM,céramique attique,aat:300020118,Attic (Mainland Greek pottery styles),céramique attique,Attic,skos:exactMatch,exactMatch,semapv:UnspecifiedMatching,0.293945,0.405518,0.296296,0.537847,0.296296,0.296296,0.363636,0.481046,0.454545,0.454545
inrap_pactols_sujets_aat.sssom.tsv,pactols:pcrtSKcTSyd4bv,documentation,aat:300026685,records (documents),documentation,records,skos:exactMatch,exactMatch,semapv:UnspecifiedMatching,0.293701,0.088623,0.500000,0.492770,0.562500,0.562500,0.200000,0.459707,0.200000,0.200000
ads_mda_obj_aat.sssom.tsv,fish_obj:/concepts/96463,WASTE,aat:300253876,waste,WASTE,waste,skos:exactMatch,exactMatch,semapv:UnspecifiedMatching,0.293701,0.293701,1.000000,1.000000,1.000000,1.000000,1.000000,1.000000,1.000000,1.000000
ads_eh_tmc_aat.sssom.tsv,fish_tmc:/concepts/100307,Ship,aat:300082981,ships,Ship,ships,skos:closeMatch,closeMatch,semapv:UnspecifiedMatching,0.293213,0.293213,0.888889,0.960000,0.888889,0.888889,0.888889,0.960000,0.888889,0.888889
ads_eh_tmt2_aat.sssom.tsv,fish_tmt2:/concepts/87136,Hall,aat:300004420,halls (interior spaces),Hall,halls,skos:exactMatch,exactMatch,semapv:UnspecifiedMatching,0.293213,0.607910,0.296296,0.834783,0.296296,0.296296,0.888889,0.960000,0.888889,0.888889
inrap_pactols_sujets_aat.sssom.tsv,pactols:pcrt0cXwJQ0m88,plat à pain,aat:300196376,bread pans,plat à pain,bread pans,skos:exactMatch,exactMatch,semapv:UnspecifiedMatching,0.293213,0.293213,0.476190,0.651515,0.380952,0.380952,0.476190,0.651515,0.380952,0.380952
inrap_pactols_sujets_aat.sssom.tsv,pactols:pcrtYRywMlAUGn,soc de charrue,aat:300400665,plowshares,soc de charrue,plowshares,skos:exactMatch,exactMatch,semapv:UnspecifiedMatching,0.292480,0.292480,0.416667,0.509524,0.416667,0.416667,0.416667,0.509524,0.416667,0.416667
inrap_pactols_sujets_aat.sssom.tsv,pactols:pcrtqWuyjUHSD4,enfeu,aat:300400626,burial niches,enfeu,burial niches,skos:exactMatch,exactMatch,semapv:UnspecifiedMatching,0.292480,0.292480,0.222222,0.425641,0.222222,0.222222,0.222222,0.425641,0.222222,0.222222
inrap_pactols_sujets_aat.sssom.tsv,pactols:pcrtP5AK6MqaZy,phalères,aat:300261080,phalerae,phalères,phalerae,skos:exactMatch,exactMatch,semapv:UnspecifiedMatching,0.292480,0.292480,0.750000,0.866667,0.750000,0.750000,0.750000,0.866667,0.750000,0.750000
ads_eh_tmt2_aat.sssom.tsv,fish_tmt2:/concepts/70442,DRAINAGE DITCH,aat:300008620,drainage systems,DRAINAGE DITCH,drainage systems,skos:closeMatch,closeMatch,semapv:UnspecifiedMatching,0.291992,0.291992,0.666667,0.867857,0.533333,0.727273,0.666667,0.867857,0.533333,0.727273
ads_mda_obj_aat.sssom.tsv,fish_obj:/concepts/97114,ANNULAR BROOCH,aat:300263352,ring brooches,ANNULAR BROOCH,ring brooches,skos:exactMatch,exactMatch,semapv:UnspecifiedMatching,0.291016,0.291016,0.592593,0.741351,0.444444,0.444444,0.592593,0.741351,0.444444,0.444444
ads_mda_obj_aat.sssom.tsv,fish_obj:/concepts/96976,TROWEL,aat:300023093,trowels,TROWEL,trowels,skos:closeMatch,closeMatch,semapv:UnspecifiedMatching,0.290283,0.290283,0.923077,0.971429,0.923077,0.923077,0.923077,0.971429,0.923077,0.923077
inrap_pactols_sujets_aat.sssom.tsv,pactols:pcrtfx4s0yvSLj,terre cuite,aat:300010669,terracotta (day material),terre cuite,terracotta,skos:exactMatch,exactMatch,semapv:UnspecifiedMatching,0.290283,0.517578,0.388889,0.640758,0.388889,0.388889,0.571429,0.829091,0.380952,0.380952
ads_mda_obj_aat.sssom.tsv,fish_obj:/concepts/96126,TESSERA,aat:300010730,tesserae (mosaic components),TESSERA,tesserae,skos:exactMatch,exactMatch,semapv:UnspecifiedMatching,0.290039,0.454346,0.400000,0.850000,0.400000,0.400000,0.933333,0.975000,0.933333,0.933333
inrap_pactols_sujets_aat.sssom.tsv,pactols:pcrt9PXeW1n9Wv,représentation de paysage,aat:300015636,landscapes (representations),représentation de paysage,landscapes,skos:exactMatch,exactMatch,semapv:UnspecifiedMatching,0.289551,0.340332,0.528302,0.704603,0.490566,0.490566,0.342857,0.433333,0.285714,0.285714
inrap_pactols_sujets_aat.sssom.tsv,pactols:pcrt3Y24BzzYhk,seau,aat:300045651,buckets (vessels),seau,buckets,skos:exactMatch,exactMatch,semapv:UnspecifiedMatching,0.289062,0.338623,0.190476,0.531046,0.285714,0.285714,0.181818,0.464286,0.181818,0.181818
ads_eh_tmt2_aat.sssom.tsv,fish_tmt2:/concepts/141875,MACELLUM,aat:300005241,macella,MACELLUM,macella,skos:exactMatch,exactMatch,semapv:UnspecifiedMatching,0.289062,0.289062,0.800000,0.921429,0.800000,0.800000,0.800000,0.921429,0.800000,0.800000
inrap_pactols_sujets_aat.sssom.tsv,pactols:pcrtpuX90VQ6vw,amulette,aat:300266585,amulets,amulette,amulets,skos:exactMatch,exactMatch,semapv:UnspecifiedMatching,0.288818,0.288818,0.800000,0.921429,0.800000,0.800000,0.800000,0.921429,0.800000,0.800000
inrap_pactols_sujets_aat.sssom.tsv,pactols:pcrtJkiAM9JJEl,tablette,aat:300028879,tablets (information artifacts),tablette,tablets,skos:exactMatch,exactMatch,semapv:UnspecifiedMatching,0.288574,0.709961,0.358974,0.820161,0.307692,0.307692,0.800000,0.921429,0.800000,0.800000
inrap_pactols_sujets_aat.sssom.tsv,pactols:pcrtxirQzRy18W,toponymie,aat:300054272,toponymy,toponymie,toponymy,skos:exactMatch,exactMatch,semapv:UnspecifiedMatching,0.288086,0.288086,0.823529,0.930556,0.823529,0.823529,0.823529,0.930556,0.823529,0.823529
inrap_pactols_sujets_aat.sssom.tsv,pactols:pcrtvtdrjzINR5,archéologie subaquatique,aat:300054339,underwater archaeology,archéologie subaquatique,underwater archaeology,skos:exactMatch,exactMatch,semapv:UnspecifiedMatching,0.287842,0.287842,0.347826,0.490404,0.565217,0.565217,0.347826,0.490404,0.565217,0.565217
inrap_pactols_sujets_aat.sssom.tsv,pactols:pcrtJM6rFSQ84T,AMS,aat:300198980,mass spectrometers,AMS,mass spectrometers,skos:exactMatch,exactMatch,semapv:UnspecifiedMatching,0.287842,0.287842,0.285714,0.611111,0.285714,0.285714,0.285714,0.611111,0.285714,0.285714
ads_eh_tmt2_aat.sssom.tsv,fish_tmt2:/concepts/69977,CATHEDRAL PRECINCT,aat:300387001,holy precincts,CATHEDRAL PRECINCT,holy precincts,skos:closeMatch,closeMatch,semapv:UnspecifiedMatching,0.287842,0.287842,0.687500,0.647427,0.687500,0.687500,0.687500,0.647427,0.687500,0.687500
inrap_pactols_sujets_aat.sssom.tsv,pactols:pcrtoRerEcO48K,guerrier,aat:300261945,warriors,guerrier,warriors,skos:exactMatch,exactMatch,semapv:UnspecifiedMatching,0.287598,0.287598,0.500000,0.666667,0.500000,0.500000,0.500000,0.666667,0.500000,0.500000
inrap_pactols_sujets_aat.sssom.tsv,pactols:pcrtYqQiDynWG8,itinéraire,aat:300027086,itineraries,itinéraire,itineraries,skos:exactMatch,exactMatch,semapv:UnspecifiedMatching,0.287598,0.287598,0.761905,0.921414,0.761905,0.761905,0.761905,0.921414,0.761905,0.761905
inrap_pactols_sujets_aat.sssom.tsv,pactols:pcrtkup1vSkwAZ,millet,aat:300400462,Millettia (genus),millet,Millettia,skos:exactMatch,exactMatch,semapv:UnspecifiedMatching,0.287598,0.501953,0.521739,0.870588,0.521739,0.521739,0.800000,0.933333,0.800000,0.800000
inrap_pactols_sujets_aat.sssom.tsv,pactols:pcrtWe1U0gnsaJ,confort,aat:300158836,comfort (sensation),confort,comfort,skos:exactMatch,exactMatch,semapv:UnspecifiedMatching,0.286865,0.784668,0.461538,0.779449,0.461538,0.461538,0.857143,0.923810,0.857143,0.857143
ads_eh_tmc_aat.sssom.tsv,fish_tmc:/concepts/100272,BARGE,aat:300232674,barges (flat-bottomed watercraft),BARGE,barges,skos:exactMatch,exactMatch,semapv:UnspecifiedMatching,0.286377,0.638672,0.263158,0.830303,0.263158,0.263158,0.909091,0.966667,0.909091,0.909091
inrap_pactols_sujets_aat.sssom.tsv,pactols:pcrt6ihD3VYe4o,arc monumental,aat:300007002,memorial arches,arc monumental,memorial arches,skos:exactMatch,exactMatch,semapv:UnspecifiedMatching,0.285645,0.285645,0.275862,0.599471,0.551724,0.551724,0.275862,0.599471,0.551724,0.551724
ads_eh_tmc_aat.sssom.tsv,fish_tmc:/concepts/100447,SCHOONER,aat:300212871,schooners,SCHOONER,schooners,skos:exactMatch,exactMatch,semapv:UnspecifiedMatching,0.285156,0.285156,0.941176,0.977778,0.941176,0.941176,0.941176,0.977778,0.941176,0.941176
ads_eh_tmt2_aat.sssom.tsv,fish_tmt2:/concepts/70182,SANCTUARY,aat:300004575,sanctuaries (religious building spaces),SANCTUARY,sanctuaries,skos:exactMatch,exactMatch,semapv:UnspecifiedMatching,0.284912,0.378174,0.333333,0.698006,0.333333,0.333333,0.800000,0.923232,0.800000,0.800000
ads_mda_obj_aat.sssom.tsv,fish_obj:/concepts/95986,PILGRIM BADGE,aat:300265066,pilgrim badges,PILGRIM BADGE,pilgrim badges,skos:exactMatch,exactMatch,semapv:UnspecifiedMatching,0.284912,0.284912,0.962963,0.985714,0.962963,0.962963,0.962963,0.985714,0.962963,0.962963
ads_eh_tmc_aat.sssom.tsv,fish_tmc:/concepts/100472,TANKER,aat:300216586,tankers (cargo vessels),TANKER,tankers,skos:exactMatch,exactMatch,semapv:UnspecifiedMatching,0.284668,0.294434,0.413793,0.852174,0.413793,0.413793,0.923077,0.971429,0.923077,0.923077
ads_eh_tmt2_aat.sssom.tsv,fish_tmt2:/concepts/104173,LONGHOUSE,aat:300005672,longhouses (multiple dwellings),LONGHOUSE,longhouses,skos:closeMatch,closeMatch,semapv:UnspecifiedMatching,0.284424,0.423096,0.450000,0.858065,0.450000,0.450000,0.947368,0.980000,0.947368,0.947368
ads_mda_obj_aat.sssom.tsv,fish_obj:/concepts/95975,GRAVE MARKER,aat:300391176,grave markers,GRAVE MARKER,grave markers,skos:exactMatch,exactMatch,semapv:UnspecifiedMatching,0.284180,0.284180,0.960000,0.984615,0.960000,0.960000,0.960000,0.984615,0.960000,0.960000
dai_aat.sssom.tsv,http://thesauri.dainst.org/_18fc3bb5,Kopie(n)/Umbildung( en),aat:300404073,pastiche copies,Kopie/Umbildung,pastiche copies,skos:exactMatch,exactMatch,semapv:UnspecifiedMatching,0.284180,0.323486,0.263158,0.442512,0.263158,0.263158,0.266667,0.511111,0.333333,0.333333
dai_aat.sssom.tsv,http://thesauri.dainst.org/_8c4f2ca0,Kleine Gottheiten / Mythische Wesen,aat:300375725,mythical or legendary beings,Kleine Gottheiten / Mythische Wesen,mythical or legendary beings,skos:closeMatch,closeMatch,semapv:UnspecifiedMatching,0.283691,0.283691,0.317460,0.560364,0.476190,0.476190,0.317460,0.560364,0.476190,0.476190
inrap_pactols_sujets_aat.sssom.tsv,pactols:pcrtX1X3PUJHwQ,faisselle,aat:300201088,sieves,faisselle,sieves,skos:exactMatch,exactMatch,semapv:UnspecifiedMatching,0.283447,0.283447,0.400000,0.537037,0.400000,0.400000,0.400000,0.537037,0.400000,0.400000
inrap_pactols_sujets_aat.sssom.tsv,pactols:pcrtYko2Uw1uib,borne,aat:300006962,boundary stones,borne,boundary stones,skos:exactMatch,exactMatch,semapv:UnspecifiedMatching,0.282959,0.282959,0.500000,0.605556,0.500000,0.500000,0.500000,0.605556,0.500000,0.500000
ads_eh_tmt2_aat.sssom.tsv,fish_tmt2:/concepts/68833,CASTLE,aat:300006891,castles (fortifications),CASTLE,castles,skos:exactMatch,exactMatch,semapv:UnspecifiedMatching,0.282715,0.388184,0.400000,0.850000,0.400000,0.400000,0.923077,0.971429,0.923077,0.923077
ads_mda_obj_aat.sssom.tsv,fish_obj:/concepts/96464,TONGS,aat:300024748,tongs (devices),TONGS,tongs,skos:exactMatch,exactMatch,semapv:UnspecifiedMatching,0.282471,0.472900,0.500000,0.866667,0.500000,1.000000,1.000000,1.000000,1.000000,1.000000
ads_mda_obj_aat.sssom.tsv,fish_obj:/concepts/95135,BULLET,aat:300201694,bullets,BULLET,bullets,skos:closeMatch,closeMatch,semapv:UnspecifiedMatching,0.282227,0.282227,0.923077,0.971429,0.923077,0.923077,0.923077,0.971429,0.923077,0.923077
inrap_pactols_sujets_aat.sssom.tsv,pactols:pcrtqLkW2z3SmU,couvent,aat:300000635,convents (built complexes),couvent,convents,skos:exactMatch,exactMatch,semapv:UnspecifiedMatching,0.281982,0.568359,0.363636,0.767033,0.363636,0.363636,0.800000,0.850794,0.800000,0.800000
inrap_pactols_sujets_aat.sssom.tsv,pactols:pcrtl5ONg8O33B,sigillée claire,aat:300387474,terra sigillata chiara,sigillée claire,terra sigillata chiara,skos:exactMatch,exactMatch,semapv:UnspecifiedMatching,0.281494,0.281494,0.540541,0.615152,0.594595,0.594595,0.540541,0.615152,0.594595,0.594595
dai_aat.sssom.tsv,http://thesauri.dainst.org/_2769,Kirche,aat:300007466,churches (buildings),Kirche,churches,skos:exactMatch,exactMatch,semapv:UnspecifiedMatching,0.280273,0.513672,0.307692,0.538889,0.384615,0.384615,0.571429,0.638889,0.571429,0.571429
inrap_pactols_sujets_aat.sssom.tsv,pactols:pcrtKG1x4JyOvt,tasse,aat:300043202,cups (drinking vessels),tasse,cups,skos:exactMatch,exactMatch,semapv:UnspecifiedMatching,0.280273,0.216919,0.214286,0.414493,0.214286,0.214286,0.222222,0.483333,0.222222,0.222222
inrap_pactols_sujets_aat.sssom.tsv,pactols:pcrtBcnnbWFksB,plaque-boucle,aat:300375281,belt buckles,plaque-boucle,belt buckles,skos:exactMatch,exactMatch,semapv:UnspecifiedMatching,0.280273,0.280273,0.480000,0.612027,0.480000,0.480000,0.480000,0.612027,0.480000,0.480000
inrap_pactols_sujets_aat.sssom.tsv,pactols:pcrtKAS0FH5vun,archéomagnétisme,aat:300081754,paleomagnetic dating,archéomagnétisme,paleomagnetic dating,skos:exactMatch,exactMatch,semapv:UnspecifiedMatching,0.280273,0.280273,0.444444,0.633796,0.444444,0.444444,0.444444,0.633796,0.444444,0.444444
ads_eh_tmt2_aat.sssom.tsv,fish_tmt2:/concepts/69062,GRAVEL PIT,aat:300000389,gravel pits,GRAVEL PIT,gravel pits,skos:exactMatch,exactMatch,semapv:UnspecifiedMatching,0.280029,0.280029,0.952381,0.981818,0.952381,0.952381,0.952381,0.981818,0.952381,0.952381
dai_aat.sssom.tsv,http://thesauri.dainst.org/_c4c74360,hethitisch,aat:300019652,Hittite (culture or style),hethitisch,Hittite,skos:exactMatch,exactMatch,semapv:UnspecifiedMatching,0.279053,0.498047,0.277778,0.561172,0.333333,0.333333,0.470588,0.671429,0.470588,0.470588
inrap_pactols_sujets_aat.sssom.tsv,pactols:pcrtBdx2xbw5L8,reconstitution,aat:300053742,restoration (process),reconstitution,restoration,skos:closeMatch,closeMatch,semapv:UnspecifiedMatching,0.278809,0.440674,0.457143,0.616402,0.457143,0.457143,0.640000,0.797018,0.640000,0.640000
inrap_pactols_sujets_aat.sssom.tsv,pactols:pcrt5Vyzd3D9vw,société,aat:300138065,social functions,société,social functions,skos:closeMatch,closeMatch,semapv:UnspecifiedMatching,0.278809,0.278809,0.434783,0.675595,0.347826,0.347826,0.434783,0.675595,0.347826,0.347826
ads_eh_tmt2_aat.sssom.tsv,fish_tmt2:/concepts/94115,AISLED HALL HOUSE,aat:300247461,hall houses,AISLED HALL HOUSE,hall houses,skos:closeMatch,closeMatch,semapv:UnspecifiedMatching,0.278809,0.278809,0.714286,0.791444,0.714286,0.714286,0.714286,0.791444,0.714286,0.714286
ads_eh_tmt2_aat.sssom.tsv,fish_tmt2:/concepts/68716,HOSPITAL,aat:300006676,hospitals (buildings for health facility),HOSPITAL,hospitals,skos:exactMatch,exactMatch,semapv:UnspecifiedMatching,0.278076,0.315430,0.326531,0.839024,0.326531,0.326531,0.941176,0.977778,0.941176,0.941176
dai_aat.sssom.tsv,http://thesauri.dainst.org/_89eafd46,Glasverarbeitung,aat:300389849,glassworks (buildings),Glasverarbeitung,glassworks,skos:exactMatch,exactMatch,semapv:UnspecifiedMatching,0.277832,0.530273,0.473684,0.659848,0.263158,0.263158,0.384615,0.604167,0.384615,0.384615
ads_mda_obj_aat.sssom.tsv,fish_obj:/concepts/95424,INGOT,aat:300137865,ingot,INGOT,ingot,skos:exactMatch,exactMatch,semapv:UnspecifiedMatching,0.277588,0.277588,1.000000,1.000000,1.000000,1.000000,1.000000,1.000000,1.000000,1.000000
inrap_pactols_sujets_aat.sssom.tsv,pactols:pcrt8uSV4Y8Zx3,forteresse,aat:300006894,fortresses,forteresse,fortresses,skos:exactMatch,exactMatch,semapv:UnspecifiedMatching,0.277100,0.277100,0.900000,0.915556,0.900000,0.900000,0.900000,0.915556,0.900000,0.900000
inrap_pactols_sujets_aat.sssom.tsv,pactols:pcrtkzqjsdoWsv,pierre sèche,aat:300070971,dry walls (masonry),pierre sèche,dry walls,skos:exactMatch,exactMatch,semapv:UnspecifiedMatching,0.277100,0.296143,0.193548,0.469298,0.258065,0.258065,0.285714,0.527778,0.285714,0.285714
inrap_pactols_sujets_aat.sssom.tsv,pactols:pcrtqdNtRi9Tsb,sépulture secondaire,aat:300379368,reburial,sépulture secondaire,reburial,skos:closeMatch,closeMatch,semapv:UnspecifiedMatching,0.277100,0.277100,0.214286,0.400000,0.285714,0.285714,0.214286,0.400000,0.285714,0.285714
inrap_pactols_sujets_aat.sssom.tsv,pactols:pcrtIxHmbVwDYW,mur,aat:300002469,walls,mur,walls,skos:exactMatch,exactMatch,semapv:UnspecifiedMatching,0.277100,0.277100,0.000000,0.000000,0.000000,0.000000,0.000000,0.000000,0.000000,0.000000
ads_mda_obj_aat.sssom.tsv,fish_obj:/concepts/95074,Animal Bone,aat:300191781,skeleton components (animal components),Animal Bone,skeleton components,skos:exactMatch,exactMatch,semapv:UnspecifiedMatching,0.276855,0.221558,0.400000,0.519134,0.400000,0.400000,0.333333,0.525404,0.266667,0.266667
inrap_pactols_sujets_aat.sssom.tsv,pactols:pcrtlZ7VYeGKO3,plaquette,aat:300010262,plaques (flat objects),plaquette,plaques,skos:exactMatch,exactMatch,semapv:UnspecifiedMatching,0.276855,0.607422,0.516129,0.850505,0.387097,0.387097,0.750000,0.904762,0.750000,0.750000
inrap_pactols_sujets_aat.sssom.tsv,pactols:pcrt4HEc49rMp7,édifice public,aat:300008059,public buildings (governmental buildings),édifice public,public buildings,skos:exactMatch,exactMatch,semapv:UnspecifiedMatching,0.276367,0.386475,0.254545,0.533154,0.290909,0.600000,0.400000,0.607143,0.400000,0.600000
inrap_pactols_sujets_aat.sssom.tsv,pactols:pcrt4vmcwIU4yP,sédimentologie,aat:300379586,sedimentology,sédimentologie,sedimentology,skos:exactMatch,exactMatch,semapv:UnspecifiedMatching,0.276123,0.276123,0.814815,0.835015,0.814815,0.814815,0.814815,0.835015,0.814815,0.814815
inrap_pactols_sujets_aat.sssom.tsv,pactols:pcrt61TDW4zbkB,poids monétaire,aat:300254280,coin weights,poids monétaire,coin weights,skos:exactMatch,exactMatch,semapv:UnspecifiedMatching,0.275635,0.275635,0.296296,0.522222,0.370370,0.370370,0.296296,0.522222,0.370370,0.370370
inrap_pactols_sujets_aat.sssom.tsv,pactols:pcrtbhNbSIzWXG,colonne,aat:300001571,columns (architectural elements),colonne,columns,skos:exactMatch,exactMatch,semapv:UnspecifiedMatching,0.275146,0.391113,0.256410,0.623512,0.256410,0.256410,0.571429,0.800000,0.571429,0.571429
inrap_pactols_sujets_aat.sssom.tsv,pactols:pcrtkn1hAXHveS,métal,aat:300010900,metal,métal,metal,skos:exactMatch,exactMatch,semapv:UnspecifiedMatching,0.274902,0.274902,0.800000,0.880000,0.800000,0.800000,0.800000,0.880000,0.800000,0.800000
inrap_pactols_sujets_aat.sssom.tsv,pactols:pcrtXOgVOi2Rbt,saunerie,aat:300045537,saltworks,saunerie,saltworks,skos:exactMatch,exactMatch,semapv:UnspecifiedMatching,0.273926,0.273926,0.352941,0.569444,0.352941,0.352941,0.352941,0.569444,0.352941,0.352941
inrap_pactols_sujets_aat.sssom.tsv,pactols:pcrtfqo3RFoFJ5,faune sauvage,aat:300310185,wild animals,faune sauvage,wild animals,skos:exactMatch,exactMatch,semapv:UnspecifiedMatching,0.273682,0.273682,0.240000,0.467094,0.240000,0.240000,0.240000,0.467094,0.240000,0.240000
inrap_pactols_sujets_aat.sssom.tsv,pactols:pcrt9n2Ts8Ezd2,exploitation agricole,aat:300008420,agricultural settlements,exploitation agricole,agricultural settlements,skos:closeMatch,closeMatch,semapv:UnspecifiedMatching,0.273438,0.273438,0.311111,0.509199,0.488889,0.488889,0.311111,0.509199,0.488889,0.488889
ads_mda_obj_aat.sssom.tsv,fish_obj:/concepts/96369,FLOWER POT,aat:300194749,flowerpots,FLOWER POT,flowerpots,skos:exactMatch,exactMatch,semapv:UnspecifiedMatching,0.273438,0.273438,0.900000,0.960000,0.900000,0.900000,0.900000,0.960000,0.900000,0.900000
inrap_pactols_sujets_aat.sssom.tsv,pactols:pcrtxhiROcXtaM,céramique moderne,aat:300111457,modern European ceramics styles,céramique moderne,modern European ceramics styles,skos:exactMatch,exactMatch,semapv:UnspecifiedMatching,0.273438,0.273438,0.291667,0.574174,0.625000,0.625000,0.291667,0.574174,0.625000,0.625000
dai_aat.sssom.tsv,http://thesauri.dainst.org/_32a94cf8,Bahnhof,aat:300007783,railroad stations,Bahnhof,railroad stations,skos:exactMatch,exactMatch,semapv:UnspecifiedMatching,0.273193,0.273193,0.166667,0.467787,0.166667,0.166667,0.166667,0.467787,0.166667,0.166667
inrap_pactols_sujets_aat.sssom.tsv,pactols:pcrtOl4a3UUtiu,lièvre,aat:300250216,hares (Leporidae),lièvre,hares,skos:exactMatch,exactMatch,semapv:UnspecifiedMatching,0.272705,0.151733,0.260870,0.447712,0.347826,0.347826,0.363636,0.577778,0.363636,0.363636
dai_aat.sssom.tsv,http://thesauri.dainst.org/_2763,Hafen,aat:300008678,harbors,Hafen,harbors,skos:exactMatch,exactMatch,semapv:UnspecifiedMatching,0.272461,0.272461,0.333333,0.561905,0.333333,0.333333,0.333333,0.561905,0.333333,0.333333
inrap_pactols_sujets_aat.sssom.tsv,pactols:pcrtBedPXm0UJJ,fondation de bâtiment,aat:300000919,foundations (structural elements),fondation de bâtiment,foundations,skos:exactMatch,exactMatch,semapv:UnspecifiedMatching,0.272461,0.420410,0.555556,0.772855,0.555556,0.555556,0.562500,0.799134,0.562500,0.562500
inrap_pactols_sujets_aat.sssom.tsv,pactols:pcrthA4kIWMu84,dent,aat:300400467,teeth (animal components),dent,teeth,skos:exactMatch,exactMatch,semapv:UnspecifiedMatching,0.272217,0.454590,0.206897,0.512222,0.206897,0.206897,0.444444,0.633333,0.444444,0.444444
inrap_pactols_sujets_aat.sssom.tsv,pactols:pcrthcbe2XySTb,fosse cultuelle,aat:300400647,ritual pits,fosse cultuelle,ritual pits,skos:exactMatch,exactMatch,semapv:UnspecifiedMatching,0.272217,0.272217,0.230769,0.460101,0.230769,0.230769,0.230769,0.460101,0.230769,0.230769
ads_mda_obj_aat.sssom.tsv,fish_obj:/concepts/95671,Horse Bit,aat:300248085,bits (bridle components),Horse Bit,bits,skos:exactMatch,exactMatch,semapv:UnspecifiedMatching,0.272217,0.470215,0.303030,0.546958,0.363636,0.363636,0.461538,0.453704,0.615385,0.615385
inrap_pactols_sujets_aat.sssom.tsv,pactols:pcrthoMrS3qnLo,musée,aat:300312281,museums (institutions),musée,museums,skos:exactMatch,exactMatch,semapv:UnspecifiedMatching,0.272217,0.636230,0.296296,0.660606,0.296296,0.296296,0.666667,0.853333,0.666667,0.666667
inrap_pactols_sujets_aat.sssom.tsv,pactols:pcrtXOuO8FKGbe,matériaux de réemploi,aat:300056392,adaptive reuse,matériaux de réemploi,adaptive reuse,skos:exactMatch,exactMatch,semapv:UnspecifiedMatching,0.271973,0.271973,0.400000,0.630159,0.400000,0.400000,0.400000,0.630159,0.400000,0.400000
ads_mda_obj_aat.sssom.tsv,fish_obj:/concepts/97288,PIN,aat:300036423,pins (fasteners),PIN,pins,skos:exactMatch,exactMatch,semapv:UnspecifiedMatching,0.271973,0.687500,0.315789,0.810417,0.315789,0.315789,0.857143,0.941667,0.857143,0.857143
inrap_pactols_sujets_aat.sssom.tsv,pactols:pcrtaNAa6VITc0,ovinés,aat:300250284,Ovis (genus),ovinés,Ovis,skos:exactMatch,exactMatch,semapv:UnspecifiedMatching,0.271973,0.500977,0.555556,0.683333,0.444444,0.444444,0.800000,0.922222,0.800000,0.800000
inrap_pactols_sujets_aat.sssom.tsv,pactols:pcrtiSegPnzgXc,pratique religieuse,aat:300056005,worship,pratique religieuse,worship,skos:closeMatch,closeMatch,semapv:UnspecifiedMatching,0.271729,0.271729,0.153846,0.417711,0.153846,0.153846,0.153846,0.417711,0.153846,0.153846
inrap_pactols_sujets_aat.sssom.tsv,pactols:pcrthaIQSu4FM1,école,aat:300266108,schools (institutions),école,schools,skos:exactMatch,exactMatch,semapv:UnspecifiedMatching,0.271240,0.477051,0.222222,0.578788,0.222222,0.222222,0.500000,0.676190,0.500000,0.500000
dai_aat.sssom.tsv,http://thesauri.dainst.org/_f4d61358,Original,aat:300015644,originals (objects),Original,originals,skos:exactMatch,exactMatch,semapv:UnspecifiedMatching,0.270996,0.679199,0.592593,0.884211,0.592593,0.592593,0.941176,0.977778,0.941176,0.941176
inrap_pactols_sujets_aat.sssom.tsv,pactols:pcrtRshWtjD9Qm,empreinte de pied,aat:300263476,footprints (foot impressions),empreinte de pied,footprints,skos:exactMatch,exactMatch,semapv:UnspecifiedMatching,0.270996,0.331299,0.391304,0.511021,0.391304,0.391304,0.370370,0.464706,0.370370,0.370370
inrap_pactols_sujets_aat.sssom.tsv,pactols:pcrtu5RUM9S618,couleur,aat:300080438,colors (hues or tints),couleur,colors,skos:exactMatch,exactMatch,semapv:UnspecifiedMatching,0.270508,0.748535,0.344828,0.598846,0.275862,0.275862,0.615385,0.796825,0.615385,0.615385
ads_eh_tmt2_aat.sssom.tsv,fish_tmt2:/concepts/68977,Habitation Site,aat:300008347,inhabited places,Habitation Site,inhabited places,skos:closeMatch,closeMatch,semapv:UnspecifiedMatching,0.270508,0.270508,0.451613,0.630556,0.451613,0.451613,0.451613,0.630556,0.451613,0.451613
inrap_pactols_sujets_aat.sssom.tsv,pactols:pcrtGKX5Bwi4vU,char,aat:300212699,chariots (ancient vehicles),char,chariots,skos:exactMatch,exactMatch,semapv:UnspecifiedMatching,0.270264,0.290283,0.258065,0.829630,0.258065,0.258065,0.666667,0.900000,0.666667,0.666667
ads_mda_obj_aat.sssom.tsv,fish_obj:/concepts/96370,GRINDSTONE,aat:300263933,grinding stones,GRINDSTONE,grinding stones,skos:closeMatch,closeMatch,semapv:UnspecifiedMatching,0.269775,0.269775,0.800000,0.893333,0.800000,0.800000,0.800000,0.893333,0.800000,0.800000
inrap_pactols_sujets_aat.sssom.tsv,pactols:pcrt0HFzFNNK1N,sable,aat:300014341,sand,sable,sand,skos:exactMatch,exactMatch,semapv:UnspecifiedMatching,0.269775,0.269775,0.444444,0.633333,0.444444,0.444444,0.444444,0.633333,0.444444,0.444444
inrap_pactols_sujets_aat.sssom.tsv,pactols:pcrtgEDZEUxU7l,oule,aat:300199780,ollas,oule,ollas,skos:exactMatch,exactMatch,semapv:UnspecifiedMatching,0.269531,0.269531,0.444444,0.633333,0.444444,0.444444,0.444444,0.633333,0.444444,0.444444
dai_aat.sssom.tsv,http://thesauri.dainst.org/_3007,Handwerker,aat:300025389,craftsmen,Handwerker,craftsmen,skos:exactMatch,exactMatch,semapv:UnspecifiedMatching,0.269531,0.269531,0.210526,0.474074,0.210526,0.210526,0.210526,0.474074,0.210526,0.210526
ads_mda_obj_aat.sssom.tsv,fish_obj:/concepts/148295,Carved Stone,aat:300047090,sculpture (visual work),Carved Stone,sculpture,skos:closeMatch,closeMatch,semapv:UnspecifiedMatching,0.269287,0.143921,0.342857,0.546498,0.285714,0.285714,0.285714,0.509259,0.285714,0.285714
inrap_pactols_sujets_aat.sssom.tsv,pactols:pcrtg00vcKiNAp,espace vert,aat:300008166,grounds (open spaces),espace vert,grounds,skos:closeMatch,closeMatch,semapv:UnspecifiedMatching,0.269043,0.176025,0.375000,0.430880,0.375000,0.375000,0.111111,0.000000,0.111111,0.111111
ads_eh_tmt2_aat.sssom.tsv,fish_tmt2:/concepts/140084,ANCHORAGE (MARITIME),aat:300386968,anchorages,ANCHORAGE,anchorages,skos:exactMatch,exactMatch,semapv:UnspecifiedMatching,0.268799,0.449219,0.600000,0.870000,0.600000,0.600000,0.947368,0.980000,0.947368,0.947368
inrap_pactols_sujets_aat.sssom.tsv,pactols:pcrtyn2aQ6ANE7,cotte de mailles,aat:300299206,shirts of mail,cotte de mailles,shirts of mail,skos:exactMatch,exactMatch,semapv:UnspecifiedMatching,0.268555,0.268555,0.466667,0.648810,0.333333,0.333333,0.466667,0.648810,0.333333,0.333333
inrap_pactols_sujets_aat.sssom.tsv,pactols:pcrtajHBJm1GSI,loisirs,aat:300138173,leisure,loisirs,leisure,skos:exactMatch,exactMatch,semapv:UnspecifiedMatching,0.267822,0.267822,0.571429,0.742857,0.571429,0.571429,0.571429,0.742857,0.571429,0.571429
inrap_pactols_sujets_aat.sssom.tsv,pactols:pcrtASNSSVPKAu,sigillée africaine,aat:300301393,African terra sigillata,sigillée africaine,African terra sigillata,skos:exactMatch,exactMatch,semapv:UnspecifiedMatching,0.267822,0.267822,0.390244,0.544942,0.731707,0.731707,0.390244,0.544942,0.731707,0.731707
inrap_pactols_sujets_aat.sssom.tsv,pactols:pcrttmPpnMmB2t,oratoire,aat:300007459,oratories,oratoire,oratories,skos:exactMatch,exactMatch,semapv:UnspecifiedMatching,0.267822,0.267822,0.823529,0.952778,0.823529,0.823529,0.823529,0.952778,0.823529,0.823529
inrap_pactols_sujets_aat.sssom.tsv,pactols:pcrth768oLavp9,patère,aat:300260178,paterae (containers),patère,paterae,skos:exactMatch,exactMatch,semapv:UnspecifiedMatching,0.267578,0.447998,0.384615,0.627778,0.384615,0.384615,0.769231,0.847778,0.769231,0.769231
ads_eh_tmt2_aat.sssom.tsv,fish_tmt2:/concepts/70038,BURIAL PIT,aat:300387004,burial sites,BURIAL PIT,burial sites,skos:closeMatch,closeMatch,semapv:UnspecifiedMatching,0.267334,0.267334,0.818182,0.930000,0.818182,0.818182,0.818182,0.930000,0.818182,0.818182
dai_aat.sssom.tsv,http://thesauri.dainst.org/_485b993c,Ganggrab,aat:300120810,passage graves,Ganggrab,passage graves,skos:exactMatch,exactMatch,semapv:UnspecifiedMatching,0.267090,0.267090,0.454545,0.594048,0.272727,0.272727,0.454545,0.594048,0.272727,0.272727
inrap_pactols_sujets_aat.sssom.tsv,pactols:pcrtMVyOncjILc,habitat fortifié,aat:300387238,fortified settlements,habitat fortifié,fortified settlements,skos:exactMatch,exactMatch,semapv:UnspecifiedMatching,0.266846,0.266846,0.378378,0.533730,0.540541,0.540541,0.378378,0.533730,0.540541,0.540541
ads_eh_tmt2_aat.sssom.tsv,fish_tmt2:/concepts/69175,FURNACE,aat:300024650,furnaces (heating components),FURNACE,furnaces,skos:exactMatch,exactMatch,semapv:UnspecifiedMatching,0.266602,0.489014,0.388889,0.848276,0.388889,0.388889,0.933333,0.975000,0.933333,0.933333
ads_mda_obj_aat.sssom.tsv,fish_obj:/concepts/95809,SHEARS,aat:300024672,shears (cutting tools),SHEARS,shears,skos:exactMatch,exactMatch,semapv:UnspecifiedMatching,0.266357,0.473145,0.428571,0.854545,0.428571,1.000000,1.000000,1.000000,1.000000,1.000000
inrap_pactols_sujets_aat.sssom.tsv,pactols:pcrttKbi4kQsJN,établissement de bain,aat:300007347,bathhouses (water recreation structures),établissement de bain,bathhouses,skos:exactMatch,exactMatch,semapv:UnspecifiedMatching,0.266357,0.351807,0.295082,0.553175,0.327869,0.327869,0.193548,0.517460,0.322581,0.322581
ads_mda_obj_aat.sssom.tsv,fish_obj:/concepts/95074,Animal Tooth,aat:300400467,teeth (animal components),Animal Tooth,teeth,skos:exactMatch,exactMatch,semapv:UnspecifiedMatching,0.265381,0.178345,0.540541,0.687778,0.594595,0.594595,0.352941,0.427778,0.352941,0.352941
dai_aat.sssom.tsv,http://thesauri.dainst.org/_9279632d,Unbelebte Motive,aat:300009700,motifs,Unbelebte Motive,motifs,skos:closeMatch,closeMatch,semapv:UnspecifiedMatching,0.264893,0.264893,0.363636,0.409722,0.363636,0.363636,0.363636,0.409722,0.363636,0.363636
ads_mda_obj_aat.sssom.tsv,fish_obj:/concepts/96770,DISH,aat:300198294,serving dishes,DISH,serving dishes,skos:closeMatch,closeMatch,semapv:UnspecifiedMatching,0.264404,0.264404,0.444444,0.380952,0.444444,0.444444,0.444444,0.380952,0.444444,0.444444
dai_aat.sssom.tsv,http://thesauri.dainst.org/_61fc01bc,etruskisch,aat:300020471,Etruscan (culture or style),etruskisch,Etruscan,skos:exactMatch,exactMatch,semapv:UnspecifiedMatching,0.264160,0.380127,0.324324,0.607407,0.324324,0.324324,0.666667,0.870000,0.666667,0.666667
inrap_pactols_sujets_aat.sssom.tsv,pactols:pcrt8icSwjOM7u,abbaye,aat:300000642,abbeys (monasteries),abbaye,abbeys,skos:exactMatch,exactMatch,semapv:UnspecifiedMatching,0.264160,0.478027,0.384615,0.797778,0.307692,0.307692,0.666667,0.875556,0.666667,0.666667
inrap_pactols_sujets_aat.sssom.tsv,pactols:pcrt9M0SrAITut,remblai,aat:300008023,embankments,remblai,embankments,skos:exactMatch,exactMatch,semapv:UnspecifiedMatching,0.263916,0.263916,0.444444,0.645022,0.444444,0.444444,0.444444,0.645022,0.444444,0.444444
inrap_pactols_sujets_aat.sssom.tsv,pactols:pcrtMr3tb79bV8,bois,aat:300011914,wood (plant material),bois,wood,skos:exactMatch,exactMatch,semapv:UnspecifiedMatching,0.263916,0.583984,0.160000,0.432540,0.080000,0.080000,0.250000,0.500000,0.250000,0.250000
dai_aat.sssom.tsv,http://thesauri.dainst.org/_54363cb0,Kopie,aat:300015642,replicas,Kopie,replicas,skos:exactMatch,exactMatch,semapv:UnspecifiedMatching,0.263672,0.263672,0.307692,0.547222,0.307692,0.307692,0.307692,0.547222,0.307692,0.307692
dai_aat.sssom.tsv,http://thesauri.dainst.org/_1af93ea0,Geschäshaus,aat:300005147,commercial buildings,Geschäshaus,commercial buildings,skos:exactMatch,exactMatch,semapv:UnspecifiedMatching,0.263672,0.263672,0.322581,0.501515,0.258065,0.258065,0.322581,0.501515,0.258065,0.258065
dai_aat.sssom.tsv,http://thesauri.dainst.org/_2be24780,Forum/Agora,aat:300008085,forums (open spaces),Forum/Agora,forums,skos:exactMatch,exactMatch,semapv:UnspecifiedMatching,0.263428,0.472900,0.451613,0.614502,0.387097,0.387097,0.588235,0.857576,0.588235,0.588235
ads_eh_tmt2_aat.sssom.tsv,fish_tmt2:/concepts/87924,LAKE,aat:300008680,lakes (bodies of water),LAKE,lakes,skos:exactMatch,exactMatch,semapv:UnspecifiedMatching,0.263428,0.442383,0.296296,0.834783,0.296296,0.296296,0.888889,0.960000,0.888889,0.888889
inrap_pactols_sujets_aat.sssom.tsv,pactols:pcrtjMViY6Mka1,structure de combustion,aat:300052267,fireplaces,structure de combustion,fireplaces,skos:exactMatch,exactMatch,semapv:UnspecifiedMatching,0.263184,0.263184,0.242424,0.505797,0.242424,0.242424,0.242424,0.505797,0.242424,0.242424
inrap_pactols_sujets_aat.sssom.tsv,pactols:pcrtmDqe8H6RNF,pointe,aat:300190701,ends (object portions),pointe,ends,skos:exactMatch,exactMatch,semapv:UnspecifiedMatching,0.263184,0.226685,0.285714,0.532828,0.285714,0.285714,0.200000,0.472222,0.200000,0.200000
inrap_pactols_sujets_aat.sssom.tsv,pactols:pcrt6Ei1oWy7fy,intaille,aat:300047216,intaglios (sculptural objects),intaille,intaglios,skos:exactMatch,exactMatch,semapv:UnspecifiedMatching,0.263184,0.611328,0.421053,0.655159,0.315789,0.315789,0.588235,0.850000,0.588235,0.588235
ads_mda_obj_aat.sssom.tsv,fish_obj:/concepts/95689,SPUR,aat:300036923,spurs (costume accessories),SPUR,spurs,skos:exactMatch,exactMatch,semapv:UnspecifiedMatching,0.262451,0.483643,0.258065,0.829630,0.258065,0.258065,0.888889,0.960000,0.888889,0.888889
inrap_pactols_sujets_aat.sssom.tsv,pactols:pcrtARiDUn3jr1,médecine,aat:300054518,medicine (discipline),médecine,medicine,skos:exactMatch,exactMatch,semapv:UnspecifiedMatching,0.262451,0.514648,0.482759,0.640873,0.413793,0.413793,0.750000,0.839286,0.750000,0.750000
ads_mda_obj_aat.sssom.tsv,fish_obj:/concepts/96938,HAMMERSTONE,aat:300024854,hammerstones,HAMMERSTONE,hammerstones,skos:exactMatch,exactMatch,semapv:UnspecifiedMatching,0.261963,0.261963,0.956522,0.983333,0.956522,0.956522,0.956522,0.983333,0.956522,0.956522
ads_eh_tmt2_aat.sssom.tsv,fish_tmt2:/concepts/68580,CORN DRYING OVEN,aat:300003650,ovens (baking equipment),CORN DRYING OVEN,ovens,skos:closeMatch,closeMatch,semapv:UnspecifiedMatching,0.261963,0.174316,0.450000,0.645833,0.450000,0.450000,0.380952,0.508333,0.380952,0.380952
ads_mda_obj_aat.sssom.tsv,fish_obj:/concepts/96291,NAIL,aat:300033565,nails (fasteners),NAIL,nails,skos:exactMatch,exactMatch,semapv:UnspecifiedMatching,0.261719,0.673340,0.380952,0.847059,0.380952,0.380952,0.888889,0.960000,0.888889,0.888889
inrap_pactols_sujets_aat.sssom.tsv,pactols:pcrtoV7zLJpAfX,église,aat:300007466,churches (buildings),église,churches,skos:exactMatch,exactMatch,semapv:UnspecifiedMatching,0.261719,0.468506,0.230769,0.438889,0.307692,0.307692,0.142857,0.361111,0.142857,0.142857
inrap_pactols_sujets_aat.sssom.tsv,pactols:pcrtsyYSjFJeJ3,milliaire,aat:300006973,milestones,milliaire,milestones,skos:exactMatch,exactMatch,semapv:UnspecifiedMatching,0.261475,0.261475,0.421053,0.614815,0.421053,0.421053,0.421053,0.614815,0.421053,0.421053
ads_eh_tmt2_aat.sssom.tsv,fish_tmt2:/concepts/70815,DWELLING,aat:300005425,dwellings,DWELLING,dwellings,skos:exactMatch,exactMatch,semapv:UnspecifiedMatching,0.261230,0.261230,0.941176,0.977778,0.941176,0.941176,0.941176,0.977778,0.941176,0.941176
ads_mda_obj_aat.sssom.tsv,fish_obj:/concepts/96488,BEAD,aat:300234006,beads (pierced objects),BEAD,beads,skos:exactMatch,exactMatch,semapv:UnspecifiedMatching,0.260986,0.256836,0.296296,0.834783,0.296296,0.296296,0.888889,0.960000,0.888889,0.888889
inrap_pactols_sujets_aat.sssom.tsv,pactols:pcrtswvHAQS08J,polissoir,aat:300236674,buffers (surface working tools),polissoir,buffers,skos:exactMatch,exactMatch,semapv:UnspecifiedMatching,0.260742,0.285156,0.200000,0.438949,0.250000,0.250000,0.125000,0.335979,0.125000,0.125000
inrap_pactols_sujets_aat.sssom.tsv,pactols:pcrtvKH7mF2Oas,matière première,aat:300015351,raw material,matière première,raw material,skos:exactMatch,exactMatch,semapv:UnspecifiedMatching,0.259277,0.259277,0.428571,0.597222,0.500000,0.500000,0.428571,0.597222,0.500000,0.500000
inrap_pactols_sujets_aat.sssom.tsv,pactols:pcrt9ftu0VRlXm,ciseau,aat:300024665,chisels,ciseau,chisels,skos:exactMatch,exactMatch,semapv:UnspecifiedMatching,0.259277,0.259277,0.615385,0.771429,0.615385,0.615385,0.615385,0.771429,0.615385,0.615385
ads_eh_tmt2_aat.sssom.tsv,fish_tmt2:/concepts/70332,BOUNDARY WALL,aat:300100558,boundary walls,BOUNDARY WALL,boundary walls,skos:exactMatch,exactMatch,semapv:UnspecifiedMatching,0.259277,0.259277,0.962963,0.985714,0.962963,0.962963,0.962963,0.985714,0.962963,0.962963
inrap_pactols_sujets_aat.sssom.tsv,pactols:pcrtzDkqZHm1L4,cavalier,aat:300188602,equestrians,cavalier,equestrians,skos:exactMatch,exactMatch,semapv:UnspecifiedMatching,0.259277,0.259277,0.210526,0.438131,0.210526,0.210526,0.210526,0.438131,0.210526,0.210526
dai_aat.sssom.tsv,http://thesauri.dainst.org/_2748,Bibliothek,aat:300006824,libraries (buildings),Bibliothek,libraries,skos:closeMatch,closeMatch,semapv:UnspecifiedMatching,0.259033,0.417236,0.322581,0.517460,0.322581,0.322581,0.421053,0.618519,0.421053,0.421053
inrap_pactols_sujets_aat.sssom.tsv,pactols:pcrtD5qOdEAPPF,arsenal,aat:300000448,arsenals (buildings),arsenal,arsenals,skos:exactMatch,exactMatch,semapv:UnspecifiedMatching,0.259033,0.771973,0.518519,0.870000,0.518519,0.518519,0.933333,0.975000,0.933333,0.933333
inrap_pactols_sujets_aat.sssom.tsv,pactols:pcrtEWWJvOVoh5,mortier de chaux,aat:300014741,mortar (filler),mortier de chaux,mortar,skos:exactMatch,exactMatch,semapv:UnspecifiedMatching,0.258789,0.317139,0.451613,0.594444,0.451613,0.451613,0.454545,0.829167,0.454545,0.454545
dai_aat.sssom.tsv,http://thesauri.dainst.org/_f1d12674,Macellum / Markt,aat:300005241,macella,Macellum / Markt,macella,skos:exactMatch,exactMatch,semapv:UnspecifiedMatching,0.258301,0.258301,0.608696,0.887500,0.608696,0.608696,0.608696,0.887500,0.608696,0.608696
dai_aat.sssom.tsv,http://thesauri.dainst.org/_19456837,Wohnbau,aat:300257729,residential structures,Wohnbau,residential structures,skos:closeMatch,closeMatch,semapv:UnspecifiedMatching,0.258301,0.258301,0.206897,0.521645,0.206897,0.206897,0.206897,0.521645,0.206897,0.206897
inrap_pactols_sujets_aat.sssom.tsv,pactols:pcrt1ZRzwFzjxD,coffret,aat:300039119,coffers (furniture),coffret,coffers,skos:exactMatch,exactMatch,semapv:UnspecifiedMatching,0.257812,0.285645,0.461538,0.845113,0.384615,0.384615,0.714286,0.909524,0.714286,0.714286
inrap_pactols_sujets_aat.sssom.tsv,pactols:pcrtRpEmyMyoAU,boeuf,aat:300250282,oxen,boeuf,oxen,skos:exactMatch,exactMatch,semapv:UnspecifiedMatching,0.257812,0.257812,0.444444,0.633333,0.444444,0.444444,0.444444,0.633333,0.444444,0.444444
inrap_pactols_sujets_aat.sssom.tsv,pactols:pcrtEYqI4kLNb3,teinturerie,aat:300053049,dyeing,teinturerie,dyeing,skos:exactMatch,exactMatch,semapv:UnspecifiedMatching,0.257568,0.257568,0.352941,0.590909,0.352941,0.352941,0.352941,0.590909,0.352941,0.352941
inrap_pactols_sujets_aat.sssom.tsv,pactols:pcrtWANqEEARhN,dégraissant,aat:300379577,degreasing,dégraissant,degreasing,skos:exactMatch,exactMatch,semapv:UnspecifiedMatching,0.257568,0.257568,0.571429,0.758052,0.571429,0.571429,0.571429,0.758052,0.571429,0.571429
inrap_pactols_sujets_aat.sssom.tsv,pactols:pcrtbwGuSAPKld,salle capitulaire,aat:300007418,chapter houses,salle capitulaire,chapter houses,skos:exactMatch,exactMatch,semapv:UnspecifiedMatching,0.257568,0.257568,0.387097,0.555672,0.516129,0.516129,0.387097,0.555672,0.516129,0.516129
inrap_pactols_sujets_aat.sssom.tsv,pactols:pcrtrMs1qgrvxu,quai,aat:300120782,quays,quai,quays,skos:exactMatch,exactMatch,semapv:UnspecifiedMatching,0.257080,0.257080,0.666667,0.848333,0.666667,0.666667,0.666667,0.848333,0.666667,0.666667
dai_aat.sssom.tsv,http://thesauri.dainst.org/_2a43d597,Barbakane,aat:300003628,barbicans,Barbakane,barbicans,skos:exactMatch,exactMatch,semapv:UnspecifiedMatching,0.256348,0.256348,0.666667,0.866667,0.666667,0.666667,0.666667,0.866667,0.666667,0.666667
inrap_pactols_sujets_aat.sssom.tsv,pactols:pcrt7nHkxJNLlf,bassin sédimentaire,aat:300386845,basins (landforms),bassin sédimentaire,basins,skos:closeMatch,closeMatch,semapv:UnspecifiedMatching,0.256348,0.342041,0.432432,0.654971,0.324324,0.324324,0.480000,0.801462,0.480000,0.480000
ads_eh_tmt2_aat.sssom.tsv,fish_tmt2:/concepts/70384,CAVE,aat:300008746,caves,CAVE,caves,skos:exactMatch,exactMatch,semapv:UnspecifiedMatching,0.256348,0.256348,0.888889,0.960000,0.888889,0.888889,0.888889,0.960000,0.888889,0.888889
ads_eh_tmt2_aat.sssom.tsv,fish_tmt2:/concepts/70044,BURIAL CAIRN,aat:300006960,cairns,BURIAL CAIRN,cairns,skos:exactMatch,exactMatch,semapv:UnspecifiedMatching,0.256104,0.256104,0.555556,0.472222,0.555556,0.555556,0.555556,0.472222,0.555556,0.555556
ads_eh_tmt2_aat.sssom.tsv,fish_tmt2:/concepts/68695,COLLEGE,aat:300312285,colleges (institutions),COLLEGE,colleges,skos:exactMatch,exactMatch,semapv:UnspecifiedMatching,0.255859,0.279297,0.466667,0.860870,0.466667,0.466667,0.933333,0.975000,0.933333,0.933333
ads_mda_obj_aat.sssom.tsv,fish_obj:/concepts/95896,AMULET,aat:300266585,amulets,AMULET,amulets,skos:exactMatch,exactMatch,semapv:UnspecifiedMatching,0.254639,0.254639,0.923077,0.971429,0.923077,0.923077,0.923077,0.971429,0.923077,0.923077
ads_eh_tmt2_aat.sssom.tsv,fish_tmt2:/concepts/141948,MACHINE GUN POST,aat:300221835,gun mounts,MACHINE GUN POST,gun mounts,skos:closeMatch,closeMatch,semapv:UnspecifiedMatching,0.254395,0.254395,0.461538,0.617262,0.538462,0.538462,0.461538,0.617262,0.538462,0.538462
ads_mda_obj_aat.sssom.tsv,fish_obj:/concepts/95169,BREASTPLATE,aat:300036753,breastplates (body armor),BREASTPLATE,breastplates,skos:exactMatch,exactMatch,semapv:UnspecifiedMatching,0.254395,0.287842,0.611111,0.888000,0.611111,0.611111,0.956522,0.983333,0.956522,0.956522
inrap_pactols_sujets_aat.sssom.tsv,pactols:pcrt7qUGPzSAnk,suidé,aat:300310427,Suidae (family),suidé,Suidae,skos:exactMatch,exactMatch,semapv:UnspecifiedMatching,0.254150,0.342285,0.400000,0.688889,0.400000,0.400000,0.727273,0.893333,0.727273,0.727273
inrap_pactols_sujets_aat.sssom.tsv,pactols:pcrt7ZUb0jZYg8,ancre,aat:300219429,anchors (watercraft equipment),ancre,anchors,skos:exactMatch,exactMatch,semapv:UnspecifiedMatching,0.253906,0.445801,0.285714,0.805556,0.285714,0.285714,0.666667,0.853333,0.666667,0.666667
inrap_pactols_sujets_aat.sssom.tsv,pactols:pcrta4xHmtEUeL,soc d'araire,aat:300400665,plowshares,soc d'araire,plowshares,skos:exactMatch,exactMatch,semapv:UnspecifiedMatching,0.253906,0.253906,0.363636,0.572222,0.363636,0.363636,0.363636,0.572222,0.363636,0.363636
ads_eh_tmc_aat.sssom.tsv,fish_tmc:/concepts/100383,LIBERTY SHIP,aat:300233434,Liberty ships,LIBERTY SHIP,Liberty ships,skos:exactMatch,exactMatch,semapv:UnspecifiedMatching,0.253174,0.253174,0.960000,0.984615,0.960000,0.960000,0.960000,0.984615,0.960000,0.960000
ads_eh_tmt2_aat.sssom.tsv,fish_tmt2:/concepts/69199,INDUSTRIAL BUILDING,aat:300006231,industrial buildings,INDUSTRIAL BUILDING,industrial buildings,skos:closeMatch,closeMatch,semapv:UnspecifiedMatching,0.252441,0.252441,0.974359,0.990000,0.974359,0.974359,0.974359,0.990000,0.974359,0.974359
inrap_pactols_sujets_aat.sssom.tsv,pactols:pcrt4UwtOmnUDx,cuve,aat:300194541,vats (containers),cuve,vats,skos:exactMatch,exactMatch,semapv:UnspecifiedMatching,0.252441,0.281738,0.190476,0.372549,0.190476,0.190476,0.250000,0.000000,0.250000,0.250000
inrap_pactols_sujets_aat.sssom.tsv,pactols:pcrtu7Kn9LSoe6,logement des religieux,aat:300005639,clergy houses,logement des religieux,clergy houses,skos:exactMatch,exactMatch,semapv:UnspecifiedMatching,0.252441,0.252441,0.285714,0.534674,0.285714,0.285714,0.285714,0.534674,0.285714,0.285714
ads_mda_obj_aat.sssom.tsv,fish_obj:/concepts/95398,SEAL,aat:300028877,seals (artifacts),SEAL,seals,skos:closeMatch,closeMatch,semapv:UnspecifiedMatching,0.252197,0.311768,0.380952,0.847059,0.380952,0.380952,0.888889,0.960000,0.888889,0.888889
inrap_pactols_sujets_aat.sssom.tsv,pactols:pcrt9A9KDllfAq,archéologie préventive,aat:300379376,rescue archaeology,archéologie préventive,rescue archaeology,skos:closeMatch,closeMatch,semapv:UnspecifiedMatching,0.252197,0.252197,0.400000,0.598485,0.600000,0.600000,0.400000,0.598485,0.600000,0.600000
inrap_pactols_sujets_aat.sssom.tsv,pactols:pcrtJHV6SKuS8I,histoire,aat:300054394,history (discipline),histoire,history,skos:exactMatch,exactMatch,semapv:UnspecifiedMatching,0.251709,0.775879,0.500000,0.694048,0.428571,0.428571,0.800000,0.921429,0.800000,0.800000
ads_mda_obj_aat.sssom.tsv,fish_obj:/concepts/96791,MUG,aat:300043248,mugs (cups),MUG,mugs,skos:exactMatch,exactMatch,semapv:UnspecifiedMatching,0.251221,0.490723,0.428571,0.830303,0.428571,0.428571,0.857143,0.941667,0.857143,0.857143
ads_mda_obj_aat.sssom.tsv,fish_obj:/concepts/95132,ARROWHEAD,aat:300024861,arrowheads,ARROWHEAD,arrowheads,skos:exactMatch,exactMatch,semapv:UnspecifiedMatching,0.251221,0.251221,0.947368,0.980000,0.947368,0.947368,0.947368,0.980000,0.947368,0.947368
inrap_pactols_sujets_aat.sssom.tsv,pactols:pcrtM4tR8ZGTvw,vaisselle,aat:300244578,ware,vaisselle,ware,skos:exactMatch,exactMatch,semapv:UnspecifiedMatching,0.250977,0.250977,0.307692,0.574074,0.307692,0.307692,0.307692,0.574074,0.307692,0.307692
inrap_pactols_sujets_aat.sssom.tsv,pactols:pcrtUR3VSyzS1r,pilier,aat:300264605,pillars,pilier,pillars,skos:exactMatch,exactMatch,semapv:UnspecifiedMatching,0.250488,0.250488,0.615385,0.822222,0.615385,0.615385,0.615385,0.822222,0.615385,0.615385
inrap_pactols_sujets_aat.sssom.tsv,pactols:pcrtvWHPMsEEqO,vie quotidienne,aat:300252897,ways of life,vie quotidienne,ways of life,skos:closeMatch,closeMatch,semapv:UnspecifiedMatching,0.250488,0.250488,0.296296,0.533333,0.222222,0.222222,0.296296,0.533333,0.222222,0.222222
inrap_pactols_sujets_aat.sssom.tsv,pactols:pcrtJ71ZuyuOEq,abside,aat:300004607,apses,abside,apses,skos:exactMatch,exactMatch,semapv:UnspecifiedMatching,0.249756,0.249756,0.545455,0.730000,0.545455,0.545455,0.545455,0.730000,0.545455,0.545455
inrap_pactols_sujets_aat.sssom.tsv,pactols:pcrt3OJx1alrMD,enfant,aat:300025945,children (people by age group),enfant,children,skos:exactMatch,exactMatch,semapv:UnspecifiedMatching,0.249634,0.641602,0.166667,0.466667,0.166667,0.166667,0.285714,0.430556,0.285714,0.285714
inrap_pactols_sujets_aat.sssom.tsv,pactols:pcrtU6YoUalie6,corne,aat:300011826,horn (animal material),corne,horn,skos:exactMatch,exactMatch,semapv:UnspecifiedMatching,0.249390,0.415283,0.296296,0.578788,0.296296,0.296296,0.666667,0.783333,0.666667,0.666667
ads_mda_obj_aat.sssom.tsv,fish_obj:/concepts/96397,BARREL,aat:300194514,barrels (containers),BARREL,barrels,skos:exactMatch,exactMatch,semapv:UnspecifiedMatching,0.249268,0.409912,0.461538,0.860000,0.461538,0.461538,0.923077,0.971429,0.923077,0.923077
inrap_pactols_sujets_aat.sssom.tsv,pactols:pcrtclfneB8qKO,beffroi,aat:300004848,bell towers,beffroi,bell towers,skos:exactMatch,exactMatch,semapv:UnspecifiedMatching,0.249146,0.249146,0.333333,0.567100,0.333333,0.333333,0.333333,0.567100,0.333333,0.333333
ads_mda_obj_aat.sssom.tsv,fish_obj:/concepts/96767,CUP,aat:300043202,cups (drinking vessels),CUP,cups,skos:exactMatch,exactMatch,semapv:UnspecifiedMatching,0.248535,0.557129,0.230769,0.797101,0.230769,0.230769,0.857143,0.941667,0.857143,0.857143
inrap_pactols_sujets_aat.sssom.tsv,pactols:pcrtrJuZIg7rGs,encrier,aat:300196797,inkwells,encrier,inkwells,skos:exactMatch,exactMatch,semapv:UnspecifiedMatching,0.248291,0.248291,0.266667,0.511905,0.266667,0.266667,0.266667,0.511905,0.266667,0.266667
inrap_pactols_sujets_aat.sssom.tsv,pactols:pcrtB9St4P5oUc,céramique romaine,aat:300107361,Roman pottery styles,céramique romaine,Roman pottery styles,skos:exactMatch,exactMatch,semapv:UnspecifiedMatching,0.248047,0.248047,0.324324,0.498529,0.432432,0.432432,0.324324,0.498529,0.432432,0.432432
dai_aat.sssom.tsv,http://thesauri.dainst.org/_c807125a,Wachturm,aat:300134522,watchtowers,Wachturm,watchtowers,skos:exactMatch,exactMatch,semapv:UnspecifiedMatching,0.247070,0.247070,0.631579,0.767677,0.631579,0.631579,0.631579,0.767677,0.631579,0.631579
dai_aat.sssom.tsv,http://thesauri.dainst.org/_16fb930d,Dorf,aat:300008372,villages,Dorf,villages,skos:exactMatch,exactMatch,semapv:UnspecifiedMatching,0.247070,0.247070,0.000000,0.000000,0.000000,0.000000,0.000000,0.000000,0.000000,0.000000
inrap_pactols_sujets_aat.sssom.tsv,pactols:pcrtcOdrZSUYkk,perle,aat:300234006,beads (pierced objects),perle,beads,skos:exactMatch,exactMatch,semapv:UnspecifiedMatching,0.246948,0.292236,0.285714,0.491304,0.285714,0.285714,0.200000,0.466667,0.200000,0.200000
inrap_pactols_sujets_aat.sssom.tsv,pactols:pcrtpST0gidgL5,assiette,aat:300042991,"plates (general, dishes)",assiette,plates,skos:exactMatch,exactMatch,semapv:UnspecifiedMatching,0.246826,0.052307,0.250000,0.544444,0.312500,0.312500,0.428571,0.638889,0.428571,0.428571
ads_eh_com_aat.sssom.tsv,fish_com:/concepts/137632,CRANE,aat:300022331,cranes (equipment),CRANE,cranes,skos:exactMatch,exactMatch,semapv:UnspecifiedMatching,0.246704,0.429688,0.434783,0.855556,0.434783,0.434783,0.909091,0.966667,0.909091,0.909091
ads_eh_tbm_aat.sssom.tsv,fish_tbm:/concepts/97777,BRICK,aat:300010463,brick (clay product),BRICK,brick,skos:closeMatch,closeMatch,semapv:UnspecifiedMatching,0.246582,0.335938,0.400000,0.850000,0.400000,1.000000,1.000000,1.000000,1.000000,1.000000
ads_eh_tmt2_aat.sssom.tsv,fish_tmt2:/concepts/68972,MIDDEN,aat:300120507,middens,MIDDEN,middens,skos:exactMatch,exactMatch,semapv:UnspecifiedMatching,0.246460,0.246460,0.923077,0.971429,0.923077,0.923077,0.923077,0.971429,0.923077,0.923077
inrap_pactols_sujets_aat.sssom.tsv,pactols:pcrtylFLKbzFds,entrée,aat:300002776,entrances,entrée,entrances,skos:exactMatch,exactMatch,semapv:UnspecifiedMatching,0.246460,0.246460,0.666667,0.877778,0.666667,0.666667,0.666667,0.877778,0.666667,0.666667
dai_aat.sssom.tsv,http://thesauri.dainst.org/_bea379f7,Grabaltar,aat:300391172,grave altars,Grabaltar,grave altars,skos:exactMatch,exactMatch,semapv:UnspecifiedMatching,0.246338,0.246338,0.761905,0.896296,0.476190,0.476190,0.761905,0.896296,0.476190,0.476190
ads_eh_tmc_aat.sssom.tsv,fish_tmc:/concepts/100350,FRIGATE (SAIL),aat:300212611,frigates,FRIGATE,frigates,skos:closeMatch,closeMatch,semapv:UnspecifiedMatching,0.245728,0.541016,0.727273,0.914286,0.636364,0.636364,0.933333,0.975000,0.933333,0.933333
ads_mda_obj_aat.sssom.tsv,fish_obj:/concepts/96010,BRICK,aat:300010534,building brick (clay products),BRICK,building brick,skos:closeMatch,closeMatch,semapv:UnspecifiedMatching,0.245728,0.306641,0.285714,0.655556,0.285714,1.000000,0.526316,0.514286,0.526316,1.000000
inrap_pactols_sujets_aat.sssom.tsv,pactols:pcrt5bIL1UtwcT,minerai,aat:300152583,ore,minerai,ore,skos:exactMatch,exactMatch,semapv:UnspecifiedMatching,0.244141,0.244141,0.200000,0.492063,0.200000,0.200000,0.200000,0.492063,0.200000,0.200000
inrap_pactols_sujets_aat.sssom.tsv,pactols:pcrtYHA8kKMYt9,exploitation du sel,aat:300045537,saltworks,exploitation du sel,saltworks,skos:closeMatch,closeMatch,semapv:UnspecifiedMatching,0.244141,0.244141,0.285714,0.539571,0.285714,0.285714,0.285714,0.539571,0.285714,0.285714
inrap_pactols_sujets_aat.sssom.tsv,pactols:pcrtFoO4fLvQDw,tribunal,aat:300252735,courts (judicial bodies),tribunal,courts,skos:exactMatch,exactMatch,semapv:UnspecifiedMatching,0.243652,0.388672,0.250000,0.611111,0.187500,0.187500,0.142857,0.361111,0.142857,0.142857
inrap_pactols_sujets_aat.sssom.tsv,pactols:pcrtaEf2wWY07i,numismatique,aat:300054419,numismatics,numismatique,numismatics,skos:exactMatch,exactMatch,semapv:UnspecifiedMatching,0.243652,0.243652,0.782609,0.913636,0.782609,0.782609,0.782609,0.913636,0.782609,0.782609
inrap_pactols_sujets_aat.sssom.tsv,pactols:pcrt125sJ3jsbN,technologie du verre,aat:300053929,glassworking,technologie du verre,glassworking,skos:closeMatch,closeMatch,semapv:UnspecifiedMatching,0.243530,0.243530,0.187500,0.422222,0.187500,0.187500,0.187500,0.422222,0.187500,0.187500
inrap_pactols_sujets_aat.sssom.tsv,pactols:pcrtuNA5xRSr9l,artisanat,aat:300054704,crafts (art genres),artisanat,crafts,skos:exactMatch,exactMatch,semapv:UnspecifiedMatching,0.243286,0.309082,0.357143,0.620162,0.357143,0.357143,0.400000,0.620370,0.400000,0.400000
inrap_pactols_sujets_aat.sssom.tsv,pactols:pcrtzmgVgArOJh,dessin,aat:300033973,drawings (visual works),dessin,drawings,skos:exactMatch,exactMatch,semapv:UnspecifiedMatching,0.243042,0.513184,0.206897,0.550242,0.206897,0.206897,0.428571,0.625000,0.428571,0.428571
inrap_pactols_sujets_aat.sssom.tsv,pactols:pcrthimvauXNFz,tombe sous tuile,aat:300400653,tile graves,tombe sous tuile,tile graves,skos:exactMatch,exactMatch,semapv:UnspecifiedMatching,0.242920,0.242920,0.296296,0.522348,0.444444,0.444444,0.296296,0.522348,0.444444,0.444444
ads_eh_tmt2_aat.sssom.tsv,fish_tmt2:/concepts/70398,PIT,aat:300008027,pits (earthworks),PIT,pits,skos:closeMatch,closeMatch,semapv:UnspecifiedMatching,0.242920,0.425293,0.300000,0.807843,0.300000,0.300000,0.857143,0.941667,0.857143,0.857143
inrap_pactols_sujets_aat.sssom.tsv,pactols:pcrtKZYwYOkWlK,amas coquillier,aat:300120507,middens,amas coquillier,middens,skos:exactMatch,exactMatch,semapv:UnspecifiedMatching,0.242798,0.242798,0.272727,0.473016,0.272727,0.272727,0.272727,0.473016,0.272727,0.272727
inrap_pactols_sujets_aat.sssom.tsv,pactols:pcrt9DTr18hBPc,flacon,aat:300045671,flasks (bottles),flacon,flasks,skos:exactMatch,exactMatch,semapv:UnspecifiedMatching,0.242554,0.308105,0.363636,0.638889,0.272727,0.272727,0.500000,0.666667,0.500000,0.500000
inrap_pactols_sujets_aat.sssom.tsv,pactols:pcrt9mMcUmpjLn,chaussée,aat:300008231,causeways,chaussée,causeways,skos:exactMatch,exactMatch,semapv:UnspecifiedMatching,0.242310,0.242310,0.588235,0.775000,0.588235,0.588235,0.588235,0.775000,0.588235,0.588235
inrap_pactols_sujets_aat.sssom.tsv,pactols:pcrtQnuRW9SKmF,balsamaire,aat:300197635,perfume bottles,balsamaire,perfume bottles,skos:exactMatch,exactMatch,semapv:UnspecifiedMatching,0.241943,0.241943,0.240000,0.388889,0.400000,0.400000,0.240000,0.388889,0.400000,0.400000
inrap_pactols_sujets_aat.sssom.tsv,pactols:pcrt9rY1ZcA6mi,escalier,aat:300003228,stairs,escalier,stairs,skos:exactMatch,exactMatch,semapv:UnspecifiedMatching,0.241821,0.241821,0.571429,0.722222,0.571429,0.571429,0.571429,0.722222,0.571429,0.571429
inrap_pactols_sujets_aat.sssom.tsv,pactols:pcrttfGiJWaY3o,trace d'usage (lithique),aat:300249135,use-wear analysis,trace d'usage,use-wear analysis,skos:closeMatch,closeMatch,semapv:UnspecifiedMatching,0.241455,0.377441,0.292683,0.568301,0.341463,0.341463,0.200000,0.507218,0.266667,0.266667
inrap_pactols_sujets_aat.sssom.tsv,pactols:pcrtoRerEcO48K,militaire,aat:300185678,soldiers,militaire,soldiers,skos:exactMatch,exactMatch,semapv:UnspecifiedMatching,0.241333,0.241333,0.352941,0.481481,0.352941,0.352941,0.352941,0.481481,0.352941,0.352941
ads_mda_obj_aat.sssom.tsv,fish_obj:/concepts/95183,HELMET,aat:300036794,helmets (protective wear),HELMET,helmets,skos:exactMatch,exactMatch,semapv:UnspecifiedMatching,0.240967,0.556152,0.387097,0.848000,0.387097,0.387097,0.923077,0.971429,0.923077,0.923077
inrap_pactols_sujets_aat.sssom.tsv,pactols:pcrt0SEeMmB4DY,corpus,aat:300311737,corpora (writings),corpus,corpora,skos:exactMatch,exactMatch,semapv:UnspecifiedMatching,0.240967,0.522461,0.416667,0.629630,0.333333,0.333333,0.615385,0.847619,0.615385,0.615385
ads_eh_tmt2_aat.sssom.tsv,fish_tmt2:/concepts/69333,WINDMILL,aat:300006273,windmills,WINDMILL,windmills,skos:exactMatch,exactMatch,semapv:UnspecifiedMatching,0.240845,0.240845,0.941176,0.977778,0.941176,0.941176,0.941176,0.977778,0.941176,0.941176
ads_mda_obj_aat.sssom.tsv,fish_obj:/concepts/96054,DOOR,aat:300002803,doors,DOOR,doors,skos:exactMatch,exactMatch,semapv:UnspecifiedMatching,0.240845,0.240845,0.888889,0.960000,0.888889,0.888889,0.888889,0.960000,0.888889,0.888889
ads_mda_obj_aat.sssom.tsv,fish_obj:/concepts/95877,CHALICE,aat:300194762,chalices (liturgical vessels),CHALICE,chalices,skos:exactMatch,exactMatch,semapv:UnspecifiedMatching,0.240479,0.471680,0.388889,0.848276,0.388889,0.388889,0.933333,0.975000,0.933333,0.933333
dai_aat.sssom.tsv,http://thesauri.dainst.org/_a48496de,König / Pharao,aat:300025481,kings (people),König / Pharao,kings,skos:exactMatch,exactMatch,semapv:UnspecifiedMatching,0.240479,0.297852,0.428571,0.619048,0.285714,0.285714,0.315789,0.611905,0.315789,0.315789
ads_mda_obj_aat.sssom.tsv,fish_obj:/concepts/96456,STAVE,aat:300014680,staves (boards),STAVE,staves,skos:exactMatch,exactMatch,semapv:UnspecifiedMatching,0.240356,0.427734,0.500000,0.866667,0.500000,0.500000,0.909091,0.966667,0.909091,0.909091
ads_mda_obj_aat.sssom.tsv,fish_obj:/concepts/96472,MOULD,aat:300024814,moulds (shaping tools),MOULD,moulds,skos:closeMatch,closeMatch,semapv:UnspecifiedMatching,0.240234,0.420166,0.370370,0.845455,0.370370,0.370370,0.909091,0.966667,0.909091,0.909091
ads_mda_obj_aat.sssom.tsv,fish_obj:/concepts/96667,BUCKLE,aat:300239260,buckles (strap accessories),BUCKLE,buckles,skos:exactMatch,exactMatch,semapv:UnspecifiedMatching,0.239990,0.345703,0.363636,0.844444,0.363636,0.363636,0.923077,0.971429,0.923077,0.923077
inrap_pactols_sujets_aat.sssom.tsv,pactols:pcrtxzTYzVBKas,architecture (conception),aat:300055882,architectural theory,architecture,architectural theory,skos:exactMatch,exactMatch,semapv:UnspecifiedMatching,0.239868,0.489502,0.622222,0.843333,0.533333,0.533333,0.750000,0.920000,0.750000,0.750000
inrap_pactols_sujets_aat.sssom.tsv,pactols:pcrtvw7qwGBX9r,botanique,aat:300054467,botany,botanique,botany,skos:exactMatch,exactMatch,semapv:UnspecifiedMatching,0.239624,0.239624,0.666667,0.877778,0.666667,0.666667,0.666667,0.877778,0.666667,0.666667
inrap_pactols_sujets_aat.sssom.tsv,pactols:pcrtm0wNp3ZYm9,mise en scène,aat:300379280,spectacles (performances),mise en scène,spectacles,skos:exactMatch,exactMatch,semapv:UnspecifiedMatching,0.239380,0.378906,0.368421,0.561795,0.368421,0.368421,0.347826,0.561538,0.347826,0.347826
dai_aat.sssom.tsv,http://thesauri.dainst.org/_0e7a4339,Rampe,aat:300003219,ramps (circulation elements),Rampe,ramps,skos:closeMatch,closeMatch,semapv:UnspecifiedMatching,0.239258,0.320312,0.303030,0.647619,0.242424,0.242424,0.800000,0.920000,0.800000,0.800000
inrap_pactols_sujets_aat.sssom.tsv,pactols:pcrtamDrEz9F4I,réservoir,aat:300006191,reservoirs (water distribution structures),réservoir,reservoirs,skos:exactMatch,exactMatch,semapv:UnspecifiedMatching,0.239136,0.318359,0.313725,0.651455,0.313725,0.313725,0.842105,0.869167,0.842105,0.842105
inrap_pactols_sujets_aat.sssom.tsv,pactols:pcrth4ik1YqDS1,éléphant,aat:300250160,Elephantidae (family),éléphant,Elephantidae,skos:exactMatch,exactMatch,semapv:UnspecifiedMatching,0.238647,0.431641,0.413793,0.678571,0.413793,0.413793,0.600000,0.750000,0.600000,0.600000
inrap_pactols_sujets_aat.sssom.tsv,pactols:pcrtllf5h2mEWg,atelier métallurgique,aat:300122139,metal works structures,atelier métallurgique,metal works structures,skos:closeMatch,closeMatch,semapv:UnspecifiedMatching,0.238525,0.238525,0.372093,0.594517,0.325581,0.325581,0.372093,0.594517,0.325581,0.325581
inrap_pactols_sujets_aat.sssom.tsv,pactols:pcrtnO3WTHZ2c4,houe,aat:300024329,hoes (agricultural tools),houe,hoes,skos:exactMatch,exactMatch,semapv:UnspecifiedMatching,0.238525,0.484375,0.206897,0.636667,0.206897,0.206897,0.750000,0.866667,0.750000,0.750000
ads_eh_tmt2_aat.sssom.tsv,fish_tmt2:/concepts/70074,COFFIN,aat:300197585,coffins,COFFIN,coffins,skos:exactMatch,exactMatch,semapv:UnspecifiedMatching,0.238403,0.238403,0.923077,0.971429,0.923077,0.923077,0.923077,0.971429,0.923077,0.923077
ads_mda_obj_aat.sssom.tsv,fish_obj:/concepts/95905,COFFIN,aat:300197585,coffins,COFFIN,coffins,skos:exactMatch,exactMatch,semapv:UnspecifiedMatching,0.238403,0.238403,0.923077,0.971429,0.923077,0.923077,0.923077,0.971429,0.923077,0.923077
inrap_pactols_sujets_aat.sssom.tsv,pactols:pcrtDm4SzIGTiV,repas,aat:300379053,"meals (eating, event)",repas,meals,skos:exactMatch,exactMatch,semapv:UnspecifiedMatching,0.237915,0.403076,0.230769,0.580952,0.230769,0.230769,0.600000,0.733333,0.600000,0.600000
ads_mda_obj_aat.sssom.tsv,fish_obj:/concepts/95165,BATTLEAXE,aat:300036983,battle-axes,BATTLEAXE,battle-axes,skos:exactMatch,exactMatch,semapv:UnspecifiedMatching,0.237915,0.237915,0.900000,0.963636,0.900000,0.900000,0.900000,0.963636,0.900000,0.900000
inrap_pactols_sujets_aat.sssom.tsv,pactols:pcrtcowF6f5sa5,céramique grecque,aat:300020113,Greek pottery styles,céramique grecque,Greek pottery styles,skos:exactMatch,exactMatch,semapv:UnspecifiedMatching,0.237915,0.237915,0.270270,0.495425,0.270270,0.270270,0.270270,0.495425,0.270270,0.270270
ads_eh_tmc_aat.sssom.tsv,fish_tmc:/concepts/100465,SUBMARINE,aat:300212607,submarines,SUBMARINE,submarines,skos:exactMatch,exactMatch,semapv:UnspecifiedMatching,0.237671,0.237671,0.947368,0.980000,0.947368,0.947368,0.947368,0.980000,0.947368,0.947368
inrap_pactols_sujets_aat.sssom.tsv,pactols:pcrtsFdnVuIzkm,amour,aat:300055165,love (emotion),amour,love,skos:exactMatch,exactMatch,semapv:UnspecifiedMatching,0.237549,0.377930,0.210526,0.347619,0.210526,0.210526,0.222222,0.483333,0.222222,0.222222
dai_aat.sssom.tsv,http://thesauri.dainst.org/_41f91ee6,Wasserspeicher,aat:300006191,reservoirs (water distribution structures),Wasserspeicher,reservoirs,skos:exactMatch,exactMatch,semapv:UnspecifiedMatching,0.237549,0.192749,0.285714,0.561328,0.321429,0.321429,0.416667,0.590476,0.416667,0.416667
inrap_pactols_sujets_aat.sssom.tsv,pactols:pcrtakKD2YPOgU,zone humide,aat:300008899,wetlands,zone humide,wetlands,skos:exactMatch,exactMatch,semapv:UnspecifiedMatching,0.237427,0.237427,0.210526,0.438131,0.210526,0.210526,0.210526,0.438131,0.210526,0.210526
inrap_pactols_sujets_aat.sssom.tsv,pactols:pcrtTVvJEyAnuf,marché,aat:300005238,markets (structures),marché,markets,skos:exactMatch,exactMatch,semapv:UnspecifiedMatching,0.237305,0.606445,0.307692,0.550000,0.230769,0.230769,0.461538,0.642857,0.461538,0.461538
dai_aat.sssom.tsv,http://thesauri.dainst.org/_1ffb45c5,osmanisch,aat:300021614,Ottoman (style),osmanisch,Ottoman,skos:exactMatch,exactMatch,semapv:UnspecifiedMatching,0.237305,0.237183,0.416667,0.629630,0.333333,0.333333,0.500000,0.671958,0.500000,0.500000
ads_mda_obj_aat.sssom.tsv,fish_obj:/concepts/100147,SHIP,aat:300082981,ships,SHIP,ships,skos:closeMatch,closeMatch,semapv:UnspecifiedMatching,0.236938,0.236938,0.888889,0.960000,0.888889,0.888889,0.888889,0.960000,0.888889,0.888889
inrap_pactols_sujets_aat.sssom.tsv,pactols:pcrtbNWpvbz1pc,bol,aat:300203596,bowls (vessels),bol,bowls,skos:exactMatch,exactMatch,semapv:UnspecifiedMatching,0.236816,0.344971,0.333333,0.786667,0.333333,0.333333,0.750000,0.893333,0.750000,0.750000
ads_mda_obj_aat.sssom.tsv,fish_obj:/concepts/97507,GRAVE SLAB,aat:300185385,tomb slabs,GRAVE SLAB,tomb slabs,skos:exactMatch,exactMatch,semapv:UnspecifiedMatching,0.236694,0.236694,0.500000,0.666667,0.400000,0.400000,0.500000,0.666667,0.400000,0.400000
ads_eh_tmt2_aat.sssom.tsv,fish_tmt2:/concepts/68547,BARN,aat:300004900,barns,BARN,barns,skos:exactMatch,exactMatch,semapv:UnspecifiedMatching,0.236328,0.236328,0.888889,0.960000,0.888889,0.888889,0.888889,0.960000,0.888889,0.888889
ads_mda_obj_aat.sssom.tsv,fish_obj:/concepts/95509,BELL,aat:300041872,bells (idiophones),BELL,bells,skos:exactMatch,exactMatch,semapv:UnspecifiedMatching,0.236084,0.361328,0.363636,0.844444,0.363636,0.363636,0.888889,0.960000,0.888889,0.888889
inrap_pactols_sujets_aat.sssom.tsv,pactols:pcrthcTW4t0cvN,toiture,aat:300014897,roofing,toiture,roofing,skos:exactMatch,exactMatch,semapv:UnspecifiedMatching,0.235840,0.235840,0.285714,0.523810,0.285714,0.285714,0.285714,0.523810,0.285714,0.285714
inrap_pactols_sujets_aat.sssom.tsv,pactols:pcrtx72BOMXZ2d,ouverture,aat:300002765,openings (architectural elements),ouverture,openings,skos:exactMatch,exactMatch,semapv:UnspecifiedMatching,0.235474,0.577637,0.333333,0.615681,0.238095,0.238095,0.235294,0.490741,0.235294,0.235294
dai_aat.sssom.tsv,http://thesauri.dainst.org/_fcd79027,Bahnstrecke,aat:300008591,railroads (infrastructure),Bahnstrecke,railroads,skos:exactMatch,exactMatch,semapv:UnspecifiedMatching,0.235352,0.391602,0.378378,0.480963,0.324324,0.324324,0.200000,0.424242,0.200000,0.200000
ads_eh_tmt2_aat.sssom.tsv,fish_tmt2:/concepts/70439,CULVERT,aat:300006116,culverts,CULVERT,culverts,skos:exactMatch,exactMatch,semapv:UnspecifiedMatching,0.235352,0.235352,0.933333,0.975000,0.933333,0.933333,0.933333,0.975000,0.933333,0.933333
inrap_pactols_sujets_aat.sssom.tsv,pactols:pcrtEZtdnlGSe0,rame,aat:300213077,oars,rame,oars,skos:exactMatch,exactMatch,semapv:UnspecifiedMatching,0.235107,0.235107,0.250000,0.500000,0.250000,0.250000,0.250000,0.500000,0.250000,0.250000
inrap_pactols_sujets_aat.sssom.tsv,pactols:pcrthQ6kKk5A8g,boulet,aat:300201708,cannonballs,boulet,cannonballs,skos:exactMatch,exactMatch,semapv:UnspecifiedMatching,0.234985,0.234985,0.235294,0.419192,0.235294,0.235294,0.235294,0.419192,0.235294,0.235294
inrap_pactols_sujets_aat.sssom.tsv,pactols:pcrtZpexgdVakQ,échange,aat:300387350,exchange media (objects),échange,exchange media,skos:exactMatch,exactMatch,semapv:UnspecifiedMatching,0.234619,0.588867,0.387097,0.535714,0.387097,0.387097,0.571429,0.595238,0.571429,0.571429
dai_aat.sssom.tsv,http://thesauri.dainst.org/_57256287,Grieche,aat:300020072,Ancient Greek (culture or style),Grieche,Ancient Greek,skos:closeMatch,closeMatch,semapv:UnspecifiedMatching,0.234497,0.371094,0.256410,0.570437,0.205128,0.205128,0.400000,0.543040,0.400000,0.400000
dai_aat.sssom.tsv,http://thesauri.dainst.org/_07eeaf49,Katarakt / Stromschnelle,aat:300008738,cataract (bodies of water),Katarakt / Stromschnelle,cataract,skos:exactMatch,exactMatch,semapv:UnspecifiedMatching,0.234375,0.343994,0.400000,0.645085,0.400000,0.400000,0.375000,0.674603,0.375000,0.375000
inrap_pactols_sujets_aat.sssom.tsv,pactols:pcrtfv4IrNiWE8,récipients,aat:300193015,vessels (containers),récipients,vessels,skos:exactMatch,exactMatch,semapv:UnspecifiedMatching,0.234131,0.089844,0.266667,0.522222,0.266667,0.266667,0.235294,0.495238,0.235294,0.235294
inrap_pactols_sujets_aat.sssom.tsv,pactols:pcrttqRMDTN4VE,tuile,aat:300010699,roofing tile,tuile,roofing tile,skos:exactMatch,exactMatch,semapv:UnspecifiedMatching,0.233887,0.233887,0.470588,0.427778,0.470588,0.470588,0.470588,0.427778,0.470588,0.470588
dai_aat.sssom.tsv,http://thesauri.dainst.org/_457fac51,Villa/Landgut,aat:300000238,manors (agricultural complexes),Villa/Landgut,manors,skos:exactMatch,exactMatch,semapv:UnspecifiedMatching,0.233765,0.098816,0.227273,0.512729,0.272727,0.272727,0.210526,0.414530,0.210526,0.210526
dai_aat.sssom.tsv,http://thesauri.dainst.org/_01b8468c,Werkstatt,aat:300007733,workshop buildings,Werkstatt,workshop buildings,skos:exactMatch,exactMatch,semapv:UnspecifiedMatching,0.233765,0.233765,0.296296,0.555556,0.296296,0.296296,0.296296,0.555556,0.296296,0.296296
dai_aat.sssom.tsv,http://thesauri.dainst.org/_ff35ef13,zufällig getrenntes antikes Bauteil,aat:300000885,architectural elements,zufällig getrenntes antikes Bauteil,architectural elements,skos:closeMatch,closeMatch,semapv:UnspecifiedMatching,0.233643,0.233643,0.315789,0.582305,0.385965,0.385965,0.315789,0.582305,0.385965,0.385965
ads_eh_tmt2_aat.sssom.tsv,fish_tmt2:/concepts/70440,DAM,aat:300006084,dams (hydraulic structures),DAM,dams,skos:exactMatch,exactMatch,semapv:UnspecifiedMatching,0.233521,0.474365,0.200000,0.792593,0.200000,0.200000,0.857143,0.941667,0.857143,0.857143
ads_eh_tmt2_aat.sssom.tsv,fish_tmt2:/concepts/70018,BURIAL,aat:300263485,burials,BURIAL,burials,skos:exactMatch,exactMatch,semapv:UnspecifiedMatching,0.233398,0.233398,0.923077,0.971429,0.923077,0.923077,0.923077,0.971429,0.923077,0.923077
dai_aat.sssom.tsv,http://thesauri.dainst.org/_394cea56,Diener / Sklave,aat:300230899,slaves (people),Diener / Sklave,slaves,skos:exactMatch,exactMatch,semapv:UnspecifiedMatching,0.233276,0.320801,0.333333,0.544444,0.533333,0.533333,0.476190,0.488889,0.476190,0.476190
inrap_pactols_sujets_aat.sssom.tsv,pactols:pcrtKLAHnzsSXq,tombe en coffre,aat:300298862,sepulcral chest,tombe en coffre,sepulcral chest,skos:exactMatch,exactMatch,semapv:UnspecifiedMatching,0.233154,0.233154,0.266667,0.427778,0.266667,0.266667,0.266667,0.427778,0.266667,0.266667
dai_aat.sssom.tsv,http://thesauri.dainst.org/_266c3def,eigenständiges Gebäude,aat:300004790,single built works (built environment),eigenständiges Gebäude,single built works,skos:exactMatch,exactMatch,semapv:UnspecifiedMatching,0.232178,0.188354,0.300000,0.490492,0.300000,0.300000,0.350000,0.536700,0.300000,0.300000
inrap_pactols_sujets_aat.sssom.tsv,pactols:pcrtV5hROSW9aQ,poids,aat:300343371,weights (object genres),poids,weights,skos:exactMatch,exactMatch,semapv:UnspecifiedMatching,0.232178,0.578613,0.142857,0.465700,0.214286,0.214286,0.333333,0.561905,0.333333,0.333333
inrap_pactols_sujets_aat.sssom.tsv,pactols:pcrtT7StpJd3ye,sédentarisation,aat:300055401,land settlement,sédentarisation,land settlement,skos:closeMatch,closeMatch,semapv:UnspecifiedMatching,0.231689,0.231689,0.333333,0.563889,0.333333,0.333333,0.333333,0.563889,0.333333,0.333333
inrap_pactols_sujets_aat.sssom.tsv,pactols:pcrtnUINrG3Gx0,fruitière,aat:300011868,fruit (plant components),fruitière,fruit,skos:closeMatch,closeMatch,semapv:UnspecifiedMatching,0.231567,0.669434,0.363636,0.638889,0.303030,0.303030,0.714286,0.911111,0.714286,0.714286
inrap_pactols_sujets_aat.sssom.tsv,pactols:pcrtQ9YJIfA1mQ,pont-levis,aat:300007858,drawbridges,pont-levis,drawbridges,skos:exactMatch,exactMatch,semapv:UnspecifiedMatching,0.231567,0.231567,0.190476,0.413131,0.190476,0.190476,0.190476,0.413131,0.190476,0.190476
inrap_pactols_sujets_aat.sssom.tsv,pactols:pcrtHEc4SsdjMV,crochet,aat:300033537,hooks (fasteners),crochet,hooks,skos:exactMatch,exactMatch,semapv:UnspecifiedMatching,0.231445,0.374268,0.166667,0.435574,0.166667,0.166667,0.166667,0.447619,0.166667,0.166667
inrap_pactols_sujets_aat.sssom.tsv,pactols:pcrtmxvuuXHSTS,roche volcanique,aat:300011178,igneous rock,roche volcanique,igneous rock,skos:exactMatch,exactMatch,semapv:UnspecifiedMatching,0.231201,0.231201,0.285714,0.509722,0.285714,0.285714,0.285714,0.509722,0.285714,0.285714
ads_eh_tmt2_aat.sssom.tsv,fish_tmt2:/concepts/70372,GATEHOUSE,aat:300005621,gatehouses,GATEHOUSE,gatehouses,skos:exactMatch,exactMatch,semapv:UnspecifiedMatching,0.231079,0.231079,0.947368,0.980000,0.947368,0.947368,0.947368,0.980000,0.947368,0.947368
inrap_pactols_sujets_aat.sssom.tsv,pactols:pcrttLoeMjF22J,lingot,aat:300137865,ingot,lingot,ingot,skos:exactMatch,exactMatch,semapv:UnspecifiedMatching,0.230591,0.230591,0.909091,0.944444,0.909091,0.909091,0.909091,0.944444,0.909091,0.909091
ads_eh_tmt2_aat.sssom.tsv,fish_tmt2:/concepts/70080,GRAVE,aat:300005907,graves,GRAVE,graves,skos:exactMatch,exactMatch,semapv:UnspecifiedMatching,0.230591,0.230591,0.909091,0.966667,0.909091,0.909091,0.909091,0.966667,0.909091,0.909091
inrap_pactols_sujets_aat.sssom.tsv,pactols:pcrtR1mzakcqfp,tissage,aat:300053642,weaving,tissage,weaving,skos:exactMatch,exactMatch,semapv:UnspecifiedMatching,0.230103,0.230103,0.285714,0.523810,0.285714,0.285714,0.285714,0.523810,0.285714,0.285714
ads_mda_obj_aat.sssom.tsv,fish_obj:/concepts/96970,SPINDLE,aat:300265738,spindles (textile working equipment),SPINDLE,spindles,skos:exactMatch,exactMatch,semapv:UnspecifiedMatching,0.230103,0.240234,0.325581,0.838889,0.325581,0.325581,0.933333,0.975000,0.933333,0.933333
ads_eh_tmt2_aat.sssom.tsv,fish_tmt2:/concepts/70272,CAUSEWAY,aat:300008231,causeways,CAUSEWAY,causeways,skos:exactMatch,exactMatch,semapv:UnspecifiedMatching,0.229614,0.229614,0.941176,0.977778,0.941176,0.941176,0.941176,0.977778,0.941176,0.941176
dai_aat.sssom.tsv,http://thesauri.dainst.org/_ce31583b,Mole,aat:300387387,moles (structures),Mole,moles,skos:exactMatch,exactMatch,semapv:UnspecifiedMatching,0.229614,0.643066,0.363636,0.844444,0.363636,0.363636,0.888889,0.960000,0.888889,0.888889
inrap_pactols_sujets_aat.sssom.tsv,pactols:pcrt30jRVudWjq,édifice religieux,aat:300007391,religious buildings,édifice religieux,religious buildings,skos:exactMatch,exactMatch,semapv:UnspecifiedMatching,0.229248,0.229248,0.388889,0.571517,0.388889,0.388889,0.388889,0.571517,0.388889,0.388889
ads_mda_obj_aat.sssom.tsv,fish_obj:/concepts/95812,SPADE,aat:300024300,shovels,SPADE,shovels,skos:closeMatch,closeMatch,semapv:UnspecifiedMatching,0.228149,0.228149,0.333333,0.561905,0.333333,0.333333,0.333333,0.561905,0.333333,0.333333
dai_aat.sssom.tsv,http://thesauri.dainst.org/_2739,Altar,aat:300003725,altars,Altar,altars,skos:exactMatch,exactMatch,semapv:UnspecifiedMatching,0.227905,0.227905,0.909091,0.966667,0.909091,0.909091,0.909091,0.966667,0.909091,0.909091
ads_eh_tmt2_aat.sssom.tsv,fish_tmt2:/concepts/68557,DAIRY,aat:300083012,dairies (non- mechanized),DAIRY,dairies,skos:closeMatch,closeMatch,semapv:UnspecifiedMatching,0.227783,0.372314,0.266667,0.653333,0.266667,0.266667,0.666667,0.874286,0.666667,0.666667
inrap_pactols_sujets_aat.sssom.tsv,pactols:pcrtbNrPP8yFxP,brasero,aat:300198452,"braziers (cooking, heating equipment)",brasero,braziers,skos:exactMatch,exactMatch,semapv:UnspecifiedMatching,0.227539,0.468262,0.272727,0.682111,0.227273,0.227273,0.666667,0.845833,0.666667,0.666667
inrap_pactols_sujets_aat.sssom.tsv,pactols:pcrtJakeAnrd68,pichet,aat:300194765,pitchers (vessels),pichet,pitchers,skos:exactMatch,exactMatch,semapv:UnspecifiedMatching,0.227417,0.205200,0.416667,0.666667,0.416667,0.416667,0.714286,0.844444,0.714286,0.714286
dai_aat.sssom.tsv,http://thesauri.dainst.org/_b09b4ff3,Hof/Geöft,aat:300045490,granges (farms),Hof/Geöft,granges,skos:closeMatch,closeMatch,semapv:UnspecifiedMatching,0.226685,0.205566,0.250000,0.511111,0.250000,0.250000,0.250000,0.502646,0.250000,0.250000
inrap_pactols_sujets_aat.sssom.tsv,pactols:pcrtv3UT59y4b6,galerie,aat:300004031,galleries (upper level spaces),galerie,galleries,skos:closeMatch,closeMatch,semapv:UnspecifiedMatching,0.226440,0.512207,0.378378,0.821111,0.378378,0.378378,0.875000,0.948148,0.875000,0.875000
inrap_pactols_sujets_aat.sssom.tsv,pactols:pcrttfsRrzLxgj,entonnoir,aat:300200490,funnels,entonnoir,funnels,skos:exactMatch,exactMatch,semapv:UnspecifiedMatching,0.226318,0.226318,0.250000,0.502646,0.250000,0.250000,0.250000,0.502646,0.250000,0.250000
inrap_pactols_sujets_aat.sssom.tsv,pactols:pcrtTbldUhfb1h,bois de cerf,aat:300395687,antlers (animal components),bois de cerf,antlers,skos:exactMatch,exactMatch,semapv:UnspecifiedMatching,0.226074,0.178955,0.256410,0.471340,0.307692,0.307692,0.210526,0.448413,0.210526,0.210526
inrap_pactols_sujets_aat.sssom.tsv,pactols:pcrtwatV2eYSL2,caisson,aat:300039119,coffers (furniture),caisson,coffers,skos:exactMatch,exactMatch,semapv:UnspecifiedMatching,0.225952,0.289795,0.230769,0.510652,0.153846,0.153846,0.285714,0.523810,0.285714,0.285714
inrap_pactols_sujets_aat.sssom.tsv,pactols:pcrtk0qX6lHZeu,peuplement,aat:300055418,population change,peuplement,population change,skos:closeMatch,closeMatch,semapv:UnspecifiedMatching,0.225952,0.225952,0.296296,0.539869,0.296296,0.296296,0.296296,0.539869,0.296296,0.296296
ads_eh_tmt2_aat.sssom.tsv,fish_tmt2:/concepts/71660,LECTURE THEATRE,aat:300004409,lecture theatres,LECTURE THEATRE,lecture theatres,skos:exactMatch,exactMatch,semapv:UnspecifiedMatching,0.225952,0.225952,0.967742,0.987500,0.967742,0.967742,0.967742,0.987500,0.967742,0.967742
ads_eh_tmt2_aat.sssom.tsv,fish_tmt2:/concepts/139404,INSULA,aat:300000325,insulae,INSULA,insulae,skos:closeMatch,closeMatch,semapv:UnspecifiedMatching,0.225342,0.225342,0.923077,0.971429,0.923077,0.923077,0.923077,0.971429,0.923077,0.923077
inrap_pactols_sujets_aat.sssom.tsv,pactols:pcrtBJYesjJJuc,amphibien,aat:300249665,Amphibia (class),amphibien,Amphibia,skos:exactMatch,exactMatch,semapv:UnspecifiedMatching,0.224731,0.399170,0.560000,0.843056,0.560000,0.560000,0.823529,0.930556,0.823529,0.823529
dai_aat.sssom.tsv,http://thesauri.dainst.org/_d563592b,privater Raum,aat:300400517,space (natural or built world),privater Raum,space,skos:closeMatch,closeMatch,semapv:UnspecifiedMatching,0.224365,0.373291,0.325581,0.515954,0.279070,0.279070,0.333333,0.610256,0.333333,0.333333
inrap_pactols_sujets_aat.sssom.tsv,pactols:pcrtTiTtJfS2XB,évêché,aat:300000799,dioceses,évêché,dioceses,skos:closeMatch,closeMatch,semapv:UnspecifiedMatching,0.223999,0.223999,0.142857,0.430556,0.142857,0.142857,0.142857,0.430556,0.142857,0.142857
ads_eh_tmt2_aat.sssom.tsv,fish_tmt2:/concepts/71391,CURTAIN WALL,aat:300002504,curtain walls (fortification elements),CURTAIN WALL,curtain walls,skos:exactMatch,exactMatch,semapv:UnspecifiedMatching,0.223999,0.261230,0.480000,0.863158,0.480000,0.736842,0.960000,0.984615,0.960000,0.960000
dai_aat.sssom.tsv,http://thesauri.dainst.org/_84c6ab45,prostyler Tempel,aat:300163741,prostyle,prostyler Tempel,prostyle,skos:closeMatch,closeMatch,semapv:UnspecifiedMatching,0.223755,0.223755,0.666667,0.900000,0.666667,0.666667,0.666667,0.900000,0.666667,0.666667
ads_eh_tmt2_aat.sssom.tsv,fish_tmt2:/concepts/68923,BAKEHOUSE,aat:300266040,bakehouses,BAKEHOUSE,bakehouses,skos:exactMatch,exactMatch,semapv:UnspecifiedMatching,0.223145,0.223145,0.947368,0.980000,0.947368,0.947368,0.947368,0.980000,0.947368,0.947368
inrap_pactols_sujets_aat.sssom.tsv,pactols:pcrtWJ6Lelvm6J,objet de toilette,aat:300236191,toilet sets (dresser sets),objet de toilette,toilet sets,skos:closeMatch,closeMatch,semapv:UnspecifiedMatching,0.222900,0.388184,0.418605,0.644473,0.558140,0.558140,0.500000,0.539852,0.642857,0.642857
inrap_pactols_sujets_aat.sssom.tsv,pactols:pcrtZcMrW2O5nI,anneau de cheville,aat:300209294,anklets,anneau de cheville,anklets,skos:exactMatch,exactMatch,semapv:UnspecifiedMatching,0.222534,0.222534,0.320000,0.531746,0.320000,0.320000,0.320000,0.531746,0.320000,0.320000
inrap_pactols_sujets_aat.sssom.tsv,pactols:pcrtnDoiMB7bXc,clé,aat:300251159,keys (adjusting equipment),clé,keys,skos:exactMatch,exactMatch,semapv:UnspecifiedMatching,0.222168,0.521484,0.000000,0.000000,0.000000,0.000000,0.000000,0.000000,0.000000,0.000000
inrap_pactols_sujets_aat.sssom.tsv,pactols:pcrt1eKrSANesO,voie,aat:300265365,routes,voie,routes,skos:exactMatch,exactMatch,semapv:UnspecifiedMatching,0.220703,0.220703,0.400000,0.611111,0.400000,0.400000,0.400000,0.611111,0.400000,0.400000
inrap_pactols_sujets_aat.sssom.tsv,pactols:pcrtTxljL0MI61,retouche,aat:300400661,retouch (archaeological concept),retouche,retouch,skos:exactMatch,exactMatch,semapv:UnspecifiedMatching,0.220703,0.281494,0.400000,0.850000,0.350000,0.350000,0.933333,0.975000,0.933333,0.933333
dai_aat.sssom.tsv,http://thesauri.dainst.org/_303aea25,armenisch,aat:300254935,Armenian (ancient culture or style),armenisch,Armenian,skos:exactMatch,exactMatch,semapv:UnspecifiedMatching,0.220703,0.479004,0.318182,0.659259,0.318182,0.318182,0.705882,0.883333,0.705882,0.705882
inrap_pactols_sujets_aat.sssom.tsv,pactols:pcrty2mcsksa6s,minéral,aat:300011068,mineral,minéral,mineral,skos:exactMatch,exactMatch,semapv:UnspecifiedMatching,0.220459,0.220459,0.857143,0.933333,0.857143,0.857143,0.857143,0.933333,0.857143,0.857143
dai_aat.sssom.tsv,http://thesauri.dainst.org/_7f18ce65,Nymphäum,aat:300006809,nymphaea (garden structures),Nymphäum,nymphaea,skos:exactMatch,exactMatch,semapv:UnspecifiedMatching,0.220093,0.331299,0.333333,0.601190,0.333333,0.333333,0.625000,0.850000,0.625000,0.625000
dai_aat.sssom.tsv,http://thesauri.dainst.org/_5a8adc40,Wohnviertel,aat:300000742,residential districts,Wohnviertel,residential districts,skos:closeMatch,closeMatch,semapv:UnspecifiedMatching,0.219971,0.219971,0.250000,0.513709,0.312500,0.312500,0.250000,0.513709,0.312500,0.312500
ads_eh_tmt2_aat.sssom.tsv,fish_tmt2:/concepts/70435,CISTERN,aat:300052558,cisterns (plumbing components),CISTERN,cisterns,skos:exactMatch,exactMatch,semapv:UnspecifiedMatching,0.219727,0.347900,0.378378,0.846667,0.378378,0.378378,0.933333,0.975000,0.933333,0.933333
inrap_pactols_sujets_aat.sssom.tsv,pactols:pcrtvle3e90Ofd,bouclier,aat:300036869,shields (armor),bouclier,shields,skos:exactMatch,exactMatch,semapv:UnspecifiedMatching,0.219482,0.129517,0.260870,0.505556,0.260870,0.260870,0.266667,0.490079,0.266667,0.266667
ads_mda_obj_aat.sssom.tsv,fish_obj:/concepts/95385,MANUSCRIPT,aat:300028569,manuscripts (document genre),MANUSCRIPT,manuscripts,skos:exactMatch,exactMatch,semapv:UnspecifiedMatching,0.219238,0.261230,0.526316,0.871429,0.526316,0.526316,0.952381,0.981818,0.952381,0.952381
inrap_pactols_sujets_aat.sssom.tsv,pactols:pcrtcJFj5LxGDG,pan de bois,aat:300012336,partridgewood (wood),pan de bois,partridgewood,skos:exactMatch,exactMatch,semapv:UnspecifiedMatching,0.219238,0.150269,0.387097,0.566883,0.322581,0.322581,0.416667,0.557887,0.250000,0.250000
ads_mda_obj_aat.sssom.tsv,fish_obj:/concepts/97597,METAL WORKING DEBRIS,aat:300053946,metal-working,METAL WORKING DEBRIS,metal-working,skos:closeMatch,closeMatch,semapv:UnspecifiedMatching,0.219116,0.219116,0.727273,0.904615,0.727273,0.727273,0.727273,0.904615,0.727273,0.727273
inrap_pactols_sujets_aat.sssom.tsv,pactols:pcrtn6j4Z5qxV9,tranchet,aat:300022890,leather cutters,tranchet,leather cutters,skos:closeMatch,closeMatch,semapv:UnspecifiedMatching,0.218750,0.218750,0.347826,0.637698,0.434783,0.434783,0.347826,0.637698,0.434783,0.434783
inrap_pactols_sujets_aat.sssom.tsv,pactols:pcrtlfo0RiMSbJ,boucle de ceinture,aat:300375281,belt buckles,boucle de ceinture,belt buckles,skos:exactMatch,exactMatch,semapv:UnspecifiedMatching,0.218750,0.218750,0.333333,0.562169,0.333333,0.333333,0.333333,0.562169,0.333333,0.333333
dai_aat.sssom.tsv,http://thesauri.dainst.org/_582686c3,Amtsträger / Magistrat,aat:300025467,magistrates,Amtsträger / Magistrat,magistrates,skos:exactMatch,exactMatch,semapv:UnspecifiedMatching,0.218628,0.218628,0.545455,0.687879,0.545455,0.545455,0.545455,0.687879,0.545455,0.545455
ads_mda_obj_aat.sssom.tsv,fish_obj:/concepts/96892,TANK,aat:300198941,tanks (containers),TANK,tanks,skos:exactMatch,exactMatch,semapv:UnspecifiedMatching,0.218506,0.315918,0.363636,0.844444,0.363636,0.363636,0.888889,0.960000,0.888889,0.888889
ads_mda_obj_aat.sssom.tsv,fish_obj:/concepts/95714,SHACKLE,aat:300247514,shackles,SHACKLE,shackles,skos:exactMatch,exactMatch,semapv:UnspecifiedMatching,0.218384,0.218384,0.933333,0.975000,0.933333,0.933333,0.933333,0.975000,0.933333,0.933333
ads_mda_obj_aat.sssom.tsv,fish_obj:/concepts/148316,BUNGHOLE JUG,aat:300237688,bungholes,BUNGHOLE JUG,bungholes,skos:closeMatch,closeMatch,semapv:UnspecifiedMatching,0.218140,0.218140,0.761905,0.911111,0.761905,0.761905,0.761905,0.911111,0.761905,0.761905
inrap_pactols_sujets_aat.sssom.tsv,pactols:pcrtGFlPsnSIzu,hache à douille,aat:300400605,socketed axes,hache à douille,socketed axes,skos:exactMatch,exactMatch,semapv:UnspecifiedMatching,0.217896,0.217896,0.285714,0.505983,0.285714,0.285714,0.285714,0.505983,0.285714,0.285714
ads_mda_obj_aat.sssom.tsv,fish_obj:/concepts/95830,SCULPTURE,aat:300047090,sculpture (visual work),SCULPTURE,sculpture,skos:exactMatch,exactMatch,semapv:UnspecifiedMatching,0.217651,0.266602,0.562500,0.878261,0.562500,1.000000,1.000000,1.000000,1.000000,1.000000
inrap_pactols_sujets_aat.sssom.tsv,pactols:pcrtjuRb0UXSPh,renne,aat:300253843,Rangifer tarandus (species),renne,Rangifer tarandus,skos:exactMatch,exactMatch,semapv:UnspecifiedMatching,0.217651,0.276611,0.250000,0.566049,0.187500,0.187500,0.272727,0.481046,0.272727,0.272727
ads_eh_tmt2_aat.sssom.tsv,fish_tmt2:/concepts/69999,FUNERARY SITE,aat:300387004,burial sites,FUNERARY SITE,burial sites,skos:closeMatch,closeMatch,semapv:UnspecifiedMatching,0.217529,0.217529,0.640000,0.760684,0.640000,0.640000,0.640000,0.760684,0.640000,0.640000
ads_mda_obj_aat.sssom.tsv,fish_obj:/concepts/96274,HOOK,aat:300400821,hooks (object genre),HOOK,hooks,skos:closeMatch,closeMatch,semapv:UnspecifiedMatching,0.217285,0.303711,0.333333,0.840000,0.333333,0.333333,0.888889,0.960000,0.888889,0.888889
dai_aat.sssom.tsv,http://thesauri.dainst.org/_65e85901,Halbinsel,aat:300008804,peninsulas (landforms),Halbinsel,peninsulas,skos:exactMatch,exactMatch,semapv:UnspecifiedMatching,0.216797,0.190796,0.258065,0.603415,0.322581,0.322581,0.421053,0.531481,0.421053,0.421053
ads_mda_obj_aat.sssom.tsv,fish_obj:/concepts/142911,Sediment,aat:300379424,sediment,Sediment,sediment,skos:closeMatch,closeMatch,semapv:UnspecifiedMatching,0.216553,0.216553,1.000000,1.000000,1.000000,1.000000,1.000000,1.000000,1.000000,1.000000
inrap_pactols_sujets_aat.sssom.tsv,pactols:pcrtLeJDEv8jY1,insecte,aat:300310470,Insecta (class),insecte,Insecta,skos:exactMatch,exactMatch,semapv:UnspecifiedMatching,0.216553,0.329102,0.545455,0.851429,0.545455,0.545455,0.857143,0.942857,0.857143,0.857143
ads_mda_obj_aat.sssom.tsv,fish_obj:/concepts/97083,ARMOUR AND WEAPONS,aat:300036745,armor (protective wear),ARMOUR AND WEAPONS,armor,skos:closeMatch,closeMatch,semapv:UnspecifiedMatching,0.216431,0.303467,0.487805,0.673913,0.487805,0.487805,0.434783,0.855556,0.434783,0.434783
ads_mda_obj_aat.sssom.tsv,fish_obj:/concepts/142983,CEREAL GRAIN,aat:300011871,grain (seed),CEREAL GRAIN,grain,skos:exactMatch,exactMatch,semapv:UnspecifiedMatching,0.215942,0.182251,0.416667,0.472222,0.666667,0.666667,0.588235,0.522222,0.588235,1.000000
ads_mda_obj_aat.sssom.tsv,fish_obj:/concepts/96115,ROOF TILE,aat:300010699,roofing tile,ROOF TILE,roofing tile,skos:closeMatch,closeMatch,semapv:UnspecifiedMatching,0.215576,0.215576,0.857143,0.927778,0.857143,0.857143,0.857143,0.927778,0.857143,0.857143
ads_eh_tmt2_aat.sssom.tsv,fish_tmt2:/concepts/142070,CREMATION BURIAL,aat:300266356,cremations,CREMATION BURIAL,cremations,skos:closeMatch,closeMatch,semapv:UnspecifiedMatching,0.215332,0.215332,0.692308,0.892500,0.692308,0.692308,0.692308,0.892500,0.692308,0.692308
inrap_pactols_sujets_aat.sssom.tsv,pactols:pcrtfUZSMbifle,atelier de potier,aat:300006310,potteries (manufactories),atelier de potier,potteries,skos:exactMatch,exactMatch,semapv:UnspecifiedMatching,0.215210,0.235229,0.380952,0.561961,0.476190,0.476190,0.384615,0.549891,0.384615,0.384615
dai_aat.sssom.tsv,http://thesauri.dainst.org/_2917,Basen,aat:300001659,Attic bases,Basen,Attic bases,skos:closeMatch,closeMatch,semapv:UnspecifiedMatching,0.214844,0.214844,0.500000,0.430303,0.500000,0.500000,0.500000,0.430303,0.500000,0.500000
inrap_pactols_sujets_aat.sssom.tsv,pactols:pcrtJYawSTtElG,eau,aat:300011772,water (inorganic material),eau,water,skos:exactMatch,exactMatch,semapv:UnspecifiedMatching,0.214600,0.395020,0.137931,0.414530,0.137931,0.137931,0.250000,0.511111,0.250000,0.250000
ads_eh_tmt2_aat.sssom.tsv,fish_tmt2:/concepts/68868,FORT,aat:300006909,forts,FORT,forts,skos:exactMatch,exactMatch,semapv:UnspecifiedMatching,0.214478,0.214478,0.888889,0.960000,0.888889,0.888889,0.888889,0.960000,0.888889,0.888889
inrap_pactols_sujets_aat.sssom.tsv,pactols:pcrt8yYh5xgMeO,gemme,aat:300201964,gemstone,gemme,gemstone,skos:exactMatch,exactMatch,semapv:UnspecifiedMatching,0.214355,0.214355,0.615385,0.836667,0.615385,0.615385,0.615385,0.836667,0.615385,0.615385
inrap_pactols_sujets_aat.sssom.tsv,pactols:pcrtujj3xLzEqZ,exploitation de la forêt,aat:300054511,forestry,exploitation de la forêt,forestry,skos:closeMatch,closeMatch,semapv:UnspecifiedMatching,0.214233,0.214233,0.250000,0.388889,0.250000,0.250000,0.250000,0.388889,0.250000,0.250000
inrap_pactols_sujets_aat.sssom.tsv,pactols:pcrt5FUwwB1A6G,haut-fourneau,aat:300006438,blast furnaces,haut-fourneau,blast furnaces,skos:exactMatch,exactMatch,semapv:UnspecifiedMatching,0.213989,0.213989,0.518519,0.645604,0.518519,0.518519,0.518519,0.645604,0.518519,0.518519
ads_eh_tmt2_aat.sssom.tsv,fish_tmt2:/concepts/68874,FORTIFICATION,aat:300006888,fortifications,FORTIFICATION,fortifications,skos:exactMatch,exactMatch,semapv:UnspecifiedMatching,0.213989,0.213989,0.962963,0.985714,0.962963,0.962963,0.962963,0.985714,0.962963,0.962963
inrap_pactols_sujets_aat.sssom.tsv,pactols:pcrtd79H4ej2zN,pointe de flèche,aat:300024861,arrowheads,pointe de flèche,arrowheads,skos:exactMatch,exactMatch,semapv:UnspecifiedMatching,0.213745,0.213745,0.230769,0.495833,0.153846,0.153846,0.230769,0.495833,0.153846,0.153846
inrap_pactols_sujets_aat.sssom.tsv,pactols:pcrtY20DKUZ2AS,lieu de culte,aat:300004575,sanctuaries (religious building spaces),lieu de culte,sanctuaries,skos:closeMatch,closeMatch,semapv:UnspecifiedMatching,0.213623,0.186768,0.307692,0.557887,0.230769,0.230769,0.250000,0.390054,0.333333,0.333333
ads_eh_tmc_aat.sssom.tsv,fish_tmc:/concepts/100369,HULK,aat:300233414,hulks (utility and service vessels),HULK,hulks,skos:closeMatch,closeMatch,semapv:UnspecifiedMatching,0.213623,0.442139,0.205128,0.822857,0.205128,0.205128,0.888889,0.960000,0.888889,0.888889
inrap_pactols_sujets_aat.sssom.tsv,pactols:pcrthr1ylBhyBN,empierrement,aat:300014706,ballast (aggregate),empierrement,ballast,skos:closeMatch,closeMatch,semapv:UnspecifiedMatching,0.213257,0.072632,0.193548,0.431287,0.258065,0.258065,0.105263,0.408730,0.105263,0.105263
ads_mda_obj_aat.sssom.tsv,fish_obj:/concepts/96796,PITCHER,aat:300194765,pitchers (vessels),PITCHER,pitchers,skos:exactMatch,exactMatch,semapv:UnspecifiedMatching,0.213013,0.261230,0.560000,0.877778,0.560000,0.560000,0.933333,0.975000,0.933333,0.933333
inrap_pactols_sujets_aat.sssom.tsv,pactols:pcrtpSis9hZLUb,datation,aat:300054714,dating (measuring),datation,dating,skos:exactMatch,exactMatch,semapv:UnspecifiedMatching,0.213013,0.266113,0.461538,0.638889,0.384615,0.384615,0.714286,0.873611,0.714286,0.714286
dai_aat.sssom.tsv,http://thesauri.dainst.org/_5,Sonstiges,aat:300386698,miscellaneous,Sonstiges,miscellaneous,skos:closeMatch,closeMatch,semapv:UnspecifiedMatching,0.212646,0.212646,0.363636,0.500712,0.363636,0.363636,0.363636,0.500712,0.363636,0.363636
ads_eh_tmt2_aat.sssom.tsv,fish_tmt2:/concepts/68969,KITCHEN,aat:300004514,kitchens,KITCHEN,kitchens,skos:exactMatch,exactMatch,semapv:UnspecifiedMatching,0.212524,0.212524,0.933333,0.975000,0.933333,0.933333,0.933333,0.975000,0.933333,0.933333
ads_eh_tmt2_aat.sssom.tsv,fish_tmt2:/concepts/69967,CHAPEL,aat:300004590,chapels (rooms or structures),CHAPEL,chapels,skos:exactMatch,exactMatch,semapv:UnspecifiedMatching,0.212402,0.470459,0.342857,0.841379,0.342857,0.342857,0.923077,0.971429,0.923077,0.923077
inrap_pactols_sujets_aat.sssom.tsv,pactols:pcrtNSNYxrQDas,voûte,aat:300001324,vaults (structural element),voûte,vaults,skos:exactMatch,exactMatch,semapv:UnspecifiedMatching,0.212402,0.374756,0.187500,0.491358,0.125000,0.125000,0.363636,0.577778,0.363636,0.363636
inrap_pactols_sujets_aat.sssom.tsv,pactols:pcrtYmIa7MvtLc,fontaine,aat:300006179,fountains,fontaine,fountains,skos:exactMatch,exactMatch,semapv:UnspecifiedMatching,0.212036,0.212036,0.823529,0.907407,0.823529,0.823529,0.823529,0.907407,0.823529,0.823529
inrap_pactols_sujets_aat.sssom.tsv,pactols:pcrtNQL40Ax17n,médaillon,aat:300077357,medallions (medals),médaillon,medallions,skos:exactMatch,exactMatch,semapv:UnspecifiedMatching,0.212036,0.298340,0.500000,0.755482,0.500000,0.500000,0.736842,0.869167,0.736842,0.736842
dai_aat.sssom.tsv,http://thesauri.dainst.org/_ebae8db5,Aquaedukt/Wasserle itung,aat:300006165,aqueducts,Aquaedukt/Wasserle itung,aqueducts,skos:exactMatch,exactMatch,semapv:UnspecifiedMatching,0.211914,0.211914,0.484848,0.818519,0.484848,0.484848,0.484848,0.818519,0.484848,0.484848
ads_mda_obj_aat.sssom.tsv,fish_obj:/concepts/97632,TEXTILE,aat:300231565,textile materials,TEXTILE,textile materials,skos:closeMatch,closeMatch,semapv:UnspecifiedMatching,0.211792,0.211792,0.583333,0.882353,0.583333,1.000000,0.583333,0.882353,0.583333,1.000000
dai_aat.sssom.tsv,http://thesauri.dainst.org/_5a4fa5a0,Grabtempel,aat:300007613,mortuary temples,Grabtempel,mortuary temples,skos:exactMatch,exactMatch,semapv:UnspecifiedMatching,0.211792,0.211792,0.538462,0.641667,0.538462,0.538462,0.538462,0.641667,0.538462,0.538462
inrap_pactols_sujets_aat.sssom.tsv,pactols:pcrtzSxXtuj98i,épingle,aat:300046006,pins (jewelry),épingle,pins,skos:exactMatch,exactMatch,semapv:UnspecifiedMatching,0.211548,0.331543,0.380952,0.623810,0.285714,0.285714,0.545455,0.726190,0.545455,0.545455
ads_mda_obj_aat.sssom.tsv,fish_obj:/concepts/96271,HINGE,aat:300033367,hinges (hardware),HINGE,hinges,skos:exactMatch,exactMatch,semapv:UnspecifiedMatching,0.211548,0.326660,0.454545,0.858824,0.454545,0.454545,0.909091,0.966667,0.909091,0.909091
inrap_pactols_sujets_aat.sssom.tsv,pactols:pcrtuzHWMyH3Pr,fiole,aat:300198822,vials,fiole,vials,skos:exactMatch,exactMatch,semapv:UnspecifiedMatching,0.211426,0.211426,0.400000,0.600000,0.400000,0.400000,0.400000,0.600000,0.400000,0.400000
dai_aat.sssom.tsv,http://thesauri.dainst.org/_21628231,Gerätegruppe,aat:300239170,<equipment by context>,Gerätegruppe,<equipment by context>,skos:closeMatch,closeMatch,semapv:UnspecifiedMatching,0.210693,0.210693,0.235294,0.479798,0.235294,0.235294,0.235294,0.479798,0.235294,0.235294
inrap_pactols_sujets_aat.sssom.tsv,pactols:pcrtAeeFSDMwi7,clocher,aat:300004848,bell towers,clocher,bell towers,skos:exactMatch,exactMatch,semapv:UnspecifiedMatching,0.210083,0.210083,0.444444,0.561688,0.444444,0.444444,0.444444,0.561688,0.444444,0.444444
ads_eh_com_aat.sssom.tsv,fish_com:/concepts/137700,DORMER WINDOW,aat:300002232,dormers,DORMER WINDOW,dormers,skos:closeMatch,closeMatch,semapv:UnspecifiedMatching,0.209961,0.209961,0.600000,0.863736,0.600000,0.600000,0.600000,0.863736,0.600000,0.600000
inrap_pactols_sujets_aat.sssom.tsv,pactols:pcrtW7v3csyt1b,quartier artisanal,aat:300000739,industrial districts,quartier artisanal,industrial districts,skos:closeMatch,closeMatch,semapv:UnspecifiedMatching,0.209351,0.209351,0.368421,0.568855,0.368421,0.368421,0.368421,0.568855,0.368421,0.368421
inrap_pactols_sujets_aat.sssom.tsv,pactols:pcrtSkt1eRlMG2,frontière,aat:300387507,frontiers,frontière,frontiers,skos:exactMatch,exactMatch,semapv:UnspecifiedMatching,0.209351,0.209351,0.777778,0.930556,0.777778,0.777778,0.777778,0.930556,0.777778,0.777778
inrap_pactols_sujets_aat.sssom.tsv,pactols:pcrtRZ0ne3nzWk,coffre,aat:300215543,trunks (containers),coffre,trunks,skos:exactMatch,exactMatch,semapv:UnspecifiedMatching,0.208984,0.041321,0.240000,0.441520,0.240000,0.240000,0.166667,0.000000,0.166667,0.166667
ads_mda_obj_aat.sssom.tsv,fish_obj:/concepts/95060,COSTUME,aat:300178802,costume (mode of fashion),COSTUME,costume,skos:exactMatch,exactMatch,semapv:UnspecifiedMatching,0.208862,0.116699,0.437500,0.856000,0.437500,1.000000,1.000000,1.000000,1.000000,1.000000
ads_mda_obj_aat.sssom.tsv,fish_obj:/concepts/96871,NEEDLE HOLDER,aat:300023451,needle cases,NEEDLE HOLDER,needle cases,skos:closeMatch,closeMatch,semapv:UnspecifiedMatching,0.208740,0.208740,0.640000,0.856410,0.640000,0.666667,0.640000,0.856410,0.640000,0.666667
ads_mda_obj_aat.sssom.tsv,fish_obj:/concepts/96503,STUD,aat:300239504,studs (buttons),STUD,studs,skos:exactMatch,exactMatch,semapv:UnspecifiedMatching,0.208618,0.386230,0.421053,0.853333,0.421053,0.421053,0.888889,0.960000,0.888889,0.888889
ads_mda_obj_aat.sssom.tsv,fish_obj:/concepts/137058,DISC,aat:300251427,disks (object genres),DISC,disks,skos:closeMatch,closeMatch,semapv:UnspecifiedMatching,0.207886,0.288574,0.320000,0.811111,0.240000,0.240000,0.666667,0.848333,0.666667,0.666667
inrap_pactols_sujets_aat.sssom.tsv,pactols:pcrtLvx6qlliRn,mammifère,aat:300265707,Mammalia (class),mammifère,Mammalia,skos:exactMatch,exactMatch,semapv:UnspecifiedMatching,0.207764,0.246338,0.400000,0.622685,0.400000,0.400000,0.588235,0.836111,0.588235,0.588235
inrap_pactols_sujets_aat.sssom.tsv,pactols:pcrtLnVNH2ynJc,forêt d'arbres,aat:300387598,forests (plant communities),forêt d'arbres,forests,skos:exactMatch,exactMatch,semapv:UnspecifiedMatching,0.206055,0.148438,0.390244,0.539242,0.390244,0.390244,0.476190,0.619048,0.380952,0.380952
ads_eh_tmt2_aat.sssom.tsv,fish_tmt2:/concepts/70240,LEVEL CROSSING,aat:300003864,level crossings,LEVEL CROSSING,level crossings,skos:closeMatch,closeMatch,semapv:UnspecifiedMatching,0.205811,0.205811,0.965517,0.986667,0.965517,0.965517,0.965517,0.986667,0.965517,0.965517
ads_mda_obj_aat.sssom.tsv,fish_obj:/concepts/96227,OVEN,aat:300003650,ovens (baking equipment),OVEN,ovens,skos:exactMatch,exactMatch,semapv:UnspecifiedMatching,0.205688,0.294922,0.285714,0.833333,0.285714,0.285714,0.888889,0.960000,0.888889,0.888889
dai_aat.sssom.tsv,http://thesauri.dainst.org/_8e0c0f80,Kapelle,aat:300004590,chapels (rooms or structures),Kapelle,chapels,skos:exactMatch,exactMatch,semapv:UnspecifiedMatching,0.205566,0.425049,0.277778,0.569787,0.277778,0.277778,0.571429,0.714286,0.571429,0.571429
inrap_pactols_sujets_aat.sssom.tsv,pactols:pcrtKei7jxhn32,enclos,aat:300005044,fences (site elements),enclos,fences,skos:exactMatch,exactMatch,semapv:UnspecifiedMatching,0.204834,0.141479,0.357143,0.616162,0.285714,0.285714,0.666667,0.777778,0.666667,0.666667
inrap_pactols_sujets_aat.sssom.tsv,pactols:pcrtRV7RNMN07n,ferrier,aat:300025320,ironsmiths,ferrier,ironsmiths,skos:exactMatch,exactMatch,semapv:UnspecifiedMatching,0.204712,0.204712,0.235294,0.328571,0.235294,0.235294,0.235294,0.328571,0.235294,0.235294
inrap_pactols_sujets_aat.sssom.tsv,pactols:pcrtetfU0AS8HI,taxinomie,aat:300252046,taxonomies (documents),taxinomie,taxonomies,skos:exactMatch,exactMatch,semapv:UnspecifiedMatching,0.204468,0.348877,0.516129,0.796423,0.516129,0.516129,0.842105,0.898241,0.842105,0.842105
dai_aat.sssom.tsv,http://thesauri.dainst.org/_f483df78,Rednertribüne,aat:300265624,rostra,Rednertribüne,rostra,skos:closeMatch,closeMatch,semapv:UnspecifiedMatching,0.204346,0.204346,0.315789,0.465812,0.315789,0.315789,0.315789,0.465812,0.315789,0.315789
ads_eh_tmt2_aat.sssom.tsv,fish_tmt2:/concepts/78869,LAWN,aat:300008889,lawns (landscaped grass),LAWN,lawns,skos:exactMatch,exactMatch,semapv:UnspecifiedMatching,0.204224,0.364502,0.285714,0.833333,0.285714,0.285714,0.888889,0.960000,0.888889,0.888889
inrap_pactols_sujets_aat.sssom.tsv,pactols:pcrtdSroJ7S1Yi,serrure,aat:300033407,locks (securing devices),serrure,locks,skos:exactMatch,exactMatch,semapv:UnspecifiedMatching,0.204102,0.105469,0.322581,0.574206,0.322581,0.322581,0.166667,0.000000,0.166667,0.166667
ads_eh_tmt2_aat.sssom.tsv,fish_tmt2:/concepts/68829,BREASTWORK,aat:300002487,breastworks,BREASTWORK,breastworks,skos:exactMatch,exactMatch,semapv:UnspecifiedMatching,0.204102,0.204102,0.952381,0.981818,0.952381,0.952381,0.952381,0.981818,0.952381,0.952381
dai_aat.sssom.tsv,http://thesauri.dainst.org/_4d76417e,Bogen,aat:300000994,arches,Bogen,arches,skos:exactMatch,exactMatch,semapv:UnspecifiedMatching,0.203979,0.203979,0.181818,0.455556,0.181818,0.181818,0.181818,0.455556,0.181818,0.181818
inrap_pactols_sujets_aat.sssom.tsv,pactols:pcrtkeLpJpVN4t,abri sous roche,aat:300007699,rock shelters,abri sous roche,rock shelters,skos:exactMatch,exactMatch,semapv:UnspecifiedMatching,0.203857,0.203857,0.357143,0.573138,0.428571,0.428571,0.357143,0.573138,0.428571,0.428571
inrap_pactols_sujets_aat.sssom.tsv,pactols:pcrtlnO5p7I8Do,pelle,aat:300024300,shovels,pelle,shovels,skos:exactMatch,exactMatch,semapv:UnspecifiedMatching,0.202393,0.202393,0.333333,0.395238,0.333333,0.333333,0.333333,0.395238,0.333333,0.333333
inrap_pactols_sujets_aat.sssom.tsv,pactols:pcrtSp0Bn88zX1,puits d'extraction,aat:300008027,pits (earthworks),puits d'extraction,pits,skos:closeMatch,closeMatch,semapv:UnspecifiedMatching,0.202148,0.246582,0.514286,0.681264,0.514286,0.514286,0.363636,0.766667,0.363636,0.363636
inrap_pactols_sujets_aat.sssom.tsv,pactols:pcrtrUSkK6SQjU,disque,aat:300251427,disks (object genres),disque,disks,skos:exactMatch,exactMatch,semapv:UnspecifiedMatching,0.202026,0.292969,0.296296,0.619048,0.296296,0.296296,0.545455,0.790000,0.545455,0.545455
ads_eh_tmt2_aat.sssom.tsv,fish_tmt2:/concepts/69104,COAL WORKINGS,aat:300380157,colliers,COAL WORKINGS,colliers,skos:closeMatch,closeMatch,semapv:UnspecifiedMatching,0.200684,0.200684,0.476190,0.681624,0.476190,0.476190,0.476190,0.681624,0.476190,0.476190
inrap_pactols_sujets_aat.sssom.tsv,pactols:pcrtrU7ImEVbLP,tombeau,aat:300005946,royal tombs,tombeau,royal tombs,skos:exactMatch,exactMatch,semapv:UnspecifiedMatching,0.200562,0.200562,0.444444,0.489177,0.444444,0.444444,0.444444,0.489177,0.444444,0.444444
ads_mda_obj_aat.sssom.tsv,fish_obj:/concepts/95093,HUMAN REMAINS,aat:300379896,human remains,HUMAN REMAINS,human remains,skos:exactMatch,exactMatch,semapv:UnspecifiedMatching,0.200562,0.200562,1.000000,1.000000,1.000000,1.000000,1.000000,1.000000,1.000000,1.000000
ads_eh_tmt2_aat.sssom.tsv,fish_tmt2:/concepts/69614,HUMAN REMAINS,aat:300379896,human remains,HUMAN REMAINS,human remains,skos:exactMatch,exactMatch,semapv:UnspecifiedMatching,0.200562,0.200562,1.000000,1.000000,1.000000,1.000000,1.000000,1.000000,1.000000,1.000000
ads_mda_obj_aat.sssom.tsv,fish_obj:/concepts/97221,FOOD AND DRINK SERVING CONTAINER,aat:300198294,serving dishes,FOOD AND DRINK SERVING CONTAINER,serving dishes,skos:closeMatch,closeMatch,semapv:UnspecifiedMatching,0.200439,0.200439,0.434783,0.542262,0.478261,0.666667,0.434783,0.542262,0.478261,0.666667
ads_eh_tmt2_aat.sssom.tsv,fish_tmt2:/concepts/68709,ALMSHOUSE,aat:300006745,almshouses (buildings),ALMSHOUSE,almshouses,skos:exactMatch,exactMatch,semapv:UnspecifiedMatching,0.200195,0.248169,0.580645,0.881818,0.580645,0.580645,0.947368,0.980000,0.947368,0.947368
ads_mda_obj_aat.sssom.tsv,fish_obj:/concepts/96418,BADGE,aat:300193994,badges,BADGE,badges,skos:exactMatch,exactMatch,semapv:UnspecifiedMatching,0.199097,0.199097,0.909091,0.966667,0.909091,0.909091,0.909091,0.966667,0.909091,0.909091
dai_aat.sssom.tsv,http://thesauri.dainst.org/_a9e1dd32,Tetrapylon/Quadr ifrons,aat:300264349,quadrifrontal arches,Tetrapylon/Quadr ifrons,quadrifrontal arches,skos:exactMatch,exactMatch,semapv:UnspecifiedMatching,0.198730,0.198730,0.511628,0.585178,0.372093,0.372093,0.511628,0.585178,0.372093,0.372093
inrap_pactols_sujets_aat.sssom.tsv,pactols:pcrtkXtNUEj0Mh,ceinture,aat:300210002,belts (costume accessories),ceinture,belts,skos:exactMatch,exactMatch,semapv:UnspecifiedMatching,0.198608,0.237183,0.285714,0.536728,0.285714,0.285714,0.307692,0.550000,0.307692,0.307692
inrap_pactols_sujets_aat.sssom.tsv,pactols:pcrtUjIBD38u8D,lieu sacré,aat:300004575,sanctuaries (religious building spaces),lieu sacré,sanctuaries,skos:closeMatch,closeMatch,semapv:UnspecifiedMatching,0.198486,0.266846,0.285714,0.562108,0.326531,0.326531,0.380952,0.504545,0.380952,0.380952
ads_mda_obj_aat.sssom.tsv,fish_obj:/concepts/96290,MOSAIC,aat:300015342,mosaics (visual works),MOSAIC,mosaics,skos:closeMatch,closeMatch,semapv:UnspecifiedMatching,0.198120,0.197388,0.428571,0.854545,0.428571,0.428571,0.923077,0.971429,0.923077,0.923077
dai_aat.sssom.tsv,http://thesauri.dainst.org/_89ac9dc8,Perser,aat:300019933,Persian (culture),Perser,Persian,skos:closeMatch,closeMatch,semapv:UnspecifiedMatching,0.197632,0.304443,0.434783,0.633987,0.347826,0.347826,0.615385,0.847619,0.615385,0.615385
inrap_pactols_sujets_aat.sssom.tsv,pactols:pcrtmoM3SzhDcB,nacre,aat:300011835,mother of pearl,nacre,mother of pearl,skos:exactMatch,exactMatch,semapv:UnspecifiedMatching,0.197021,0.197021,0.200000,0.344444,0.200000,0.200000,0.200000,0.344444,0.200000,0.200000
inrap_pactols_sujets_aat.sssom.tsv,pactols:pcrtp5Wcpmp9I3,fosse-dépotoir,aat:300000824,dumps (refuse areas),fosse-dépotoir,dumps,skos:closeMatch,closeMatch,semapv:UnspecifiedMatching,0.196899,0.175049,0.235294,0.473810,0.294118,0.294118,0.210526,0.493651,0.210526,0.210526
dai_aat.sssom.tsv,http://thesauri.dainst.org/_2756,Garten,aat:300008090,gardens (open spaces),Garten,gardens,skos:exactMatch,exactMatch,semapv:UnspecifiedMatching,0.196411,0.524414,0.370370,0.690476,0.370370,0.370370,0.769231,0.894444,0.769231,0.769231
inrap_pactols_sujets_aat.sssom.tsv,pactols:pcrtJBBFH9wdOA,hachereau,aat:300400724,cleavers (prehistoric cutting tools),hachereau,cleavers,skos:exactMatch,exactMatch,semapv:UnspecifiedMatching,0.196167,0.160278,0.222222,0.562169,0.222222,0.222222,0.352941,0.593519,0.352941,0.352941
inrap_pactols_sujets_aat.sssom.tsv,pactols:pcrt9SkpOgSbXw,stuc peint,aat:300177433,frescoes (paintings),stuc peint,frescoes,skos:closeMatch,closeMatch,semapv:UnspecifiedMatching,0.196167,0.037445,0.466667,0.650000,0.466667,0.466667,0.333333,0.447222,0.333333,0.333333
inrap_pactols_sujets_aat.sssom.tsv,pactols:pcrt517D9bhI6v,tombe à char,aat:300400657,chariot burials,tombe à char,chariot burials,skos:exactMatch,exactMatch,semapv:UnspecifiedMatching,0.196045,0.196045,0.296296,0.466667,0.370370,0.370370,0.296296,0.466667,0.370370,0.370370
inrap_pactols_sujets_aat.sssom.tsv,pactols:pcrtfiKSZUXfxE,vitrail,aat:300263722,stained glass (visual works),vitrail,stained glass,skos:exactMatch,exactMatch,semapv:UnspecifiedMatching,0.196045,0.107300,0.228571,0.497619,0.285714,0.285714,0.400000,0.543040,0.300000,0.300000
dai_aat.sssom.tsv,http://thesauri.dainst.org/_32ade5dd,Klosterkirche,aat:300007519,monastic churches (buildings),Klosterkirche,monastic churches,skos:exactMatch,exactMatch,semapv:UnspecifiedMatching,0.195923,0.274902,0.380952,0.547082,0.285714,0.285714,0.533333,0.611991,0.333333,0.333333
dai_aat.sssom.tsv,http://thesauri.dainst.org/_4846,Daker,aat:300386020,Dacian,Daker,Dacian,skos:closeMatch,closeMatch,semapv:UnspecifiedMatching,0.195801,0.195801,0.363636,0.577778,0.363636,0.363636,0.363636,0.577778,0.363636,0.363636
inrap_pactols_sujets_aat.sssom.tsv,pactols:pcrtsrWeYcRkNg,charbon,aat:300015149,coal,charbon,coal,skos:exactMatch,exactMatch,semapv:UnspecifiedMatching,0.195679,0.195679,0.363636,0.595238,0.363636,0.363636,0.363636,0.595238,0.363636,0.363636
ads_mda_obj_aat.sssom.tsv,fish_obj:/concepts/96784,JUG,aat:300045685,jugs (vessels),JUG,jugs,skos:exactMatch,exactMatch,semapv:UnspecifiedMatching,0.195557,0.382324,0.352941,0.816667,0.352941,0.352941,0.857143,0.941667,0.857143,0.857143
inrap_pactols_sujets_aat.sssom.tsv,pactols:pcrtXhKSYgoqeP,jardin,aat:300008090,gardens (open spaces),jardin,gardens,skos:exactMatch,exactMatch,semapv:UnspecifiedMatching,0.194946,0.531738,0.296296,0.619048,0.296296,0.296296,0.615385,0.746032,0.615385,0.615385
ads_mda_obj_aat.sssom.tsv,fish_obj:/concepts/95156,ARMOUR,aat:300036745,armor (protective wear),ARMOUR,armor,skos:exactMatch,exactMatch,semapv:UnspecifiedMatching,0.194946,0.366455,0.344828,0.683575,0.344828,0.344828,0.909091,0.966667,0.909091,0.909091
inrap_pactols_sujets_aat.sssom.tsv,pactols:pcrtoc8yjoUorS,fourneau,aat:300024650,furnaces (heating components),fourneau,furnaces,skos:exactMatch,exactMatch,semapv:UnspecifiedMatching,0.194702,0.209717,0.324324,0.596743,0.270270,0.270270,0.625000,0.800000,0.625000,0.625000
ads_mda_obj_aat.sssom.tsv,fish_obj:/concepts/96198,CANDLESTICK,aat:300037588,candlesticks,CANDLESTICK,candlesticks,skos:closeMatch,closeMatch,semapv:UnspecifiedMatching,0.194458,0.194458,0.956522,0.983333,0.956522,0.956522,0.956522,0.983333,0.956522,0.956522
ads_eh_tmt2_aat.sssom.tsv,fish_tmt2:/concepts/142867,ANTI INVASION DEFENCE SITE,aat:300386994,defense installations,ANTI INVASION DEFENCE SITE,defense installations,skos:closeMatch,closeMatch,semapv:UnspecifiedMatching,0.194458,0.194458,0.382979,0.652625,0.595745,0.595745,0.382979,0.652625,0.595745,0.595745
ads_eh_tmt2_aat.sssom.tsv,fish_tmt2:/concepts/69017,FORMAL GARDEN,aat:300008092,formal gardens,FORMAL GARDEN,formal gardens,skos:exactMatch,exactMatch,semapv:UnspecifiedMatching,0.194336,0.194336,0.962963,0.985714,0.962963,0.962963,0.962963,0.985714,0.962963,0.962963
ads_eh_tmt2_aat.sssom.tsv,fish_tmt2:/concepts/68885,GUARDHOUSE,aat:300006941,guardhouses,GUARDHOUSE,guardhouses,skos:exactMatch,exactMatch,semapv:UnspecifiedMatching,0.193970,0.193970,0.952381,0.981818,0.952381,0.952381,0.952381,0.981818,0.952381,0.952381
ads_eh_tmt2_aat.sssom.tsv,fish_tmt2:/concepts/70433,BATH HOUSE,aat:300007353,public baths,BATH HOUSE,public baths,skos:closeMatch,closeMatch,semapv:UnspecifiedMatching,0.193848,0.193848,0.454545,0.577778,0.545455,0.545455,0.454545,0.577778,0.545455,0.545455
ads_eh_tbm_aat.sssom.tsv,fish_tbm:/concepts/97840,CONCRETE,aat:300010737,concrete,CONCRETE,concrete,skos:exactMatch,exactMatch,semapv:UnspecifiedMatching,0.193481,0.193481,1.000000,1.000000,1.000000,1.000000,1.000000,1.000000,1.000000,1.000000
inrap_pactols_sujets_aat.sssom.tsv,pactols:pcrtKUMlexqjSQ,boucle,aat:300239260,buckles (strap accessories),boucle,buckles,skos:exactMatch,exactMatch,semapv:UnspecifiedMatching,0.193237,0.295410,0.303030,0.672840,0.303030,0.303030,0.769231,0.864286,0.769231,0.769231
inrap_pactols_sujets_aat.sssom.tsv,pactols:pcrtVttMRLTroY,dragage,aat:300053705,dredging,dragage,dredging,skos:exactMatch,exactMatch,semapv:UnspecifiedMatching,0.193115,0.193115,0.533333,0.690476,0.533333,0.533333,0.533333,0.690476,0.533333,0.533333
dai_aat.sssom.tsv,http://thesauri.dainst.org/_746b1bed,Nahrungsverarbei tung,aat:300164121,processing plants,Nahrungsverarbei tung,processing plants,skos:closeMatch,closeMatch,semapv:UnspecifiedMatching,0.193115,0.193115,0.263158,0.554809,0.421053,0.421053,0.263158,0.554809,0.421053,0.421053
ads_mda_obj_aat.sssom.tsv,fish_obj:/concepts/96775,FLAGON,aat:300196545,flagons,FLAGON,flagons,skos:closeMatch,closeMatch,semapv:UnspecifiedMatching,0.193115,0.193115,0.923077,0.971429,0.923077,0.923077,0.923077,0.971429,0.923077,0.923077
ads_mda_obj_aat.sssom.tsv,fish_obj:/concepts/97578,HORSE TRAPPING,aat:300265358,horse trappings,HORSE TRAPPING,horse trappings,skos:exactMatch,exactMatch,semapv:UnspecifiedMatching,0.192993,0.192993,0.965517,0.986667,0.965517,0.965517,0.965517,0.986667,0.965517,0.965517
inrap_pactols_sujets_aat.sssom.tsv,pactols:pcrt7ON1SbYHuf,céramique sigillée,aat:300107376,Terra sigillata (pottery style),céramique sigillée,Terra sigillata,skos:exactMatch,exactMatch,semapv:UnspecifiedMatching,0.192505,0.221069,0.408163,0.534104,0.367347,0.367347,0.545455,0.607407,0.424242,0.424242
ads_mda_obj_aat.sssom.tsv,fish_obj:/concepts/95795,PICK,aat:300024830,picks (tools),PICK,picks,skos:exactMatch,exactMatch,semapv:UnspecifiedMatching,0.192261,0.254883,0.470588,0.861538,0.470588,0.470588,0.888889,0.960000,0.888889,0.888889
inrap_pactols_sujets_aat.sssom.tsv,pactols:pcrtms2OAv82PY,fosse,aat:300008027,pits (earthworks),fosse,pits,skos:exactMatch,exactMatch,semapv:UnspecifiedMatching,0.191895,0.233398,0.181818,0.505882,0.272727,0.272727,0.222222,0.483333,0.222222,0.222222
inrap_pactols_sujets_aat.sssom.tsv,pactols:pcrtxWLeS2I4TG,hameçon,aat:300024418,fishhooks,hameçon,fishhooks,skos:exactMatch,exactMatch,semapv:UnspecifiedMatching,0.191772,0.191772,0.250000,0.502646,0.250000,0.250000,0.250000,0.502646,0.250000,0.250000
inrap_pactols_sujets_aat.sssom.tsv,pactols:pcrtVLPx3sY5Ku,grenat,aat:300011097,garnet (mineral),grenat,garnet,skos:exactMatch,exactMatch,semapv:UnspecifiedMatching,0.191772,0.311523,0.454545,0.762500,0.363636,0.363636,0.666667,0.840000,0.666667,0.666667
ads_mda_obj_aat.sssom.tsv,fish_obj:/concepts/96743,TORC,aat:300263462,torques (necklaces),TORC,torques,skos:exactMatch,exactMatch,semapv:UnspecifiedMatching,0.191284,0.146118,0.347826,0.815789,0.260870,0.260870,0.545455,0.808333,0.545455,0.545455
inrap_pactols_sujets_aat.sssom.tsv,pactols:pcrtnqXmXqlSQi,coq,aat:300250039,cocks (birds),coq,cocks,skos:exactMatch,exactMatch,semapv:UnspecifiedMatching,0.191162,0.328857,0.250000,0.606838,0.250000,0.250000,0.500000,0.688889,0.500000,0.500000
dai_aat.sssom.tsv,http://thesauri.dainst.org/_2747,Befestigung,aat:300006888,fortifications,Befestigung,fortifications,skos:exactMatch,exactMatch,semapv:UnspecifiedMatching,0.190796,0.190796,0.320000,0.549784,0.320000,0.320000,0.320000,0.549784,0.320000,0.320000
inrap_pactols_sujets_aat.sssom.tsv,pactols:pcrt4vKMQQ6elk,orge,aat:300343826,Hordeum (genus),orge,Hordeum,skos:exactMatch,exactMatch,semapv:UnspecifiedMatching,0.189819,0.170532,0.421053,0.650000,0.315789,0.315789,0.545455,0.726190,0.545455,0.545455
ads_eh_tmt2_aat.sssom.tsv,fish_tmt2:/concepts/142000,LEAD SMELTER,aat:300103997,smelters (metalworking plants),LEAD SMELTER,smelters,skos:closeMatch,closeMatch,semapv:UnspecifiedMatching,0.189819,0.145874,0.333333,0.609596,0.476190,0.476190,0.700000,0.676587,0.700000,0.700000
inrap_pactols_sujets_aat.sssom.tsv,pactols:pcrtkbJMkYrMF6,potin,aat:300010979,pewter (tin alloy),potin,pewter,skos:exactMatch,exactMatch,semapv:UnspecifiedMatching,0.189697,0.154785,0.347826,0.674074,0.260870,0.260870,0.363636,0.577778,0.363636,0.363636
dai_aat.sssom.tsv,http://thesauri.dainst.org/_1a5f65fc,Torturm,aat:300003627,gate towers,Torturm,gate towers,skos:exactMatch,exactMatch,semapv:UnspecifiedMatching,0.189331,0.189331,0.333333,0.567100,0.333333,0.333333,0.333333,0.567100,0.333333,0.333333
inrap_pactols_sujets_aat.sssom.tsv,pactols:pcrtVRGDeMZs50,saline,aat:300387003,salt marshes,saline,salt marshes,skos:exactMatch,exactMatch,semapv:UnspecifiedMatching,0.188721,0.188721,0.444444,0.666667,0.333333,0.333333,0.444444,0.666667,0.333333,0.333333
ads_mda_obj_aat.sssom.tsv,fish_obj:/concepts/95405,STYLUS,aat:300022483,styluses (writing equipment),STYLUS,styluses,skos:exactMatch,exactMatch,semapv:UnspecifiedMatching,0.188354,0.206543,0.352941,0.842857,0.352941,0.352941,0.857143,0.950000,0.857143,0.857143
inrap_pactols_sujets_aat.sssom.tsv,pactols:pcrtFl3pmSnGsQ,roue,aat:300024976,wheels (components),roue,wheels,skos:exactMatch,exactMatch,semapv:UnspecifiedMatching,0.188232,0.143555,0.173913,0.368421,0.173913,0.173913,0.200000,0.472222,0.200000,0.200000
inrap_pactols_sujets_aat.sssom.tsv,pactols:pcrt4AGeTNVEJs,récipient de stockage,aat:300197197,containers (receptacles),récipient de stockage,containers,skos:exactMatch,exactMatch,semapv:UnspecifiedMatching,0.188232,0.143677,0.355556,0.566392,0.355556,0.355556,0.322581,0.534921,0.322581,0.322581
ads_eh_tbm_aat.sssom.tsv,fish_tbm:/concepts/98216,STONE,aat:300011176,stone (worked rock),STONE,stone,skos:exactMatch,exactMatch,semapv:UnspecifiedMatching,0.188110,0.310059,0.416667,0.852632,0.416667,1.000000,1.000000,1.000000,1.000000,1.000000
inrap_pactols_sujets_aat.sssom.tsv,pactols:pcrt1cEhO3JsYc,ceinturon,aat:300210007,sword belts,ceinturon,sword belts,skos:exactMatch,exactMatch,semapv:UnspecifiedMatching,0.187744,0.187744,0.200000,0.400673,0.300000,0.300000,0.200000,0.400673,0.300000,0.300000
inrap_pactols_sujets_aat.sssom.tsv,pactols:pcrtMAvA0cek91,poinçon,aat:300023486,bodkins (tools),poinçon,bodkins,skos:exactMatch,exactMatch,semapv:UnspecifiedMatching,0.187622,0.286621,0.363636,0.612698,0.272727,0.272727,0.428571,0.619048,0.428571,0.428571
inrap_pactols_sujets_aat.sssom.tsv,pactols:pcrt2jYGlPYNTJ,caserne,aat:300005665,barracks,caserne,barracks,skos:exactMatch,exactMatch,semapv:UnspecifiedMatching,0.187378,0.187378,0.266667,0.511905,0.266667,0.266667,0.266667,0.511905,0.266667,0.266667
inrap_pactols_sujets_aat.sssom.tsv,pactols:pcrtwVyNg0yMfv,puits funéraire,aat:300005951,shaft graves (tombs),puits funéraire,shaft graves,skos:exactMatch,exactMatch,semapv:UnspecifiedMatching,0.187134,0.082947,0.285714,0.462698,0.285714,0.285714,0.370370,0.588095,0.370370,0.370370
inrap_pactols_sujets_aat.sssom.tsv,pactols:pcrtfyWGSYTyS1,flèche,aat:300036976,arrows,flèche,arrows,skos:exactMatch,exactMatch,semapv:UnspecifiedMatching,0.186890,0.186890,0.000000,0.000000,0.000000,0.000000,0.000000,0.000000,0.000000,0.000000
dai_aat.sssom.tsv,http://thesauri.dainst.org/_e6533d72,Befestigungsmau er,aat:300002485,defensive walls,Befestigungsmau er,defensive walls,skos:exactMatch,exactMatch,semapv:UnspecifiedMatching,0.186523,0.186523,0.363636,0.640741,0.363636,0.363636,0.363636,0.640741,0.363636,0.363636
ads_mda_obj_aat.sssom.tsv,fish_obj:/concepts/96624,GIRDLE,aat:300220741,girdles (belts),GIRDLE,girdles,skos:exactMatch,exactMatch,semapv:UnspecifiedMatching,0.186523,0.269531,0.571429,0.880000,0.571429,0.571429,0.923077,0.971429,0.923077,0.923077
inrap_pactols_sujets_aat.sssom.tsv,pactols:pcrt7r77ub1prl,boulangerie,aat:300005291,bakeries,boulangerie,bakeries,skos:exactMatch,exactMatch,semapv:UnspecifiedMatching,0.186401,0.186401,0.631579,0.788636,0.631579,0.631579,0.631579,0.788636,0.631579,0.631579
inrap_pactols_sujets_aat.sssom.tsv,pactols:pcrthBOo082xvY,rituel,aat:300065284,rituals (events),rituel,rituals,skos:exactMatch,exactMatch,semapv:UnspecifiedMatching,0.186401,0.271973,0.454545,0.841667,0.454545,0.454545,0.769231,0.909524,0.769231,0.769231
inrap_pactols_sujets_aat.sssom.tsv,pactols:pcrtZSSTfT3iW8,vaisselle de métal,aat:300265121,metalware,vaisselle de métal,metalware,skos:exactMatch,exactMatch,semapv:UnspecifiedMatching,0.185791,0.185791,0.296296,0.472222,0.444444,0.444444,0.296296,0.472222,0.444444,0.444444
ads_mda_obj_aat.sssom.tsv,fish_obj:/concepts/96213,LAMP,aat:300037592,lamps (lighting devices),LAMP,lamps,skos:exactMatch,exactMatch,semapv:UnspecifiedMatching,0.185547,0.343262,0.285714,0.833333,0.285714,0.285714,0.888889,0.960000,0.888889,0.888889
ads_eh_tmt2_aat.sssom.tsv,fish_tmt2:/concepts/71500,Lead Miners Cottage,aat:300000322,industrial housing,Lead Miners Cottage,industrial housing,skos:closeMatch,closeMatch,semapv:UnspecifiedMatching,0.185547,0.185547,0.324324,0.546784,0.324324,0.324324,0.324324,0.546784,0.324324,0.324324
dai_aat.sssom.tsv,http://thesauri.dainst.org/_989f0e9e,Steinverarbeitung,aat:300386948,stonemasonry,Steinverarbeitung,stonemasonry,skos:closeMatch,closeMatch,semapv:UnspecifiedMatching,0.185425,0.185425,0.413793,0.569795,0.413793,0.413793,0.413793,0.569795,0.413793,0.413793
dai_aat.sssom.tsv,http://thesauri.dainst.org/_b27a0f63,Grabbefund / - inventar,aat:300180706,grave goods,Grabbefund / - inventar,grave goods,skos:exactMatch,exactMatch,semapv:UnspecifiedMatching,0.185303,0.185303,0.294118,0.546552,0.352941,0.352941,0.294118,0.546552,0.352941,0.352941
ads_eh_tmt2_aat.sssom.tsv,fish_tmt2:/concepts/70384,Cave Site,aat:300048808,cave dwellings,Cave Site,cave dwellings,skos:closeMatch,closeMatch,semapv:UnspecifiedMatching,0.185303,0.185303,0.521739,0.826984,0.521739,0.615385,0.521739,0.826984,0.521739,0.615385
inrap_pactols_sujets_aat.sssom.tsv,pactols:pcrtP1l7JMuKs6,manoir,aat:300005579,manor houses,manoir,manor houses,skos:exactMatch,exactMatch,semapv:UnspecifiedMatching,0.185181,0.185181,0.555556,0.850000,0.555556,0.555556,0.555556,0.850000,0.555556,0.555556
inrap_pactols_sujets_aat.sssom.tsv,pactols:pcrtySs2lWdI4z,vallée,aat:300008761,valleys (Landforms),vallée,valleys,skos:exactMatch,exactMatch,semapv:UnspecifiedMatching,0.185059,0.449463,0.400000,0.698830,0.400000,0.400000,0.769231,0.909524,0.769231,0.769231
inrap_pactols_sujets_aat.sssom.tsv,pactols:pcrtAhnxMt1kMc,cathédrale,aat:300007501,cathedrals (buildings),cathédrale,cathedrals,skos:exactMatch,exactMatch,semapv:UnspecifiedMatching,0.184570,0.280273,0.500000,0.695623,0.500000,0.500000,0.800000,0.920000,0.800000,0.800000
dai_aat.sssom.tsv,http://thesauri.dainst.org/_3873,punisch,aat:300262964,"Punic (Carthaginian, culture or style)",punisch,Punic,skos:exactMatch,exactMatch,semapv:UnspecifiedMatching,0.184448,0.314941,0.266667,0.671679,0.222222,0.222222,0.833333,0.942857,0.833333,0.833333
inrap_pactols_sujets_aat.sssom.tsv,pactols:pcrtvfRyLrY33I,approvisionnement,aat:300137616,procurement,approvisionnement,procurement,skos:exactMatch,exactMatch,semapv:UnspecifiedMatching,0.183838,0.183838,0.571429,0.649287,0.571429,0.571429,0.571429,0.649287,0.571429,0.571429
inrap_pactols_sujets_aat.sssom.tsv,pactols:pcrtlEYVJzjAU6,glacière,aat:300008004,icehouses,glacière,icehouses,skos:exactMatch,exactMatch,semapv:UnspecifiedMatching,0.183350,0.183350,0.235294,0.490741,0.235294,0.235294,0.235294,0.490741,0.235294,0.235294
ads_mda_obj_aat.sssom.tsv,fish_obj:/concepts/100055,WELL,aat:300152327,water wells,WELL,water wells,skos:exactMatch,exactMatch,semapv:UnspecifiedMatching,0.183350,0.183350,0.533333,0.560606,0.533333,0.533333,0.533333,0.560606,0.533333,0.533333
inrap_pactols_sujets_aat.sssom.tsv,pactols:pcrtmYSxuly0iQ,labour,aat:300008649,arable land,labour,arable land,skos:closeMatch,closeMatch,semapv:UnspecifiedMatching,0.182861,0.182861,0.235294,0.593434,0.235294,0.235294,0.235294,0.593434,0.235294,0.235294
ads_mda_obj_aat.sssom.tsv,fish_obj:/concepts/97321,FLAKE,aat:300265137,flakes (object genre),FLAKE,flakes,skos:closeMatch,closeMatch,semapv:UnspecifiedMatching,0.181152,0.199097,0.384615,0.847619,0.384615,0.384615,0.909091,0.966667,0.909091,0.909091
inrap_pactols_sujets_aat.sssom.tsv,pactols:pcrtwqiJgMNHzm,terrasse,aat:300004182,terraces (landscaped-site elements),terrasse,terraces,skos:exactMatch,exactMatch,semapv:UnspecifiedMatching,0.181030,0.285400,0.372093,0.820714,0.279070,0.279070,0.750000,0.921429,0.750000,0.750000
ads_eh_tbm_aat.sssom.tsv,fish_tbm:/concepts/97813,CERAMIC,aat:300235507,ceramic (material),CERAMIC,ceramic,skos:exactMatch,exactMatch,semapv:UnspecifiedMatching,0.181030,0.161621,0.560000,0.877778,0.560000,1.000000,1.000000,1.000000,1.000000,1.000000
inrap_pactols_sujets_aat.sssom.tsv,pactols:pcrtRrjLKroLLU,nucleus,aat:300265134,cores (object genres),nucleus,cores,skos:exactMatch,exactMatch,semapv:UnspecifiedMatching,0.181030,0.102478,0.214286,0.523810,0.214286,0.214286,0.500000,0.676190,0.500000,0.500000
ads_mda_obj_aat.sssom.tsv,fish_obj:/concepts/141190,CERAMIC,aat:300235507,ceramic (material),CERAMIC,ceramic,skos:exactMatch,exactMatch,semapv:UnspecifiedMatching,0.181030,0.161621,0.560000,0.877778,0.560000,1.000000,1.000000,1.000000,1.000000,1.000000
ads_eh_tmt2_aat.sssom.tsv,fish_tmt2:/concepts/70313,FLOOR,aat:300002060,floors (surface elements),FLOOR,floors,skos:exactMatch,exactMatch,semapv:UnspecifiedMatching,0.180664,0.091064,0.333333,0.840000,0.333333,0.333333,0.909091,0.966667,0.909091,0.909091
inrap_pactols_sujets_aat.sssom.tsv,pactols:pcrt9rcnQNYQDI,inondation,aat:300054731,floods (natural events),inondation,floods,skos:exactMatch,exactMatch,semapv:UnspecifiedMatching,0.180298,0.175537,0.303030,0.572878,0.242424,0.242424,0.250000,0.511111,0.250000,0.250000
inrap_pactols_sujets_aat.sssom.tsv,pactols:pcrt4GqimUgoOq,verre,aat:300010797,glass (material),verre,glass,skos:exactMatch,exactMatch,semapv:UnspecifiedMatching,0.179932,0.509766,0.190476,0.420833,0.190476,0.190476,0.000000,0.000000,0.000000,0.000000
ads_mda_obj_aat.sssom.tsv,fish_obj:/concepts/95172,CANNON,aat:300036936,cannons (artillery),CANNON,cannons,skos:exactMatch,exactMatch,semapv:UnspecifiedMatching,0.179810,0.221191,0.480000,0.863158,0.480000,0.480000,0.923077,0.971429,0.923077,0.923077
dai_aat.sssom.tsv,http://thesauri.dainst.org/_771507bc,Platz,aat:300008214,plazas (squares),Platz,plazas,skos:exactMatch,exactMatch,semapv:UnspecifiedMatching,0.179688,0.315186,0.380952,0.683333,0.380952,0.380952,0.727273,0.875556,0.727273,0.727273
ads_mda_obj_aat.sssom.tsv,fish_obj:/concepts/96950,NEEDLE,aat:300024789,needles (piercing tools),NEEDLE,needles,skos:exactMatch,exactMatch,semapv:UnspecifiedMatching,0.179688,0.398438,0.400000,0.850000,0.400000,0.400000,0.923077,0.971429,0.923077,0.923077
inrap_pactols_sujets_aat.sssom.tsv,pactols:pcrtQawWpG1Vw9,cuve à vin,aat:300206700,tuns (casks),cuve à vin,tuns,skos:exactMatch,exactMatch,semapv:UnspecifiedMatching,0.179565,0.157959,0.181818,0.455556,0.272727,0.272727,0.285714,0.450000,0.285714,0.285714
inrap_pactols_sujets_aat.sssom.tsv,pactols:pcrtYPpmkDk2rS,technologie de l'argile,aat:300053901,pottery techniques,technologie de l'argile,pottery techniques,skos:closeMatch,closeMatch,semapv:UnspecifiedMatching,0.179321,0.179321,0.341463,0.530113,0.487805,0.487805,0.341463,0.530113,0.487805,0.487805
ads_mda_obj_aat.sssom.tsv,fish_obj:/concepts/96363,BASKET,aat:300194498,baskets (containers),BASKET,baskets,skos:exactMatch,exactMatch,semapv:UnspecifiedMatching,0.178955,0.312256,0.461538,0.860000,0.461538,0.461538,0.923077,0.971429,0.923077,0.923077
ads_eh_tmt2_aat.sssom.tsv,fish_tmt2:/concepts/68579,CORN DRYING KILN,aat:300209521,corn dryers,CORN DRYING KILN,corn dryers,skos:closeMatch,closeMatch,semapv:UnspecifiedMatching,0.178467,0.178467,0.592593,0.845455,0.592593,0.592593,0.592593,0.845455,0.592593,0.592593
inrap_pactols_sujets_aat.sssom.tsv,pactols:pcrtJfSVQroYis,scellement,aat:300053822,sealing (process),scellement,sealing,skos:exactMatch,exactMatch,semapv:UnspecifiedMatching,0.178345,0.317871,0.296296,0.531373,0.296296,0.296296,0.470588,0.657143,0.470588,0.470588
inrap_pactols_sujets_aat.sssom.tsv,pactols:pcrtLEaUqg7IZm,anatomie,aat:300054465,anatomy,anatomie,anatomy,skos:exactMatch,exactMatch,semapv:UnspecifiedMatching,0.178101,0.178101,0.800000,0.921429,0.800000,0.800000,0.800000,0.921429,0.800000,0.800000
inrap_pactols_sujets_aat.sssom.tsv,pactols:pcrttZ3YcZ8qEj,estampille,aat:300028765,factory marks,estampille,factory marks,skos:closeMatch,closeMatch,semapv:UnspecifiedMatching,0.177979,0.177979,0.173913,0.399145,0.173913,0.173913,0.173913,0.399145,0.173913,0.173913
inrap_pactols_sujets_aat.sssom.tsv,pactols:pcrtcWoSlbWLE0,argent,aat:300011029,silver (metal),argent,silver,skos:exactMatch,exactMatch,semapv:UnspecifiedMatching,0.177856,0.310059,0.300000,0.460317,0.200000,0.200000,0.166667,0.444444,0.166667,0.166667
ads_mda_obj_aat.sssom.tsv,fish_obj:/concepts/151831,BLADE CORE,aat:300265134,cores (object genres),BLADE CORE,cores,skos:closeMatch,closeMatch,semapv:UnspecifiedMatching,0.177856,0.200684,0.322581,0.534921,0.451613,0.451613,0.533333,0.433333,0.533333,0.533333
ads_eh_tmt2_aat.sssom.tsv,fish_tmt2:/concepts/91618,COOKING PIT,aat:300375754,burnt mounds,COOKING PIT,burnt mounds,skos:closeMatch,closeMatch,semapv:UnspecifiedMatching,0.177246,0.177246,0.173913,0.396465,0.173913,0.173913,0.173913,0.396465,0.173913,0.173913
ads_eh_tmt2_aat.sssom.tsv,fish_tmt2:/concepts/70081,GRAVE SLAB,aat:300005923,tombstones (sepulchral monuments),GRAVE SLAB,tombstones,skos:closeMatch,closeMatch,semapv:UnspecifiedMatching,0.177002,0.105896,0.232558,0.427273,0.232558,0.232558,0.200000,0.300000,0.200000,0.200000
dai_aat.sssom.tsv,http://thesauri.dainst.org/_2806,Zisterne,aat:300052558,cisterns (plumbing components),Zisterne,cisterns,skos:exactMatch,exactMatch,semapv:UnspecifiedMatching,0.176758,0.288818,0.368421,0.650000,0.368421,0.368421,0.750000,0.833333,0.750000,0.750000
inrap_pactols_sujets_aat.sssom.tsv,pactols:pcrtknhh7n1sa3,corail,aat:300011800,coral (material),corail,coral,skos:exactMatch,exactMatch,semapv:UnspecifiedMatching,0.176758,0.266357,0.545455,0.829167,0.454545,0.454545,0.909091,0.966667,0.909091,0.909091
inrap_pactols_sujets_aat.sssom.tsv,pactols:pcrtzjREioYILk,fusaïole,aat:300263796,whorls,fusaïole,whorls,skos:exactMatch,exactMatch,semapv:UnspecifiedMatching,0.176758,0.176758,0.285714,0.513889,0.285714,0.285714,0.285714,0.513889,0.285714,0.285714
inrap_pactols_sujets_aat.sssom.tsv,pactols:pcrtTUAqOs2Jxt,marchand,aat:300025245,merchants,marchand,merchants,skos:exactMatch,exactMatch,semapv:UnspecifiedMatching,0.176270,0.176270,0.705882,0.825000,0.705882,0.705882,0.705882,0.825000,0.705882,0.705882
ads_mda_obj_aat.sssom.tsv,fish_obj:/concepts/97146,CUTTING EQUIPMENT,aat:300163290,cutting equipment,CUTTING EQUIPMENT,cutting equipment,skos:exactMatch,exactMatch,semapv:UnspecifiedMatching,0.176025,0.176025,1.000000,1.000000,1.000000,1.000000,1.000000,1.000000,1.000000,1.000000
inrap_pactols_sujets_aat.sssom.tsv,pactols:pcrtmmQBSGulBN,bois de cervidé,aat:300395687,antlers (animal components),bois de cervidé,antlers,skos:exactMatch,exactMatch,semapv:UnspecifiedMatching,0.176025,0.164795,0.238095,0.432451,0.285714,0.285714,0.181818,0.431746,0.181818,0.181818
ads_mda_obj_aat.sssom.tsv,fish_obj:/concepts/96905,WINE BOTTLE,aat:300045639,wine bottles,WINE BOTTLE,wine bottles,skos:exactMatch,exactMatch,semapv:UnspecifiedMatching,0.176025,0.176025,0.956522,0.983333,0.956522,0.956522,0.956522,0.983333,0.956522,0.956522
inrap_pactols_sujets_aat.sssom.tsv,pactols:pcrtva7NUywIgB,corbeau,aat:300250041,crows (birds),corbeau,crows,skos:exactMatch,exactMatch,semapv:UnspecifiedMatching,0.176025,0.209106,0.300000,0.543040,0.200000,0.200000,0.333333,0.565079,0.333333,0.333333
inrap_pactols_sujets_aat.sssom.tsv,pactols:pcrtZM8iFRO4Tu,écuelle,aat:300042964,porringers (dishes),écuelle,porringers,skos:exactMatch,exactMatch,semapv:UnspecifiedMatching,0.175903,0.111755,0.153846,0.398496,0.153846,0.153846,0.117647,0.414286,0.117647,0.117647
inrap_pactols_sujets_aat.sssom.tsv,pactols:pcrt2o4bOY3kIh,vannerie,aat:300044074,wickerwork (visual works),vannerie,wickerwork,skos:exactMatch,exactMatch,semapv:UnspecifiedMatching,0.175659,0.254150,0.181818,0.387222,0.242424,0.242424,0.222222,0.483333,0.222222,0.222222
inrap_pactols_sujets_aat.sssom.tsv,pactols:pcrtU7MKwduVZI,pisciculture,aat:300000228,fish hatcheries,pisciculture,fish hatcheries,skos:closeMatch,closeMatch,semapv:UnspecifiedMatching,0.175049,0.175049,0.370370,0.522222,0.370370,0.370370,0.370370,0.522222,0.370370,0.370370
inrap_pactols_sujets_aat.sssom.tsv,pactols:pcrtvVXzQsUsKN,couverture,aat:300014897,roofing,couverture,roofing,skos:exactMatch,exactMatch,semapv:UnspecifiedMatching,0.174927,0.174927,0.117647,0.414286,0.117647,0.117647,0.117647,0.414286,0.117647,0.117647
inrap_pactols_sujets_aat.sssom.tsv,pactols:pcrtLf3Bt5nKRt,campagne,aat:300229355,rural areas,campagne,rural areas,skos:exactMatch,exactMatch,semapv:UnspecifiedMatching,0.174805,0.174805,0.315789,0.549242,0.210526,0.210526,0.315789,0.549242,0.210526,0.210526
inrap_pactols_sujets_aat.sssom.tsv,pactols:pcrtS1LzpAWeT2,paroisse,aat:300000773,parishes (religious divisions),paroisse,parishes,skos:exactMatch,exactMatch,semapv:UnspecifiedMatching,0.174438,0.342285,0.368421,0.672222,0.315789,0.315789,0.750000,0.908333,0.750000,0.750000
dai_aat.sssom.tsv,http://thesauri.dainst.org/_2751,Brücke,aat:300007836,bridges (built works),Brücke,bridges,skos:exactMatch,exactMatch,semapv:UnspecifiedMatching,0.174316,0.352539,0.222222,0.547619,0.222222,0.222222,0.461538,0.642857,0.461538,0.461538
ads_mda_obj_aat.sssom.tsv,fish_obj:/concepts/100065,CEREMONIAL OBJECT,aat:300234117,ceremonial objects,CEREMONIAL OBJECT,ceremonial objects,skos:exactMatch,exactMatch,semapv:UnspecifiedMatching,0.174072,0.174072,0.971429,0.988889,0.971429,0.971429,0.971429,0.988889,0.971429,0.971429
inrap_pactols_sujets_aat.sssom.tsv,pactols:pcrtRNmXmLw95p,racloir,aat:300024836,scrapers (finishing tools),racloir,scrapers,skos:exactMatch,exactMatch,semapv:UnspecifiedMatching,0.173828,0.250488,0.181818,0.502198,0.181818,0.181818,0.400000,0.607143,0.400000,0.400000
dai_aat.sssom.tsv,http://thesauri.dainst.org/_d6486501,Insula,aat:300000325,insulae,Insula,insulae,skos:exactMatch,exactMatch,semapv:UnspecifiedMatching,0.173340,0.173340,0.923077,0.971429,0.923077,0.923077,0.923077,0.971429,0.923077,0.923077
ads_eh_tmt2_aat.sssom.tsv,fish_tmt2:/concepts/70352,EARTHWORK,aat:300008020,earthworks (engineering works),EARTHWORK,earthworks,skos:exactMatch,exactMatch,semapv:UnspecifiedMatching,0.172729,0.120667,0.461538,0.860000,0.461538,0.461538,0.947368,0.980000,0.947368,0.947368
inrap_pactols_sujets_aat.sssom.tsv,pactols:pcrthXosl9QxQ2,habitat groupé,aat:300389983,nucleated villages,habitat groupé,nucleated villages,skos:exactMatch,exactMatch,semapv:UnspecifiedMatching,0.172729,0.172729,0.250000,0.478307,0.250000,0.250000,0.250000,0.478307,0.250000,0.250000
inrap_pactols_sujets_aat.sssom.tsv,pactols:pcrtIvN6VPwMxK,MEB,aat:300224957,scanning electron microscopy,MEB,scanning electron microscopy,skos:exactMatch,exactMatch,semapv:UnspecifiedMatching,0.172119,0.172119,0.064516,0.456349,0.064516,0.064516,0.064516,0.456349,0.064516,0.064516
inrap_pactols_sujets_aat.sssom.tsv,pactols:pcrtzr7nbwzqRx,esclave,aat:300230899,slaves (people),esclave,slaves,skos:exactMatch,exactMatch,semapv:UnspecifiedMatching,0.171997,0.276123,0.454545,0.641270,0.545455,0.545455,0.769231,0.849206,0.769231,0.769231
dai_aat.sssom.tsv,http://thesauri.dainst.org/_15d6e154,Kelte,aat:300019470,Celtic (culture),Kelte,Celtic,skos:closeMatch,closeMatch,semapv:UnspecifiedMatching,0.171631,0.271484,0.380952,0.595833,0.285714,0.285714,0.545455,0.700000,0.545455,0.545455
inrap_pactols_sujets_aat.sssom.tsv,pactols:pcrtSVdwKcS3MI,roche,aat:300011692,rock (inorganic material),roche,rock,skos:exactMatch,exactMatch,semapv:UnspecifiedMatching,0.171387,0.153320,0.266667,0.573333,0.200000,0.200000,0.666667,0.848333,0.666667,0.666667
inrap_pactols_sujets_aat.sssom.tsv,pactols:pcrtQPGouseprK,couronne,aat:300046020,crowns (headdresses),couronne,crowns,skos:exactMatch,exactMatch,semapv:UnspecifiedMatching,0.170776,0.223145,0.357143,0.558333,0.285714,0.285714,0.571429,0.638889,0.571429,0.571429
ads_eh_tmt2_aat.sssom.tsv,fish_tmt2:/concepts/68880,Coastal Fort,aat:300006894,fortresses,Coastal Fort,fortresses,skos:closeMatch,closeMatch,semapv:UnspecifiedMatching,0.170532,0.170532,0.363636,0.405556,0.363636,0.363636,0.363636,0.405556,0.363636,0.363636
inrap_pactols_sujets_aat.sssom.tsv,pactols:pcrtRxLPuVsO8f,atelier,aat:300004531,workshops (work spaces),atelier,workshops,skos:exactMatch,exactMatch,semapv:UnspecifiedMatching,0.170410,0.503418,0.133333,0.395445,0.200000,0.200000,0.125000,0.000000,0.125000,0.125000
inrap_pactols_sujets_aat.sssom.tsv,pactols:pcrtSaGSlaA4NM,dîme,aat:300137858,tithing,dîme,tithing,skos:exactMatch,exactMatch,semapv:UnspecifiedMatching,0.170166,0.170166,0.000000,0.000000,0.000000,0.000000,0.000000,0.000000,0.000000,0.000000
inrap_pactols_sujets_aat.sssom.tsv,pactols:pcrteZDglJiqWF,olivier,aat:300311369,Olea europaea (species),olivier,Olea europaea,skos:exactMatch,exactMatch,semapv:UnspecifiedMatching,0.169678,0.154419,0.266667,0.581781,0.200000,0.200000,0.400000,0.626374,0.300000,0.300000
ads_eh_tmt2_aat.sssom.tsv,fish_tmt2:/concepts/68707,HEALTH AND WELFARE,aat:300006742,welfare buildings,HEALTH AND WELFARE,welfare buildings,skos:closeMatch,closeMatch,semapv:UnspecifiedMatching,0.169434,0.169434,0.400000,0.513344,0.514286,0.583333,0.400000,0.513344,0.514286,0.583333
ads_eh_tmt2_aat.sssom.tsv,fish_tmt2:/concepts/70214,BRIDGE,aat:300007836,bridges (built works),BRIDGE,bridges,skos:exactMatch,exactMatch,semapv:UnspecifiedMatching,0.169434,0.125854,0.444444,0.857143,0.444444,0.444444,0.923077,0.971429,0.923077,0.923077
ads_mda_obj_aat.sssom.tsv,fish_obj:/concepts/96755,BOWL,aat:300203596,bowls (vessels),BOWL,bowls,skos:exactMatch,exactMatch,semapv:UnspecifiedMatching,0.169189,0.191895,0.421053,0.853333,0.421053,0.421053,0.888889,0.960000,0.888889,0.888889
dai_aat.sssom.tsv,http://thesauri.dainst.org/_241b3c83,Mauerturm,aat:300003639,wall towers,Mauerturm,wall towers,skos:exactMatch,exactMatch,semapv:UnspecifiedMatching,0.168701,0.168701,0.300000,0.535354,0.200000,0.200000,0.300000,0.535354,0.200000,0.200000
inrap_pactols_sujets_aat.sssom.tsv,pactols:pcrtSmefwuwa97,insula,aat:300008077,city blocks,insula,city blocks,skos:exactMatch,exactMatch,semapv:UnspecifiedMatching,0.167969,0.167969,0.235294,0.505051,0.117647,0.117647,0.235294,0.505051,0.117647,0.117647
inrap_pactols_sujets_aat.sssom.tsv,pactols:pcrt0dhrbSWbZw,quartier,aat:300000762,quarters (districts),quartier,quarters,skos:exactMatch,exactMatch,semapv:UnspecifiedMatching,0.167847,0.235474,0.500000,0.855000,0.500000,0.500000,0.875000,0.950000,0.875000,0.875000
inrap_pactols_sujets_aat.sssom.tsv,pactols:pcrtrZlKwOpIJt,inhumation,aat:300263485,burials,inhumation,burials,skos:exactMatch,exactMatch,semapv:UnspecifiedMatching,0.167847,0.167847,0.235294,0.465079,0.235294,0.235294,0.235294,0.465079,0.235294,0.235294
inrap_pactols_sujets_aat.sssom.tsv,pactols:pcrt6i8AcPBoY2,cheval,aat:300250148,Equus caballus (species),cheval,Equus caballus,skos:exactMatch,exactMatch,semapv:UnspecifiedMatching,0.167603,0.271240,0.200000,0.527778,0.266667,0.266667,0.300000,0.567460,0.300000,0.300000
inrap_pactols_sujets_aat.sssom.tsv,pactols:pcrtOjL41tGiRu,tombe rupestre,aat:300120624,rock-cut tombs,tombe rupestre,rock-cut tombs,skos:exactMatch,exactMatch,semapv:UnspecifiedMatching,0.167480,0.167480,0.357143,0.452381,0.571429,0.571429,0.357143,0.452381,0.571429,0.571429
ads_mda_obj_aat.sssom.tsv,fish_obj:/concepts/97602,NAIL CLEANER,aat:300236740,nail-brushes,NAIL CLEANER,nail-brushes,skos:closeMatch,closeMatch,semapv:UnspecifiedMatching,0.166870,0.166870,0.416667,0.611111,0.333333,0.333333,0.416667,0.611111,0.333333,0.333333
dai_aat.sssom.tsv,http://thesauri.dainst.org/_1c1a75dd,Felsgrab,aat:300120624,rock-cut tombs,Felsgrab,rock-cut tombs,skos:exactMatch,exactMatch,semapv:UnspecifiedMatching,0.166870,0.166870,0.181818,0.464286,0.181818,0.181818,0.181818,0.464286,0.181818,0.181818
inrap_pactols_sujets_aat.sssom.tsv,pactols:pcrtdP8WBHGn9S,maillet,aat:300024825,mallets (striking tools),maillet,mallets,skos:exactMatch,exactMatch,semapv:UnspecifiedMatching,0.166260,0.376221,0.387097,0.668651,0.387097,0.387097,0.857143,0.923810,0.857143,0.857143
dai_aat.sssom.tsv,http://thesauri.dainst.org/_3017,Reiter,aat:300188602,equestrians,Reiter,equestrians,skos:exactMatch,exactMatch,semapv:UnspecifiedMatching,0.165649,0.165649,0.352941,0.593434,0.352941,0.352941,0.352941,0.593434,0.352941,0.352941
inrap_pactols_sujets_aat.sssom.tsv,pactols:pcrtiNStQWVtFe,linteau,aat:300003161,lintels (spanning elements),linteau,lintels,skos:exactMatch,exactMatch,semapv:UnspecifiedMatching,0.165527,0.310791,0.352941,0.693122,0.294118,0.294118,0.714286,0.885714,0.714286,0.714286
inrap_pactols_sujets_aat.sssom.tsv,pactols:pcrtLqVVcJ93ef,hache à ailerons,aat:300400642,winged axes,hache à ailerons,winged axes,skos:exactMatch,exactMatch,semapv:UnspecifiedMatching,0.165527,0.165527,0.370370,0.522348,0.370370,0.370370,0.370370,0.522348,0.370370,0.370370
inrap_pactols_sujets_aat.sssom.tsv,pactols:pcrtL3WSQJjK9w,pieu,aat:300247473,stakes (pointed objects),pieu,stakes,skos:exactMatch,exactMatch,semapv:UnspecifiedMatching,0.165161,0.169678,0.214286,0.513889,0.214286,0.214286,0.200000,0.472222,0.200000,0.200000
inrap_pactols_sujets_aat.sssom.tsv,pactols:pcrtOWbsE377Kt,basse-cour,aat:300003688,baileys,basse-cour,baileys,skos:exactMatch,exactMatch,semapv:UnspecifiedMatching,0.164673,0.164673,0.352941,0.573810,0.352941,0.352941,0.352941,0.573810,0.352941,0.352941
inrap_pactols_sujets_aat.sssom.tsv,pactols:pcrtZk4KDjdyYZ,chartreuse,aat:300000650,charterhouses,chartreuse,charterhouses,skos:exactMatch,exactMatch,semapv:UnspecifiedMatching,0.164307,0.164307,0.782609,0.933846,0.782609,0.782609,0.782609,0.933846,0.782609,0.782609
dai_aat.sssom.tsv,http://thesauri.dainst.org/_cbc68254,Korrespondenz,aat:300026877,correspondence,Korrespondenz,correspondence,skos:exactMatch,exactMatch,semapv:UnspecifiedMatching,0.164185,0.164185,0.814815,0.877289,0.814815,0.814815,0.814815,0.877289,0.814815,0.814815
inrap_pactols_sujets_aat.sssom.tsv,pactols:pcrtfdjrKksfEZ,quartier spécial,aat:300000724,land use districts,quartier spécial,land use districts,skos:exactMatch,exactMatch,semapv:UnspecifiedMatching,0.163940,0.163940,0.294118,0.593519,0.235294,0.235294,0.294118,0.593519,0.235294,0.235294
inrap_pactols_sujets_aat.sssom.tsv,pactols:pcrtekRzBDVyGa,céramique néolithique,aat:300263188,Pottery Neolithic,céramique néolithique,Pottery Neolithic,skos:exactMatch,exactMatch,semapv:UnspecifiedMatching,0.163818,0.163818,0.473684,0.521475,0.421053,0.421053,0.473684,0.521475,0.421053,0.421053
ads_mda_obj_aat.sssom.tsv,fish_obj:/concepts/96750,AMPHORA,aat:300148696,amphorae (storage vessels),AMPHORA,amphorae,skos:exactMatch,exactMatch,semapv:UnspecifiedMatching,0.163208,0.260498,0.424242,0.853846,0.424242,0.424242,0.933333,0.975000,0.933333,0.933333
inrap_pactols_sujets_aat.sssom.tsv,pactols:pcrtfRsB7bzupa,Paléochrétiens,aat:300020665,Early Christian,Paléochrétiens,Early Christian,skos:exactMatch,exactMatch,semapv:UnspecifiedMatching,0.163208,0.163208,0.551724,0.599471,0.413793,0.413793,0.551724,0.599471,0.413793,0.413793
inrap_pactols_sujets_aat.sssom.tsv,pactols:pcrthmVBQESXy2,sel,aat:300183627,salt (inorganic material),sel,salt,skos:exactMatch,exactMatch,semapv:UnspecifiedMatching,0.162964,0.236206,0.214286,0.582222,0.142857,0.142857,0.571429,0.750000,0.571429,0.571429
inrap_pactols_sujets_aat.sssom.tsv,pactols:pcrtDz6FAhsh6y,armée,aat:300137542,armies,armée,armies,skos:exactMatch,exactMatch,semapv:UnspecifiedMatching,0.162598,0.162598,0.727273,0.875556,0.727273,0.727273,0.727273,0.875556,0.727273,0.727273
inrap_pactols_sujets_aat.sssom.tsv,pactols:pcrtxVPISFTEr6,plâtre,aat:300011099,gypsum,plâtre,gypsum,skos:exactMatch,exactMatch,semapv:UnspecifiedMatching,0.162476,0.162476,0.166667,0.444444,0.166667,0.166667,0.166667,0.444444,0.166667,0.166667
inrap_pactols_sujets_aat.sssom.tsv,pactols:pcrt7aZQYTcLGF,offrande,aat:300178244,votive offerings,offrande,votive offerings,skos:exactMatch,exactMatch,semapv:UnspecifiedMatching,0.162354,0.162354,0.416667,0.500000,0.500000,0.500000,0.416667,0.500000,0.500000,0.500000
inrap_pactols_sujets_aat.sssom.tsv,pactols:pcrtDhZmKFAlZa,roche magmatique,aat:300011178,igneous rock,roche magmatique,igneous rock,skos:exactMatch,exactMatch,semapv:UnspecifiedMatching,0.162109,0.162109,0.214286,0.444444,0.428571,0.428571,0.214286,0.444444,0.428571,0.428571
ads_mda_obj_aat.sssom.tsv,fish_obj:/concepts/96075,FLOOR TILE,aat:300250799,floor tile,FLOOR TILE,floor tile,skos:exactMatch,exactMatch,semapv:UnspecifiedMatching,0.161865,0.161865,1.000000,1.000000,1.000000,1.000000,1.000000,1.000000,1.000000,1.000000
inrap_pactols_sujets_aat.sssom.tsv,pactols:pcrtgI8DSt7eam,gravure,aat:300041340,engravings (prints),gravure,engravings,skos:exactMatch,exactMatch,semapv:UnspecifiedMatching,0.161621,0.319580,0.384615,0.557644,0.307692,0.307692,0.470588,0.657143,0.470588,0.470588
ads_mda_obj_aat.sssom.tsv,fish_obj:/concepts/97253,LEAF ARROWHEAD,aat:300024861,arrowheads,LEAF ARROWHEAD,arrowheads,skos:closeMatch,closeMatch,semapv:UnspecifiedMatching,0.161499,0.161499,0.750000,0.699471,0.750000,0.750000,0.750000,0.699471,0.750000,0.750000
ads_mda_obj_aat.sssom.tsv,fish_obj:/concepts/95977,GRAVESTONE,aat:300005923,tombstones (sepulchral monuments),GRAVESTONE,tombstones,skos:exactMatch,exactMatch,semapv:UnspecifiedMatching,0.161255,0.056091,0.232558,0.482828,0.372093,0.372093,0.500000,0.533333,0.500000,0.500000
dai_aat.sssom.tsv,http://thesauri.dainst.org/_bc5e62c4,Negride,aat:300015690,Ancient African,Negride,Ancient African,skos:closeMatch,closeMatch,semapv:UnspecifiedMatching,0.160156,0.160156,0.363636,0.431746,0.272727,0.272727,0.363636,0.431746,0.272727,0.272727
ads_mda_obj_aat.sssom.tsv,fish_obj:/concepts/96721,PENDANT,aat:300046002,pendants (jewelry),PENDANT,pendants,skos:exactMatch,exactMatch,semapv:UnspecifiedMatching,0.159424,0.259766,0.560000,0.877778,0.560000,0.560000,0.933333,0.975000,0.933333,0.933333
inrap_pactols_sujets_aat.sssom.tsv,pactols:pcrttS5ToD19OK,cardo,aat:300122265,cardines,cardo,cardines,skos:exactMatch,exactMatch,semapv:UnspecifiedMatching,0.159302,0.159302,0.615385,0.860000,0.615385,0.615385,0.615385,0.860000,0.615385,0.615385
inrap_pactols_sujets_aat.sssom.tsv,pactols:pcrti29g0mB5JT,réseau routier,aat:300008217,roads,réseau routier,roads,skos:exactMatch,exactMatch,semapv:UnspecifiedMatching,0.159058,0.159058,0.210526,0.493651,0.315789,0.315789,0.210526,0.493651,0.315789,0.315789
ads_eh_tmt2_aat.sssom.tsv,fish_tmt2:/concepts/68544,AGRICULTURAL BUILDING,aat:300004898,agricultural buildings,AGRICULTURAL BUILDING,agricultural buildings,skos:exactMatch,exactMatch,semapv:UnspecifiedMatching,0.158936,0.158936,0.976744,0.990909,0.976744,0.976744,0.976744,0.990909,0.976744,0.976744
dai_aat.sssom.tsv,http://thesauri.dainst.org/_4d76417e,Bogen,aat:300007002,memorial arches,Bogen,memorial arches,skos:exactMatch,exactMatch,semapv:UnspecifiedMatching,0.158813,0.158813,0.200000,0.344444,0.100000,0.100000,0.200000,0.344444,0.100000,0.100000
inrap_pactols_sujets_aat.sssom.tsv,pactols:pcrtbdJZ93Kiii,chambre funéraire,aat:300004088,burial chambers,chambre funéraire,burial chambers,skos:exactMatch,exactMatch,semapv:UnspecifiedMatching,0.158447,0.158447,0.437500,0.618301,0.437500,0.437500,0.437500,0.618301,0.437500,0.437500
ads_eh_tmt2_aat.sssom.tsv,fish_tmt2:/concepts/68961,HUT,aat:300004824,huts (houses),HUT,huts,skos:exactMatch,exactMatch,semapv:UnspecifiedMatching,0.158325,0.359863,0.375000,0.820513,0.375000,0.375000,0.857143,0.941667,0.857143,0.857143
inrap_pactols_sujets_aat.sssom.tsv,pactols:pcrtN5zGcqx0YR,agglomération urbaine,aat:300008375,towns,agglomération urbaine,towns,skos:exactMatch,exactMatch,semapv:UnspecifiedMatching,0.157837,0.157837,0.230769,0.469841,0.230769,0.230769,0.230769,0.469841,0.230769,0.230769
ads_eh_tmc_aat.sssom.tsv,fish_tmc:/concepts/100307,CRAFT,aat:300042940,watercraft,CRAFT,watercraft,skos:closeMatch,closeMatch,semapv:UnspecifiedMatching,0.157837,0.157837,0.666667,0.522222,0.666667,0.666667,0.666667,0.522222,0.666667,0.666667
ads_eh_tmt2_aat.sssom.tsv,fish_tmt2:/concepts/70082,CROSS SLAB,aat:300391173,grave crosses,CROSS SLAB,grave crosses,skos:closeMatch,closeMatch,semapv:UnspecifiedMatching,0.157593,0.157593,0.521739,0.485897,0.608696,0.608696,0.521739,0.485897,0.608696,0.608696
ads_mda_obj_aat.sssom.tsv,fish_obj:/concepts/142911,DEPOSIT,aat:300264846,deposit,DEPOSIT,deposit,skos:closeMatch,closeMatch,semapv:UnspecifiedMatching,0.157593,0.157593,1.000000,1.000000,1.000000,1.000000,1.000000,1.000000,1.000000,1.000000
inrap_pactols_sujets_aat.sssom.tsv,pactols:pcrt6j9PdPG70O,ouvrage avancé,aat:300003701,outworks,ouvrage avancé,outworks,skos:exactMatch,exactMatch,semapv:UnspecifiedMatching,0.157227,0.157227,0.272727,0.529762,0.272727,0.272727,0.272727,0.529762,0.272727,0.272727
ads_mda_obj_aat.sssom.tsv,fish_obj:/concepts/97697,SAMPLE,aat:300028875,samples,SAMPLE,samples,skos:exactMatch,exactMatch,semapv:UnspecifiedMatching,0.156738,0.156738,0.923077,0.971429,0.923077,0.923077,0.923077,0.971429,0.923077,0.923077
ads_mda_obj_aat.sssom.tsv,fish_obj:/concepts/95215,SHIELD,aat:300036869,shields (armor),SHIELD,shields,skos:exactMatch,exactMatch,semapv:UnspecifiedMatching,0.156738,0.202637,0.571429,0.880000,0.571429,0.571429,0.923077,0.971429,0.923077,0.923077
inrap_pactols_sujets_aat.sssom.tsv,pactols:pcrtc6qIb7UHSQ,médaille,aat:300046025,medals,médaille,medals,skos:exactMatch,exactMatch,semapv:UnspecifiedMatching,0.156738,0.156738,0.571429,0.750000,0.571429,0.571429,0.571429,0.750000,0.571429,0.571429
ads_mda_obj_aat.sssom.tsv,fish_obj:/concepts/96230,STRIKE A LIGHT,aat:300266523,firesteels,STRIKE A LIGHT,firesteels,skos:closeMatch,closeMatch,semapv:UnspecifiedMatching,0.156616,0.156616,0.333333,0.565079,0.333333,0.333333,0.333333,0.565079,0.333333,0.333333
ads_mda_obj_aat.sssom.tsv,fish_obj:/concepts/96307,STAKE,aat:300247473,stakes (pointed objects),STAKE,stakes,skos:exactMatch,exactMatch,semapv:UnspecifiedMatching,0.156494,0.218140,0.344828,0.841667,0.344828,0.344828,0.909091,0.966667,0.909091,0.909091
ads_eh_tmt2_aat.sssom.tsv,fish_tmt2:/concepts/68560,FARMHOUSE,aat:300005574,farmhouses,FARMHOUSE,farmhouses,skos:exactMatch,exactMatch,semapv:UnspecifiedMatching,0.155151,0.155151,0.947368,0.980000,0.947368,0.947368,0.947368,0.980000,0.947368,0.947368
inrap_pactols_sujets_aat.sssom.tsv,pactols:pcrtkXXVYFfHbv,applique,aat:300256026,onlays (applied decoration),applique,onlays,skos:exactMatch,exactMatch,semapv:UnspecifiedMatching,0.154907,0.191406,0.342857,0.601852,0.342857,0.342857,0.142857,0.361111,0.142857,0.142857
inrap_pactols_sujets_aat.sssom.tsv,pactols:pcrt8JpPBNyUGO,sédimentation,aat:300379424,sediment,sédimentation,sediment,skos:closeMatch,closeMatch,semapv:UnspecifiedMatching,0.154907,0.154907,0.666667,0.738324,0.666667,0.666667,0.666667,0.738324,0.666667,0.666667
inrap_pactols_sujets_aat.sssom.tsv,pactols:pcrtj0vmNc3SRp,boucle d'oreille,aat:300045998,earrings (jewelry),boucle d'oreille,earrings,skos:exactMatch,exactMatch,semapv:UnspecifiedMatching,0.154663,-0.030151,0.235294,0.465939,0.235294,0.235294,0.250000,0.458333,0.250000,0.250000
inrap_pactols_sujets_aat.sssom.tsv,pactols:pcrttcSF6qn4l3,pont,aat:300007836,bridges (built works),pont,bridges,skos:exactMatch,exactMatch,semapv:UnspecifiedMatching,0.154419,0.299561,0.080000,0.000000,0.080000,0.080000,0.000000,0.000000,0.000000,0.000000
ads_mda_obj_aat.sssom.tsv,fish_obj:/concepts/95131,ARROW,aat:300036976,arrows,ARROW,arrows,skos:exactMatch,exactMatch,semapv:UnspecifiedMatching,0.154419,0.154419,0.909091,0.966667,0.909091,0.909091,0.909091,0.966667,0.909091,0.909091
inrap_pactols_sujets_aat.sssom.tsv,pactols:pcrtMvZR1GMyI3,tour défensive,aat:300004862,defensive towers,tour défensive,defensive towers,skos:exactMatch,exactMatch,semapv:UnspecifiedMatching,0.153442,0.153442,0.533333,0.586971,0.800000,0.800000,0.533333,0.586971,0.800000,0.800000
ads_eh_tmt2_aat.sssom.tsv,fish_tmt2:/concepts/70935,GULLY,aat:300008769,gullies,GULLY,gullies,skos:exactMatch,exactMatch,semapv:UnspecifiedMatching,0.153442,0.153442,0.666667,0.874286,0.666667,0.666667,0.666667,0.874286,0.666667,0.666667
inrap_pactols_sujets_aat.sssom.tsv,pactols:pcrtEfcf8rSZvm,ossement,aat:300011798,bone (material),ossement,bone,skos:closeMatch,closeMatch,semapv:UnspecifiedMatching,0.153320,0.119568,0.347826,0.605556,0.260870,0.260870,0.333333,0.583333,0.333333,0.333333
dai_aat.sssom.tsv,http://thesauri.dainst.org/_e724ef65,Grenzmal,aat:300006962,boundary stones,Grenzmal,boundary stones,skos:closeMatch,closeMatch,semapv:UnspecifiedMatching,0.153198,0.153198,0.173913,0.413889,0.173913,0.173913,0.173913,0.413889,0.173913,0.173913
ads_eh_tmt2_aat.sssom.tsv,fish_tmt2:/concepts/68971,GATE LODGE,aat:300005621,gatehouses,GATE LODGE,gatehouses,skos:closeMatch,closeMatch,semapv:UnspecifiedMatching,0.152710,0.152710,0.600000,0.840000,0.600000,0.600000,0.600000,0.840000,0.600000,0.600000
inrap_pactols_sujets_aat.sssom.tsv,pactols:pcrt5EjiIPAc1X,bataille,aat:300185692,battles,bataille,battles,skos:exactMatch,exactMatch,semapv:UnspecifiedMatching,0.152588,0.152588,0.666667,0.845833,0.666667,0.666667,0.666667,0.845833,0.666667,0.666667
inrap_pactols_sujets_aat.sssom.tsv,pactols:pcrtHlxwv11rUT,presbytère,aat:300005648,presbyteries,presbytère,presbyteries,skos:exactMatch,exactMatch,semapv:UnspecifiedMatching,0.152466,0.152466,0.818182,0.907778,0.818182,0.818182,0.818182,0.907778,0.818182,0.818182
ads_mda_obj_aat.sssom.tsv,fish_obj:/concepts/95423,COIN,aat:300037222,coins (money),COIN,coins,skos:closeMatch,closeMatch,semapv:UnspecifiedMatching,0.152344,0.174316,0.470588,0.861538,0.470588,0.470588,0.888889,0.960000,0.888889,0.888889
inrap_pactols_sujets_aat.sssom.tsv,pactols:pcrtEpGlZykUTy,plomb,aat:300011022,lead (metal),plomb,lead,skos:exactMatch,exactMatch,semapv:UnspecifiedMatching,0.152344,0.211548,0.235294,0.522222,0.117647,0.117647,0.222222,0.483333,0.222222,0.222222
ads_mda_obj_aat.sssom.tsv,fish_obj:/concepts/96360,ARCHITECTURAL ELEMENT,aat:300000885,architectural elements,ARCHITECTURAL ELEMENT,architectural elements,skos:exactMatch,exactMatch,semapv:UnspecifiedMatching,0.151978,0.151978,0.976744,0.990909,0.976744,0.976744,0.976744,0.990909,0.976744,0.976744
inrap_pactols_sujets_aat.sssom.tsv,pactols:pcrt5uraytgnYo,barque,aat:300178749,boats,barque,boats,skos:exactMatch,exactMatch,semapv:UnspecifiedMatching,0.151855,0.151855,0.363636,0.577778,0.363636,0.363636,0.363636,0.577778,0.363636,0.363636
ads_mda_obj_aat.sssom.tsv,fish_obj:/concepts/142875,ROUND SHOT,aat:300014652,shot (ammunition),ROUND SHOT,shot,skos:closeMatch,closeMatch,semapv:UnspecifiedMatching,0.151733,0.126221,0.296296,0.590196,0.518519,0.571429,0.571429,0.450000,0.571429,1.000000
ads_eh_tmt2_aat.sssom.tsv,fish_tmt2:/concepts/68757,COMMEMORATIVE,aat:300006956,memorials (structures),COMMEMORATIVE,memorials,skos:closeMatch,closeMatch,semapv:UnspecifiedMatching,0.151367,0.117981,0.457143,0.589355,0.400000,0.400000,0.545455,0.676842,0.545455,0.545455
inrap_pactols_sujets_aat.sssom.tsv,pactols:pcrt6MZFGZ6bi5,bassin de décantation,aat:300006169,settling basins,bassin de décantation,settling basins,skos:exactMatch,exactMatch,semapv:UnspecifiedMatching,0.151367,0.151367,0.388889,0.547619,0.611111,0.611111,0.388889,0.547619,0.611111,0.611111
inrap_pactols_sujets_aat.sssom.tsv,pactols:pcrtUDM5NvfJZ1,coquillage,aat:300011829,shell (animal material),coquillage,shell,skos:exactMatch,exactMatch,semapv:UnspecifiedMatching,0.151245,0.109680,0.242424,0.505797,0.242424,0.242424,0.266667,0.533333,0.266667,0.266667
inrap_pactols_sujets_aat.sssom.tsv,pactols:pcrts8SiTTY3Ka,acquisition de ressource naturelle,aat:300000388,extracting complexes,acquisition de ressource naturelle,extracting complexes,skos:closeMatch,closeMatch,semapv:UnspecifiedMatching,0.151245,0.151245,0.333333,0.584874,0.296296,0.296296,0.333333,0.584874,0.296296,0.296296
inrap_pactols_sujets_aat.sssom.tsv,pactols:pcrtGYSdHhlaLw,céramique campanienne,aat:300020176,Campanian (pottery style),céramique campanienne,Campanian,skos:exactMatch,exactMatch,semapv:UnspecifiedMatching,0.151001,0.310059,0.391304,0.572698,0.434783,0.434783,0.533333,0.656085,0.533333,0.533333
dai_aat.sssom.tsv,http://thesauri.dainst.org/_4fec39d1,Terrasse,aat:300004182,terraces (landscaped- site elements),Terrasse,terraces,skos:exactMatch,exactMatch,semapv:UnspecifiedMatching,0.150635,0.270752,0.363636,0.699074,0.272727,0.272727,0.750000,0.921429,0.750000,0.750000
inrap_pactols_sujets_aat.sssom.tsv,pactols:pcrtTPNhTpHiLB,récipient rituel,aat:300265801,ritual vessels,récipient rituel,ritual vessels,skos:exactMatch,exactMatch,semapv:UnspecifiedMatching,0.150513,0.150513,0.400000,0.598214,0.466667,0.466667,0.400000,0.598214,0.466667,0.466667
inrap_pactols_sujets_aat.sssom.tsv,pactols:pcrtt4zLcbgpbm,peson,aat:300265738,spindles (textile working equipment),peson,spindles,skos:exactMatch,exactMatch,semapv:UnspecifiedMatching,0.150269,0.176392,0.243902,0.579630,0.243902,0.243902,0.461538,0.547222,0.461538,0.461538
ads_mda_obj_aat.sssom.tsv,fish_obj:/concepts/95650,GAMING PIECE,aat:300211101,game pieces (game elements),GAMING PIECE,game pieces,skos:exactMatch,exactMatch,semapv:UnspecifiedMatching,0.149902,0.069092,0.461538,0.667901,0.564103,0.564103,0.782609,0.873316,0.782609,0.782609
inrap_pactols_sujets_aat.sssom.tsv,pactols:pcrtJfGF3PlIkr,faubourg,aat:300000874,suburbs,faubourg,suburbs,skos:exactMatch,exactMatch,semapv:UnspecifiedMatching,0.149902,0.149902,0.533333,0.690476,0.533333,0.533333,0.533333,0.690476,0.533333,0.533333
inrap_pactols_sujets_aat.sssom.tsv,pactols:pcrta8Bnn8iMwS,galet aménagé,aat:300400611,chopping tools (prehistoric cutting tools),galet aménagé,chopping tools,skos:exactMatch,exactMatch,semapv:UnspecifiedMatching,0.149536,0.000999,0.254545,0.423687,0.218182,0.218182,0.148148,0.364469,0.296296,0.296296
inrap_pactols_sujets_aat.sssom.tsv,pactols:pcrt1V2ynr1VqP,coupe,aat:300043202,cups (drinking vessels),coupe,cups,skos:exactMatch,exactMatch,semapv:UnspecifiedMatching,0.149414,0.358643,0.285714,0.576812,0.285714,0.285714,0.666667,0.805000,0.666667,0.666667
inrap_pactols_sujets_aat.sssom.tsv,pactols:pcrtnlpDSw0du4,pierre ollaire,aat:300011665,soapstone (metamorphic rock),pierre ollaire,soapstone,skos:exactMatch,exactMatch,semapv:UnspecifiedMatching,0.149414,0.033020,0.285714,0.580688,0.285714,0.285714,0.260870,0.404762,0.347826,0.347826
inrap_pactols_sujets_aat.sssom.tsv,pactols:pcrtA2w22SzLJA,fonte à cire perdue,aat:300053113,lost-wax process,fonte à cire perdue,lost-wax process,skos:exactMatch,exactMatch,semapv:UnspecifiedMatching,0.149170,0.149170,0.342857,0.554355,0.342857,0.342857,0.342857,0.554355,0.342857,0.342857
dai_aat.sssom.tsv,http://thesauri.dainst.org/_2784,Pyramide,aat:300004838,pyramids (tombs or platforms),Pyramide,pyramids,skos:exactMatch,exactMatch,semapv:UnspecifiedMatching,0.149048,0.255859,0.378378,0.823276,0.378378,0.378378,0.875000,0.950000,0.875000,0.875000
inrap_pactols_sujets_aat.sssom.tsv,pactols:pcrt0Krn6QJlhU,dolmen,aat:300005934,megalithic chamber tombs,dolmen,megalithic chamber tombs,skos:closeMatch,closeMatch,semapv:UnspecifiedMatching,0.148804,0.148804,0.200000,0.430556,0.133333,0.133333,0.200000,0.430556,0.133333,0.133333
ads_eh_tmt2_aat.sssom.tsv,fish_tmt2:/concepts/69127,FISH PROCESSING SITE,aat:300006348,fisheries,FISH PROCESSING SITE,fisheries,skos:closeMatch,closeMatch,semapv:UnspecifiedMatching,0.148804,0.148804,0.482759,0.679630,0.482759,0.482759,0.482759,0.679630,0.482759,0.482759
inrap_pactols_sujets_aat.sssom.tsv,pactols:pcrtzfzsUaVArQ,étrier,aat:300255573,stirrups,étrier,stirrups,skos:exactMatch,exactMatch,semapv:UnspecifiedMatching,0.148438,0.148438,0.428571,0.638889,0.428571,0.428571,0.428571,0.638889,0.428571,0.428571
dai_aat.sssom.tsv,http://thesauri.dainst.org/_42464cba,koptisch,aat:300388268,"Egyptian, Coptic (language)",koptisch,"Egyptian, Coptic",skos:exactMatch,exactMatch,semapv:UnspecifiedMatching,0.148438,0.214600,0.285714,0.470062,0.285714,0.285714,0.416667,0.583333,0.416667,0.416667
ads_mda_obj_aat.sssom.tsv,fish_obj:/concepts/96127,TILE,aat:300010676,tile (materials),TILE,tile,skos:exactMatch,exactMatch,semapv:UnspecifiedMatching,0.148315,0.292969,0.400000,0.850000,0.400000,1.000000,1.000000,1.000000,1.000000,1.000000
ads_eh_tbm_aat.sssom.tsv,fish_tbm:/concepts/98241,TILE,aat:300010676,tile (materials),TILE,tile,skos:exactMatch,exactMatch,semapv:UnspecifiedMatching,0.148315,0.292969,0.400000,0.850000,0.400000,1.000000,1.000000,1.000000,1.000000,1.000000
inrap_pactols_sujets_aat.sssom.tsv,pactols:pcrtPru6hdcx4X,croix,aat:300010044,crosses (motifs),croix,crosses,skos:exactMatch,exactMatch,semapv:UnspecifiedMatching,0.148193,0.176880,0.380952,0.595833,0.285714,0.285714,0.500000,0.676190,0.500000,0.500000
inrap_pactols_sujets_aat.sssom.tsv,pactols:pcrtNkl2f86Opk,verger,aat:300008890,orchards,verger,orchards,skos:exactMatch,exactMatch,semapv:UnspecifiedMatching,0.148193,0.148193,0.285714,0.527778,0.285714,0.285714,0.285714,0.527778,0.285714,0.285714
ads_eh_tmt2_aat.sssom.tsv,fish_tmt2:/concepts/144484,MASS GRAVE,aat:300005907,graves,MASS GRAVE,graves,skos:closeMatch,closeMatch,semapv:UnspecifiedMatching,0.147949,0.147949,0.625000,0.511111,0.750000,0.750000,0.625000,0.511111,0.750000,0.750000
inrap_pactols_sujets_aat.sssom.tsv,pactols:pcrtqbh6Y1DsXN,oiseau,aat:300266506,Aves (class),oiseau,Aves,skos:exactMatch,exactMatch,semapv:UnspecifiedMatching,0.147949,0.151245,0.222222,0.472222,0.222222,0.222222,0.200000,0.444444,0.200000,0.200000
ads_eh_tmt2_aat.sssom.tsv,fish_tmt2:/concepts/70411,SHELTER,aat:300007688,shelters (single built works),SHELTER,shelters,skos:exactMatch,exactMatch,semapv:UnspecifiedMatching,0.147339,0.219971,0.388889,0.848276,0.388889,0.388889,0.933333,0.975000,0.933333,0.933333
inrap_pactols_sujets_aat.sssom.tsv,pactols:pcrtSIJ8VYglZv,cloison,aat:300002538,partitions (interior walls),cloison,partitions,skos:exactMatch,exactMatch,semapv:UnspecifiedMatching,0.147095,0.036133,0.176471,0.406526,0.235294,0.235294,0.352941,0.576190,0.352941,0.352941
ads_mda_obj_aat.sssom.tsv,fish_obj:/concepts/96674,BUTTON,aat:300239261,buttons (fasteners),BUTTON,buttons,skos:exactMatch,exactMatch,semapv:UnspecifiedMatching,0.146973,0.196899,0.480000,0.863158,0.480000,0.480000,0.923077,0.971429,0.923077,0.923077
inrap_pactols_sujets_aat.sssom.tsv,pactols:pcrts8Sij9iWxU,pédologie,aat:300054557,soil science,pédologie,soil science,skos:exactMatch,exactMatch,semapv:UnspecifiedMatching,0.146606,0.146606,0.380952,0.509259,0.190476,0.190476,0.380952,0.509259,0.190476,0.190476
ads_eh_tmt2_aat.sssom.tsv,fish_tmt2:/concepts/68928,HOUSE,aat:300005433,houses,HOUSE,houses,skos:exactMatch,exactMatch,semapv:UnspecifiedMatching,0.146240,0.146240,0.909091,0.966667,0.909091,0.909091,0.909091,0.966667,0.909091,0.909091
inrap_pactols_sujets_aat.sssom.tsv,pactols:pcrtFdK3klNna0,lac,aat:300008680,lakes (bodies of water),lac,lakes,skos:exactMatch,exactMatch,semapv:UnspecifiedMatching,0.145996,0.306641,0.153846,0.584541,0.153846,0.153846,0.500000,0.688889,0.500000,0.500000
inrap_pactols_sujets_aat.sssom.tsv,pactols:pcrtUcrzzSFY50,mosaïque,aat:300015342,mosaics (visual works),mosaïque,mosaics,skos:exactMatch,exactMatch,semapv:UnspecifiedMatching,0.145996,0.305908,0.333333,0.617424,0.266667,0.266667,0.533333,0.690476,0.533333,0.533333
inrap_pactols_sujets_aat.sssom.tsv,pactols:pcrtJWWucnutA0,fer,aat:300011002,iron (metal),fer,iron,skos:exactMatch,exactMatch,semapv:UnspecifiedMatching,0.145752,0.117126,0.133333,0.472222,0.266667,0.266667,0.285714,0.527778,0.285714,0.285714
inrap_pactols_sujets_aat.sssom.tsv,pactols:pcrt8Kxe3TJcK3,meule rotative,aat:300263933,grinding stones,meule rotative,grinding stones,skos:closeMatch,closeMatch,semapv:UnspecifiedMatching,0.145630,0.145630,0.206897,0.498413,0.206897,0.206897,0.206897,0.498413,0.206897,0.206897
dai_aat.sssom.tsv,http://thesauri.dainst.org/_d45e2317,Hort / Depot,aat:300195474,hoards (groupings),Hort / Depot,hoards,skos:exactMatch,exactMatch,semapv:UnspecifiedMatching,0.145508,0.197021,0.333333,0.562169,0.333333,0.333333,0.444444,0.666667,0.333333,0.333333
ads_mda_obj_aat.sssom.tsv,fish_obj:/concepts/95463,WHEEL,aat:300024976,wheels (components),WHEEL,wheels,skos:exactMatch,exactMatch,semapv:UnspecifiedMatching,0.145386,0.228516,0.416667,0.852632,0.416667,0.416667,0.909091,0.966667,0.909091,0.909091
inrap_pactols_sujets_aat.sssom.tsv,pactols:pcrtcQviVbRaPn,liturgie,aat:300055983,liturgy,liturgie,liturgy,skos:exactMatch,exactMatch,semapv:UnspecifiedMatching,0.145264,0.145264,0.800000,0.921429,0.800000,0.800000,0.800000,0.921429,0.800000,0.800000
inrap_pactols_sujets_aat.sssom.tsv,pactols:pcrtEznNgQ3h63,instrumentum,aat:300037336,furnishings (artifacts),instrumentum,furnishings,skos:exactMatch,exactMatch,semapv:UnspecifiedMatching,0.145142,0.138916,0.285714,0.533989,0.228571,0.228571,0.260870,0.570707,0.260870,0.260870
ads_eh_tmt2_aat.sssom.tsv,fish_tmt2:/concepts/70152,MONASTERY,aat:300000641,monasteries (built complexes),MONASTERY,monasteries,skos:exactMatch,exactMatch,semapv:UnspecifiedMatching,0.145020,0.075195,0.421053,0.832950,0.421053,0.421053,0.800000,0.923232,0.800000,0.800000
inrap_pactols_sujets_aat.sssom.tsv,pactols:pcrtKfL11q1qOk,structure annexe,aat:300008001,outbuildings,structure annexe,outbuildings,skos:exactMatch,exactMatch,semapv:UnspecifiedMatching,0.144531,0.144531,0.285714,0.444444,0.214286,0.214286,0.285714,0.444444,0.214286,0.214286
inrap_pactols_sujets_aat.sssom.tsv,pactols:pcrt5SSv2BAXbS,grelot,aat:300041933,rattles,grelot,rattles,skos:exactMatch,exactMatch,semapv:UnspecifiedMatching,0.144409,0.144409,0.307692,0.531746,0.307692,0.307692,0.307692,0.531746,0.307692,0.307692
inrap_pactols_sujets_aat.sssom.tsv,pactols:pcrt2vSqFSVOQc,sidérurgie,aat:300054049,ironworking,sidérurgie,ironworking,skos:exactMatch,exactMatch,semapv:UnspecifiedMatching,0.144409,0.144409,0.380952,0.584848,0.380952,0.380952,0.380952,0.584848,0.380952,0.380952
dai_aat.sssom.tsv,http://thesauri.dainst.org/_e764db27,Ehrensäule,aat:300248647,triumphal columns,Ehrensäule,triumphal columns,skos:closeMatch,closeMatch,semapv:UnspecifiedMatching,0.144043,0.144043,0.222222,0.461765,0.296296,0.296296,0.222222,0.461765,0.296296,0.296296
inrap_pactols_sujets_aat.sssom.tsv,pactols:pcrt5XWh8nlOlK,auget,aat:300196960,salt boxes (containers),auget,salt boxes,skos:exactMatch,exactMatch,semapv:UnspecifiedMatching,0.143921,0.198120,0.214286,0.465700,0.214286,0.214286,0.266667,0.533333,0.266667,0.266667
dai_aat.sssom.tsv,http://thesauri.dainst.org/_0c5b348e,bürgerlich,aat:300386272,burghers,bürgerlich,burghers,skos:closeMatch,closeMatch,semapv:UnspecifiedMatching,0.143799,0.143799,0.555556,0.737500,0.555556,0.555556,0.555556,0.737500,0.555556,0.555556
inrap_pactols_sujets_aat.sssom.tsv,pactols:pcrtyhGhA0pEmo,pendentif,aat:300046002,pendants (jewelry),pendentif,pendants,skos:exactMatch,exactMatch,semapv:UnspecifiedMatching,0.143433,0.194336,0.444444,0.674603,0.444444,0.444444,0.705882,0.883333,0.705882,0.705882
ads_eh_tmt2_aat.sssom.tsv,fish_tmt2:/concepts/68765,COMMEMORATIVE MONUMENT,aat:300006956,memorials (structures),COMMEMORATIVE MONUMENT,memorials,skos:exactMatch,exactMatch,semapv:UnspecifiedMatching,0.143311,0.109070,0.409091,0.558081,0.318182,0.318182,0.387097,0.603415,0.387097,0.387097
inrap_pactols_sujets_aat.sssom.tsv,pactols:pcrteG5tTLXN3T,clayonnage,aat:300011888,wattle (building materials),clayonnage,wattle,skos:exactMatch,exactMatch,semapv:UnspecifiedMatching,0.143066,0.096985,0.216216,0.496296,0.216216,0.216216,0.250000,0.488889,0.250000,0.250000
inrap_pactols_sujets_aat.sssom.tsv,pactols:pcrtscphFlGg1l,équidé,aat:300265958,Equidae (family),équidé,Equidae,skos:exactMatch,exactMatch,semapv:UnspecifiedMatching,0.143066,0.309814,0.363636,0.638889,0.363636,0.363636,0.615385,0.746032,0.615385,0.615385
inrap_pactols_sujets_aat.sssom.tsv,pactols:pcrtj3ZcwkArSR,roche sédimentaire,aat:300011273,sedimentary rock,roche sédimentaire,sedimentary rock,skos:exactMatch,exactMatch,semapv:UnspecifiedMatching,0.142578,0.142578,0.529412,0.614689,0.764706,0.764706,0.529412,0.614689,0.764706,0.764706
inrap_pactols_sujets_aat.sssom.tsv,pactols:pcrtjnV1swPk4K,esplanade,aat:300008304,squares (open spaces),esplanade,squares,skos:closeMatch,closeMatch,semapv:UnspecifiedMatching,0.142578,0.093811,0.400000,0.484127,0.400000,0.400000,0.375000,0.587302,0.375000,0.375000
inrap_pactols_sujets_aat.sssom.tsv,pactols:pcrtUt8RmqQKbM,bouton,aat:300239261,buttons (fasteners),bouton,buttons,skos:exactMatch,exactMatch,semapv:UnspecifiedMatching,0.142578,0.424561,0.400000,0.632164,0.400000,0.400000,0.769231,0.864286,0.769231,0.769231
inrap_pactols_sujets_aat.sssom.tsv,pactols:pcrta3pG2SUSbG,tombe en pleine terre,aat:300005907,graves,tombe en pleine terre,graves,skos:closeMatch,closeMatch,semapv:UnspecifiedMatching,0.142334,0.142334,0.148148,0.404762,0.148148,0.148148,0.148148,0.404762,0.148148,0.148148
ads_eh_tmt2_aat.sssom.tsv,fish_tmt2:/concepts/68803,Emporium,aat:300005283,shops (stores),Emporium,shops,skos:closeMatch,closeMatch,semapv:UnspecifiedMatching,0.142212,0.115662,0.272727,0.418651,0.181818,0.181818,0.153846,0.383333,0.153846,0.153846
dai_aat.sssom.tsv,http://thesauri.dainst.org/_75f0a189,Bucht,aat:300266557,bights (landforms),Bucht,bights,skos:exactMatch,exactMatch,semapv:UnspecifiedMatching,0.141968,0.232422,0.260870,0.588889,0.260870,0.260870,0.545455,0.730000,0.545455,0.545455
inrap_pactols_sujets_aat.sssom.tsv,pactols:pcrtL2cYBrgNp8,briqueterie,aat:300006278,brickworks (factories),briqueterie,brickworks,skos:exactMatch,exactMatch,semapv:UnspecifiedMatching,0.141968,0.212646,0.424242,0.603896,0.303030,0.303030,0.380952,0.587879,0.380952,0.380952
ads_mda_obj_aat.sssom.tsv,fish_obj:/concepts/96011,CAME,aat:300003106,cames,CAME,cames,skos:exactMatch,exactMatch,semapv:UnspecifiedMatching,0.141602,0.141602,0.888889,0.960000,0.888889,0.888889,0.888889,0.960000,0.888889,0.888889
inrap_pactols_sujets_aat.sssom.tsv,pactols:pcrtRtxV7z0lyE,partie de maison,aat:300133704,rooms and spaces,partie de maison,rooms and spaces,skos:closeMatch,closeMatch,semapv:UnspecifiedMatching,0.141479,0.141479,0.375000,0.597222,0.500000,0.500000,0.375000,0.597222,0.500000,0.500000
ads_eh_tmt2_aat.sssom.tsv,fish_tmt2:/concepts/70373,GRAFFITI,aat:300015613,graffiti,GRAFFITI,graffiti,skos:exactMatch,exactMatch,semapv:UnspecifiedMatching,0.140747,0.140747,1.000000,1.000000,1.000000,1.000000,1.000000,1.000000,1.000000,1.000000
dai_aat.sssom.tsv,http://thesauri.dainst.org/_62543af3,Dolmen,aat:300005934,megalithic chamber tombs,Dolmen,megalithic chamber tombs,skos:exactMatch,exactMatch,semapv:UnspecifiedMatching,0.140381,0.140381,0.200000,0.430556,0.133333,0.133333,0.200000,0.430556,0.133333,0.133333
inrap_pactols_sujets_aat.sssom.tsv,pactols:pcrt52SAPxOV16,auge,aat:300220971,troughs (containers),auge,troughs,skos:exactMatch,exactMatch,semapv:UnspecifiedMatching,0.140381,0.069214,0.250000,0.533333,0.250000,0.250000,0.363636,0.595238,0.363636,0.363636
ads_eh_tmc_aat.sssom.tsv,fish_tmc:/concepts/100391,LOGBOAT,aat:300232932,dugout-based watercraft,LOGBOAT,dugout-based watercraft,skos:closeMatch,closeMatch,semapv:UnspecifiedMatching,0.140259,0.140259,0.266667,0.510559,0.266667,0.266667,0.266667,0.510559,0.266667,0.266667
inrap_pactols_sujets_aat.sssom.tsv,pactols:pcrt10h3IcGtc8,terroir,aat:300182722,regions (geographic),terroir,regions,skos:closeMatch,closeMatch,semapv:UnspecifiedMatching,0.140259,0.167480,0.222222,0.521429,0.296296,0.296296,0.285714,0.547619,0.285714,0.285714
inrap_pactols_sujets_aat.sssom.tsv,pactols:pcrtw4WU5RpLdF,place,aat:300008304,squares (open spaces),place,squares,skos:exactMatch,exactMatch,semapv:UnspecifiedMatching,0.140259,0.100464,0.307692,0.498413,0.307692,0.307692,0.333333,0.561905,0.333333,0.333333
inrap_pactols_sujets_aat.sssom.tsv,pactols:pcrtVemT6o6YVG,port,aat:300008678,harbors,port,harbors,skos:exactMatch,exactMatch,semapv:UnspecifiedMatching,0.140137,0.140137,0.363636,0.464286,0.363636,0.363636,0.363636,0.464286,0.363636,0.363636
inrap_pactols_sujets_aat.sssom.tsv,pactols:pcrtj7UzwMo9cV,mer,aat:300008694,seas,mer,seas,skos:exactMatch,exactMatch,semapv:UnspecifiedMatching,0.140015,0.140015,0.285714,0.527778,0.285714,0.285714,0.285714,0.527778,0.285714,0.285714
inrap_pactols_sujets_aat.sssom.tsv,pactols:pcrt0fd4QNWbYI,chaîne,aat:300014625,chains (object genres),chaîne,chains,skos:exactMatch,exactMatch,semapv:UnspecifiedMatching,0.139771,0.425781,0.357143,0.686869,0.357143,0.357143,0.666667,0.844444,0.666667,0.666667
inrap_pactols_sujets_aat.sssom.tsv,pactols:pcrtTnlurfPgFb,datation isotopique,aat:300054717,radioactive dating,datation isotopique,radioactive dating,skos:closeMatch,closeMatch,semapv:UnspecifiedMatching,0.139648,0.139648,0.378378,0.578504,0.594595,0.594595,0.378378,0.578504,0.594595,0.594595
inrap_pactols_sujets_aat.sssom.tsv,pactols:pcrtbPJTIhNh6t,plaque de ceinture,aat:300375281,belt buckles,plaque de ceinture,belt buckles,skos:exactMatch,exactMatch,semapv:UnspecifiedMatching,0.139526,0.139526,0.266667,0.444444,0.333333,0.333333,0.266667,0.444444,0.333333,0.333333
inrap_pactols_sujets_aat.sssom.tsv,pactols:pcrtRV35MASQWr,courtine (fortification elements),aat:300002504,curtain walls,courtine,curtain walls,skos:exactMatch,exactMatch,semapv:UnspecifiedMatching,0.139526,0.234009,0.434783,0.580938,0.391304,0.391304,0.571429,0.763462,0.571429,0.571429
ads_mda_obj_aat.sssom.tsv,fish_obj:/concepts/96311,STRAP,aat:300049015,straps (fasteners),STRAP,straps,skos:exactMatch,exactMatch,semapv:UnspecifiedMatching,0.139404,0.273682,0.434783,0.855556,0.434783,0.434783,0.909091,0.966667,0.909091,0.909091
inrap_pactols_sujets_aat.sssom.tsv,pactols:pcrtayUfKeMPjk,colombage,aat:300125479,half-timber construction,colombage,half-timber construction,skos:exactMatch,exactMatch,semapv:UnspecifiedMatching,0.139282,0.139282,0.242424,0.527778,0.363636,0.363636,0.242424,0.527778,0.363636,0.363636
dai_aat.sssom.tsv,http://thesauri.dainst.org/_3881,griechisch,aat:300389734,Greek (language),griechisch,Greek,skos:exactMatch,exactMatch,semapv:UnspecifiedMatching,0.139160,0.290771,0.230769,0.495833,0.230769,0.230769,0.400000,0.633333,0.400000,0.400000
inrap_pactols_sujets_aat.sssom.tsv,pactols:pcrtDPHSnUSk0Y,ville/campagne,aat:300154319,urban fringes,ville/campagne,urban fringes,skos:closeMatch,closeMatch,semapv:UnspecifiedMatching,0.138794,0.138794,0.222222,0.447802,0.296296,0.296296,0.222222,0.447802,0.296296,0.296296
ads_mda_obj_aat.sssom.tsv,fish_obj:/concepts/141192,ASSEMBLAGE,aat:300256847,assemblages (object groupings),ASSEMBLAGE,assemblages,skos:exactMatch,exactMatch,semapv:UnspecifiedMatching,0.138672,0.200195,0.500000,0.866667,0.500000,0.500000,0.952381,0.981818,0.952381,0.952381
inrap_pactols_sujets_aat.sssom.tsv,pactols:pcrt7EyA2KZ6XA,jambière,aat:300036788,greaves,jambière,greaves,skos:exactMatch,exactMatch,semapv:UnspecifiedMatching,0.138428,0.138428,0.266667,0.511905,0.266667,0.266667,0.266667,0.511905,0.266667,0.266667
inrap_pactols_sujets_aat.sssom.tsv,pactols:pcrtyFBX8RROW4,caprinés,aat:300250122,Capra (genus),caprinés,Capra,skos:exactMatch,exactMatch,semapv:UnspecifiedMatching,0.138428,0.169922,0.571429,0.842308,0.380952,0.380952,0.615385,0.860000,0.615385,0.615385
inrap_pactols_sujets_aat.sssom.tsv,pactols:pcrtLTfjeNtYxU,boucherie,aat:300379670,butchering,boucherie,butchering,skos:exactMatch,exactMatch,semapv:UnspecifiedMatching,0.138428,0.138428,0.736842,0.843333,0.736842,0.736842,0.736842,0.843333,0.736842,0.736842
inrap_pactols_sujets_aat.sssom.tsv,pactols:pcrtEMVOMHVcio,araire,aat:300233317,plows (agricultural equipment),araire,plows,skos:exactMatch,exactMatch,semapv:UnspecifiedMatching,0.137695,0.000995,0.277778,0.600000,0.277778,0.277778,0.000000,0.000000,0.000000,0.000000
dai_aat.sssom.tsv,http://thesauri.dainst.org/_3ec13368,Öffentlicher Platz,aat:300263422,public spaces,Öffentlicher Platz,public spaces,skos:exactMatch,exactMatch,semapv:UnspecifiedMatching,0.137329,0.137329,0.387097,0.499593,0.322581,0.322581,0.387097,0.499593,0.322581,0.322581
inrap_pactols_sujets_aat.sssom.tsv,pactols:pcrthnT1nxnGPl,peson de filet de pêche,aat:300266727,sinkers (fishing),peson de filet de pêche,sinkers,skos:exactMatch,exactMatch,semapv:UnspecifiedMatching,0.137085,0.030930,0.350000,0.476799,0.300000,0.324324,0.200000,0.498447,0.200000,0.222222
dai_aat.sssom.tsv,http://thesauri.dainst.org/_6ebede2f,Gymnasium,aat:300007297,gymnasiums,Gymnasium,gymnasiums,skos:exactMatch,exactMatch,semapv:UnspecifiedMatching,0.137085,0.137085,0.947368,0.980000,0.947368,0.947368,0.947368,0.980000,0.947368,0.947368
inrap_pactols_sujets_aat.sssom.tsv,pactols:pcrto3fB02OhuY,stockage,aat:300056390,storage,stockage,storage,skos:exactMatch,exactMatch,semapv:UnspecifiedMatching,0.137085,0.137085,0.800000,0.908333,0.800000,0.800000,0.800000,0.908333,0.800000,0.800000
inrap_pactols_sujets_aat.sssom.tsv,pactols:pcrtzDfVNkD5St,tourbière,aat:300008902,peat bogs,tourbière,peat bogs,skos:exactMatch,exactMatch,semapv:UnspecifiedMatching,0.136963,0.136963,0.222222,0.481481,0.222222,0.222222,0.222222,0.481481,0.222222,0.222222
ads_mda_obj_aat.sssom.tsv,fish_obj:/concepts/97227,COOKING VESSEL,aat:300201279,cookware,COOKING VESSEL,cookware,skos:closeMatch,closeMatch,semapv:UnspecifiedMatching,0.136719,0.136719,0.454545,0.660714,0.454545,0.454545,0.454545,0.660714,0.454545,0.454545
dai_aat.sssom.tsv,http://thesauri.dainst.org/_7c6d9f45,Kalkbrennerei,aat:300255747,limeworks,Kalkbrennerei,limeworks,skos:closeMatch,closeMatch,semapv:UnspecifiedMatching,0.136597,0.136597,0.272727,0.500712,0.272727,0.272727,0.272727,0.500712,0.272727,0.272727
dai_aat.sssom.tsv,http://thesauri.dainst.org/_2c39be78,Insel,aat:300008791,islands (landforms),Insel,islands,skos:exactMatch,exactMatch,semapv:UnspecifiedMatching,0.136597,0.531738,0.333333,0.586842,0.250000,0.250000,0.500000,0.676190,0.500000,0.500000
inrap_pactols_sujets_aat.sssom.tsv,pactols:pcrtiWWfFSvcjn,nasse,aat:300263216,fykes,nasse,fykes,skos:exactMatch,exactMatch,semapv:UnspecifiedMatching,0.136597,0.136597,0.200000,0.433333,0.200000,0.200000,0.200000,0.433333,0.200000,0.200000
inrap_pactols_sujets_aat.sssom.tsv,pactols:pcrtjtN6oShkSP,enluminure,aat:300264522,illuminations (visual works),enluminure,illuminations,skos:exactMatch,exactMatch,semapv:UnspecifiedMatching,0.136597,0.164062,0.368421,0.602381,0.315789,0.315789,0.434783,0.631624,0.434783,0.434783
ads_mda_obj_aat.sssom.tsv,fish_obj:/concepts/95144,SHOT,aat:300014652,shot (ammunition),SHOT,shot,skos:exactMatch,exactMatch,semapv:UnspecifiedMatching,0.136230,0.192749,0.380952,0.847059,0.380952,1.000000,1.000000,1.000000,1.000000,1.000000
inrap_pactols_sujets_aat.sssom.tsv,pactols:pcrtnvdQmt8WEf,travail des peaux,aat:300229483,hide and skin processing,travail des peaux,hide and skin processing,skos:exactMatch,exactMatch,semapv:UnspecifiedMatching,0.136108,0.136108,0.341463,0.523693,0.341463,0.341463,0.341463,0.523693,0.341463,0.341463
inrap_pactols_sujets_aat.sssom.tsv,pactols:pcrt6GM1L0NKd4,réfrigération,aat:300053882,refrigeration (process),réfrigération,refrigeration,skos:exactMatch,exactMatch,semapv:UnspecifiedMatching,0.135864,0.218628,0.611111,0.797324,0.611111,0.611111,0.846154,0.907692,0.846154,0.846154
ads_mda_obj_aat.sssom.tsv,fish_obj:/concepts/99619,TEXTILE EQUIPMENT,aat:300163224,textile working equipment,TEXTILE EQUIPMENT,textile working equipment,skos:exactMatch,exactMatch,semapv:UnspecifiedMatching,0.134521,0.134521,0.809524,0.888941,0.809524,1.000000,0.809524,0.888941,0.809524,1.000000
inrap_pactols_sujets_aat.sssom.tsv,pactols:pcrtpjw26EaVTa,enclume,aat:300023119,anvils (tools),enclume,anvils,skos:exactMatch,exactMatch,semapv:UnspecifiedMatching,0.134521,0.198364,0.190476,0.476190,0.190476,0.190476,0.307692,0.539683,0.307692,0.307692
inrap_pactols_sujets_aat.sssom.tsv,pactols:pcrtXLoNEjBvnw,tabac,aat:300011896,tobacco (material),tabac,tobacco,skos:exactMatch,exactMatch,semapv:UnspecifiedMatching,0.134277,0.230591,0.347826,0.625926,0.434783,0.434783,0.666667,0.736429,0.666667,0.666667
inrap_pactols_sujets_aat.sssom.tsv,pactols:pcrtijLWlSgWtZ,chemin de fer,aat:300008591,railroads (infrastructure),chemin de fer,railroads,skos:exactMatch,exactMatch,semapv:UnspecifiedMatching,0.134155,0.171021,0.256410,0.397436,0.256410,0.256410,0.181818,0.458689,0.181818,0.181818
inrap_pactols_sujets_aat.sssom.tsv,pactols:pcrtId0TMGAa0F,lin,aat:300014041,flax (fiber),lin,flax,skos:exactMatch,exactMatch,semapv:UnspecifiedMatching,0.133179,0.107117,0.266667,0.472222,0.133333,0.133333,0.285714,0.527778,0.285714,0.285714
ads_eh_tmt2_aat.sssom.tsv,fish_tmt2:/concepts/68897,PALISADE,aat:300003717,palisades (outworks),PALISADE,palisades,skos:exactMatch,exactMatch,semapv:UnspecifiedMatching,0.132812,0.239258,0.571429,0.880000,0.571429,0.571429,0.941176,0.977778,0.941176,0.941176
ads_eh_tmt2_aat.sssom.tsv,fish_tmt2:/concepts/68623,FIELD,aat:300343519,fields (land),FIELD,fields,skos:closeMatch,closeMatch,semapv:UnspecifiedMatching,0.132812,0.086182,0.555556,0.876923,0.555556,0.555556,0.909091,0.966667,0.909091,0.909091
inrap_pactols_sujets_aat.sssom.tsv,pactols:pcrtWGHXhdG8Xy,squelette,aat:300191778,skeletons (animal components),squelette,skeletons,skos:exactMatch,exactMatch,semapv:UnspecifiedMatching,0.132690,0.161133,0.315789,0.575990,0.263158,0.263158,0.555556,0.733333,0.555556,0.555556
inrap_pactols_sujets_aat.sssom.tsv,pactols:pcrtgS9WvKHJJH,battage,aat:300312369,threshing,battage,threshing,skos:exactMatch,exactMatch,semapv:UnspecifiedMatching,0.132446,0.132446,0.250000,0.476190,0.250000,0.250000,0.250000,0.476190,0.250000,0.250000
ads_eh_tmt2_aat.sssom.tsv,fish_tmt2:/concepts/68641,GARDEN,aat:300008090,gardens (open spaces),GARDEN,gardens,skos:exactMatch,exactMatch,semapv:UnspecifiedMatching,0.132446,0.136963,0.444444,0.857143,0.444444,0.444444,0.923077,0.971429,0.923077,0.923077
ads_eh_com_aat.sssom.tsv,fish_com:/concepts/137771,FIREPLACE,aat:300052267,fireplaces,FIREPLACE,fireplaces,skos:exactMatch,exactMatch,semapv:UnspecifiedMatching,0.132202,0.132202,0.947368,0.980000,0.947368,0.947368,0.947368,0.980000,0.947368,0.947368
inrap_pactols_sujets_aat.sssom.tsv,pactols:pcrt3FTqaIdbpb,éperon barré,aat:300400671,promontory forts,éperon barré,promontory forts,skos:exactMatch,exactMatch,semapv:UnspecifiedMatching,0.132202,0.132202,0.428571,0.625992,0.428571,0.428571,0.428571,0.625992,0.428571,0.428571
inrap_pactols_sujets_aat.sssom.tsv,pactols:pcrtdfsZ3abSZh,échantillonnage,aat:300379429,sampling,échantillonnage,sampling,skos:exactMatch,exactMatch,semapv:UnspecifiedMatching,0.131836,0.131836,0.347826,0.586111,0.347826,0.347826,0.347826,0.586111,0.347826,0.347826
ads_eh_tmt2_aat.sssom.tsv,fish_tmt2:/concepts/69438,MARITIME,aat:300008038,marine structures,MARITIME,marine structures,skos:closeMatch,closeMatch,semapv:UnspecifiedMatching,0.131836,0.131836,0.480000,0.645425,0.480000,0.480000,0.480000,0.645425,0.480000,0.480000
inrap_pactols_sujets_aat.sssom.tsv,pactols:pcrt1rzVyAmprh,carrefour,aat:300003871,intersections,carrefour,intersections,skos:exactMatch,exactMatch,semapv:UnspecifiedMatching,0.131836,0.131836,0.272727,0.410256,0.272727,0.272727,0.272727,0.410256,0.272727,0.272727
ads_mda_obj_aat.sssom.tsv,fish_obj:/concepts/97089,RELIGION OR RITUAL,aat:300234098,religious objects,RELIGION OR RITUAL,religious objects,skos:closeMatch,closeMatch,semapv:UnspecifiedMatching,0.131714,0.131714,0.571429,0.692117,0.571429,0.571429,0.571429,0.692117,0.571429,0.571429
dai_aat.sssom.tsv,http://thesauri.dainst.org/_879d2c87,Uhrturm,aat:300004857,clock towers (towers),Uhrturm,clock towers,skos:exactMatch,exactMatch,semapv:UnspecifiedMatching,0.131592,0.157715,0.214286,0.293651,0.214286,0.214286,0.210526,0.484127,0.210526,0.210526
inrap_pactols_sujets_aat.sssom.tsv,pactols:pcrtfGIWhvMEJt,four domestique,aat:300195511,bake ovens (baking devices),four domestique,bake ovens,skos:closeMatch,closeMatch,semapv:UnspecifiedMatching,0.131470,0.142212,0.285714,0.429630,0.285714,0.285714,0.320000,0.472222,0.240000,0.240000
inrap_pactols_sujets_aat.sssom.tsv,pactols:pcrtls0q0Keyyz,tête,aat:300375054,heads (animal components),tête,heads,skos:exactMatch,exactMatch,semapv:UnspecifiedMatching,0.131348,0.422607,0.068966,0.430000,0.137931,0.137931,0.222222,0.000000,0.222222,0.222222
ads_eh_tmt2_aat.sssom.tsv,fish_tmt2:/concepts/68781,CAFE,aat:300004342,cafeterias (eating and drinking spaces),CAFE,cafeterias,skos:closeMatch,closeMatch,semapv:UnspecifiedMatching,0.131104,0.189697,0.186047,0.820513,0.186047,0.186047,0.571429,0.880000,0.571429,0.571429
inrap_pactols_sujets_aat.sssom.tsv,pactols:pcrtPIaKhMk2ks,spéculation,aat:300121807,speculating,spéculation,speculating,skos:exactMatch,exactMatch,semapv:UnspecifiedMatching,0.130981,0.130981,0.818182,0.903030,0.818182,0.818182,0.818182,0.903030,0.818182,0.818182
inrap_pactols_sujets_aat.sssom.tsv,pactols:pcrtHUBxS0zSzD,façonnage de l'argile,aat:300266341,modeling clay,façonnage de l'argile,modeling clay,skos:exactMatch,exactMatch,semapv:UnspecifiedMatching,0.130981,0.130981,0.352941,0.595849,0.294118,0.294118,0.352941,0.595849,0.294118,0.294118
ads_mda_obj_aat.sssom.tsv,fish_obj:/concepts/95306,BALANCE,aat:300195805,balances (scales),BALANCE,balances,skos:exactMatch,exactMatch,semapv:UnspecifiedMatching,0.130859,0.165161,0.583333,0.882353,0.583333,0.583333,0.933333,0.975000,0.933333,0.933333
ads_eh_tmt2_aat.sssom.tsv,fish_tmt2:/concepts/71722,MARKET HOUSE,aat:300312182,market houses,MARKET HOUSE,market houses,skos:exactMatch,exactMatch,semapv:UnspecifiedMatching,0.130493,0.130493,0.960000,0.984615,0.960000,0.960000,0.960000,0.984615,0.960000,0.960000
dai_aat.sssom.tsv,http://thesauri.dainst.org/_7963201b,Leinwand,aat:300014078,canvas,Leinwand,canvas,skos:exactMatch,exactMatch,semapv:UnspecifiedMatching,0.130371,0.130371,0.285714,0.527778,0.285714,0.285714,0.285714,0.527778,0.285714,0.285714
dai_aat.sssom.tsv,http://thesauri.dainst.org/_c5eff9b0,Wohnturm,aat:300182716,tower houses (defensive structures),Wohnturm,tower houses,skos:exactMatch,exactMatch,semapv:UnspecifiedMatching,0.130127,0.243896,0.279070,0.596429,0.186047,0.186047,0.300000,0.638889,0.300000,0.300000
ads_eh_tmt2_aat.sssom.tsv,fish_tmt2:/concepts/91548,COASTGUARD TOWER,aat:300007831,coastguard stations,COASTGUARD TOWER,coastguard stations,skos:closeMatch,closeMatch,semapv:UnspecifiedMatching,0.130127,0.130127,0.742857,0.899342,0.742857,0.769231,0.742857,0.899342,0.742857,0.769231
inrap_pactols_sujets_aat.sssom.tsv,pactols:pcrt448yYmVDuT,os,aat:300011798,bone (material),os,bone,skos:exactMatch,exactMatch,semapv:UnspecifiedMatching,0.129883,0.070312,0.117647,0.522222,0.117647,0.117647,0.333333,0.583333,0.333333,0.333333
ads_mda_obj_aat.sssom.tsv,fish_obj:/concepts/97204,WATER CRAFT,aat:300042940,watercraft,WATER CRAFT,watercraft,skos:exactMatch,exactMatch,semapv:UnspecifiedMatching,0.129761,0.129761,0.952381,0.981818,0.476190,0.476190,0.952381,0.981818,0.476190,0.476190
inrap_pactols_sujets_aat.sssom.tsv,pactols:pcrtXL9v9A4Djb,trompette,aat:300042339,trumpets (aerophones),trompette,trumpets,skos:exactMatch,exactMatch,semapv:UnspecifiedMatching,0.129150,0.302002,0.466667,0.762963,0.400000,0.400000,0.705882,0.844444,0.705882,0.705882
inrap_pactols_sujets_aat.sssom.tsv,pactols:pcrtf4YoEbr1fx,balle de fronde,aat:300037216,slings (projectile weapons),balle de fronde,slings,skos:closeMatch,closeMatch,semapv:UnspecifiedMatching,0.129028,0.155273,0.333333,0.533333,0.285714,0.285714,0.190476,0.411111,0.190476,0.190476
inrap_pactols_sujets_aat.sssom.tsv,pactols:pcrtgvESXelz5D,collier,aat:300046001,necklaces,collier,necklaces,skos:exactMatch,exactMatch,semapv:UnspecifiedMatching,0.129028,0.129028,0.375000,0.587302,0.375000,0.375000,0.375000,0.587302,0.375000,0.375000
inrap_pactols_sujets_aat.sssom.tsv,pactols:pcrtc4Qh2dBShL,couvrement,aat:300205009,coverings,couvrement,coverings,skos:exactMatch,exactMatch,semapv:UnspecifiedMatching,0.128906,0.128906,0.526316,0.760000,0.526316,0.526316,0.526316,0.760000,0.526316,0.526316
ads_mda_obj_aat.sssom.tsv,fish_obj:/concepts/96823,BOTTLE,aat:300045627,bottles,BOTTLE,bottles,skos:exactMatch,exactMatch,semapv:UnspecifiedMatching,0.128906,0.128906,0.923077,0.971429,0.923077,0.923077,0.923077,0.971429,0.923077,0.923077
inrap_pactols_sujets_aat.sssom.tsv,pactols:pcrtD8bo5lH0H4,technologie du métal,aat:300053946,metalworking,technologie du métal,metalworking,skos:closeMatch,closeMatch,semapv:UnspecifiedMatching,0.128418,0.128418,0.250000,0.501587,0.375000,0.375000,0.250000,0.501587,0.375000,0.375000
ads_eh_tmt2_aat.sssom.tsv,fish_tmt2:/concepts/70288,CANAL,aat:300006075,canals (waterways),CANAL,canals,skos:exactMatch,exactMatch,semapv:UnspecifiedMatching,0.128174,0.173462,0.434783,0.855556,0.434783,0.434783,0.909091,0.966667,0.909091,0.909091
inrap_pactols_sujets_aat.sssom.tsv,pactols:pcrtqGQOorLDxx,tissu,aat:300162391,cloth,tissu,cloth,skos:exactMatch,exactMatch,semapv:UnspecifiedMatching,0.128052,0.128052,0.200000,0.000000,0.200000,0.200000,0.200000,0.000000,0.200000,0.200000
inrap_pactols_sujets_aat.sssom.tsv,pactols:pcrtNS4vm5u8xJ,littoral,aat:300008734,coastlines,littoral,coastlines,skos:exactMatch,exactMatch,semapv:UnspecifiedMatching,0.127930,0.127930,0.333333,0.550000,0.333333,0.333333,0.333333,0.550000,0.333333,0.333333
inrap_pactols_sujets_aat.sssom.tsv,pactols:pcrtd4GWKaHWOw,étable,aat:300004918,cowsheds,étable,cowsheds,skos:exactMatch,exactMatch,semapv:UnspecifiedMatching,0.127563,0.127563,0.142857,0.430556,0.142857,0.142857,0.142857,0.430556,0.142857,0.142857
ads_eh_tmt2_aat.sssom.tsv,fish_tmt2:/concepts/68621,FARM,aat:300000206,farms,FARM,farms,skos:exactMatch,exactMatch,semapv:UnspecifiedMatching,0.127563,0.127563,0.888889,0.960000,0.888889,0.888889,0.888889,0.960000,0.888889,0.888889
inrap_pactols_sujets_aat.sssom.tsv,pactols:pcrtQthmFXKZvt,nourrisson,aat:300189561,infants,nourrisson,infants,skos:exactMatch,exactMatch,semapv:UnspecifiedMatching,0.127563,0.127563,0.235294,0.495238,0.235294,0.235294,0.235294,0.495238,0.235294,0.235294
ads_mda_obj_aat.sssom.tsv,fish_obj:/concepts/95210,POWDER MEASURE,aat:300204665,powder flasks,POWDER MEASURE,powder flasks,skos:closeMatch,closeMatch,semapv:UnspecifiedMatching,0.127563,0.127563,0.666667,0.867033,0.666667,0.666667,0.666667,0.867033,0.666667,0.666667
inrap_pactols_sujets_aat.sssom.tsv,pactols:pcrtvKEYQjSSlI,peste,aat:300379833,plagues,peste,plagues,skos:exactMatch,exactMatch,semapv:UnspecifiedMatching,0.126953,0.126953,0.500000,0.561905,0.500000,0.500000,0.500000,0.561905,0.500000,0.500000
dai_aat.sssom.tsv,http://thesauri.dainst.org/_cac4c63f,Kap,aat:300008850,capes (landforms),Kap,capes,skos:exactMatch,exactMatch,semapv:UnspecifiedMatching,0.126831,0.503418,0.200000,0.594771,0.200000,0.200000,0.500000,0.688889,0.500000,0.500000
dai_aat.sssom.tsv,http://thesauri.dainst.org/_202750bd,Siedlung,aat:300008488,<settlements by condition>,Siedlung,<settlements by condition>,skos:closeMatch,closeMatch,semapv:UnspecifiedMatching,0.126709,0.126709,0.235294,0.551282,0.235294,0.235294,0.235294,0.551282,0.235294,0.235294
inrap_pactols_sujets_aat.sssom.tsv,pactols:pcrtK8tO0rlQlM,torchis,aat:300163933,daub,torchis,daub,skos:exactMatch,exactMatch,semapv:UnspecifiedMatching,0.125854,0.125854,0.000000,0.000000,0.000000,0.000000,0.000000,0.000000,0.000000,0.000000
inrap_pactols_sujets_aat.sssom.tsv,pactols:pcrtDAGnvZa9az,pâturage,aat:300386990,grazing areas,pâturage,grazing areas,skos:exactMatch,exactMatch,semapv:UnspecifiedMatching,0.125854,0.125854,0.380952,0.602564,0.285714,0.285714,0.380952,0.602564,0.285714,0.285714
inrap_pactols_sujets_aat.sssom.tsv,pactols:pcrtGYzRry8HxI,extraction du silex,aat:300379357,flint mines,extraction du silex,flint mines,skos:exactMatch,exactMatch,semapv:UnspecifiedMatching,0.125366,0.125366,0.333333,0.525404,0.333333,0.333333,0.333333,0.525404,0.333333,0.333333
inrap_pactols_sujets_aat.sssom.tsv,pactols:pcrtFnKonRZjWY,trou de poteau,aat:300400666,postholes,trou de poteau,postholes,skos:exactMatch,exactMatch,semapv:UnspecifiedMatching,0.125244,0.125244,0.347826,0.410053,0.347826,0.347826,0.347826,0.410053,0.347826,0.347826
inrap_pactols_sujets_aat.sssom.tsv,pactols:pcrtDpSNLz1mSr,édification,aat:300054608,construction (assembling),édification,construction,skos:closeMatch,closeMatch,semapv:UnspecifiedMatching,0.125122,0.060699,0.277778,0.484040,0.333333,0.333333,0.434783,0.557071,0.434783,0.434783
inrap_pactols_sujets_aat.sssom.tsv,pactols:pcrtelsaPcm6iS,logis,aat:300005425,dwellings,logis,dwellings,skos:exactMatch,exactMatch,semapv:UnspecifiedMatching,0.124634,0.124634,0.428571,0.540741,0.428571,0.428571,0.428571,0.540741,0.428571,0.428571
inrap_pactols_sujets_aat.sssom.tsv,pactols:pcrt5duB0NNdN6,céramique rubanée,aat:300107826,Linienbandkeramik (Neolithic culture and style),céramique rubanée,Linienbandkeramik,skos:exactMatch,exactMatch,semapv:UnspecifiedMatching,0.124451,0.140869,0.312500,0.475519,0.281250,0.281250,0.352941,0.480392,0.352941,0.352941
inrap_pactols_sujets_aat.sssom.tsv,pactols:pcrtSGYXpNbhwF,renard,aat:300266520,foxes (animals),renard,foxes,skos:exactMatch,exactMatch,semapv:UnspecifiedMatching,0.124390,0.097656,0.285714,0.455556,0.190476,0.190476,0.181818,0.455556,0.181818,0.181818
ads_eh_tmt2_aat.sssom.tsv,fish_tmt2:/concepts/68589,DEER PARK,aat:300254248,parks (grounds),DEER PARK,parks,skos:closeMatch,closeMatch,semapv:UnspecifiedMatching,0.124329,0.124023,0.333333,0.522222,0.500000,0.500000,0.571429,0.437037,0.571429,0.571429
inrap_pactols_sujets_aat.sssom.tsv,pactols:pcrthHJV1reScS,poêlon,aat:300042987,saucepans,poêlon,saucepans,skos:exactMatch,exactMatch,semapv:UnspecifiedMatching,0.124268,0.124268,0.266667,0.425926,0.266667,0.266667,0.266667,0.425926,0.266667,0.266667
inrap_pactols_sujets_aat.sssom.tsv,pactols:pcrtv4l43h0QmH,arène,aat:300007268,arenas (sports buildings),arène,arenas,skos:exactMatch,exactMatch,semapv:UnspecifiedMatching,0.124084,0.295898,0.200000,0.570000,0.200000,0.200000,0.545455,0.791111,0.545455,0.545455
inrap_pactols_sujets_aat.sssom.tsv,pactols:pcrtDfHvvnBWz7,laine,aat:300243430,wool (textile),laine,wool,skos:exactMatch,exactMatch,semapv:UnspecifiedMatching,0.123352,0.168579,0.315789,0.514286,0.210526,0.210526,0.222222,0.000000,0.222222,0.222222
inrap_pactols_sujets_aat.sssom.tsv,pactols:pcrtyXVLlmyt3F,citerne,aat:300006203,water tanks,citerne,water tanks,skos:exactMatch,exactMatch,semapv:UnspecifiedMatching,0.122559,0.122559,0.444444,0.645022,0.333333,0.333333,0.444444,0.645022,0.333333,0.333333
inrap_pactols_sujets_aat.sssom.tsv,pactols:pcrtalmpL9IBGx,cailloutis,aat:300011689,gravel,cailloutis,gravel,skos:exactMatch,exactMatch,semapv:UnspecifiedMatching,0.122437,0.122437,0.250000,0.511111,0.250000,0.250000,0.250000,0.511111,0.250000,0.250000
inrap_pactols_sujets_aat.sssom.tsv,pactols:pcrtTGYtROASZW,SIG,aat:300263887,geographic information systems,SIG,geographic information systems,skos:exactMatch,exactMatch,semapv:UnspecifiedMatching,0.122375,0.122375,0.060606,0.411111,0.060606,0.060606,0.060606,0.411111,0.060606,0.060606
ads_eh_tmt2_aat.sssom.tsv,fish_tmt2:/concepts/92250,HOLIDAY CENTRE,aat:300000517,camps (recreation areas),HOLIDAY CENTRE,camps,skos:closeMatch,closeMatch,semapv:UnspecifiedMatching,0.122192,0.025192,0.368421,0.598545,0.368421,0.368421,0.105263,0.423810,0.210526,0.210526
inrap_pactols_sujets_aat.sssom.tsv,pactols:pcrt3G8RooGUeu,parcellaire,aat:300028125,plats (maps),parcellaire,plats,skos:exactMatch,exactMatch,semapv:UnspecifiedMatching,0.121887,0.099060,0.260870,0.482323,0.260870,0.260870,0.375000,0.513131,0.375000,0.375000
inrap_pactols_sujets_aat.sssom.tsv,pactols:pcrtAIb25QSw3s,hache à talon,aat:300400602,palstaves,hache à talon,palstaves,skos:exactMatch,exactMatch,semapv:UnspecifiedMatching,0.121826,0.121826,0.272727,0.500712,0.272727,0.272727,0.272727,0.500712,0.272727,0.272727
inrap_pactols_sujets_aat.sssom.tsv,pactols:pcrtbHFvxXkxfD,gouttière,aat:300052565,gutters (building drainage components),gouttière,gutters,skos:exactMatch,exactMatch,semapv:UnspecifiedMatching,0.121826,0.181641,0.297872,0.606377,0.255319,0.255319,0.625000,0.780952,0.625000,0.625000
inrap_pactols_sujets_aat.sssom.tsv,pactols:pcrtGNV7vBYjjg,plaque décorée,aat:300022755,printing plates,plaque décorée,printing plates,skos:exactMatch,exactMatch,semapv:UnspecifiedMatching,0.121582,0.121582,0.275862,0.471429,0.275862,0.275862,0.275862,0.471429,0.275862,0.275862
inrap_pactols_sujets_aat.sssom.tsv,pactols:pcrtIzSUofuocv,silex,aat:300011143,flint (rock),silex,flint,skos:exactMatch,exactMatch,semapv:UnspecifiedMatching,0.120544,0.052216,0.117647,0.355556,0.117647,0.117647,0.200000,0.433333,0.200000,0.200000
inrap_pactols_sujets_aat.sssom.tsv,pactols:pcrtgsjUNspKtF,matériel de broyage,aat:300024724,mortars (grinding tools),matériel de broyage,mortars,skos:closeMatch,closeMatch,semapv:UnspecifiedMatching,0.120361,0.125854,0.325581,0.557881,0.325581,0.325581,0.230769,0.592481,0.230769,0.230769
inrap_pactols_sujets_aat.sssom.tsv,pactols:pcrtcGVXRJeh6n,linceul,aat:300215011,shrouds,linceul,shrouds,skos:exactMatch,exactMatch,semapv:UnspecifiedMatching,0.120178,0.120178,0.142857,0.428571,0.142857,0.142857,0.142857,0.428571,0.142857,0.142857
ads_mda_obj_aat.sssom.tsv,fish_obj:/concepts/96138,WINDOW GLASS,aat:300010824,sheet glass,WINDOW GLASS,sheet glass,skos:closeMatch,closeMatch,semapv:UnspecifiedMatching,0.120178,0.120178,0.521739,0.681818,0.521739,0.625000,0.521739,0.681818,0.521739,0.625000
inrap_pactols_sujets_aat.sssom.tsv,pactols:pcrtvT9Q8lDLhE,bouterolle,aat:300024790,punches (marking tools),bouterolle,punches,skos:exactMatch,exactMatch,semapv:UnspecifiedMatching,0.119934,0.175781,0.303030,0.476812,0.242424,0.242424,0.235294,0.495238,0.235294,0.235294
inrap_pactols_sujets_aat.sssom.tsv,pactols:pcrtkKW8tQKUQe,perçoir,aat:300389694,borers (tools),perçoir,borers,skos:exactMatch,exactMatch,semapv:UnspecifiedMatching,0.119812,0.275879,0.285714,0.535714,0.190476,0.190476,0.307692,0.531746,0.307692,0.307692
ads_eh_tmt2_aat.sssom.tsv,fish_tmt2:/concepts/68758,BATTLEFIELD,aat:300000835,battlefields,BATTLEFIELD,battlefields,skos:exactMatch,exactMatch,semapv:UnspecifiedMatching,0.119202,0.119202,0.956522,0.983333,0.956522,0.956522,0.956522,0.983333,0.956522,0.956522
inrap_pactols_sujets_aat.sssom.tsv,pactols:pcrtHX75pcAif1,atelier de verrier,aat:300312295,glassmaking studios (organizations),atelier de verrier,glassmaking studios,skos:exactMatch,exactMatch,semapv:UnspecifiedMatching,0.119141,0.147583,0.264151,0.437566,0.264151,0.264151,0.270270,0.494152,0.270270,0.270270
ads_eh_tmt2_aat.sssom.tsv,fish_tmt2:/concepts/97254,MANAGED WOODLAND,aat:300008863,forests (cultural landscapes),MANAGED WOODLAND,forests,skos:closeMatch,closeMatch,semapv:UnspecifiedMatching,0.118835,0.071838,0.266667,0.466954,0.311111,0.311111,0.086957,0.401786,0.086957,0.086957
ads_eh_tmt2_aat.sssom.tsv,fish_tmt2:/concepts/68796,MARKET,aat:300005238,markets (structures),MARKET,markets,skos:exactMatch,exactMatch,semapv:UnspecifiedMatching,0.118713,0.093689,0.461538,0.860000,0.461538,0.461538,0.923077,0.971429,0.923077,0.923077
dai_aat.sssom.tsv,http://thesauri.dainst.org/_2977,Jäger,aat:300025619,hunters (people),Jäger,hunters,skos:exactMatch,exactMatch,semapv:UnspecifiedMatching,0.118652,0.247070,0.190476,0.508333,0.190476,0.190476,0.333333,0.561905,0.333333,0.333333
dai_aat.sssom.tsv,http://thesauri.dainst.org/_2901,Tempel,aat:300007595,temples (buildings),Tempel,temples,skos:exactMatch,exactMatch,semapv:UnspecifiedMatching,0.118347,0.182251,0.480000,0.829825,0.400000,0.400000,0.769231,0.938095,0.769231,0.769231
inrap_pactols_sujets_aat.sssom.tsv,pactols:pcrttEGd8ZYxey,recensement,aat:300393181,censusing,recensement,censusing,skos:exactMatch,exactMatch,semapv:UnspecifiedMatching,0.118286,0.118286,0.500000,0.603367,0.500000,0.500000,0.500000,0.603367,0.500000,0.500000
ads_eh_tmt2_aat.sssom.tsv,fish_tmt2:/concepts/68927,GRUBENHAUS,aat:300137527,sunken huts,GRUBENHAUS,sunken huts,skos:exactMatch,exactMatch,semapv:UnspecifiedMatching,0.118164,0.118164,0.571429,0.659596,0.285714,0.285714,0.571429,0.659596,0.285714,0.285714
dai_aat.sssom.tsv,http://thesauri.dainst.org/_41f42610,Götter,aat:300343851,gods (dieties),Götter,gods,skos:exactMatch,exactMatch,semapv:UnspecifiedMatching,0.118042,0.108948,0.300000,0.460317,0.200000,0.200000,0.200000,0.472222,0.200000,0.200000
ads_eh_tmt2_aat.sssom.tsv,fish_tmt2:/concepts/70056,CREMATION CEMETERY,aat:300005871,crematoria,CREMATION CEMETERY,crematoria,skos:closeMatch,closeMatch,semapv:UnspecifiedMatching,0.117859,0.117859,0.571429,0.823889,0.500000,0.500000,0.571429,0.823889,0.500000,0.500000
inrap_pactols_sujets_aat.sssom.tsv,pactols:pcrtDr6Oi6lHM6,pain,aat:300262820,bread,pain,bread,skos:exactMatch,exactMatch,semapv:UnspecifiedMatching,0.117737,0.117737,0.222222,0.000000,0.222222,0.222222,0.222222,0.000000,0.222222,0.222222
ads_mda_obj_aat.sssom.tsv,fish_obj:/concepts/99617,GEOLOGICAL SAMPLE,aat:300379627,geological specimens,GEOLOGICAL SAMPLE,geological specimens,skos:closeMatch,closeMatch,semapv:UnspecifiedMatching,0.117737,0.117737,0.756757,0.913137,0.756757,0.756757,0.756757,0.913137,0.756757,0.756757
ads_mda_obj_aat.sssom.tsv,fish_obj:/concepts/95417,INTAGLIO,aat:300047216,intaglios (sculptural objects),INTAGLIO,intaglios,skos:closeMatch,closeMatch,semapv:UnspecifiedMatching,0.117371,0.293701,0.421053,0.853333,0.421053,0.421053,0.941176,0.977778,0.941176,0.941176
ads_mda_obj_aat.sssom.tsv,fish_obj:/concepts/97453,ROUGHOUT,aat:300194594,blanks (object genre),ROUGHOUT,blanks,skos:closeMatch,closeMatch,semapv:UnspecifiedMatching,0.117310,-0.015823,0.137931,0.448413,0.137931,0.137931,0.000000,0.000000,0.000000,0.000000
dai_aat.sssom.tsv,http://thesauri.dainst.org/_d56a209b,Stadtviertel,aat:300000762,quarters (districts),Stadtviertel,quarters,skos:exactMatch,exactMatch,semapv:UnspecifiedMatching,0.117065,0.090576,0.312500,0.585185,0.375000,0.375000,0.400000,0.444444,0.400000,0.400000
inrap_pactols_sujets_aat.sssom.tsv,pactols:pcrtZKVsvkIvmO,représentation de partie humaine,aat:300404114,human figures (visual works),représentation de partie humaine,human figures,skos:closeMatch,closeMatch,semapv:UnspecifiedMatching,0.116882,0.190430,0.266667,0.502976,0.333333,0.333333,0.266667,0.442880,0.311111,0.311111
ads_eh_tmt2_aat.sssom.tsv,fish_tmt2:/concepts/68824,BATTERY,aat:300002501,batteries (platforms),BATTERY,batteries,skos:exactMatch,exactMatch,semapv:UnspecifiedMatching,0.116577,0.164917,0.428571,0.828571,0.428571,0.428571,0.750000,0.904762,0.750000,0.750000
inrap_pactols_sujets_aat.sssom.tsv,pactols:pcrtAUJf7Z2DsS,rondelle,aat:300036432,washers (fasteners),rondelle,washers,skos:exactMatch,exactMatch,semapv:UnspecifiedMatching,0.116394,0.082336,0.222222,0.399854,0.222222,0.222222,0.133333,0.422619,0.133333,0.133333
inrap_pactols_sujets_aat.sssom.tsv,pactols:pcrtUIbdZmT2P6,plancher,aat:300002060,floors (surface elements),plancher,floors,skos:exactMatch,exactMatch,semapv:UnspecifiedMatching,0.116272,0.114075,0.242424,0.475000,0.242424,0.242424,0.285714,0.527778,0.285714,0.285714
inrap_pactols_sujets_aat.sssom.tsv,pactols:pcrtSKvPhI0dHJ,source,aat:300008697,springs (bodies of water),source,springs,skos:exactMatch,exactMatch,semapv:UnspecifiedMatching,0.115967,0.164307,0.193548,0.525556,0.258065,0.258065,0.307692,0.539683,0.307692,0.307692
inrap_pactols_sujets_aat.sssom.tsv,pactols:pcrtSDmqv2zljj,cimetière paroissial,aat:300008170,churchyards,cimetière paroissial,churchyards,skos:exactMatch,exactMatch,semapv:UnspecifiedMatching,0.115906,0.115906,0.322581,0.568182,0.322581,0.322581,0.322581,0.568182,0.322581,0.322581
inrap_pactols_sujets_aat.sssom.tsv,pactols:pcrtSQMQgJGzx3,relais,aat:300005206,roadhouses,relais,roadhouses,skos:closeMatch,closeMatch,semapv:UnspecifiedMatching,0.115356,0.115356,0.375000,0.600000,0.375000,0.375000,0.375000,0.600000,0.375000,0.375000
inrap_pactols_sujets_aat.sssom.tsv,pactols:pcrtHcRTVDR1pt,cave,aat:300004759,cellars (storerooms),cave,cellars,skos:exactMatch,exactMatch,semapv:UnspecifiedMatching,0.115112,0.092651,0.250000,0.522222,0.166667,0.166667,0.363636,0.595238,0.363636,0.363636
dai_aat.sssom.tsv,http://thesauri.dainst.org/_ea233f0f,Dichter / Denker,aat:300025513,poets,Dichter / Denker,poets,skos:exactMatch,exactMatch,semapv:UnspecifiedMatching,0.114868,0.114868,0.095238,0.341667,0.190476,0.190476,0.095238,0.341667,0.190476,0.190476
inrap_pactols_sujets_aat.sssom.tsv,pactols:pcrtORUzDbgmhe,armature,aat:300400615,blades (stone tools),armature,blades,skos:closeMatch,closeMatch,semapv:UnspecifiedMatching,0.114441,0.133911,0.214286,0.397222,0.142857,0.142857,0.285714,0.527778,0.285714,0.285714
inrap_pactols_sujets_aat.sssom.tsv,pactols:pcrt4v7jKE3TVw,chien,aat:300250130,Canis familiaris (species),chien,Canis familiaris,skos:exactMatch,exactMatch,semapv:UnspecifiedMatching,0.114441,0.030548,0.193548,0.460684,0.258065,0.258065,0.190476,0.484722,0.190476,0.190476
inrap_pactols_sujets_aat.sssom.tsv,pactols:pcrtFidgusMwk8,enduit peint,aat:300177433,frescoes (paintings),enduit peint,frescoes,skos:closeMatch,closeMatch,semapv:UnspecifiedMatching,0.114075,0.077637,0.375000,0.563889,0.250000,0.250000,0.200000,0.472222,0.200000,0.200000
inrap_pactols_sujets_aat.sssom.tsv,pactols:pcrtQFlNqONkTm,blason,aat:300233389,crest,blason,crest,skos:closeMatch,closeMatch,semapv:UnspecifiedMatching,0.113831,0.113831,0.181818,0.455556,0.181818,0.181818,0.181818,0.455556,0.181818,0.181818
dai_aat.sssom.tsv,http://thesauri.dainst.org/_60113156,Leuchtturm,aat:300007741,lighthouses,Leuchtturm,lighthouses,skos:closeMatch,closeMatch,semapv:UnspecifiedMatching,0.113770,0.113770,0.380952,0.587879,0.380952,0.380952,0.380952,0.587879,0.380952,0.380952
inrap_pactols_sujets_aat.sssom.tsv,pactols:pcrt1y72wtlJiM,pendeloque,aat:300046002,pendants (jewelry),pendeloque,pendants,skos:exactMatch,exactMatch,semapv:UnspecifiedMatching,0.113770,0.190796,0.428571,0.644444,0.285714,0.285714,0.444444,0.633333,0.444444,0.444444
inrap_pactols_sujets_aat.sssom.tsv,pactols:pcrtc6RmFQxFuS,poix,aat:300012949,pitch (tar),poix,pitch,skos:exactMatch,exactMatch,semapv:UnspecifiedMatching,0.113586,0.078491,0.266667,0.560606,0.266667,0.266667,0.444444,0.633333,0.444444,0.444444
dai_aat.sssom.tsv,http://thesauri.dainst.org/_3027,Fischer,aat:300025608,fishermen (people),Fischer,fishermen,skos:exactMatch,exactMatch,semapv:UnspecifiedMatching,0.113464,0.245850,0.480000,0.811111,0.480000,0.480000,0.750000,0.888889,0.750000,0.750000
inrap_pactols_sujets_aat.sssom.tsv,pactols:pcrtdzyBHnXaL5,péristyle,aat:300004029,peristyles (colonnades),péristyle,peristyles,skos:exactMatch,exactMatch,semapv:UnspecifiedMatching,0.113464,0.273438,0.500000,0.620572,0.500000,0.500000,0.842105,0.906667,0.842105,0.842105
inrap_pactols_sujets_aat.sssom.tsv,pactols:pcrtviptY11HzO,chenet,aat:300161848,andirons,chenet,andirons,skos:exactMatch,exactMatch,semapv:UnspecifiedMatching,0.113464,0.113464,0.142857,0.430556,0.142857,0.142857,0.142857,0.430556,0.142857,0.142857
inrap_pactols_sujets_aat.sssom.tsv,pactols:pcrtrJM9dwVgvI,cercueil,aat:300197585,coffins,cercueil,coffins,skos:exactMatch,exactMatch,semapv:UnspecifiedMatching,0.113220,0.113220,0.266667,0.511905,0.266667,0.266667,0.266667,0.511905,0.266667,0.266667
inrap_pactols_sujets_aat.sssom.tsv,pactols:pcrtvxa2xrJNyN,crue,aat:300054731,floods (natural events),crue,floods,skos:exactMatch,exactMatch,semapv:UnspecifiedMatching,0.112976,0.093323,0.148148,0.431159,0.148148,0.148148,0.000000,0.000000,0.000000,0.000000
inrap_pactols_sujets_aat.sssom.tsv,pactols:pcrtnI9SsWzgPO,broyage,aat:300053090,grinding,broyage,grinding,skos:exactMatch,exactMatch,semapv:UnspecifiedMatching,0.112732,0.112732,0.266667,0.511905,0.266667,0.266667,0.266667,0.511905,0.266667,0.266667
inrap_pactols_sujets_aat.sssom.tsv,pactols:pcrtSUUdPW04Ht,couteau,aat:300024668,knives,couteau,knives,skos:exactMatch,exactMatch,semapv:UnspecifiedMatching,0.112305,0.112305,0.153846,0.436508,0.153846,0.153846,0.153846,0.436508,0.153846,0.153846
dai_aat.sssom.tsv,http://thesauri.dainst.org/_3882,lateinisch,aat:300388693,Latin (language),lateinisch,Latin,skos:exactMatch,exactMatch,semapv:UnspecifiedMatching,0.111938,0.094299,0.384615,0.604167,0.384615,0.384615,0.666667,0.883333,0.666667,0.666667
dai_aat.sssom.tsv,http://thesauri.dainst.org/_67842c9a,Rathaus,aat:300006063,town halls,Rathaus,town halls,skos:exactMatch,exactMatch,semapv:UnspecifiedMatching,0.111572,0.111572,0.470588,0.657143,0.352941,0.352941,0.470588,0.657143,0.352941,0.352941
inrap_pactols_sujets_aat.sssom.tsv,pactols:pcrtsrlRWaly2K,auberge,aat:300007170,inns,auberge,inns,skos:exactMatch,exactMatch,semapv:UnspecifiedMatching,0.111450,0.111450,0.000000,0.000000,0.000000,0.000000,0.000000,0.000000,0.000000,0.000000
inrap_pactols_sujets_aat.sssom.tsv,pactols:pcrtcoV2DHQBSp,chasse,aat:300239666,hunting,chasse,hunting,skos:exactMatch,exactMatch,semapv:UnspecifiedMatching,0.111450,0.111450,0.153846,0.436508,0.153846,0.153846,0.153846,0.436508,0.153846,0.153846
inrap_pactols_sujets_aat.sssom.tsv,pactols:pcrtBo1yLBvJKu,cirque,aat:300007255,circuses (Roman arenas),cirque,circuses,skos:exactMatch,exactMatch,semapv:UnspecifiedMatching,0.111450,0.193970,0.344828,0.683575,0.344828,0.344828,0.714286,0.873611,0.714286,0.714286
dai_aat.sssom.tsv,http://thesauri.dainst.org/_7647de4d,Stiftung,aat:300393213,foundation (action or condition),Stiftung,foundation,skos:exactMatch,exactMatch,semapv:UnspecifiedMatching,0.110840,0.397705,0.200000,0.534722,0.250000,0.250000,0.333333,0.550000,0.333333,0.333333
ads_eh_tmt2_aat.sssom.tsv,fish_tmt2:/concepts/141949,ANTI TANK OBSTACLE,aat:300006914,stockades,ANTI TANK OBSTACLE,stockades,skos:closeMatch,closeMatch,semapv:UnspecifiedMatching,0.110352,0.110352,0.296296,0.544444,0.296296,0.296296,0.296296,0.544444,0.296296,0.296296
ads_eh_tmt2_aat.sssom.tsv,fish_tmt2:/concepts/71726,FISH FARM,aat:300000228,fish hatcheries,FISH FARM,fish hatcheries,skos:closeMatch,closeMatch,semapv:UnspecifiedMatching,0.108765,0.108765,0.583333,0.848889,0.416667,0.615385,0.583333,0.848889,0.416667,0.615385
inrap_pactols_sujets_aat.sssom.tsv,pactols:pcrtSILWSJO1yW,château d'eau,aat:300006204,water towers,château d'eau,water towers,skos:exactMatch,exactMatch,semapv:UnspecifiedMatching,0.108704,0.108704,0.320000,0.533761,0.320000,0.320000,0.320000,0.533761,0.320000,0.320000
inrap_pactols_sujets_aat.sssom.tsv,pactols:pcrtjJcpGtmjVe,grange,aat:300004900,barns,grange,barns,skos:exactMatch,exactMatch,semapv:UnspecifiedMatching,0.108215,0.108215,0.363636,0.588889,0.363636,0.363636,0.363636,0.588889,0.363636,0.363636
dai_aat.sssom.tsv,http://thesauri.dainst.org/_82dae6eb,Heiligtum/Sakrale r Komplex,aat:300000796,religious districts,Heiligtum/Sakrale r Komplex,religious districts,skos:closeMatch,closeMatch,semapv:UnspecifiedMatching,0.108154,0.108154,0.347826,0.498895,0.304348,0.304348,0.347826,0.498895,0.304348,0.304348
dai_aat.sssom.tsv,http://thesauri.dainst.org/_2828ca6c,Keilschrift,aat:300028711,cuneiform,Keilschrift,cuneiform,skos:exactMatch,exactMatch,semapv:UnspecifiedMatching,0.107910,0.107910,0.300000,0.519360,0.300000,0.300000,0.300000,0.519360,0.300000,0.300000
ads_mda_obj_aat.sssom.tsv,fish_obj:/concepts/95056,ARCHITECTURE,aat:300263552,architecture (object genre),ARCHITECTURE,architecture,skos:exactMatch,exactMatch,semapv:UnspecifiedMatching,0.106506,0.094849,0.615385,0.888889,0.615385,1.000000,1.000000,1.000000,1.000000,1.000000
ads_mda_obj_aat.sssom.tsv,fish_obj:/concepts/95055,AGRICULTURE AND SUBSISTENCE,aat:300054463,agriculture,AGRICULTURE AND SUBSISTENCE,agriculture,skos:closeMatch,closeMatch,semapv:UnspecifiedMatching,0.106201,0.106201,0.578947,0.881481,0.578947,1.000000,0.578947,0.881481,0.578947,1.000000
inrap_pactols_sujets_aat.sssom.tsv,pactols:pcrtiEd3ufnIkf,autel,aat:300003725,altars (religious fixtures),autel,altars,skos:exactMatch,exactMatch,semapv:UnspecifiedMatching,0.105591,0.081177,0.250000,0.566049,0.187500,0.187500,0.363636,0.577778,0.363636,0.363636
inrap_pactols_sujets_aat.sssom.tsv,pactols:pcrtnFzEJXOj2S,archéométrie,aat:300122729,archaeometry,archéométrie,archaeometry,skos:exactMatch,exactMatch,semapv:UnspecifiedMatching,0.105286,0.105286,0.666667,0.877778,0.666667,0.666667,0.666667,0.877778,0.666667,0.666667
ads_eh_tmt2_aat.sssom.tsv,fish_tmt2:/concepts/71617,DORMITORY,aat:300005668,dormitories (buildings),DORMITORY,dormitories,skos:closeMatch,closeMatch,semapv:UnspecifiedMatching,0.105103,0.057739,0.500000,0.847343,0.500000,0.500000,0.800000,0.923232,0.800000,0.800000
ads_eh_tmt2_aat.sssom.tsv,fish_tmt2:/concepts/68996,FOGOU,aat:300005660,fogous,FOGOU,fogous,skos:exactMatch,exactMatch,semapv:UnspecifiedMatching,0.104980,0.104980,0.909091,0.966667,0.909091,0.909091,0.909091,0.966667,0.909091,0.909091
inrap_pactols_sujets_aat.sssom.tsv,pactols:pcrtuFMPNUEKWb,hématite,aat:300011138,bloodstone,hématite,bloodstone,skos:exactMatch,exactMatch,semapv:UnspecifiedMatching,0.104980,0.104980,0.222222,0.483333,0.222222,0.222222,0.222222,0.483333,0.222222,0.222222
dai_aat.sssom.tsv,http://thesauri.dainst.org/_d9147814,Hirte,aat:300025615,herdsmen,Hirte,herdsmen,skos:exactMatch,exactMatch,semapv:UnspecifiedMatching,0.104858,0.104858,0.461538,0.547222,0.461538,0.461538,0.461538,0.547222,0.461538,0.461538
dai_aat.sssom.tsv,http://thesauri.dainst.org/_6a1cb7f0,Bergügel,aat:300008777,hills (landforms),Bergügel,hills,skos:exactMatch,exactMatch,semapv:UnspecifiedMatching,0.104492,0.148071,0.080000,0.394608,0.160000,0.160000,0.153846,0.000000,0.153846,0.153846
inrap_pactols_sujets_aat.sssom.tsv,pactols:pcrtOPqdpwj043,viande,aat:300389813,meat,viande,meat,skos:exactMatch,exactMatch,semapv:UnspecifiedMatching,0.104248,0.104248,0.200000,0.472222,0.200000,0.200000,0.200000,0.472222,0.200000,0.200000
inrap_pactols_sujets_aat.sssom.tsv,pactols:pcrtOI9SLqb5uI,briquetage,aat:300015333,brickwork (masonry),briquetage,brickwork,skos:exactMatch,exactMatch,semapv:UnspecifiedMatching,0.104126,0.137085,0.275862,0.536842,0.206897,0.206897,0.315789,0.544444,0.315789,0.315789
ads_eh_tmt2_aat.sssom.tsv,fish_tmt2:/concepts/68808,DEFENCE,aat:300386994,defense installations,DEFENCE,defense installations,skos:closeMatch,closeMatch,semapv:UnspecifiedMatching,0.103943,0.103943,0.428571,0.828571,0.428571,0.428571,0.428571,0.828571,0.428571,0.428571
ads_eh_tmt2_aat.sssom.tsv,fish_tmt2:/concepts/68875,FORTIFIED HOUSE,aat:300005546,bastle houses,FORTIFIED HOUSE,bastle houses,skos:closeMatch,closeMatch,semapv:UnspecifiedMatching,0.103577,0.103577,0.571429,0.716239,0.571429,0.571429,0.571429,0.716239,0.571429,0.571429
inrap_pactols_sujets_aat.sssom.tsv,pactols:pcrtSy10ihyt5s,remontage,aat:300400678,refitting,remontage,refitting,skos:exactMatch,exactMatch,semapv:UnspecifiedMatching,0.103455,0.103455,0.444444,0.637037,0.444444,0.444444,0.444444,0.637037,0.444444,0.444444
ads_eh_tmt2_aat.sssom.tsv,fish_tmt2:/concepts/68886,GUN EMPLACEMENT,aat:300002501,batteries (platforms),GUN EMPLACEMENT,batteries,skos:closeMatch,closeMatch,semapv:UnspecifiedMatching,0.103333,0.017136,0.277778,0.513095,0.277778,0.277778,0.250000,0.451852,0.250000,0.250000
ads_eh_tmt2_aat.sssom.tsv,fish_tmt2:/concepts/71509,COUNCIL HOUSE,aat:300000323,public housing,COUNCIL HOUSE,public housing,skos:closeMatch,closeMatch,semapv:UnspecifiedMatching,0.102966,0.102966,0.518519,0.741351,0.370370,0.370370,0.518519,0.741351,0.370370,0.370370
inrap_pactols_sujets_aat.sssom.tsv,pactols:pcrt2EQPlDtl1H,groupe épiscopal,aat:300000802,closes (cathedral),groupe épiscopal,closes,skos:exactMatch,exactMatch,semapv:UnspecifiedMatching,0.102722,-0.002142,0.352941,0.561177,0.235294,0.235294,0.272727,0.451389,0.272727,0.272727
inrap_pactols_sujets_aat.sssom.tsv,pactols:pcrtMFJP4dYca8,épidémie,aat:300379833,plagues,épidémie,plagues,skos:exactMatch,exactMatch,semapv:UnspecifiedMatching,0.102722,0.102722,0.266667,0.511905,0.266667,0.266667,0.266667,0.511905,0.266667,0.266667
ads_eh_tmt2_aat.sssom.tsv,fish_tmt2:/concepts/82817,FLOWER GARDEN,aat:300008135,flower gardens,FLOWER GARDEN,flower gardens,skos:exactMatch,exactMatch,semapv:UnspecifiedMatching,0.102356,0.102356,0.962963,0.985714,0.962963,0.962963,0.962963,0.985714,0.962963,0.962963
dai_aat.sssom.tsv,http://thesauri.dainst.org/_1217b9c5,Tal,aat:300008761,valleys (landforms),Tal,valleys,skos:exactMatch,exactMatch,semapv:UnspecifiedMatching,0.102234,0.235229,0.181818,0.590643,0.181818,0.181818,0.400000,0.650794,0.400000,0.400000
inrap_pactols_sujets_aat.sssom.tsv,pactols:pcrtI9ADjL6wEs,hache,aat:300036982,axes (weapons),hache,axes,skos:exactMatch,exactMatch,semapv:UnspecifiedMatching,0.102051,0.160400,0.210526,0.514286,0.210526,0.210526,0.444444,0.483333,0.444444,0.444444
dai_aat.sssom.tsv,http://thesauri.dainst.org/_2767,Kaserne,aat:300005665,barracks,Kaserne,barracks,skos:exactMatch,exactMatch,semapv:UnspecifiedMatching,0.101440,0.101440,0.266667,0.511905,0.266667,0.266667,0.266667,0.511905,0.266667,0.266667
inrap_pactols_sujets_aat.sssom.tsv,pactols:pcrtOdfSnOQY3v,douve,aat:300003716,moats,douve,moats,skos:exactMatch,exactMatch,semapv:UnspecifiedMatching,0.101257,0.101257,0.200000,0.466667,0.200000,0.200000,0.200000,0.466667,0.200000,0.200000
inrap_pactols_sujets_aat.sssom.tsv,pactols:pcrt4UE6wMvzwu,fer à cheval,aat:300024400,horseshoes (animal equipment),fer à cheval,horseshoes,skos:exactMatch,exactMatch,semapv:UnspecifiedMatching,0.101135,0.164185,0.243902,0.522510,0.243902,0.243902,0.272727,0.494444,0.272727,0.272727
inrap_pactols_sujets_aat.sssom.tsv,pactols:pcrt9Xvh4RiNS5,abandon de lieu,aat:300055406,emigration,abandon de lieu,emigration,skos:closeMatch,closeMatch,semapv:UnspecifiedMatching,0.101074,0.101074,0.240000,0.472222,0.240000,0.240000,0.240000,0.472222,0.240000,0.240000
inrap_pactols_sujets_aat.sssom.tsv,pactols:pcrt7VzGc5ZUum,fleuve,aat:300008707,rivers,fleuve,rivers,skos:exactMatch,exactMatch,semapv:UnspecifiedMatching,0.101013,0.101013,0.333333,0.388889,0.333333,0.333333,0.333333,0.388889,0.333333,0.333333
ads_eh_tmt2_aat.sssom.tsv,fish_tmt2:/concepts/147241,FORTIFIED BUILDING,aat:300387238,fortified settlements,FORTIFIED BUILDING,fortified settlements,skos:closeMatch,closeMatch,semapv:UnspecifiedMatching,0.100586,0.100586,0.615385,0.847619,0.461538,0.666667,0.615385,0.847619,0.461538,0.666667
ads_eh_tbm_aat.sssom.tsv,fish_tbm:/concepts/97939,GLASS,aat:300010797,glass (material),GLASS,glass,skos:exactMatch,exactMatch,semapv:UnspecifiedMatching,0.100037,0.220337,0.476190,0.862500,0.476190,1.000000,1.000000,1.000000,1.000000,1.000000
inrap_pactols_sujets_aat.sssom.tsv,pactols:pcrtThu8wInkhJ,C14,aat:300054717,radiocarbon dating,C14,radiocarbon dating,skos:exactMatch,exactMatch,semapv:UnspecifiedMatching,0.099670,0.099670,0.095238,0.462963,0.095238,0.095238,0.095238,0.462963,0.095238,0.095238
inrap_pactols_sujets_aat.sssom.tsv,pactols:pcrtqOAKgeSUj4,caniveau,aat:300006178,ditches,caniveau,ditches,skos:closeMatch,closeMatch,semapv:UnspecifiedMatching,0.099426,0.099426,0.266667,0.490079,0.266667,0.266667,0.266667,0.490079,0.266667,0.266667
inrap_pactols_sujets_aat.sssom.tsv,pactols:pcrtFvhjdYd7SX,broyeur,aat:300263933,grinding stones,broyeur,grinding stones,skos:exactMatch,exactMatch,semapv:UnspecifiedMatching,0.098450,0.098450,0.272727,0.403175,0.272727,0.272727,0.272727,0.403175,0.272727,0.272727
inrap_pactols_sujets_aat.sssom.tsv,pactols:pcrtKYQSidPt75,tertre funéraire,aat:300005903,burial mounds,tertre funéraire,burial mounds,skos:exactMatch,exactMatch,semapv:UnspecifiedMatching,0.098022,0.098022,0.275862,0.435897,0.275862,0.275862,0.275862,0.435897,0.275862,0.275862
inrap_pactols_sujets_aat.sssom.tsv,pactols:pcrtDnJG7K8v0p,éperon,aat:300036923,spurs (costume accessories),éperon,spurs,skos:exactMatch,exactMatch,semapv:UnspecifiedMatching,0.097900,-0.012833,0.181818,0.521605,0.121212,0.121212,0.363636,0.577778,0.363636,0.363636
inrap_pactols_sujets_aat.sssom.tsv,pactols:pcrtLuPqDA8Zhs,marmite,aat:300199857,crockpots,marmite,crockpots,skos:exactMatch,exactMatch,semapv:UnspecifiedMatching,0.097656,0.097656,0.250000,0.502646,0.250000,0.250000,0.250000,0.502646,0.250000,0.250000
inrap_pactols_sujets_aat.sssom.tsv,pactols:pcrt9oytlSrw3S,marteau,aat:300024823,hammers (tools),marteau,hammers,skos:exactMatch,exactMatch,semapv:UnspecifiedMatching,0.097351,0.170654,0.272727,0.549206,0.181818,0.181818,0.285714,0.507937,0.285714,0.285714
inrap_pactols_sujets_aat.sssom.tsv,pactols:pcrtGwTuoUH3BY,poignard,aat:300037058,daggers (weapons),poignard,daggers,skos:exactMatch,exactMatch,semapv:UnspecifiedMatching,0.097229,0.107361,0.240000,0.495098,0.400000,0.400000,0.266667,0.511905,0.266667,0.266667
inrap_pactols_sujets_aat.sssom.tsv,pactols:pcrtEOlJwpiHmn,bétail,aat:300250280,livestock,bétail,livestock,skos:exactMatch,exactMatch,semapv:UnspecifiedMatching,0.096436,0.096436,0.133333,0.351852,0.133333,0.133333,0.133333,0.351852,0.133333,0.133333
ads_mda_obj_aat.sssom.tsv,fish_obj:/concepts/97230,STORAGE CONTAINER,aat:300197582,storage containers,STORAGE CONTAINER,storage containers,skos:closeMatch,closeMatch,semapv:UnspecifiedMatching,0.096375,0.096375,0.971429,0.988889,0.971429,0.971429,0.971429,0.988889,0.971429,0.971429
dai_aat.sssom.tsv,http://thesauri.dainst.org/_a9308610,Verteidigungsanla ge,aat:300006888,fortifications,Verteidigungsanla ge,fortifications,skos:closeMatch,closeMatch,semapv:UnspecifiedMatching,0.095642,0.095642,0.352941,0.569048,0.352941,0.352941,0.352941,0.569048,0.352941,0.352941
ads_eh_tmt2_aat.sssom.tsv,fish_tmt2:/concepts/68924,BOTHY,aat:300005677,bothies,BOTHY,bothies,skos:closeMatch,closeMatch,semapv:UnspecifiedMatching,0.095459,0.095459,0.666667,0.874286,0.666667,0.666667,0.666667,0.874286,0.666667,0.666667
ads_eh_tmt2_aat.sssom.tsv,fish_tmt2:/concepts/69974,CHAPTER HOUSE,aat:300007418,chapter houses,CHAPTER HOUSE,chapter houses,skos:exactMatch,exactMatch,semapv:UnspecifiedMatching,0.094849,0.094849,0.962963,0.985714,0.962963,0.962963,0.962963,0.985714,0.962963,0.962963
inrap_pactols_sujets_aat.sssom.tsv,pactols:pcrtVibtZJlA99,taureau,aat:300250117,bulls (animals),taureau,bulls,skos:exactMatch,exactMatch,semapv:UnspecifiedMatching,0.094177,0.183105,0.181818,0.431746,0.272727,0.272727,0.166667,0.447619,0.166667,0.166667
inrap_pactols_sujets_aat.sssom.tsv,pactols:pcrtOlL4vtJxgr,assemblage,aat:300053014,bonding (joining),assemblage,bonding,skos:exactMatch,exactMatch,semapv:UnspecifiedMatching,0.094055,0.043213,0.148148,0.439216,0.148148,0.148148,0.235294,0.414286,0.235294,0.235294
inrap_pactols_sujets_aat.sssom.tsv,pactols:pcrtp0Q1N38DIe,détention,aat:300137572,imprisonment,détention,imprisonment,skos:closeMatch,closeMatch,semapv:UnspecifiedMatching,0.093994,0.093994,0.285714,0.509259,0.285714,0.285714,0.285714,0.509259,0.285714,0.285714
inrap_pactols_sujets_aat.sssom.tsv,pactols:pcrtu6MrQiPdBO,AFC,aat:300379464,factor analysis,AFC,factor analysis,skos:exactMatch,exactMatch,semapv:UnspecifiedMatching,0.093262,0.093262,0.222222,0.622222,0.333333,0.333333,0.222222,0.622222,0.333333,0.333333
ads_eh_tmt2_aat.sssom.tsv,fish_tmt2:/concepts/94405,HINDU TEMPLE,aat:300266136,Hindu temple spaces,HINDU TEMPLE,Hindu temple spaces,skos:closeMatch,closeMatch,semapv:UnspecifiedMatching,0.092957,0.092957,0.774194,0.926316,0.774194,1.000000,0.774194,0.926316,0.774194,1.000000
inrap_pactols_sujets_aat.sssom.tsv,pactols:pcrtM1Jed0bHvM,navette,aat:300247548,shuttles (textile tools),navette,shuttles,skos:exactMatch,exactMatch,semapv:UnspecifiedMatching,0.092468,0.160645,0.258065,0.496032,0.258065,0.258065,0.400000,0.490079,0.400000,0.400000
inrap_pactols_sujets_aat.sssom.tsv,pactols:pcrto44p1SaKFn,argile,aat:300010439,clay,argile,clay,skos:exactMatch,exactMatch,semapv:UnspecifiedMatching,0.092468,0.092468,0.200000,0.472222,0.200000,0.200000,0.200000,0.472222,0.200000,0.200000
inrap_pactols_sujets_aat.sssom.tsv,pactols:pcrtaDZQlTT0S8,monnaie,aat:300037222,coins (money),monnaie,coins,skos:exactMatch,exactMatch,semapv:UnspecifiedMatching,0.092468,0.103027,0.400000,0.543040,0.400000,0.400000,0.333333,0.561905,0.333333,0.333333
inrap_pactols_sujets_aat.sssom.tsv,pactols:pcrtSaNDeLvKzS,levée de terre,aat:300386970,banks (landforms),levée de terre,banks,skos:exactMatch,exactMatch,semapv:UnspecifiedMatching,0.092346,0.022293,0.193548,0.423669,0.129032,0.129032,0.000000,0.000000,0.000000,0.000000
dai_aat.sssom.tsv,http://thesauri.dainst.org/_238f5774,Grenze/Linie,aat:300387343,borders (boundaries),Grenze/Linie,borders,skos:exactMatch,exactMatch,semapv:UnspecifiedMatching,0.092346,0.121460,0.312500,0.555556,0.187500,0.187500,0.210526,0.484127,0.210526,0.210526
inrap_pactols_sujets_aat.sssom.tsv,pactols:pcrtiS8Ollckzn,puits,aat:300006207,wells (structures),puits,wells,skos:exactMatch,exactMatch,semapv:UnspecifiedMatching,0.092224,0.107971,0.260870,0.337037,0.260870,0.260870,0.200000,0.466667,0.200000,0.200000
inrap_pactols_sujets_aat.sssom.tsv,pactols:pcrtssUkdoIYx4,filage,aat:300053661,spinning (textile process),filage,spinning,skos:exactMatch,exactMatch,semapv:UnspecifiedMatching,0.092163,0.050629,0.187500,0.538462,0.187500,0.187500,0.285714,0.527778,0.285714,0.285714
inrap_pactols_sujets_aat.sssom.tsv,pactols:pcrtpJbqFUYwZI,huilerie,aat:300248351,oil mills,huilerie,oil mills,skos:exactMatch,exactMatch,semapv:UnspecifiedMatching,0.092102,0.092102,0.352941,0.569444,0.352941,0.352941,0.352941,0.569444,0.352941,0.352941
inrap_pactols_sujets_aat.sssom.tsv,pactols:pcrtEo3PgHE5z9,carreau de poêle,aat:300052201,stoves (heating equipment),carreau de poêle,stoves,skos:exactMatch,exactMatch,semapv:UnspecifiedMatching,0.091919,0.143799,0.285714,0.525107,0.333333,0.333333,0.181818,0.409722,0.181818,0.181818
ads_eh_tmt2_aat.sssom.tsv,fish_tmt2:/concepts/70065,ENTRANCE GRAVE,aat:300005935,chamber tombs,ENTRANCE GRAVE,chamber tombs,skos:closeMatch,closeMatch,semapv:UnspecifiedMatching,0.091797,0.091797,0.222222,0.463370,0.222222,0.222222,0.222222,0.463370,0.222222,0.222222
inrap_pactols_sujets_aat.sssom.tsv,pactols:pcrtup4sulBl7v,monnayage,aat:300206581,minting,monnayage,minting,skos:exactMatch,exactMatch,semapv:UnspecifiedMatching,0.091553,0.091553,0.500000,0.671958,0.500000,0.500000,0.500000,0.671958,0.500000,0.500000
inrap_pactols_sujets_aat.sssom.tsv,pactols:pcrthTAMawVNg8,parement,aat:300386688,facing (material),parement,facing,skos:exactMatch,exactMatch,semapv:UnspecifiedMatching,0.091370,0.070374,0.240000,0.506373,0.240000,0.240000,0.285714,0.527778,0.285714,0.285714
inrap_pactols_sujets_aat.sssom.tsv,pactols:pcrtwE5STw4SDe,monastère,aat:300000641,monasteries (built complexes),monastère,monasteries,skos:exactMatch,exactMatch,semapv:UnspecifiedMatching,0.091125,0.111572,0.421053,0.679917,0.421053,0.421053,0.800000,0.898232,0.800000,0.800000
inrap_pactols_sujets_aat.sssom.tsv,pactols:pcrt6x9uf6RKNp,poêle,aat:300042983,pans (containers),poêle,pans,skos:exactMatch,exactMatch,semapv:UnspecifiedMatching,0.091003,0.165161,0.272727,0.505882,0.181818,0.181818,0.222222,0.483333,0.222222,0.222222
inrap_pactols_sujets_aat.sssom.tsv,pactols:pcrtw6060MPvnU,aire d'incinération,aat:300005871,crematories,aire d'incinération,crematories,skos:closeMatch,closeMatch,semapv:UnspecifiedMatching,0.090454,0.090454,0.333333,0.439234,0.333333,0.333333,0.333333,0.439234,0.333333,0.333333
inrap_pactols_sujets_aat.sssom.tsv,pactols:pcrtRLpzUzUbJP,Juifs,aat:300387749,Ancient Jewish,Juifs,Ancient Jewish,skos:closeMatch,closeMatch,semapv:UnspecifiedMatching,0.090332,0.090332,0.315789,0.423810,0.315789,0.315789,0.315789,0.423810,0.315789,0.315789
ads_eh_tmt2_aat.sssom.tsv,fish_tmt2:/concepts/68777,COMMERCIAL,aat:300132652,commercial complexes,COMMERCIAL,commercial complexes,skos:closeMatch,closeMatch,semapv:UnspecifiedMatching,0.090332,0.090332,0.666667,0.900000,0.666667,1.000000,0.666667,0.900000,0.666667,1.000000
dai_aat.sssom.tsv,http://thesauri.dainst.org/_69b8b7c7,Grotte/Höhle,aat:300008746,caves (landforms),Grotte/Höhle,caves,skos:exactMatch,exactMatch,semapv:UnspecifiedMatching,0.090210,0.126587,0.137931,0.428105,0.137931,0.137931,0.117647,0.427778,0.117647,0.117647
inrap_pactols_sujets_aat.sssom.tsv,pactols:pcrtZpxVcg7sSA,moulin,aat:300264626,mills (buildings),moulin,mills,skos:exactMatch,exactMatch,semapv:UnspecifiedMatching,0.090027,0.243530,0.434783,0.550654,0.347826,0.347826,0.363636,0.577778,0.363636,0.363636
inrap_pactols_sujets_aat.sssom.tsv,pactols:pcrtnRPlNmeHQA,fourreau,aat:300198733,sheaths (cases),fourreau,sheaths,skos:exactMatch,exactMatch,semapv:UnspecifiedMatching,0.089355,0.121094,0.173913,0.461111,0.173913,0.173913,0.266667,0.511905,0.266667,0.266667
ads_eh_tmt2_aat.sssom.tsv,fish_tmt2:/concepts/71344,COMMUNICATIONS,aat:300122187,communications structures,COMMUNICATIONS,communications structures,skos:closeMatch,closeMatch,semapv:UnspecifiedMatching,0.089111,0.089111,0.717949,0.912000,0.717949,1.000000,0.717949,0.912000,0.717949,1.000000
inrap_pactols_sujets_aat.sssom.tsv,pactols:pcrtIq8AvOPlPV,acquisition des données,aat:300077610,recording,acquisition des données,recording,skos:exactMatch,exactMatch,semapv:UnspecifiedMatching,0.089050,0.089050,0.250000,0.457649,0.250000,0.250000,0.250000,0.457649,0.250000,0.250000
inrap_pactols_sujets_aat.sssom.tsv,pactols:pcrtk8SafaOAjq,chasseur,aat:300025619,hunters (people),chasseur,hunters,skos:exactMatch,exactMatch,semapv:UnspecifiedMatching,0.089050,0.183838,0.250000,0.579167,0.250000,0.250000,0.400000,0.607143,0.400000,0.400000
inrap_pactols_sujets_aat.sssom.tsv,pactols:pcrtT2H2KjqBcU,faune,aat:300310150,fauna,faune,fauna,skos:exactMatch,exactMatch,semapv:UnspecifiedMatching,0.088745,0.088745,0.800000,0.920000,0.800000,0.800000,0.800000,0.920000,0.800000,0.800000
inrap_pactols_sujets_aat.sssom.tsv,pactols:pcrtq20N5kcw0H,cruche,aat:300045685,jugs (vessels),cruche,jugs,skos:exactMatch,exactMatch,semapv:UnspecifiedMatching,0.088318,0.030228,0.200000,0.492063,0.100000,0.100000,0.200000,0.472222,0.200000,0.200000
inrap_pactols_sujets_aat.sssom.tsv,pactols:pcrtMw5xXEAy1F,pratique funéraire,aat:300263485,burials,pratique funéraire,burials,skos:closeMatch,closeMatch,semapv:UnspecifiedMatching,0.088135,0.088135,0.240000,0.514550,0.320000,0.320000,0.240000,0.514550,0.320000,0.320000
inrap_pactols_sujets_aat.sssom.tsv,pactols:pcrtV3BZNic1DR,jais,aat:300211957,lignite,jais,lignite,skos:exactMatch,exactMatch,semapv:UnspecifiedMatching,0.088074,0.088074,0.181818,0.464286,0.181818,0.181818,0.181818,0.464286,0.181818,0.181818
inrap_pactols_sujets_aat.sssom.tsv,pactols:pcrtPlSSNwa3hz,estampage,aat:300053138,stamping (forming),estampage,stamping,skos:exactMatch,exactMatch,semapv:UnspecifiedMatching,0.087463,0.239624,0.444444,0.666667,0.444444,0.444444,0.705882,0.805556,0.705882,0.705882
inrap_pactols_sujets_aat.sssom.tsv,pactols:pcrtUu5zfknZ1x,aménagement du sol,aat:300055399,land use,aménagement du sol,land use,skos:exactMatch,exactMatch,semapv:UnspecifiedMatching,0.087402,0.087402,0.384615,0.567593,0.384615,0.384615,0.384615,0.567593,0.384615,0.384615
inrap_pactols_sujets_aat.sssom.tsv,pactols:pcrtUt7XJjD0Si,meuble,aat:300040215,furniture components,meuble,furniture components,skos:exactMatch,exactMatch,semapv:UnspecifiedMatching,0.087341,0.087341,0.153846,0.311111,0.307692,0.307692,0.153846,0.311111,0.307692,0.307692
inrap_pactols_sujets_aat.sssom.tsv,pactols:pcrtccdy3tjhVx,décharnement,aat:300234585,fleshing,décharnement,fleshing,skos:exactMatch,exactMatch,semapv:UnspecifiedMatching,0.087280,0.087280,0.200000,0.430556,0.200000,0.200000,0.200000,0.430556,0.200000,0.200000
inrap_pactols_sujets_aat.sssom.tsv,pactols:pcrtKvWKvwdYPk,tracéologie,aat:300249137,microwear analysis,tracéologie,microwear analysis,skos:exactMatch,exactMatch,semapv:UnspecifiedMatching,0.086060,0.086060,0.275862,0.532227,0.275862,0.275862,0.275862,0.532227,0.275862,0.275862
inrap_pactols_sujets_aat.sssom.tsv,pactols:pcrtX6hgStZS6S,dalle,aat:300011687,flagstone,dalle,flagstone,skos:exactMatch,exactMatch,semapv:UnspecifiedMatching,0.086060,0.086060,0.285714,0.374074,0.285714,0.285714,0.285714,0.374074,0.285714,0.285714
dai_aat.sssom.tsv,http://thesauri.dainst.org/_9f8dae16,Garten/Hain,aat:300008884,grove,Garten/Hain,grove,skos:exactMatch,exactMatch,semapv:UnspecifiedMatching,0.085693,0.085693,0.375000,0.624242,0.375000,0.375000,0.375000,0.624242,0.375000,0.375000
ads_eh_tmt2_aat.sssom.tsv,fish_tmt2:/concepts/91656,Byre,aat:300265627,cow houses,Byre,cow houses,skos:closeMatch,closeMatch,semapv:UnspecifiedMatching,0.085388,0.085388,0.142857,0.000000,0.142857,0.142857,0.142857,0.000000,0.142857,0.142857
dai_aat.sssom.tsv,http://thesauri.dainst.org/_fa805797,Wehrgang,aat:300002508,terrepleins,Wehrgang,terrepleins,skos:exactMatch,exactMatch,semapv:UnspecifiedMatching,0.084656,0.084656,0.315789,0.549242,0.315789,0.315789,0.315789,0.549242,0.315789,0.315789
ads_eh_tmt2_aat.sssom.tsv,fish_tmt2:/concepts/100198,FAIRGROUND RIDE,aat:300007313,amusement rides,FAIRGROUND RIDE,amusement rides,skos:exactMatch,exactMatch,semapv:UnspecifiedMatching,0.084167,0.084167,0.533333,0.563889,0.533333,0.533333,0.533333,0.563889,0.533333,0.533333
inrap_pactols_sujets_aat.sssom.tsv,pactols:pcrtqsNPWjGG9u,cabane,aat:300004824,huts (houses),cabane,huts,skos:exactMatch,exactMatch,semapv:UnspecifiedMatching,0.084106,-0.082397,0.105263,0.414530,0.105263,0.105263,0.000000,0.000000,0.000000,0.000000
ads_mda_obj_aat.sssom.tsv,fish_obj:/concepts/97392,MIRROR,aat:300037682,mirrors,MIRROR,mirrors,skos:exactMatch,exactMatch,semapv:UnspecifiedMatching,0.083923,0.083923,0.923077,0.971429,0.923077,0.923077,0.923077,0.971429,0.923077,0.923077
dai_aat.sssom.tsv,http://thesauri.dainst.org/_30dbf98d,freiplastische Gruppe,aat:300047180,outdoor sculpture,freiplastische Gruppe,outdoor sculpture,skos:closeMatch,closeMatch,semapv:UnspecifiedMatching,0.083862,0.083862,0.315789,0.554809,0.315789,0.315789,0.315789,0.554809,0.315789,0.315789
inrap_pactols_sujets_aat.sssom.tsv,pactols:pcrtW9mUFwQABF,brique,aat:300010463,brick (clay product),brique,brick,skos:exactMatch,exactMatch,semapv:UnspecifiedMatching,0.083679,0.229492,0.307692,0.550000,0.307692,0.307692,0.545455,0.790000,0.545455,0.545455
dai_aat.sssom.tsv,http://thesauri.dainst.org/_0492ee07,Schenkung,aat:300079436,donations,Schenkung,donations,skos:closeMatch,closeMatch,semapv:UnspecifiedMatching,0.083374,0.083374,0.222222,0.481481,0.222222,0.222222,0.222222,0.481481,0.222222,0.222222
inrap_pactols_sujets_aat.sssom.tsv,pactols:pcrtVUHISri9uE,nef,aat:300004627,naves,nef,naves,skos:exactMatch,exactMatch,semapv:UnspecifiedMatching,0.083313,0.083313,0.500000,0.511111,0.500000,0.500000,0.500000,0.511111,0.500000,0.500000
inrap_pactols_sujets_aat.sssom.tsv,pactols:pcrtxKnfzXYMxK,grotte,aat:300008746,caves,grotte,caves,skos:exactMatch,exactMatch,semapv:UnspecifiedMatching,0.083252,0.083252,0.181818,0.455556,0.181818,0.181818,0.181818,0.455556,0.181818,0.181818
inrap_pactols_sujets_aat.sssom.tsv,pactols:pcrtRFSvuXH6BD,château,aat:300006891,castles (fortifications),château,castles,skos:exactMatch,exactMatch,semapv:UnspecifiedMatching,0.083252,0.087646,0.258065,0.496032,0.193548,0.193548,0.428571,0.619048,0.428571,0.428571
inrap_pactols_sujets_aat.sssom.tsv,pactols:pcrtUzYehXjGyc,bouchon,aat:300045717,stoppers (container components),bouchon,stoppers,skos:exactMatch,exactMatch,semapv:UnspecifiedMatching,0.082825,-0.056610,0.210526,0.566820,0.210526,0.210526,0.133333,0.422619,0.133333,0.133333
inrap_pactols_sujets_aat.sssom.tsv,pactols:pcrtTgttY2SfBr,galet,aat:300011691,pebble (rock),galet,pebble,skos:exactMatch,exactMatch,semapv:UnspecifiedMatching,0.082642,0.046051,0.222222,0.351282,0.222222,0.222222,0.363636,0.411111,0.363636,0.363636
dai_aat.sssom.tsv,http://thesauri.dainst.org/_ba4cc9e2,Grabungsleiter,aat:300390592,excavators,Grabungsleiter,excavators,skos:closeMatch,closeMatch,semapv:UnspecifiedMatching,0.082642,0.082642,0.250000,0.478571,0.250000,0.250000,0.250000,0.478571,0.250000,0.250000
dai_aat.sssom.tsv,http://thesauri.dainst.org/_5293422e,Küste,aat:300008733,shores (landforms),Küste,shores,skos:exactMatch,exactMatch,semapv:UnspecifiedMatching,0.082275,0.115723,0.173913,0.503704,0.173913,0.173913,0.363636,0.577778,0.363636,0.363636
ads_mda_obj_aat.sssom.tsv,fish_obj:/concepts/95324,WEIGHT,aat:300343371,weights (object genres),WEIGHT,weights,skos:closeMatch,closeMatch,semapv:UnspecifiedMatching,0.082153,0.118774,0.413793,0.852174,0.413793,0.413793,0.923077,0.971429,0.923077,0.923077
dai_aat.sssom.tsv,http://thesauri.dainst.org/_3588,Theater,aat:300007117,theaters (buildings),Theater,theaters,skos:exactMatch,exactMatch,semapv:UnspecifiedMatching,0.081238,0.045746,0.518519,0.870000,0.518519,0.518519,0.933333,0.975000,0.933333,0.933333
inrap_pactols_sujets_aat.sssom.tsv,pactols:pcrtTN5hnP2dGJ,molette,aat:300022774,roulettes (engraving tools),molette,roulettes,skos:exactMatch,exactMatch,semapv:UnspecifiedMatching,0.081238,0.170898,0.352941,0.693122,0.352941,0.352941,0.750000,0.841270,0.750000,0.750000
inrap_pactols_sujets_aat.sssom.tsv,pactols:pcrtb1E0Dz7cSX,fouille,aat:300266151,excavations (sites),fouille,excavations,skos:exactMatch,exactMatch,semapv:UnspecifiedMatching,0.080933,0.000594,0.230769,0.417711,0.153846,0.153846,0.111111,0.411255,0.111111,0.111111
inrap_pactols_sujets_aat.sssom.tsv,pactols:pcrt21NHh41vsK,cellier,aat:300004499,pantries,cellier,pantries,skos:exactMatch,exactMatch,semapv:UnspecifiedMatching,0.080688,0.080688,0.266667,0.490079,0.266667,0.266667,0.266667,0.490079,0.266667,0.266667
inrap_pactols_sujets_aat.sssom.tsv,pactols:pcrtbptj4SOA1W,bâtiment domestique,aat:300008347,inhabited places,bâtiment domestique,inhabited places,skos:exactMatch,exactMatch,semapv:UnspecifiedMatching,0.080627,0.080627,0.342857,0.567617,0.342857,0.342857,0.342857,0.567617,0.342857,0.342857
inrap_pactols_sujets_aat.sssom.tsv,pactols:pcrtw9lK8RSghm,mouillage,aat:300007927,berths (waterfront spaces),mouillage,berths,skos:exactMatch,exactMatch,semapv:UnspecifiedMatching,0.079285,0.090393,0.171429,0.266382,0.171429,0.171429,0.133333,0.000000,0.133333,0.133333
inrap_pactols_sujets_aat.sssom.tsv,pactols:pcrtbNJR98Fv1A,tailleur,aat:300025039,stonecutters,tailleur,stonecutters,skos:exactMatch,exactMatch,semapv:UnspecifiedMatching,0.079102,0.079102,0.400000,0.611111,0.400000,0.400000,0.400000,0.611111,0.400000,0.400000
dai_aat.sssom.tsv,http://thesauri.dainst.org/_9663e946,aramäisch,aat:300387857,Aramaic (language),aramäisch,Aramaic,skos:exactMatch,exactMatch,semapv:UnspecifiedMatching,0.079041,0.136108,0.444444,0.666667,0.444444,0.444444,0.750000,0.904762,0.750000,0.750000
dai_aat.sssom.tsv,http://thesauri.dainst.org/_9bfefddc,Kaisergattin,aat:300154343,wives,Kaisergattin,wives,skos:closeMatch,closeMatch,semapv:UnspecifiedMatching,0.078796,0.078796,0.235294,0.505556,0.235294,0.235294,0.235294,0.505556,0.235294,0.235294
inrap_pactols_sujets_aat.sssom.tsv,pactols:pcrt9Vu0LqJbzT,joug,aat:300255560,yokes (animal equipment),joug,yokes,skos:exactMatch,exactMatch,semapv:UnspecifiedMatching,0.078613,0.136475,0.142857,0.430556,0.071429,0.071429,0.222222,0.483333,0.222222,0.222222
inrap_pactols_sujets_aat.sssom.tsv,pactols:pcrt1Gqf0UzaZ3,meule,aat:300185256,millstones (equipment components),meule,millstones,skos:exactMatch,exactMatch,semapv:UnspecifiedMatching,0.078491,0.129639,0.210526,0.583838,0.210526,0.210526,0.400000,0.633333,0.400000,0.400000
dai_aat.sssom.tsv,http://thesauri.dainst.org/_f39c4219,Junge,aat:300247598,boys,Junge,boys,skos:exactMatch,exactMatch,semapv:UnspecifiedMatching,0.078430,0.078430,0.000000,0.000000,0.000000,0.000000,0.000000,0.000000,0.000000,0.000000
inrap_pactols_sujets_aat.sssom.tsv,pactols:pcrtgAenxM25f3,translation,aat:300379368,reburial,translation,reburial,skos:closeMatch,closeMatch,semapv:UnspecifiedMatching,0.078308,0.078308,0.315789,0.537879,0.315789,0.315789,0.315789,0.537879,0.315789,0.315789
inrap_pactols_sujets_aat.sssom.tsv,pactols:pcrtHtkH5XaO98,brûle-parfum,aat:300199764,cassolettes,brûle-parfum,cassolettes,skos:exactMatch,exactMatch,semapv:UnspecifiedMatching,0.078125,0.078125,0.173913,0.449495,0.173913,0.173913,0.173913,0.449495,0.173913,0.173913
inrap_pactols_sujets_aat.sssom.tsv,pactols:pcrtc6LNXVNfT8,cadastre,aat:300027247,land registers,cadastre,land registers,skos:exactMatch,exactMatch,semapv:UnspecifiedMatching,0.077942,0.077942,0.454545,0.615079,0.454545,0.454545,0.454545,0.615079,0.454545,0.454545
inrap_pactols_sujets_aat.sssom.tsv,pactols:pcrt903VxVZvpD,aiguisoir,aat:300023299,whetstones,aiguisoir,whetstones,skos:exactMatch,exactMatch,semapv:UnspecifiedMatching,0.077820,0.077820,0.210526,0.474074,0.210526,0.210526,0.210526,0.474074,0.210526,0.210526
inrap_pactols_sujets_aat.sssom.tsv,pactols:pcrtQyHiirB1US,saisonnier,aat:300025891,migrant workers,saisonnier,migrant workers,skos:closeMatch,closeMatch,semapv:UnspecifiedMatching,0.077576,0.077576,0.320000,0.555556,0.320000,0.320000,0.320000,0.555556,0.320000,0.320000
inrap_pactols_sujets_aat.sssom.tsv,pactols:pcrt4RyXDNkbZ0,fresque,aat:300053357,fresco painting (technique),fresque,fresco painting,skos:exactMatch,exactMatch,semapv:UnspecifiedMatching,0.077087,0.165283,0.411765,0.633157,0.235294,0.235294,0.363636,0.612698,0.363636,0.363636
dai_aat.sssom.tsv,http://thesauri.dainst.org/_8a370786,Holzverarbeitung,aat:300006304,planing mills,Holzverarbeitung,planing mills,skos:closeMatch,closeMatch,semapv:UnspecifiedMatching,0.076904,0.076904,0.344828,0.472756,0.344828,0.344828,0.344828,0.472756,0.344828,0.344828
inrap_pactols_sujets_aat.sssom.tsv,pactols:pcrtbME0PA8KDn,balance,aat:300196293,scales (weighing devices),balance,scales,skos:exactMatch,exactMatch,semapv:UnspecifiedMatching,0.076538,0.210083,0.312500,0.504762,0.187500,0.187500,0.461538,0.642857,0.461538,0.461538
inrap_pactols_sujets_aat.sssom.tsv,pactols:pcrtiaQHMzQVGS,grotte ornée,aat:300178308,cave paintings,grotte ornée,cave paintings,skos:closeMatch,closeMatch,semapv:UnspecifiedMatching,0.076477,0.076477,0.230769,0.373016,0.230769,0.230769,0.230769,0.373016,0.230769,0.230769
inrap_pactols_sujets_aat.sssom.tsv,pactols:pcrtRWDy1UDdDG,agrafe,aat:300239507,clasps (fasteners),agrafe,clasps,skos:exactMatch,exactMatch,semapv:UnspecifiedMatching,0.076477,-0.049316,0.250000,0.546296,0.250000,0.250000,0.166667,0.444444,0.166667,0.166667
inrap_pactols_sujets_aat.sssom.tsv,pactols:pcrt98n6h95hof,moulure,aat:300053134,molding (forming),moulure,molding,skos:exactMatch,exactMatch,semapv:UnspecifiedMatching,0.076050,0.109314,0.333333,0.602241,0.250000,0.250000,0.428571,0.619048,0.428571,0.428571
inrap_pactols_sujets_aat.sssom.tsv,pactols:pcrtqRa7VHvxAe,arbalète,aat:300037000,crossbows,arbalète,crossbows,skos:closeMatch,closeMatch,semapv:UnspecifiedMatching,0.075806,0.075806,0.235294,0.490741,0.235294,0.235294,0.235294,0.490741,0.235294,0.235294
inrap_pactols_sujets_aat.sssom.tsv,pactols:pcrtZ1B37tVgAE,gourde,aat:300221010,canteens (vessels),gourde,canteens,skos:exactMatch,exactMatch,semapv:UnspecifiedMatching,0.075684,0.008430,0.083333,0.407407,0.083333,0.083333,0.142857,0.430556,0.142857,0.142857
inrap_pactols_sujets_aat.sssom.tsv,pactols:pcrtIBBzDtHASy,douane,aat:300005998,customhouses,douane,customhouses,skos:exactMatch,exactMatch,semapv:UnspecifiedMatching,0.075500,0.075500,0.333333,0.472222,0.333333,0.333333,0.333333,0.472222,0.333333,0.333333
inrap_pactols_sujets_aat.sssom.tsv,pactols:pcrthN2iV93TG4,poignée,aat:300024927,handles,poignée,handles,skos:exactMatch,exactMatch,semapv:UnspecifiedMatching,0.075378,0.075378,0.285714,0.523810,0.285714,0.285714,0.285714,0.523810,0.285714,0.285714
ads_eh_tmt2_aat.sssom.tsv,fish_tmt2:/concepts/143165,CARAVAN PARK,aat:300000534,trailer camps,CARAVAN PARK,trailer camps,skos:closeMatch,closeMatch,semapv:UnspecifiedMatching,0.075134,0.075134,0.320000,0.542735,0.400000,0.400000,0.320000,0.542735,0.400000,0.400000
dai_aat.sssom.tsv,http://thesauri.dainst.org/_e1e5f52e,Türbe,aat:300005891,mausoleums,Türbe,mausoleums,skos:exactMatch,exactMatch,semapv:UnspecifiedMatching,0.074951,0.074951,0.133333,0.433333,0.133333,0.133333,0.133333,0.433333,0.133333,0.133333
inrap_pactols_sujets_aat.sssom.tsv,pactols:pcrttS4bFv2ezb,vernis,aat:300015091,glaze,vernis,glaze,skos:exactMatch,exactMatch,semapv:UnspecifiedMatching,0.074646,0.074646,0.181818,0.000000,0.181818,0.181818,0.181818,0.000000,0.181818,0.181818
ads_mda_obj_aat.sssom.tsv,fish_obj:/concepts/96570,SHOE,aat:300046065,shoes (footwear),SHOE,shoes,skos:exactMatch,exactMatch,semapv:UnspecifiedMatching,0.074585,0.068665,0.400000,0.850000,0.400000,0.400000,0.888889,0.960000,0.888889,0.888889
inrap_pactols_sujets_aat.sssom.tsv,pactols:pcrtdKYAov6rPY,muraille,aat:300002485,defensive walls,muraille,defensive walls,skos:exactMatch,exactMatch,semapv:UnspecifiedMatching,0.074585,0.074585,0.260870,0.413889,0.260870,0.260870,0.260870,0.413889,0.260870,0.260870
inrap_pactols_sujets_aat.sssom.tsv,pactols:pcrtbxdVAk7uVQ,mouture,aat:300053155,milling (metalworking),mouture,milling,skos:exactMatch,exactMatch,semapv:UnspecifiedMatching,0.074280,0.088318,0.206897,0.410534,0.206897,0.206897,0.142857,0.428571,0.142857,0.142857
dai_aat.sssom.tsv,http://thesauri.dainst.org/_129015a9,primär,aat:300404450,primary (general designation),primär,primary,skos:exactMatch,exactMatch,semapv:UnspecifiedMatching,0.073608,0.335205,0.285714,0.668582,0.285714,0.285714,0.769231,0.909524,0.769231,0.769231
inrap_pactols_sujets_aat.sssom.tsv,pactols:pcrtG1Fn8ELS0P,godet,aat:300045651,buckets (vessels),godet,buckets,skos:exactMatch,exactMatch,semapv:UnspecifiedMatching,0.073364,0.132324,0.181818,0.505882,0.181818,0.181818,0.333333,0.561905,0.333333,0.333333
inrap_pactols_sujets_aat.sssom.tsv,pactols:pcrtamWjqMqPWT,porc,aat:300250114,Sus (genus),porc,Sus,skos:exactMatch,exactMatch,semapv:UnspecifiedMatching,0.073303,-0.036102,0.000000,0.000000,0.000000,0.000000,0.000000,0.000000,0.000000,0.000000
dai_aat.sssom.tsv,http://thesauri.dainst.org/_2677,Pergament,aat:300250699,vellum (paper),Pergament,vellum,skos:exactMatch,exactMatch,semapv:UnspecifiedMatching,0.072754,0.124756,0.260870,0.493386,0.347826,0.347826,0.266667,0.518519,0.266667,0.266667
inrap_pactols_sujets_aat.sssom.tsv,pactols:pcrtys3T4Y7Eub,carreau de pavement,aat:300250799,floor tile,carreau de pavement,floor tile,skos:exactMatch,exactMatch,semapv:UnspecifiedMatching,0.072693,0.072693,0.206897,0.374854,0.206897,0.206897,0.206897,0.374854,0.206897,0.206897
dai_aat.sssom.tsv,http://thesauri.dainst.org/_2765,Heiligtum,aat:300004575,sanctuaries (religious building spaces),Heiligtum,sanctuaries,skos:exactMatch,exactMatch,semapv:UnspecifiedMatching,0.072571,0.059448,0.208333,0.509565,0.291667,0.291667,0.200000,0.424242,0.200000,0.200000
ads_mda_obj_aat.sssom.tsv,fish_obj:/concepts/99627,FOOD AND LIQUID STORAGE CONTAINER,aat:300197582,storage containers,FOOD AND LIQUID STORAGE CONTAINER,storage containers,skos:closeMatch,closeMatch,semapv:UnspecifiedMatching,0.072327,0.072327,0.666667,0.565657,0.666667,0.666667,0.666667,0.565657,0.666667,0.666667
inrap_pactols_sujets_aat.sssom.tsv,pactols:pcrtSxe2PZMWR8,habitation,aat:300005425,dwellings,habitation,dwellings,skos:exactMatch,exactMatch,semapv:UnspecifiedMatching,0.071167,0.071167,0.210526,0.474074,0.210526,0.210526,0.210526,0.474074,0.210526,0.210526
inrap_pactols_sujets_aat.sssom.tsv,pactols:pcrtew0pefj7au,caveau,aat:300112480,vaults (tomb spaces),caveau,vaults,skos:exactMatch,exactMatch,semapv:UnspecifiedMatching,0.070801,0.097351,0.230769,0.438889,0.307692,0.307692,0.500000,0.388889,0.500000,0.500000
ads_eh_tmt2_aat.sssom.tsv,fish_tmt2:/concepts/68866,FIELDWORK,aat:300006951,field fortifications,FIELDWORK,field fortifications,skos:closeMatch,closeMatch,semapv:UnspecifiedMatching,0.070740,0.070740,0.482759,0.825556,0.482759,0.482759,0.482759,0.825556,0.482759,0.482759
inrap_pactols_sujets_aat.sssom.tsv,pactols:pcrtnLNKkJozdp,chaussure,aat:300046065,shoes (footwear),chaussure,shoes,skos:exactMatch,exactMatch,semapv:UnspecifiedMatching,0.070435,0.095032,0.240000,0.489352,0.240000,0.240000,0.285714,0.540741,0.285714,0.285714
ads_mda_obj_aat.sssom.tsv,fish_obj:/concepts/95408,WRITING TABLET,aat:300262572,writing boards (tablets),WRITING TABLET,writing boards,skos:exactMatch,exactMatch,semapv:UnspecifiedMatching,0.070129,0.009705,0.736842,0.902381,0.736842,0.736842,0.642857,0.865714,0.642857,0.666667
inrap_pactols_sujets_aat.sssom.tsv,pactols:pcrtB5MOlwoFbc,cupule,aat:300400799,dents (condition),cupule,dents,skos:exactMatch,exactMatch,semapv:UnspecifiedMatching,0.069946,0.061798,0.086957,0.316993,0.173913,0.173913,0.181818,0.000000,0.181818,0.181818
inrap_pactols_sujets_aat.sssom.tsv,pactols:pcrtSIkOA9h9ld,orfèvrerie,aat:300054048,goldsmithing,orfèvrerie,goldsmithing,skos:closeMatch,closeMatch,semapv:UnspecifiedMatching,0.069824,0.069824,0.181818,0.455556,0.181818,0.181818,0.181818,0.455556,0.181818,0.181818
ads_mda_obj_aat.sssom.tsv,fish_obj:/concepts/97681,FISHING OBJECT,aat:300024416,fishing tackle,FISHING OBJECT,fishing tackle,skos:closeMatch,closeMatch,semapv:UnspecifiedMatching,0.069519,0.069519,0.642857,0.896104,0.642857,0.666667,0.642857,0.896104,0.642857,0.666667
inrap_pactols_sujets_aat.sssom.tsv,pactols:pcrtaYH1KLTwHt,fumage,aat:300400675,smoking (preserving),fumage,smoking,skos:exactMatch,exactMatch,semapv:UnspecifiedMatching,0.068909,0.267334,0.230769,0.550000,0.153846,0.153846,0.307692,0.539683,0.307692,0.307692
dai_aat.sssom.tsv,http://thesauri.dainst.org/_ed41a94d,Greis,aat:300025913,elderly,Greis,elderly,skos:closeMatch,closeMatch,semapv:UnspecifiedMatching,0.068420,0.068420,0.166667,0.447619,0.166667,0.166667,0.166667,0.447619,0.166667,0.166667
inrap_pactols_sujets_aat.sssom.tsv,pactols:pcrtHrDifszoxy,défrichement,aat:300068034,reclamation,défrichement,reclamation,skos:closeMatch,closeMatch,semapv:UnspecifiedMatching,0.067627,0.067627,0.347826,0.570707,0.347826,0.347826,0.347826,0.570707,0.347826,0.347826
inrap_pactols_sujets_aat.sssom.tsv,pactols:pcrt2k7dmQEGsR,métier à tisser,aat:300247546,looms (textile tools),métier à tisser,looms,skos:exactMatch,exactMatch,semapv:UnspecifiedMatching,0.067261,0.006393,0.388889,0.580952,0.333333,0.333333,0.200000,0.422222,0.200000,0.200000
inrap_pactols_sujets_aat.sssom.tsv,pactols:pcrtfZeS5mp6jT,chapiteau,aat:300001662,capitals (column components),chapiteau,capitals,skos:exactMatch,exactMatch,semapv:UnspecifiedMatching,0.066956,0.019760,0.378378,0.675926,0.324324,0.324324,0.705882,0.825000,0.705882,0.705882
inrap_pactols_sujets_aat.sssom.tsv,pactols:pcrtxZrGUp5b4N,casque,aat:300036794,helmets (protective wear),casque,helmets,skos:exactMatch,exactMatch,semapv:UnspecifiedMatching,0.066772,-0.019165,0.129032,0.304444,0.193548,0.193548,0.153846,0.436508,0.153846,0.153846
ads_eh_tmt2_aat.sssom.tsv,fish_tmt2:/concepts/70079,CRYPT,aat:300004618,crypts,CRYPT,crypts,skos:closeMatch,closeMatch,semapv:UnspecifiedMatching,0.066345,0.066345,0.909091,0.966667,0.909091,0.909091,0.909091,0.966667,0.909091,0.909091
ads_eh_tmt2_aat.sssom.tsv,fish_tmt2:/concepts/103572,GRAVE MARKER,aat:300005923,tombstones (sepulchral monuments),GRAVE MARKER,tombstones,skos:exactMatch,exactMatch,semapv:UnspecifiedMatching,0.065796,-0.055908,0.222222,0.449495,0.266667,0.266667,0.181818,0.288889,0.181818,0.181818
inrap_pactols_sujets_aat.sssom.tsv,pactols:pcrtqGEHFEakqA,dallage,aat:300053677,paving,dallage,paving,skos:exactMatch,exactMatch,semapv:UnspecifiedMatching,0.065735,0.065735,0.307692,0.539683,0.307692,0.307692,0.307692,0.539683,0.307692,0.307692
inrap_pactols_sujets_aat.sssom.tsv,pactols:pcrtLD0BvhDhPz,lance,aat:300037038,spears (weapons),lance,spears,skos:exactMatch,exactMatch,semapv:UnspecifiedMatching,0.065308,0.089722,0.190476,0.341667,0.285714,0.285714,0.181818,0.411111,0.181818,0.181818
inrap_pactols_sujets_aat.sssom.tsv,pactols:pcrtQqTsG6TEFy,ardoise,aat:300011646,slate (rock),ardoise,slate,skos:exactMatch,exactMatch,semapv:UnspecifiedMatching,0.064758,-0.019241,0.315789,0.468254,0.421053,0.421053,0.333333,0.561905,0.333333,0.333333
ads_eh_tmt2_aat.sssom.tsv,fish_tmt2:/concepts/68707,HEALTH AND WELFARE,aat:300006653,health facilities,HEALTH AND WELFARE,health facilities,skos:closeMatch,closeMatch,semapv:UnspecifiedMatching,0.064331,0.064331,0.571429,0.833452,0.457143,0.571429,0.571429,0.833452,0.457143,0.571429
ads_mda_obj_aat.sssom.tsv,fish_obj:/concepts/137057,COUNTER,aat:300205348,gaming counters,COUNTER,gaming counters,skos:closeMatch,closeMatch,semapv:UnspecifiedMatching,0.064026,0.064026,0.636364,0.403175,0.636364,0.636364,0.636364,0.403175,0.636364,0.636364
ads_mda_obj_aat.sssom.tsv,fish_obj:/concepts/96399,BLADE,aat:300024917,blades (tool and equipment components),BLADE,blades,skos:closeMatch,closeMatch,semapv:UnspecifiedMatching,0.063782,0.209229,0.232558,0.826316,0.232558,0.232558,0.909091,0.966667,0.909091,0.909091
inrap_pactols_sujets_aat.sssom.tsv,pactols:pcrtqEWFq9RGda,figurine,aat:300047296,terracottas (sculptural works),figurine,terracottas,skos:exactMatch,exactMatch,semapv:UnspecifiedMatching,0.063782,-0.025223,0.105263,0.380556,0.157895,0.157895,0.105263,0.405303,0.105263,0.105263
inrap_pactols_sujets_aat.sssom.tsv,pactols:pcrt3jcrAaRENB,chèvre,aat:300250122,Capra (genus),chèvre,Capra,skos:exactMatch,exactMatch,semapv:UnspecifiedMatching,0.063538,0.020294,0.315789,0.576923,0.210526,0.210526,0.363636,0.577778,0.363636,0.363636
inrap_pactols_sujets_aat.sssom.tsv,pactols:pcrt7ySVpWQ2aW,coquille,aat:300191893,eggshell (animal material),coquille,eggshell,skos:exactMatch,exactMatch,semapv:UnspecifiedMatching,0.063293,-0.004772,0.176471,0.467949,0.235294,0.235294,0.250000,0.472222,0.250000,0.250000
inrap_pactols_sujets_aat.sssom.tsv,pactols:pcrtwh11nA4w5F,tour de guet,aat:300134522,watchtowers,tour de guet,watchtowers,skos:exactMatch,exactMatch,semapv:UnspecifiedMatching,0.062561,0.062561,0.260870,0.507576,0.347826,0.347826,0.260870,0.507576,0.347826,0.347826
inrap_pactols_sujets_aat.sssom.tsv,pactols:pcrtlm6QHV1rJx,éclat,aat:300265137,flakes (object genre),éclat,flakes,skos:exactMatch,exactMatch,semapv:UnspecifiedMatching,0.062500,0.078430,0.230769,0.580952,0.230769,0.230769,0.363636,0.577778,0.363636,0.363636
inrap_pactols_sujets_aat.sssom.tsv,pactols:pcrtRfS52nulqt,chenal,aat:300008713,channels (water bodies),chenal,channels,skos:exactMatch,exactMatch,semapv:UnspecifiedMatching,0.062164,0.173096,0.275862,0.698068,0.275862,0.275862,0.571429,0.888889,0.571429,0.571429
inrap_pactols_sujets_aat.sssom.tsv,pactols:pcrt3pmFUqt27w,glaçure,aat:300053914,glazing (coating process),glaçure,glazing,skos:exactMatch,exactMatch,semapv:UnspecifiedMatching,0.061523,0.173218,0.312500,0.516190,0.312500,0.312500,0.428571,0.619048,0.428571,0.428571
inrap_pactols_sujets_aat.sssom.tsv,pactols:pcrtouRgPEtooa,art gothique,aat:300020775,Gothic (Medieval),art gothique,Gothic,skos:exactMatch,exactMatch,semapv:UnspecifiedMatching,0.061462,0.128052,0.413793,0.522176,0.482759,0.482759,0.555556,0.683333,0.555556,0.555556
ads_mda_obj_aat.sssom.tsv,fish_obj:/concepts/95074,ANIMAL REMAINS,aat:300011793,animal material,ANIMAL REMAINS,animal material,skos:closeMatch,closeMatch,semapv:UnspecifiedMatching,0.061035,0.061035,0.689655,0.898095,0.689655,0.689655,0.689655,0.898095,0.689655,0.689655
inrap_pactols_sujets_aat.sssom.tsv,pactols:pcrtLuZpaj90t3,jatte,aat:300045614,basins (vessels),jatte,basins,skos:exactMatch,exactMatch,semapv:UnspecifiedMatching,0.061035,0.063354,0.190476,0.508333,0.095238,0.095238,0.181818,0.455556,0.181818,0.181818
inrap_pactols_sujets_aat.sssom.tsv,pactols:pcrtVJZca9L0GP,pigeonnier,aat:300004975,dovecotes,pigeonnier,dovecotes,skos:exactMatch,exactMatch,semapv:UnspecifiedMatching,0.060760,0.060760,0.315789,0.433333,0.315789,0.315789,0.315789,0.433333,0.315789,0.315789
inrap_pactols_sujets_aat.sssom.tsv,pactols:pcrtxs8Kml8jLw,outil,aat:300024841,tools,outil,tools,skos:exactMatch,exactMatch,semapv:UnspecifiedMatching,0.060669,0.060669,0.400000,0.600000,0.400000,0.400000,0.400000,0.600000,0.400000,0.400000
dai_aat.sssom.tsv,http://thesauri.dainst.org/_efbeb559,See,aat:300008680,lakes (bodies of water),See,lakes,skos:exactMatch,exactMatch,semapv:UnspecifiedMatching,0.060638,0.033356,0.230769,0.599034,0.230769,0.230769,0.250000,0.511111,0.250000,0.250000
inrap_pactols_sujets_aat.sssom.tsv,pactols:pcrtGmYVK4DmTV,autel funéraire,aat:300391172,grave altars,autel funéraire,grave altars,skos:exactMatch,exactMatch,semapv:UnspecifiedMatching,0.060608,0.060608,0.370370,0.540476,0.444444,0.444444,0.370370,0.540476,0.444444,0.444444
inrap_pactols_sujets_aat.sssom.tsv,pactols:pcrtMbtcPfoUvx,clou,aat:300033565,nails (fasteners),clou,nails,skos:exactMatch,exactMatch,semapv:UnspecifiedMatching,0.059357,0.132935,0.095238,0.436275,0.095238,0.095238,0.222222,0.000000,0.222222,0.222222
dai_aat.sssom.tsv,http://thesauri.dainst.org/_d0339afd,Metallverarbeitun g,aat:300007734,smithies,Metallverarbeitun g,smithies,skos:closeMatch,closeMatch,semapv:UnspecifiedMatching,0.059265,0.059265,0.222222,0.486842,0.222222,0.222222,0.222222,0.486842,0.222222,0.222222
dai_aat.sssom.tsv,http://thesauri.dainst.org/_17efda54,Zerstörung,aat:300053087,destruction (process),Zerstörung,destruction,skos:closeMatch,closeMatch,semapv:UnspecifiedMatching,0.058960,0.140503,0.387097,0.534921,0.387097,0.387097,0.571429,0.659596,0.571429,0.571429
inrap_pactols_sujets_aat.sssom.tsv,pactols:pcrth2K8oV7jvr,passoire,aat:300201087,strainers (culinary tools),passoire,strainers,skos:exactMatch,exactMatch,semapv:UnspecifiedMatching,0.058624,0.052032,0.235294,0.549145,0.235294,0.235294,0.352941,0.593519,0.352941,0.352941
ads_mda_obj_aat.sssom.tsv,fish_obj:/concepts/97490,WRITTEN ITEM,aat:300263751,texts (document genres),WRITTEN ITEM,texts,skos:closeMatch,closeMatch,semapv:UnspecifiedMatching,0.058014,0.103333,0.342857,0.546498,0.285714,0.285714,0.352941,0.505556,0.352941,0.352941
inrap_pactols_sujets_aat.sssom.tsv,pactols:pcrtzAt433wDSZ,mobilier funéraire,aat:300180706,grave goods,mobilier funéraire,grave goods,skos:exactMatch,exactMatch,semapv:UnspecifiedMatching,0.057831,0.057831,0.206897,0.445286,0.206897,0.206897,0.206897,0.445286,0.206897,0.206897
inrap_pactols_sujets_aat.sssom.tsv,pactols:pcrtebcLdP2rVc,aiguière,aat:300045667,aquamaniles,aiguière,aquamaniles,skos:exactMatch,exactMatch,semapv:UnspecifiedMatching,0.057465,0.057465,0.421053,0.621212,0.421053,0.421053,0.421053,0.621212,0.421053,0.421053
dai_aat.sssom.tsv,http://thesauri.dainst.org/_ea1b1ae1,Quelle,aat:300008697,springs (bodies of water),Quelle,springs,skos:exactMatch,exactMatch,semapv:UnspecifiedMatching,0.057404,0.055450,0.129032,0.402222,0.129032,0.129032,0.000000,0.000000,0.000000,0.000000
inrap_pactols_sujets_aat.sssom.tsv,pactols:pcrt019SSqbR7W,carreau,aat:300379948,tiles (object genre),carreau,tiles,skos:exactMatch,exactMatch,semapv:UnspecifiedMatching,0.057312,-0.028534,0.222222,0.397619,0.222222,0.222222,0.166667,0.447619,0.166667,0.166667
inrap_pactols_sujets_aat.sssom.tsv,pactols:pcrtuihSl3eSnW,or,aat:300011021,gold (metal),or,gold,skos:exactMatch,exactMatch,semapv:UnspecifiedMatching,0.056549,0.035309,0.142857,0.527778,0.142857,0.142857,0.333333,0.583333,0.333333,0.333333
dai_aat.sssom.tsv,http://thesauri.dainst.org/_71dff4f7,Allée couvert,aat:300005939,gallery graves,Allée couvert,gallery graves,skos:exactMatch,exactMatch,semapv:UnspecifiedMatching,0.056519,0.056519,0.518519,0.645604,0.518519,0.518519,0.518519,0.645604,0.518519,0.518519
inrap_pactols_sujets_aat.sssom.tsv,pactols:pcrtbrRG0zkqH0,plat,aat:300042973,dishes (vessels),plat,dishes,skos:exactMatch,exactMatch,semapv:UnspecifiedMatching,0.056030,0.015030,0.100000,0.000000,0.100000,0.100000,0.000000,0.000000,0.000000,0.000000
inrap_pactols_sujets_aat.sssom.tsv,pactols:pcrtzB5uqSB4bZ,thésaurisation,aat:300195474,hoards (groupings),thésaurisation,hoards,skos:exactMatch,exactMatch,semapv:UnspecifiedMatching,0.055817,0.096680,0.375000,0.566138,0.250000,0.250000,0.400000,0.567460,0.400000,0.400000
inrap_pactols_sujets_aat.sssom.tsv,pactols:pcrtkDQQ7MxwNb,bague,aat:300046012,rings (jewelry),bague,rings,skos:exactMatch,exactMatch,semapv:UnspecifiedMatching,0.055695,0.046631,0.200000,0.511111,0.100000,0.100000,0.200000,0.466667,0.200000,0.200000
inrap_pactols_sujets_aat.sssom.tsv,pactols:pcrt4iNidJ2qfx,maquette,aat:300266034,scale models,maquette,scale models,skos:exactMatch,exactMatch,semapv:UnspecifiedMatching,0.055603,0.055603,0.300000,0.541667,0.300000,0.300000,0.300000,0.541667,0.300000,0.300000
dai_aat.sssom.tsv,http://thesauri.dainst.org/_25141e84,Steinbruch/Bergwerk,aat:300000402,quarries (extracting complexes),Steinbruch/Bergwerk,quarries,skos:exactMatch,exactMatch,semapv:UnspecifiedMatching,0.055420,0.063904,0.280000,0.547342,0.280000,0.280000,0.222222,0.496053,0.222222,0.222222
dai_aat.sssom.tsv,http://thesauri.dainst.org/_518d6936,Kaiserfamilie,aat:300025480,emperors,Kaiserfamilie,emperors,skos:closeMatch,closeMatch,semapv:UnspecifiedMatching,0.054962,0.054962,0.285714,0.424145,0.285714,0.285714,0.285714,0.424145,0.285714,0.285714
dai_aat.sssom.tsv,http://thesauri.dainst.org/_6d2a5c23,Ehrung,aat:300305463,honors,Ehrung,honors,skos:exactMatch,exactMatch,semapv:UnspecifiedMatching,0.054474,0.054474,0.333333,0.555556,0.333333,0.333333,0.333333,0.555556,0.333333,0.333333
dai_aat.sssom.tsv,http://thesauri.dainst.org/_f384745a,Kurtine,aat:300002504,curtain walls (fortification elements),Kurtine,curtain walls,skos:exactMatch,exactMatch,semapv:UnspecifiedMatching,0.054321,0.128662,0.266667,0.615288,0.266667,0.266667,0.500000,0.699634,0.500000,0.500000
inrap_pactols_sujets_aat.sssom.tsv,pactols:pcrtg2XRmDw4B6,lavoir,aat:300008016,washhouses (outbuildings),lavoir,washhouses,skos:exactMatch,exactMatch,semapv:UnspecifiedMatching,0.053040,0.004784,0.193548,0.471111,0.193548,0.193548,0.250000,0.511111,0.250000,0.250000
ads_mda_obj_aat.sssom.tsv,fish_obj:/concepts/96317,TRENAIL,aat:300014634,dowels,TRENAIL,dowels,skos:closeMatch,closeMatch,semapv:UnspecifiedMatching,0.052979,0.052979,0.307692,0.539683,0.307692,0.307692,0.307692,0.539683,0.307692,0.307692
inrap_pactols_sujets_aat.sssom.tsv,pactols:pcrttrNOPRpGmS,bornage,aat:300055451,land subdivision,bornage,land subdivision,skos:exactMatch,exactMatch,semapv:UnspecifiedMatching,0.052399,0.052399,0.260870,0.427579,0.260870,0.260870,0.260870,0.427579,0.260870,0.260870
inrap_pactols_sujets_aat.sssom.tsv,pactols:pcrtIqEHwJLuq0,four,aat:300022798,kilns,four,kilns,skos:exactMatch,exactMatch,semapv:UnspecifiedMatching,0.052032,0.052032,0.000000,0.000000,0.000000,0.000000,0.000000,0.000000,0.000000,0.000000
inrap_pactols_sujets_aat.sssom.tsv,pactols:pcrtuObVSkeViP,petit appareil,aat:300015333,brickwork (masonry),petit appareil,brickwork,skos:closeMatch,closeMatch,semapv:UnspecifiedMatching,0.050690,0.058777,0.242424,0.415414,0.242424,0.242424,0.173913,0.455026,0.173913,0.173913
dai_aat.sssom.tsv,http://thesauri.dainst.org/_1367,Bergbau,aat:300006423,mine structures,Bergbau,mine structures,skos:exactMatch,exactMatch,semapv:UnspecifiedMatching,0.050385,0.050385,0.272727,0.542857,0.272727,0.272727,0.272727,0.542857,0.272727,0.272727
inrap_pactols_sujets_aat.sssom.tsv,pactols:pcrtU6s8jjsWol,théâtre,aat:300007117,theaters (buildings),théâtre,theaters,skos:exactMatch,exactMatch,semapv:UnspecifiedMatching,0.049805,-0.005074,0.296296,0.588095,0.296296,0.296296,0.533333,0.770476,0.533333,0.533333
inrap_pactols_sujets_aat.sssom.tsv,pactols:pcrttn308Sxrnt,briquet,aat:300265545,lighters (fire-making equipment),briquet,lighters,skos:exactMatch,exactMatch,semapv:UnspecifiedMatching,0.049622,0.068787,0.307692,0.482143,0.307692,0.307692,0.266667,0.490079,0.266667,0.266667
dai_aat.sssom.tsv,http://thesauri.dainst.org/_2790,Schatzhaus,aat:300006050,treasuries,Schatzhaus,treasuries,skos:closeMatch,closeMatch,semapv:UnspecifiedMatching,0.049530,0.049530,0.400000,0.600000,0.400000,0.400000,0.400000,0.600000,0.400000,0.400000
inrap_pactols_sujets_aat.sssom.tsv,pactols:pcrt73IP4tSAfK,Minerve,aat:300343852,goddesses,Minerve,goddesses,skos:exactMatch,exactMatch,semapv:UnspecifiedMatching,0.049408,0.049408,0.250000,0.502646,0.250000,0.250000,0.250000,0.502646,0.250000,0.250000
ads_eh_tmt2_aat.sssom.tsv,fish_tmt2:/concepts/91593,COMMUNITY GARDEN,aat:300008144,community gardens,COMMUNITY GARDEN,community gardens,skos:exactMatch,exactMatch,semapv:UnspecifiedMatching,0.049194,0.049194,0.969697,0.988235,0.969697,0.969697,0.969697,0.988235,0.969697,0.969697
inrap_pactols_sujets_aat.sssom.tsv,pactols:pcrtBEscNJUhBp,chat,aat:300265960,Felis domesticus (species),chat,Felis domesticus,skos:exactMatch,exactMatch,semapv:UnspecifiedMatching,0.047241,0.024017,0.066667,0.429487,0.133333,0.133333,0.100000,0.000000,0.100000,0.100000
inrap_pactols_sujets_aat.sssom.tsv,pactols:pcrtrrOj4xoA0D,assainissement,aat:300055199,drainage,assainissement,drainage,skos:exactMatch,exactMatch,semapv:UnspecifiedMatching,0.046875,0.046875,0.363636,0.594048,0.363636,0.363636,0.363636,0.594048,0.363636,0.363636
inrap_pactols_sujets_aat.sssom.tsv,pactols:pcrtYdJwXpuL9x,lame,aat:300024917,blades (tool and equipment components),lame,blades,skos:exactMatch,exactMatch,semapv:UnspecifiedMatching,0.046112,0.113647,0.190476,0.609649,0.190476,0.190476,0.600000,0.750000,0.600000,0.600000
inrap_pactols_sujets_aat.sssom.tsv,pactols:pcrtSOib7pkuVY,percuteur,aat:300024854,hammerstones,percuteur,hammerstones,skos:exactMatch,exactMatch,semapv:UnspecifiedMatching,0.046082,0.046082,0.380952,0.592593,0.380952,0.380952,0.380952,0.592593,0.380952,0.380952
ads_mda_obj_aat.sssom.tsv,fish_obj:/concepts/95324,WEIGHT,aat:300197555,weights (scale components),WEIGHT,weights,skos:closeMatch,closeMatch,semapv:UnspecifiedMatching,0.046051,0.118774,0.375000,0.846154,0.375000,0.375000,0.923077,0.971429,0.923077,0.923077
inrap_pactols_sujets_aat.sssom.tsv,pactols:pcrtqFSnLdA1Df,bergerie,aat:300045477,sheepfolds,bergerie,sheepfolds,skos:exactMatch,exactMatch,semapv:UnspecifiedMatching,0.045898,0.045898,0.222222,0.483333,0.222222,0.222222,0.222222,0.483333,0.222222,0.222222
dai_aat.sssom.tsv,http://thesauri.dainst.org/_d914ec36,Torbau,aat:300005621,gatehouses,Torbau,gatehouses,skos:exactMatch,exactMatch,semapv:UnspecifiedMatching,0.045807,0.045807,0.375000,0.605556,0.375000,0.375000,0.375000,0.605556,0.375000,0.375000
inrap_pactols_sujets_aat.sssom.tsv,pactols:pcrtSEg0ZTFHts,étang,aat:300008688,ponds (water),étang,ponds,skos:exactMatch,exactMatch,semapv:UnspecifiedMatching,0.045776,0.077759,0.111111,0.425641,0.222222,0.222222,0.200000,0.466667,0.200000,0.200000
dai_aat.sssom.tsv,http://thesauri.dainst.org/_3479,Meer,aat:300008694,seas (bodies of water),Meer,seas,skos:exactMatch,exactMatch,semapv:UnspecifiedMatching,0.045654,-0.005405,0.230769,0.530303,0.230769,0.230769,0.250000,0.500000,0.250000,0.250000
dai_aat.sssom.tsv,http://thesauri.dainst.org/_bb043f29,Turm,aat:300004847,towers (single built works),Turm,towers,skos:exactMatch,exactMatch,semapv:UnspecifiedMatching,0.045471,0.073914,0.193548,0.524691,0.129032,0.129032,0.400000,0.611111,0.400000,0.400000
dai_aat.sssom.tsv,http://thesauri.dainst.org/_c809765f,Greisin,aat:300025913,elderly,Greisin,elderly,skos:closeMatch,closeMatch,semapv:UnspecifiedMatching,0.045471,0.045471,0.142857,0.428571,0.142857,0.142857,0.142857,0.428571,0.142857,0.142857
ads_mda_obj_aat.sssom.tsv,fish_obj:/concepts/96246,CHAIN,aat:300014625,chains (object genres),CHAIN,chains,skos:closeMatch,closeMatch,semapv:UnspecifiedMatching,0.045441,0.170288,0.370370,0.845455,0.370370,0.370370,0.909091,0.966667,0.909091,0.909091
ads_eh_tmt2_aat.sssom.tsv,fish_tmt2:/concepts/68916,Bar,aat:300005080,city gates,Bar,city gates,skos:closeMatch,closeMatch,semapv:UnspecifiedMatching,0.045044,0.045044,0.153846,0.000000,0.153846,0.153846,0.153846,0.000000,0.153846,0.153846
inrap_pactols_sujets_aat.sssom.tsv,pactols:pcrtc1Ueky7Zpg,calcaire,aat:300011286,limestone,calcaire,limestone,skos:exactMatch,exactMatch,semapv:UnspecifiedMatching,0.044556,0.044556,0.352941,0.490741,0.352941,0.352941,0.352941,0.490741,0.352941,0.352941
inrap_pactols_sujets_aat.sssom.tsv,pactols:pcrtNLITkP6OLz,faucille,aat:300264860,sickles,faucille,sickles,skos:exactMatch,exactMatch,semapv:UnspecifiedMatching,0.044312,0.044312,0.400000,0.607143,0.400000,0.400000,0.400000,0.607143,0.400000,0.400000
dai_aat.sssom.tsv,http://thesauri.dainst.org/_37df3a8b,Römer,aat:300020533,Roman (ancient Italian culture or period),Römer,Roman,skos:closeMatch,closeMatch,semapv:UnspecifiedMatching,0.044128,0.192017,0.173913,0.557724,0.130435,0.130435,0.400000,0.600000,0.400000,0.400000
inrap_pactols_sujets_aat.sssom.tsv,pactols:pcrtWcHt5Idk5X,pince à épiler,aat:300024749,tweezers,pince à épiler,tweezers,skos:exactMatch,exactMatch,semapv:UnspecifiedMatching,0.044067,0.044067,0.272727,0.398810,0.272727,0.272727,0.272727,0.398810,0.272727,0.272727
dai_aat.sssom.tsv,http://thesauri.dainst.org/_9c923970,Technische Bauten,aat:300000739,industrial districts,Technische Bauten,industrial districts,skos:closeMatch,closeMatch,semapv:UnspecifiedMatching,0.043091,0.043091,0.270270,0.492017,0.216216,0.216216,0.270270,0.492017,0.216216,0.216216
dai_aat.sssom.tsv,http://thesauri.dainst.org/_634bb902,sekundär,aat:300404451,secondary (general designation),sekundär,secondary,skos:exactMatch,exactMatch,semapv:UnspecifiedMatching,0.042969,0.119751,0.256410,0.595430,0.256410,0.256410,0.588235,0.781481,0.588235,0.588235
inrap_pactols_sujets_aat.sssom.tsv,pactols:pcrtTg7ubUZSuL,herminette,aat:300023553,adzes,herminette,adzes,skos:exactMatch,exactMatch,semapv:UnspecifiedMatching,0.042633,0.042633,0.133333,0.433333,0.133333,0.133333,0.133333,0.433333,0.133333,0.133333
inrap_pactols_sujets_aat.sssom.tsv,pactols:pcrtjYvhMVpH3Q,martelage,aat:300054098,hammering (metal finishing),martelage,hammering,skos:exactMatch,exactMatch,semapv:UnspecifiedMatching,0.042114,0.040131,0.277778,0.629630,0.277778,0.277778,0.333333,0.570370,0.333333,0.333333
ads_eh_tmt2_aat.sssom.tsv,fish_tmt2:/concepts/68946,GREAT HOUSE,aat:300005567,country houses,GREAT HOUSE,country houses,skos:closeMatch,closeMatch,semapv:UnspecifiedMatching,0.041748,0.041748,0.560000,0.641234,0.560000,0.560000,0.560000,0.641234,0.560000,0.560000
inrap_pactols_sujets_aat.sssom.tsv,pactols:pcrt1DMOWvDF4j,céramique,aat:300010666,pottery (visual works),céramique,pottery,skos:exactMatch,exactMatch,semapv:UnspecifiedMatching,0.041351,-0.033783,0.193548,0.527609,0.193548,0.193548,0.125000,0.417989,0.125000,0.125000
inrap_pactols_sujets_aat.sssom.tsv,pactols:pcrtSZdQ2VTs2k,dalle funéraire,aat:300005923,tombstones (sepulchral monuments),dalle funéraire,tombstones,skos:exactMatch,exactMatch,semapv:UnspecifiedMatching,0.041199,-0.024567,0.250000,0.466919,0.250000,0.250000,0.160000,0.277778,0.160000,0.160000
inrap_pactols_sujets_aat.sssom.tsv,pactols:pcrtvBeQVvSNo8,maladrerie,aat:300006692,lazarettos,maladrerie,lazarettos,skos:exactMatch,exactMatch,semapv:UnspecifiedMatching,0.040558,0.040558,0.400000,0.600000,0.400000,0.400000,0.400000,0.600000,0.400000,0.400000
inrap_pactols_sujets_aat.sssom.tsv,pactols:pcrtLieaANMAud,blé,aat:300343825,Triticum (genus),blé,Triticum,skos:exactMatch,exactMatch,semapv:UnspecifiedMatching,0.040314,0.050507,0.000000,0.000000,0.000000,0.000000,0.000000,0.000000,0.000000,0.000000
dai_aat.sssom.tsv,http://thesauri.dainst.org/_f60dd2eb,Kleinkind,aat:300379598,toddlers,Kleinkind,toddlers,skos:closeMatch,closeMatch,semapv:UnspecifiedMatching,0.039490,0.039490,0.235294,0.490741,0.235294,0.235294,0.235294,0.490741,0.235294,0.235294
inrap_pactols_sujets_aat.sssom.tsv,pactols:pcrtwS1o3yfK4q,peigne,aat:300236397,combs (grooming tools),peigne,combs,skos:exactMatch,exactMatch,semapv:UnspecifiedMatching,0.039246,-0.050659,0.142857,0.434343,0.142857,0.142857,0.000000,0.000000,0.000000,0.000000
inrap_pactols_sujets_aat.sssom.tsv,pactols:pcrtTcvLDTNT86,fonte,aat:300054041,smelting,fonte,smelting,skos:exactMatch,exactMatch,semapv:UnspecifiedMatching,0.039185,0.039185,0.153846,0.383333,0.153846,0.153846,0.153846,0.383333,0.153846,0.153846
inrap_pactols_sujets_aat.sssom.tsv,pactols:pcrtkAoBnFpdrT,alimentation,aat:300379463,diet,alimentation,diet,skos:exactMatch,exactMatch,semapv:UnspecifiedMatching,0.039093,0.039093,0.375000,0.666667,0.375000,0.375000,0.375000,0.666667,0.375000,0.375000
inrap_pactols_sujets_aat.sssom.tsv,pactols:pcrtRMYHK2grK0,jouet,aat:300211037,toys (recreational artifacts),jouet,toys,skos:exactMatch,exactMatch,semapv:UnspecifiedMatching,0.038452,-0.023788,0.176471,0.456705,0.117647,0.117647,0.222222,0.483333,0.222222,0.222222
ads_mda_obj_aat.sssom.tsv,fish_obj:/concepts/97209,CURRENCY,aat:300037316,money,CURRENCY,money,skos:closeMatch,closeMatch,semapv:UnspecifiedMatching,0.038391,0.038391,0.307692,0.547222,0.307692,0.307692,0.307692,0.547222,0.307692,0.307692
inrap_pactols_sujets_aat.sssom.tsv,pactols:pcrtBpaSMOlWvz,abreuvoir,aat:300220971,troughs (containers),abreuvoir,troughs,skos:exactMatch,exactMatch,semapv:UnspecifiedMatching,0.038208,0.059784,0.344828,0.535185,0.206897,0.206897,0.250000,0.502646,0.250000,0.250000
inrap_pactols_sujets_aat.sssom.tsv,pactols:pcrteJiI6BxaFN,dépotoir,aat:300000824,dumps (refuse areas),dépotoir,dumps,skos:closeMatch,closeMatch,semapv:UnspecifiedMatching,0.037201,0.107910,0.214286,0.508333,0.142857,0.142857,0.307692,0.550000,0.307692,0.307692
inrap_pactols_sujets_aat.sssom.tsv,pactols:pcrtGuNNWYMcIA,réchaud,aat:300198452,"braziers (cooking, heating equipment)",réchaud,braziers,skos:exactMatch,exactMatch,semapv:UnspecifiedMatching,0.036560,0.125610,0.227273,0.476512,0.136364,0.136364,0.266667,0.511905,0.266667,0.266667
inrap_pactols_sujets_aat.sssom.tsv,pactols:pcrtx7FboGFtuA,décapitation,aat:300379186,beheadings,décapitation,beheadings,skos:exactMatch,exactMatch,semapv:UnspecifiedMatching,0.036224,0.036224,0.272727,0.494444,0.272727,0.272727,0.272727,0.494444,0.272727,0.272727
inrap_pactols_sujets_aat.sssom.tsv,pactols:pcrtKABRRvuwRJ,mur d'enceinte,aat:300002505,ramparts,mur d'enceinte,ramparts,skos:exactMatch,exactMatch,semapv:UnspecifiedMatching,0.035645,0.035645,0.272727,0.418651,0.181818,0.181818,0.272727,0.418651,0.181818,0.181818
ads_mda_obj_aat.sssom.tsv,fish_obj:/concepts/97083,ARMOUR AND WEAPONS,aat:300036926,weapons,ARMOUR AND WEAPONS,weapons,skos:closeMatch,closeMatch,semapv:UnspecifiedMatching,0.035553,0.035553,0.560000,0.531746,0.560000,1.000000,0.560000,0.531746,0.560000,1.000000
inrap_pactols_sujets_aat.sssom.tsv,pactols:pcrtM6WKp5XFlj,prospection,aat:300226986,surveys (documents),prospection,surveys,skos:exactMatch,exactMatch,semapv:UnspecifiedMatching,0.035553,0.036804,0.266667,0.509304,0.200000,0.200000,0.222222,0.455988,0.222222,0.222222
inrap_pactols_sujets_aat.sssom.tsv,pactols:pcrt16pnvNar4g,cuivre,aat:300011020,copper (metal),cuivre,copper,skos:exactMatch,exactMatch,semapv:UnspecifiedMatching,0.035461,0.160156,0.300000,0.460317,0.200000,0.200000,0.333333,0.555556,0.333333,0.333333
inrap_pactols_sujets_aat.sssom.tsv,pactols:pcrtYDw1DVDUXe,soutènement,aat:300053768,supporting,soutènement,supporting,skos:exactMatch,exactMatch,semapv:UnspecifiedMatching,0.035461,0.035461,0.380952,0.584848,0.380952,0.380952,0.380952,0.584848,0.380952,0.380952
inrap_pactols_sujets_aat.sssom.tsv,pactols:pcrtDtJwUVaZ0I,mouton,aat:300404156,Ovis aries (species),mouton,Ovis aries,skos:exactMatch,exactMatch,semapv:UnspecifiedMatching,0.034576,0.032074,0.076923,0.405556,0.076923,0.076923,0.125000,0.422222,0.125000,0.125000
inrap_pactols_sujets_aat.sssom.tsv,pactols:pcrtGpmPNJ0jRl,étain,aat:300133748,tin (metal),étain,tin,skos:exactMatch,exactMatch,semapv:UnspecifiedMatching,0.033936,0.243530,0.375000,0.624242,0.500000,0.500000,0.750000,0.511111,0.750000,0.750000
dai_aat.sssom.tsv,http://thesauri.dainst.org/_b48b5c16,Feldherr,aat:300236762,generals,Feldherr,generals,skos:exactMatch,exactMatch,semapv:UnspecifiedMatching,0.033875,0.033875,0.375000,0.583333,0.375000,0.375000,0.375000,0.583333,0.375000,0.375000
inrap_pactols_sujets_aat.sssom.tsv,pactols:pcrtI4g8pXkSSJ,bois d'oeuvre,aat:300012785,lumber,bois d'oeuvre,lumber,skos:exactMatch,exactMatch,semapv:UnspecifiedMatching,0.033600,0.033600,0.315789,0.495726,0.315789,0.315789,0.315789,0.495726,0.315789,0.315789
inrap_pactols_sujets_aat.sssom.tsv,pactols:pcrtEnDi29BSEv,supplice,aat:300260428,torturing,supplice,torturing,skos:closeMatch,closeMatch,semapv:UnspecifiedMatching,0.033386,0.033386,0.235294,0.490741,0.235294,0.235294,0.235294,0.490741,0.235294,0.235294
ads_mda_obj_aat.sssom.tsv,fish_obj:/concepts/96654,BRACELET,aat:300045991,bracelets (jewelry),BRACELET,bracelets,skos:exactMatch,exactMatch,semapv:UnspecifiedMatching,0.032684,0.055573,0.592593,0.884211,0.592593,0.592593,0.941176,0.977778,0.941176,0.941176
ads_mda_obj_aat.sssom.tsv,fish_obj:/concepts/96545,FURNITURE,aat:300037680,furniture,FURNITURE,furniture,skos:exactMatch,exactMatch,semapv:UnspecifiedMatching,0.032318,0.032318,1.000000,1.000000,1.000000,1.000000,1.000000,1.000000,1.000000,1.000000
inrap_pactols_sujets_aat.sssom.tsv,pactols:pcrtBB0V7eYSQ2,écurie,aat:300005015,stables (animal housing),écurie,stables,skos:exactMatch,exactMatch,semapv:UnspecifiedMatching,0.031891,0.112793,0.133333,0.305556,0.200000,0.200000,0.153846,0.436508,0.153846,0.153846
inrap_pactols_sujets_aat.sssom.tsv,pactols:pcrtuWZ3xzYnjx,phare,aat:300007741,lighthouses,phare,lighthouses,skos:exactMatch,exactMatch,semapv:UnspecifiedMatching,0.030945,0.030945,0.250000,0.430303,0.250000,0.250000,0.250000,0.430303,0.250000,0.250000
inrap_pactols_sujets_aat.sssom.tsv,pactols:pcrt62veMzuBwH,lapin,aat:300250218,rabbits,lapin,rabbits,skos:exactMatch,exactMatch,semapv:UnspecifiedMatching,0.030807,0.030807,0.333333,0.561905,0.333333,0.333333,0.333333,0.561905,0.333333,0.333333
inrap_pactols_sujets_aat.sssom.tsv,pactols:pcrtZ9GDySg7pm,rite funéraire,aat:300069162,funerals,rite funéraire,funerals,skos:closeMatch,closeMatch,semapv:UnspecifiedMatching,0.030533,0.030533,0.454545,0.615079,0.454545,0.454545,0.454545,0.615079,0.454545,0.454545
dai_aat.sssom.tsv,http://thesauri.dainst.org/_22f17d06,Vererbung,aat:300069084,events (activities),Vererbung,events,skos:closeMatch,closeMatch,semapv:UnspecifiedMatching,0.030258,0.032196,0.214286,0.468324,0.285714,0.285714,0.400000,0.500000,0.400000,0.400000
dai_aat.sssom.tsv,http://thesauri.dainst.org/_c38aa55f,Versteigerung,aat:300054751,auctions,Versteigerung,auctions,skos:closeMatch,closeMatch,semapv:UnspecifiedMatching,0.030258,0.030258,0.285714,0.435897,0.285714,0.285714,0.285714,0.435897,0.285714,0.285714
inrap_pactols_sujets_aat.sssom.tsv,pactols:pcrtxsAscs897u,poteau,aat:300001609,posts (structural elements),poteau,posts,skos:exactMatch,exactMatch,semapv:UnspecifiedMatching,0.030151,0.015564,0.242424,0.606173,0.181818,0.181818,0.545455,0.760000,0.545455,0.545455
inrap_pactols_sujets_aat.sssom.tsv,pactols:pcrtEBpIym4SMO,pourpre,aat:300311345,crimson (color),pourpre,crimson,skos:exactMatch,exactMatch,semapv:UnspecifiedMatching,0.029129,0.041351,0.181818,0.306349,0.272727,0.272727,0.142857,0.428571,0.142857,0.142857
dai_aat.sssom.tsv,http://thesauri.dainst.org/_89128543,Schlucht,aat:300008773,ravines (landform),Schlucht,ravines,skos:exactMatch,exactMatch,semapv:UnspecifiedMatching,0.028152,-0.002542,0.153846,0.453704,0.076923,0.076923,0.133333,0.000000,0.133333,0.133333
inrap_pactols_sujets_aat.sssom.tsv,pactols:pcrt8N9y3ZL4Lh,ferme,aat:300000291,homesteads,ferme,homesteads,skos:exactMatch,exactMatch,semapv:UnspecifiedMatching,0.028015,0.028015,0.266667,0.522222,0.266667,0.266667,0.266667,0.522222,0.266667,0.266667
inrap_pactols_sujets_aat.sssom.tsv,pactols:pcrtaFscj0mIjr,trésor,aat:300195474,hoards,trésor,hoards,skos:exactMatch,exactMatch,semapv:UnspecifiedMatching,0.027222,0.027222,0.333333,0.555556,0.333333,0.333333,0.333333,0.555556,0.333333,0.333333
inrap_pactols_sujets_aat.sssom.tsv,pactols:pcrtHIjtOg1P75,épave,aat:300188746,shipwrecks,épave,shipwrecks,skos:exactMatch,exactMatch,semapv:UnspecifiedMatching,0.026962,0.026962,0.266667,0.533333,0.266667,0.266667,0.266667,0.533333,0.266667,0.266667
inrap_pactols_sujets_aat.sssom.tsv,pactols:pcrtfijMya7ARK,régime alimentaire,aat:300379463,diet,régime alimentaire,diet,skos:exactMatch,exactMatch,semapv:UnspecifiedMatching,0.026337,0.026337,0.272727,0.537037,0.272727,0.272727,0.272727,0.537037,0.272727,0.272727
dai_aat.sssom.tsv,http://thesauri.dainst.org/_aa14d1ae,Leder- /Pelzverarbeitung,aat:300006302,tanneries,Leder- /Pelzverarbeitung,tanneries,skos:closeMatch,closeMatch,semapv:UnspecifiedMatching,0.025955,0.025955,0.181818,0.375000,0.242424,0.242424,0.181818,0.375000,0.242424,0.242424
inrap_pactols_sujets_aat.sssom.tsv,pactols:pcrtWv2LKUDyjw,chanvre,aat:300014043,hemp (fiber),chanvre,hemp,skos:exactMatch,exactMatch,semapv:UnspecifiedMatching,0.025467,-0.021454,0.210526,0.448413,0.210526,0.210526,0.363636,0.464286,0.363636,0.363636
inrap_pactols_sujets_aat.sssom.tsv,pactols:pcrtWM9edcGV95,appontement,aat:300120786,wharves,appontement,wharves,skos:exactMatch,exactMatch,semapv:UnspecifiedMatching,0.024536,0.024536,0.222222,0.489177,0.222222,0.222222,0.222222,0.489177,0.222222,0.222222
dai_aat.sssom.tsv,http://thesauri.dainst.org/_d289d1a9,Konfiszierung,aat:300079201,confiscating,Konfiszierung,confiscating,skos:closeMatch,closeMatch,semapv:UnspecifiedMatching,0.024200,0.024200,0.640000,0.760684,0.640000,0.640000,0.640000,0.760684,0.640000,0.640000
dai_aat.sssom.tsv,http://thesauri.dainst.org/_3447,Brunnen,aat:300006207,wells (structures),Brunnen,wells,skos:exactMatch,exactMatch,semapv:UnspecifiedMatching,0.023773,0.011009,0.240000,0.420635,0.240000,0.240000,0.166667,0.000000,0.166667,0.166667
inrap_pactols_sujets_aat.sssom.tsv,pactols:pcrtInJjvhZPR6,entrave,aat:300247514,shackles,entrave,shackles,skos:exactMatch,exactMatch,semapv:UnspecifiedMatching,0.023575,0.023575,0.266667,0.511905,0.266667,0.266667,0.266667,0.511905,0.266667,0.266667
inrap_pactols_sujets_aat.sssom.tsv,pactols:pcrtgmR3Q5i4wb,bief,aat:300006080,millraces,bief,millraces,skos:exactMatch,exactMatch,semapv:UnspecifiedMatching,0.022736,0.022736,0.307692,0.453704,0.307692,0.307692,0.307692,0.453704,0.307692,0.307692
dai_aat.sssom.tsv,http://thesauri.dainst.org/_be166ea8,Kloster,aat:300000641,monasteries (built complexes),Kloster,monasteries,skos:exactMatch,exactMatch,semapv:UnspecifiedMatching,0.022018,-0.066711,0.277778,0.628900,0.333333,0.333333,0.555556,0.722944,0.555556,0.555556
inrap_pactols_sujets_aat.sssom.tsv,pactols:pcrtu4Do7EDGDg,vêtement,aat:300266639,clothing,vêtement,clothing,skos:exactMatch,exactMatch,semapv:UnspecifiedMatching,0.021591,0.021591,0.250000,0.500000,0.250000,0.250000,0.250000,0.500000,0.250000,0.250000
ads_mda_obj_aat.sssom.tsv,fish_obj:/concepts/97152,PIERCING EQUIPMENT,aat:300024788,piercing tools,PIERCING EQUIPMENT,piercing tools,skos:closeMatch,closeMatch,semapv:UnspecifiedMatching,0.020508,0.020508,0.625000,0.853968,0.500000,0.727273,0.625000,0.853968,0.500000,0.727273
ads_eh_tmt2_aat.sssom.tsv,fish_tmt2:/concepts/70851,FARM BUILDING,aat:300004898,agricultural buildings,FARM BUILDING,agricultural buildings,skos:closeMatch,closeMatch,semapv:UnspecifiedMatching,0.020035,0.020035,0.628571,0.691142,0.457143,0.457143,0.628571,0.691142,0.457143,0.457143
dai_aat.sssom.tsv,http://thesauri.dainst.org/_dd8719dd,Kaiser,aat:300025480,emperors,Kaiser,emperors,skos:exactMatch,exactMatch,semapv:UnspecifiedMatching,0.019180,0.019180,0.285714,0.527778,0.285714,0.285714,0.285714,0.527778,0.285714,0.285714
inrap_pactols_sujets_aat.sssom.tsv,pactols:pcrtyBdN76zI6i,égout,aat:300006122,sewers (drainage structures),égout,sewers,skos:exactMatch,exactMatch,semapv:UnspecifiedMatching,0.018463,0.120117,0.181818,0.411905,0.181818,0.181818,0.000000,0.000000,0.000000,0.000000
dai_aat.sssom.tsv,http://thesauri.dainst.org/_9779f311,Damm,aat:300006156,levees,Damm,levees,skos:exactMatch,exactMatch,semapv:UnspecifiedMatching,0.017746,0.017746,0.000000,0.000000,0.000000,0.000000,0.000000,0.000000,0.000000,0.000000
inrap_pactols_sujets_aat.sssom.tsv,pactols:pcrthJ0dPo1nlZ,piège,aat:300247420,traps (trapping equipment),piège,traps,skos:exactMatch,exactMatch,semapv:UnspecifiedMatching,0.016479,-0.049042,0.258065,0.651282,0.258065,0.258065,0.200000,0.000000,0.200000,0.200000
inrap_pactols_sujets_aat.sssom.tsv,pactols:pcrtvmAscT0l41,légumineuse,aat:300343861,Fabaceae (family),légumineuse,Fabaceae,skos:exactMatch,exactMatch,semapv:UnspecifiedMatching,0.016403,0.062408,0.142857,0.433155,0.285714,0.285714,0.210526,0.477273,0.210526,0.210526
inrap_pactols_sujets_aat.sssom.tsv,pactols:pcrteATef2dHLg,four à chaux,aat:300006404,lime kilns,four à chaux,lime kilns,skos:exactMatch,exactMatch,semapv:UnspecifiedMatching,0.016342,0.016342,0.090909,0.394444,0.090909,0.090909,0.090909,0.394444,0.090909,0.090909
inrap_pactols_sujets_aat.sssom.tsv,pactols:pcrtJUwAaZ7Nz9,foyer,aat:300003990,hearths,foyer,hearths,skos:exactMatch,exactMatch,semapv:UnspecifiedMatching,0.016327,0.016327,0.333333,0.561905,0.333333,0.333333,0.333333,0.561905,0.333333,0.333333
inrap_pactols_sujets_aat.sssom.tsv,pactols:pcrtL41Ddfw4XO,anneau,aat:300046012,rings (jewelry),anneau,rings,skos:exactMatch,exactMatch,semapv:UnspecifiedMatching,0.016296,-0.032654,0.190476,0.488889,0.095238,0.095238,0.181818,0.455556,0.181818,0.181818
inrap_pactols_sujets_aat.sssom.tsv,pactols:pcrtXk6sdvTjnE,carrière,aat:300000402,quarries (extracting complexes),carrière,quarries,skos:exactMatch,exactMatch,semapv:UnspecifiedMatching,0.015579,0.011490,0.307692,0.592294,0.307692,0.307692,0.625000,0.750000,0.625000,0.625000
ads_eh_tmt2_aat.sssom.tsv,fish_tmt2:/concepts/70336,BUILDING,aat:300004792,buildings (structures),BUILDING,buildings,skos:exactMatch,exactMatch,semapv:UnspecifiedMatching,0.015488,-0.014305,0.533333,0.872727,0.533333,0.533333,0.941176,0.977778,0.941176,0.941176
inrap_pactols_sujets_aat.sssom.tsv,pactols:pcrtgcn5U8laUN,aliments,aat:300254496,food,aliments,food,skos:exactMatch,exactMatch,semapv:UnspecifiedMatching,0.014542,0.014542,0.000000,0.000000,0.000000,0.000000,0.000000,0.000000,0.000000,0.000000
inrap_pactols_sujets_aat.sssom.tsv,pactols:pcrtEaFZFvpInN,tabletterie,aat:300053850,inlay (process),tabletterie,inlay,skos:exactMatch,exactMatch,semapv:UnspecifiedMatching,0.014084,0.017395,0.230769,0.376768,0.153846,0.153846,0.125000,0.360606,0.125000,0.125000
inrap_pactols_sujets_aat.sssom.tsv,pactols:pcrtWNdQjwi6Lv,cloche,aat:300041872,bells (idiophones),cloche,bells,skos:exactMatch,exactMatch,semapv:UnspecifiedMatching,0.013588,0.068604,0.333333,0.462963,0.250000,0.250000,0.181818,0.455556,0.181818,0.181818
ads_eh_tmt2_aat.sssom.tsv,fish_tmt2:/concepts/70448,LEAT,aat:300133792,artificial water channels,LEAT,artificial water channels,skos:closeMatch,closeMatch,semapv:UnspecifiedMatching,0.012901,0.012901,0.206897,0.512222,0.275862,0.275862,0.206897,0.512222,0.275862,0.275862
ads_mda_obj_aat.sssom.tsv,fish_obj:/concepts/96817,CONTAINER,aat:300197197,containers (receptacles),CONTAINER,containers,skos:exactMatch,exactMatch,semapv:UnspecifiedMatching,0.012039,0.026566,0.545455,0.875000,0.545455,0.545455,0.947368,0.980000,0.947368,0.947368
inrap_pactols_sujets_aat.sssom.tsv,pactols:pcrtNtGbI8Rqxi,harnachement du cheval,aat:300265358,horse trappings,harnachement du cheval,horse trappings,skos:exactMatch,exactMatch,semapv:UnspecifiedMatching,0.011787,0.011787,0.270270,0.452092,0.324324,0.324324,0.270270,0.452092,0.324324,0.324324
ads_eh_tmt2_aat.sssom.tsv,fish_tmt2:/concepts/68582,FARMYARD,aat:300000226,farmyards,FARMYARD,farmyards,skos:exactMatch,exactMatch,semapv:UnspecifiedMatching,0.011742,0.011742,0.941176,0.977778,0.941176,0.941176,0.941176,0.977778,0.941176,0.941176
dai_aat.sssom.tsv,http://thesauri.dainst.org/_2760,Grabbau,aat:300122208,funerary structures,Grabbau,funerary structures,skos:exactMatch,exactMatch,semapv:UnspecifiedMatching,0.011276,0.011276,0.230769,0.417711,0.230769,0.230769,0.230769,0.417711,0.230769,0.230769
ads_eh_tmt2_aat.sssom.tsv,fish_tmt2:/concepts/91904,FACTORY UNIT,aat:300007733,workshop buildings,FACTORY UNIT,workshop buildings,skos:closeMatch,closeMatch,semapv:UnspecifiedMatching,0.010803,0.010803,0.333333,0.555556,0.133333,0.133333,0.333333,0.555556,0.133333,0.133333
dai_aat.sssom.tsv,http://thesauri.dainst.org/_a82814b1,Weihung,aat:300069272,consecrations,Weihung,consecrations,skos:exactMatch,exactMatch,semapv:UnspecifiedMatching,0.010796,0.010796,0.300000,0.313187,0.300000,0.300000,0.300000,0.313187,0.300000,0.300000
inrap_pactols_sujets_aat.sssom.tsv,pactols:pcrtGlOemVT6hw,barrage,aat:300006084,dams (hydraulic structures),barrage,dams,skos:exactMatch,exactMatch,semapv:UnspecifiedMatching,0.009834,0.008690,0.235294,0.513228,0.235294,0.235294,0.181818,0.464286,0.181818,0.181818
ads_eh_tmt2_aat.sssom.tsv,fish_tmt2:/concepts/70061,CHURCHYARD,aat:300008170,churchyards,CHURCHYARD,churchyards,skos:exactMatch,exactMatch,semapv:UnspecifiedMatching,0.009743,0.009743,0.952381,0.981818,0.952381,0.952381,0.952381,0.981818,0.952381,0.952381
dai_aat.sssom.tsv,http://thesauri.dainst.org/_dddfb42c,Grabungsdokumentati on,aat:300054638,documentation (activity),Grabungsdokumentati on,documentation,skos:closeMatch,closeMatch,semapv:UnspecifiedMatching,0.009529,0.150635,0.521739,0.597042,0.565217,0.565217,0.685714,0.683955,0.685714,0.685714
inrap_pactols_sujets_aat.sssom.tsv,pactols:pcrt3qwtVjY634,blocage,aat:300053092,filling (process),blocage,filling,skos:exactMatch,exactMatch,semapv:UnspecifiedMatching,0.009468,0.007629,0.333333,0.535014,0.250000,0.250000,0.285714,0.523810,0.285714,0.285714
dai_aat.sssom.tsv,http://thesauri.dainst.org/_89a8fc29,Denkmal,aat:300006958,monuments,Denkmal,monuments,skos:closeMatch,closeMatch,semapv:UnspecifiedMatching,0.009048,0.009048,0.250000,0.502646,0.250000,0.250000,0.250000,0.502646,0.250000,0.250000
inrap_pactols_sujets_aat.sssom.tsv,pactols:pcrtA40egcJDkz,fonderie,aat:300103997,smelters (metalworking plants),fonderie,smelters,skos:exactMatch,exactMatch,semapv:UnspecifiedMatching,0.008018,-0.000211,0.157895,0.461111,0.210526,0.210526,0.250000,0.472222,0.250000,0.250000
inrap_pactols_sujets_aat.sssom.tsv,pactols:pcrtgWbicZTgZe,allée couverte,aat:300005939,gallery graves,allée couverte,gallery graves,skos:exactMatch,exactMatch,semapv:UnspecifiedMatching,0.007126,0.007126,0.500000,0.630952,0.500000,0.500000,0.500000,0.630952,0.500000,0.500000
inrap_pactols_sujets_aat.sssom.tsv,pactols:pcrtL9O7cXfFQc,pilon,aat:300024725,pestles,pilon,pestles,skos:exactMatch,exactMatch,semapv:UnspecifiedMatching,0.004902,0.004902,0.333333,0.561905,0.333333,0.333333,0.333333,0.561905,0.333333,0.333333
inrap_pactols_sujets_aat.sssom.tsv,pactols:pcrtNBrnOdttU9,parure,aat:300209286,jewelry,parure,jewelry,skos:exactMatch,exactMatch,semapv:UnspecifiedMatching,0.003805,0.003805,0.153846,0.373016,0.153846,0.153846,0.153846,0.373016,0.153846,0.153846
inrap_pactols_sujets_aat.sssom.tsv,pactols:pcrtpzpA8KI0Tp,entrepôt,aat:300007722,warehouses,entrepôt,warehouses,skos:exactMatch,exactMatch,semapv:UnspecifiedMatching,0.003273,0.003273,0.222222,0.447222,0.222222,0.222222,0.222222,0.447222,0.222222,0.222222
dai_aat.sssom.tsv,http://thesauri.dainst.org/_e81afbd6,Gebirge,aat:300008795,mountains (landforms),Gebirge,mountains,skos:exactMatch,exactMatch,semapv:UnspecifiedMatching,0.003050,0.028854,0.142857,0.396825,0.071429,0.071429,0.125000,0.417989,0.125000,0.125000
dai_aat.sssom.tsv,http://thesauri.dainst.org/_fa871da9,Aufzeichnung,aat:300026361,chronicles,Aufzeichnung,chronicles,skos:exactMatch,exactMatch,semapv:UnspecifiedMatching,0.002199,0.002199,0.272727,0.494444,0.272727,0.272727,0.272727,0.494444,0.272727,0.272727
dai_aat.sssom.tsv,http://thesauri.dainst.org/_db21f67e,Meerenge,aat:300266558,sounds (bodies of water),Meerenge,sounds,skos:exactMatch,exactMatch,semapv:UnspecifiedMatching,0.000994,-0.051453,0.187500,0.277778,0.187500,0.187500,0.142857,0.430556,0.142857,0.142857
inrap_pactols_sujets_aat.sssom.tsv,pactols:pcrtmFiiOHIboO,séchage,aat:300053758,drying,séchage,drying,skos:exactMatch,exactMatch,semapv:UnspecifiedMatching,-0.000335,-0.000335,0.153846,0.436508,0.153846,0.153846,0.153846,0.436508,0.153846,0.153846
inrap_pactols_sujets_aat.sssom.tsv,pactols:pcrtc8EgFRyyMq,meunerie,aat:300053090,grinding,meunerie,grinding,skos:exactMatch,exactMatch,semapv:UnspecifiedMatching,-0.000383,-0.000383,0.250000,0.500000,0.250000,0.250000,0.250000,0.500000,0.250000,0.250000
inrap_pactols_sujets_aat.sssom.tsv,pactols:pcrt887vr6FuSI,calice,aat:300043236,goblets,calice,goblets,skos:exactMatch,exactMatch,semapv:UnspecifiedMatching,-0.000656,-0.000656,0.307692,0.539683,0.307692,0.307692,0.307692,0.539683,0.307692,0.307692
inrap_pactols_sujets_aat.sssom.tsv,pactols:pcrttXcbeWGloc,cuiller,aat:300043149,spoons,cuiller,spoons,skos:exactMatch,exactMatch,semapv:UnspecifiedMatching,-0.000690,-0.000690,0.000000,0.000000,0.000000,0.000000,0.000000,0.000000,0.000000,0.000000
inrap_pactols_sujets_aat.sssom.tsv,pactols:pcrtz3X7k2pIel,serpette,aat:300265636,billhooks,serpette,billhooks,skos:exactMatch,exactMatch,semapv:UnspecifiedMatching,-0.001183,-0.001183,0.117647,0.000000,0.117647,0.117647,0.117647,0.000000,0.117647,0.117647
inrap_pactols_sujets_aat.sssom.tsv,pactols:pcrt5RnB4V844h,taille,aat:300380037,knapping,taille,knapping,skos:exactMatch,exactMatch,semapv:UnspecifiedMatching,-0.001299,-0.001299,0.285714,0.527778,0.285714,0.285714,0.285714,0.527778,0.285714,0.285714
inrap_pactols_sujets_aat.sssom.tsv,pactols:pcrtvlIe8e74Nq,tonneau,aat:300194515,cask,tonneau,cask,skos:exactMatch,exactMatch,semapv:UnspecifiedMatching,-0.001463,-0.001463,0.181818,0.000000,0.181818,0.181818,0.181818,0.000000,0.181818,0.181818
ads_eh_tmt2_aat.sssom.tsv,fish_tmt2:/concepts/68617,CROFT,aat:300000211,small holdings,CROFT,small holdings,skos:closeMatch,closeMatch,semapv:UnspecifiedMatching,-0.001477,-0.001477,0.105263,0.423810,0.105263,0.105263,0.105263,0.423810,0.105263,0.105263
dai_aat.sssom.tsv,http://thesauri.dainst.org/_402de9d0,Botschaft,aat:300108008,embassies,Botschaft,embassies,skos:exactMatch,exactMatch,semapv:UnspecifiedMatching,-0.001526,-0.001526,0.222222,0.444444,0.222222,0.222222,0.222222,0.444444,0.222222,0.222222
ads_eh_tmt2_aat.sssom.tsv,fish_tmt2:/concepts/70430,COURTYARD,aat:300004095,courtyards,COURTYARD,courtyards,skos:exactMatch,exactMatch,semapv:UnspecifiedMatching,-0.003111,-0.003111,0.947368,0.980000,0.947368,0.947368,0.947368,0.980000,0.947368,0.947368
inrap_pactols_sujets_aat.sssom.tsv,pactols:pcrtIWeqtc3uKd,gué,aat:300387042,fords,gué,fords,skos:exactMatch,exactMatch,semapv:UnspecifiedMatching,-0.003128,-0.003128,0.000000,0.000000,0.000000,0.000000,0.000000,0.000000,0.000000,0.000000
inrap_pactols_sujets_aat.sssom.tsv,pactols:pcrtFQ469T1itu,élevage,aat:300254388,animal husbandry,élevage,animal husbandry,skos:exactMatch,exactMatch,semapv:UnspecifiedMatching,-0.003557,-0.003557,0.173913,0.303571,0.173913,0.173913,0.173913,0.303571,0.173913,0.173913
inrap_pactols_sujets_aat.sssom.tsv,pactols:pcrtTGfc88uXNW,menuiserie,aat:300054087,joinery (woodwork),menuiserie,joinery,skos:exactMatch,exactMatch,semapv:UnspecifiedMatching,-0.003666,0.000014,0.214286,0.457407,0.214286,0.214286,0.352941,0.573810,0.352941,0.352941
dai_aat.sssom.tsv,http://thesauri.dainst.org/_150ca422,Regisseur,aat:300025654,directors (performing arts),Regisseur,directors,skos:exactMatch,exactMatch,semapv:UnspecifiedMatching,-0.003695,0.110901,0.277778,0.462963,0.277778,0.277778,0.333333,0.570370,0.333333,0.333333
inrap_pactols_sujets_aat.sssom.tsv,pactols:pcrtZETJwE7RTQ,pâte,aat:300010459,slip (clay),pâte,slip,skos:exactMatch,exactMatch,semapv:UnspecifiedMatching,-0.003750,-0.016068,0.133333,0.446970,0.133333,0.133333,0.250000,0.000000,0.250000,0.250000
inrap_pactols_sujets_aat.sssom.tsv,pactols:pcrtOQj6KuEbn2,donjon,aat:300003694,keeps,donjon,keeps,skos:exactMatch,exactMatch,semapv:UnspecifiedMatching,-0.003952,-0.003952,0.000000,0.000000,0.000000,0.000000,0.000000,0.000000,0.000000,0.000000
ads_mda_obj_aat.sssom.tsv,fish_obj:/concepts/100059,WEAPON,aat:300036926,weapons,WEAPON,weapons,skos:exactMatch,exactMatch,semapv:UnspecifiedMatching,-0.004608,-0.004608,0.923077,0.971429,0.923077,0.923077,0.923077,0.971429,0.923077,0.923077
dai_aat.sssom.tsv,http://thesauri.dainst.org/_21f298a9,Urkunde,aat:300026841,certificates,Urkunde,certificates,skos:exactMatch,exactMatch,semapv:UnspecifiedMatching,-0.004745,-0.004745,0.210526,0.317460,0.210526,0.210526,0.210526,0.317460,0.210526,0.210526
inrap_pactols_sujets_aat.sssom.tsv,pactols:pcrtT7xkUlGGbB,résidence aristocratique,aat:300071272,mansions,résidence aristocratique,mansions,skos:closeMatch,closeMatch,semapv:UnspecifiedMatching,-0.006981,-0.006981,0.250000,0.500000,0.250000,0.250000,0.250000,0.500000,0.250000,0.250000
dai_aat.sssom.tsv,http://thesauri.dainst.org/_febd67e4,Bauer,aat:300230852,peasants,Bauer,peasants,skos:exactMatch,exactMatch,semapv:UnspecifiedMatching,-0.008324,-0.008324,0.153846,0.383333,0.153846,0.153846,0.153846,0.383333,0.153846,0.153846
inrap_pactols_sujets_aat.sssom.tsv,pactols:pcrtMmh3cNfKb3,rempart,aat:300387515,bulwarks,rempart,bulwarks,skos:exactMatch,exactMatch,semapv:UnspecifiedMatching,-0.008446,-0.008446,0.266667,0.511905,0.266667,0.266667,0.266667,0.511905,0.266667,0.266667
inrap_pactols_sujets_aat.sssom.tsv,pactols:pcrtW6OB8LFIkS,épée,aat:300037048,swords,épée,swords,skos:exactMatch,exactMatch,semapv:UnspecifiedMatching,-0.009636,-0.009636,0.000000,0.000000,0.000000,0.000000,0.000000,0.000000,0.000000,0.000000
ads_mda_obj_aat.sssom.tsv,fish_obj:/concepts/97105,CLOTHING,aat:300266639,clothing,CLOTHING,clothing,skos:exactMatch,exactMatch,semapv:UnspecifiedMatching,-0.009857,-0.009857,1.000000,1.000000,1.000000,1.000000,1.000000,1.000000,1.000000,1.000000
inrap_pactols_sujets_aat.sssom.tsv,pactols:pcrtSqZrIUtWgv,plafond,aat:300002031,ceilings,plafond,ceilings,skos:exactMatch,exactMatch,semapv:UnspecifiedMatching,-0.009941,-0.009941,0.266667,0.511905,0.266667,0.266667,0.266667,0.511905,0.266667,0.266667
ads_mda_obj_aat.sssom.tsv,fish_obj:/concepts/137076,MOUNT,aat:300171585,mounts (attachments),MOUNT,mounts,skos:exactMatch,exactMatch,semapv:UnspecifiedMatching,-0.010384,0.090515,0.400000,0.850000,0.400000,0.400000,0.909091,0.966667,0.909091,0.909091
ads_mda_obj_aat.sssom.tsv,fish_obj:/concepts/97139,RELIEF,aat:300053622,relief (sculpture techniques),RELIEF,relief,skos:closeMatch,closeMatch,semapv:UnspecifiedMatching,-0.010880,0.002449,0.342857,0.841379,0.342857,1.000000,1.000000,1.000000,1.000000,1.000000
dai_aat.sssom.tsv,http://thesauri.dainst.org/_6c0bae56,Grab,aat:300263485,burials,Grab,burials,skos:exactMatch,exactMatch,semapv:UnspecifiedMatching,-0.011421,-0.011421,0.363636,0.595238,0.363636,0.363636,0.363636,0.595238,0.363636,0.363636
dai_aat.sssom.tsv,http://thesauri.dainst.org/_3580,Pflanzen,aat:300132360,Plantae (kingdom),Pflanzen,Plantae,skos:closeMatch,closeMatch,semapv:UnspecifiedMatching,-0.014534,0.031281,0.480000,0.730882,0.400000,0.400000,0.666667,0.801786,0.666667,0.666667
inrap_pactols_sujets_aat.sssom.tsv,pactols:pcrt666qbbU96m,boiserie,aat:300002691,wainscoting,boiserie,wainscoting,skos:exactMatch,exactMatch,semapv:UnspecifiedMatching,-0.015701,-0.015701,0.315789,0.549242,0.315789,0.315789,0.315789,0.549242,0.315789,0.315789
inrap_pactols_sujets_aat.sssom.tsv,pactols:pcrt321qD4sfeM,enceinte,aat:300100558,boundary walls,enceinte,boundary walls,skos:closeMatch,closeMatch,semapv:UnspecifiedMatching,-0.017151,-0.017151,0.090909,0.398810,0.090909,0.090909,0.090909,0.398810,0.090909,0.090909
dai_aat.sssom.tsv,http://thesauri.dainst.org/_2997,Wagenlenker,aat:300380118,charioteers,Wagenlenker,charioteers,skos:exactMatch,exactMatch,semapv:UnspecifiedMatching,-0.017776,-0.017776,0.363636,0.575758,0.363636,0.363636,0.363636,0.575758,0.363636,0.363636
dai_aat.sssom.tsv,http://thesauri.dainst.org/_88c84eba,Fundgruppe,aat:300234110,archaeological objects,Fundgruppe,archaeological objects,skos:closeMatch,closeMatch,semapv:UnspecifiedMatching,-0.018127,-0.018127,0.125000,0.367677,0.125000,0.125000,0.125000,0.367677,0.125000,0.125000
inrap_pactols_sujets_aat.sssom.tsv,pactols:pcrt9dsMs2oJvc,dépôt funéraire,aat:300180706,grave goods,dépôt funéraire,grave goods,skos:closeMatch,closeMatch,semapv:UnspecifiedMatching,-0.020584,-0.020584,0.230769,0.385859,0.384615,0.384615,0.230769,0.385859,0.384615,0.384615
inrap_pactols_sujets_aat.sssom.tsv,pactols:pcrtEklsyTYoVi,moellon,aat:300011693,rubble,moellon,rubble,skos:exactMatch,exactMatch,semapv:UnspecifiedMatching,-0.022980,-0.022980,0.153846,0.436508,0.153846,0.153846,0.153846,0.436508,0.153846,0.153846
inrap_pactols_sujets_aat.sssom.tsv,pactols:pcrtWG6u3Ahkgo,choeur,aat:300004565,chancels,choeur,chancels,skos:exactMatch,exactMatch,semapv:UnspecifiedMatching,-0.023270,-0.023270,0.428571,0.625000,0.428571,0.428571,0.428571,0.625000,0.428571,0.428571
ads_mda_obj_aat.sssom.tsv,fish_obj:/concepts/96579,SHOE IRON,aat:300375283,heel plates,SHOE IRON,heel plates,skos:closeMatch,closeMatch,semapv:UnspecifiedMatching,-0.026688,-0.026688,0.300000,0.535354,0.200000,0.200000,0.300000,0.535354,0.200000,0.200000
dai_aat.sssom.tsv,http://thesauri.dainst.org/_9bfefddc,Kaisergattin,aat:300025480,emperors,Kaisergattin,emperors,skos:closeMatch,closeMatch,semapv:UnspecifiedMatching,-0.027008,-0.027008,0.200000,0.430556,0.200000,0.200000,0.200000,0.430556,0.200000,0.200000
inrap_pactols_sujets_aat.sssom.tsv,pactols:pcrtMZaJOuxhdE,trottoir,aat:300003893,sidewalks,trottoir,sidewalks,skos:exactMatch,exactMatch,semapv:UnspecifiedMatching,-0.028885,-0.028885,0.117647,0.000000,0.117647,0.117647,0.117647,0.000000,0.117647,0.117647
ads_eh_tmt2_aat.sssom.tsv,fish_tmt2:/concepts/68675,CIVIL,aat:300008059,public buildings,CIVIL,public buildings,skos:closeMatch,closeMatch,semapv:UnspecifiedMatching,-0.029129,-0.029129,0.285714,0.600000,0.285714,0.285714,0.285714,0.600000,0.285714,0.285714
inrap_pactols_sujets_aat.sssom.tsv,pactols:pcrtEekLBvaBPu,foulon,aat:300006324,fulling mills,foulon,fulling mills,skos:exactMatch,exactMatch,semapv:UnspecifiedMatching,-0.029556,-0.029556,0.421053,0.658120,0.421053,0.421053,0.421053,0.658120,0.421053,0.421053
inrap_pactols_sujets_aat.sssom.tsv,pactols:pcrtwNsmFD4zxg,maison forte,aat:300006894,fortresses,maison forte,fortresses,skos:closeMatch,closeMatch,semapv:UnspecifiedMatching,-0.030685,-0.030685,0.454545,0.494444,0.545455,0.545455,0.454545,0.494444,0.545455,0.545455
inrap_pactols_sujets_aat.sssom.tsv,pactols:pcrt7Kgm9TTHgF,pillage,aat:300379554,looting,pillage,looting,skos:exactMatch,exactMatch,semapv:UnspecifiedMatching,-0.034607,-0.034607,0.285714,0.523810,0.285714,0.285714,0.285714,0.523810,0.285714,0.285714
dai_aat.sssom.tsv,http://thesauri.dainst.org/_ed86ff70,ländlich,aat:300229355,rural areas,ländlich,rural areas,skos:closeMatch,closeMatch,semapv:UnspecifiedMatching,-0.036102,-0.036102,0.105263,0.405303,0.105263,0.105263,0.105263,0.405303,0.105263,0.105263
inrap_pactols_sujets_aat.sssom.tsv,pactols:pcrtORlgwkPgL5,aménagement de berge,aat:300006161,flood protection works,aménagement de berge,flood protection works,skos:closeMatch,closeMatch,semapv:UnspecifiedMatching,-0.038483,-0.038483,0.190476,0.413203,0.190476,0.190476,0.190476,0.413203,0.190476,0.190476
dai_aat.sssom.tsv,http://thesauri.dainst.org/_892d500f,anthropogen,aat:300224592,man-made,anthropogen,man-made,skos:closeMatch,closeMatch,semapv:UnspecifiedMatching,-0.039337,-0.039337,0.315789,0.549242,0.315789,0.315789,0.315789,0.549242,0.315789,0.315789
inrap_pactols_sujets_aat.sssom.tsv,pactols:pcrtRFlWnN22Zg,faune domestiquée,aat:300249497,domestic animals,faune domestiquée,domestic animals,skos:exactMatch,exactMatch,semapv:UnspecifiedMatching,-0.043365,-0.043365,0.424242,0.549156,0.424242,0.424242,0.424242,0.549156,0.424242,0.424242
inrap_pactols_sujets_aat.sssom.tsv,pactols:pcrtR1s94Zuaul,grès,aat:300011376,sandstone,grès,sandstone,skos:exactMatch,exactMatch,semapv:UnspecifiedMatching,-0.043701,-0.043701,0.153846,0.453704,0.153846,0.153846,0.153846,0.453704,0.153846,0.153846
inrap_pactols_sujets_aat.sssom.tsv,pactols:pcrtGAyvyEsZJE,crâne,aat:300191856,skulls (skeleton components),crâne,skulls,skos:exactMatch,exactMatch,semapv:UnspecifiedMatching,-0.045563,-0.057404,0.181818,0.323810,0.181818,0.181818,0.000000,0.000000,0.000000,0.000000
inrap_pactols_sujets_aat.sssom.tsv,pactols:pcrt6clF510Il1,cheminée,aat:300052347,mantels (fireplace components),cheminée,mantels,skos:exactMatch,exactMatch,semapv:UnspecifiedMatching,-0.047974,-0.062012,0.263158,0.463889,0.263158,0.263158,0.400000,0.490079,0.400000,0.400000
ads_eh_tmt2_aat.sssom.tsv,fish_tmt2:/concepts/93993,LIDO,aat:300007376,swimming pools,LIDO,swimming pools,skos:closeMatch,closeMatch,semapv:UnspecifiedMatching,-0.049164,-0.049164,0.222222,0.440476,0.222222,0.222222,0.222222,0.440476,0.222222,0.222222
inrap_pactols_sujets_aat.sssom.tsv,pactols:pcrtlLaVIacMMt,amendement,aat:300015131,fertilizer,amendement,fertilizer,skos:closeMatch,closeMatch,semapv:UnspecifiedMatching,-0.050232,-0.050232,0.200000,0.466667,0.200000,0.200000,0.200000,0.466667,0.200000,0.200000
inrap_pactols_sujets_aat.sssom.tsv,pactols:pcrtPm7RMy8JDE,bûcher,aat:300005908,pyres,bûcher,pyres,skos:exactMatch,exactMatch,semapv:UnspecifiedMatching,-0.053558,-0.053558,0.181818,0.455556,0.181818,0.181818,0.181818,0.455556,0.181818,0.181818
inrap_pactols_sujets_aat.sssom.tsv,pactols:pcrtPIeXclbVBy,cuiller à fard,aat:300375704,cosmetic spoons,cuiller à fard,cosmetic spoons,skos:exactMatch,exactMatch,semapv:UnspecifiedMatching,-0.056396,-0.056396,0.206897,0.434127,0.206897,0.206897,0.206897,0.434127,0.206897,0.206897
ads_eh_tmt2_aat.sssom.tsv,fish_tmt2:/concepts/91867,ESTATE BUILDING,aat:300005567,country houses,ESTATE BUILDING,country houses,skos:closeMatch,closeMatch,semapv:UnspecifiedMatching,-0.059845,-0.059845,0.206897,0.360317,0.344828,0.344828,0.206897,0.360317,0.344828,0.344828
inrap_pactols_sujets_aat.sssom.tsv,pactols:pcrtkb8erki8g3,broyon,aat:300024725,pestles,broyon,pestles,skos:exactMatch,exactMatch,semapv:UnspecifiedMatching,-0.060577,-0.060577,0.000000,0.000000,0.000000,0.000000,0.000000,0.000000,0.000000,0.000000
inrap_pactols_sujets_aat.sssom.tsv,pactols:pcrt795b632nWw,sépulture,aat:300005907,graves,sépulture,graves,skos:exactMatch,exactMatch,semapv:UnspecifiedMatching,-0.061646,-0.061646,0.266667,0.000000,0.266667,0.266667,0.266667,0.000000,0.266667,0.266667
inrap_pactols_sujets_aat.sssom.tsv,pactols:pcrtUqBbtbUOzF,bijou,aat:300209286,jewelry,bijou,jewelry,skos:exactMatch,exactMatch,semapv:UnspecifiedMatching,-0.062927,-0.062927,0.166667,0.447619,0.166667,0.166667,0.166667,0.447619,0.166667,0.166667
inrap_pactols_sujets_aat.sssom.tsv,pactols:pcrtuq4lc43JjB,serrurerie,aat:300025336,locksmiths,serrurerie,locksmiths,skos:closeMatch,closeMatch,semapv:UnspecifiedMatching,-0.075928,-0.075928,0.200000,0.466667,0.200000,0.200000,0.200000,0.466667,0.200000,0.200000
inrap_pactols_sujets_aat.sssom.tsv,pactols:pcrtpyrtgrXdME,aiguille,aat:300024789,needles (piercing tools),aiguille,needles,skos:exactMatch,exactMatch,semapv:UnspecifiedMatching,-0.078003,-0.081299,0.187500,0.388889,0.250000,0.250000,0.266667,0.511905,0.266667,0.266667
inrap_pactols_sujets_aat.sssom.tsv,pactols:pcrtgJvAbEFhK7,canalisation,aat:300052600,drainage piping,canalisation,drainage piping,skos:exactMatch,exactMatch,semapv:UnspecifiedMatching,-0.085083,-0.085083,0.444444,0.577778,0.444444,0.444444,0.444444,0.577778,0.444444,0.444444
inrap_pactols_sujets_aat.sssom.tsv,pactols:pcrtb30B513JzE,miroir,aat:300037690,looking glasses,miroir,looking glasses,skos:exactMatch,exactMatch,semapv:UnspecifiedMatching,-0.103394,-0.103394,0.190476,0.322222,0.190476,0.190476,0.190476,0.322222,0.190476,0.190476
dai_aat.sssom.tsv,http://thesauri.dainst.org/_7c0ac5e8,Ebene,aat:300008805,plains (landforms),Ebene,plains,skos:exactMatch,exactMatch,semapv:UnspecifiedMatching,-0.114441,-0.039673,0.086957,0.418519,0.086957,0.086957,0.181818,0.455556,0.181818,0.181818
