source_file,section,source_uri,source_label,target_label,target_uri,match,skos_predicate
ARIADNE_DAI_AAT_Mappings.pdf,1. DAI Books,http://thesauri.dainst.org/_fa871da9,Aufzeichnung,chronicles,http://vocab.getty.edu/aat/300026361,exact match,exactMatch
ARIADNE_DAI_AAT_Mappings.pdf,1. DAI Books,http://thesauri.dainst.org/_85e43cae,Codex,codices,http://vocab.getty.edu/aat/300224200,exact match,exactMatch
ARIADNE_DAI_AAT_Mappings.pdf,1. DAI Books,http://thesauri.dainst.org/_1483b8da,Film,film (performing arts),http://vocab.getty.edu/aat/300054141,exact match,exactMatch
ARIADNE_DAI_AAT_Mappings.pdf,1. DAI Books,http://thesauri.dainst.org/_dddfb42c,Grabungsdokumentati on,documentation (activity),http://vocab.getty.edu/aat/300054638,close match,closeMatch
ARIADNE_DAI_AAT_Mappings.pdf,1. DAI Books,http://thesauri.dainst.org/_54363cb0,Kopie,replicas,http://vocab.getty.edu/aat/300015642,exact match,exactMatch
ARIADNE_DAI_AAT_Mappings.pdf,1. DAI Books,http://thesauri.dainst.org/_cbc68254,Korrespondenz,correspondence,http://vocab.getty.edu/aat/300026877,exact match,exactMatch
ARIADNE_DAI_AAT_Mappings.pdf,1. DAI Books,http://thesauri.dainst.org/_a0f55911,Materialsammlung,topical collections,http://vocab.getty.edu/aat/300378926,close match,closeMatch
ARIADNE_DAI_AAT_Mappings.pdf,1. DAI Books,http://thesauri.dainst.org/_befe9436,Leder,leather,http://vocab.getty.edu/aat/300011845,exact match,exactMatch
ARIADNE_DAI_AAT_Mappings.pdf,1. DAI Books,http://thesauri.dainst.org/_7963201b,Leinwand,canvas,http://vocab.getty.edu/aat/300014078,exact match,exactMatch
ARIADNE_DAI_AAT_Mappings.pdf,1. DAI Books,http://thesauri.dainst.org/_1386,Papier,<paper by composition or origin>,http://vocab.getty.edu/aat/300014110,close match,closeMatch
ARIADNE_DAI_AAT_Mappings.pdf,1. DAI Books,http://thesauri.dainst.org/_2676,Papyrus,papyrus (fiber product),http://vocab.getty.edu/aat/300014127,exact match,exactMatch
ARIADNE_DAI_AAT_Mappings.pdf,1. DAI Books,http://thesauri.dainst.org/_2677,Pergament,vellum (paper),http://vocab.getty.edu/aat/300250699,exact match,exactMatch
ARIADNE_DAI_AAT_Mappings.pdf,1. DAI Books,http://thesauri.dainst.org/_9ad3989f,Autor,authors,http://vocab.getty.edu/aat/300025492,exact match,exactMatch
ARIADNE_DAI_AAT_Mappings.pdf,1. DAI Books,http://thesauri.dainst.org/_ba4cc9e2,Grabungsleiter,excavators,http://vocab.getty.edu/aat/300390592,close match,closeMatch
ARIADNE_DAI_AAT_Mappings.pdf,1. DAI Books,http://thesauri.dainst.org/_2701,Künstler,artists (visual artists),http://vocab.getty.edu/aat/300025103,exact match,exactMatch
ARIADNE_DAI_AAT_Mappings.pdf,1. DAI Books,http://thesauri.dainst.org/_dd360f8a,Photograph,photographers,http://vocab.getty.edu/aat/300025687,exact match,exactMatch
ARIADNE_DAI_AAT_Mappings.pdf,1. DAI Books,http://thesauri.dainst.org/_150ca422,Regisseur,directors (performing arts),http://vocab.getty.edu/aat/300025654,exact match,exactMatch
ARIADNE_DAI_AAT_Mappings.pdf,2. DAI Collections,http://thesauri.dainst.org/_3d134df3,aristokratisch,aristocracy,http://vocab.getty.edu/aat/300055484,close match,closeMatch
ARIADNE_DAI_AAT_Mappings.pdf,2. DAI Collections,http://thesauri.dainst.org/_0c5b348e,bürgerlich,burghers,http://vocab.getty.edu/aat/300386272,close match,closeMatch
ARIADNE_DAI_AAT_Mappings.pdf,2. DAI Collections,http://thesauri.dainst.org/_30178e37,Museum,museums (institutions),http://vocab.getty.edu/aat/300312281,close match,closeMatch
ARIADNE_DAI_AAT_Mappings.pdf,2. DAI Collections,http://thesauri.dainst.org/_5,Sonstiges,miscellaneous,http://vocab.getty.edu/aat/300386698,close match,closeMatch
ARIADNE_DAI_AAT_Mappings.pdf,2. DAI Collections,http://thesauri.dainst.org/_0189f056,Auktion,auctions,http://vocab.getty.edu/aat/300054751,close match,closeMatch
ARIADNE_DAI_AAT_Mappings.pdf,2. DAI Collections,http://thesauri.dainst.org/_0492ee07,Schenkung,donations,http://vocab.getty.edu/aat/300079436,close match,closeMatch
ARIADNE_DAI_AAT_Mappings.pdf,2. DAI Collections,http://thesauri.dainst.org/_22f17d06,Vererbung,events (activities),http://vocab.getty.edu/aat/300069084,close match,closeMatch
ARIADNE_DAI_AAT_Mappings.pdf,2. DAI Collections,http://thesauri.dainst.org/_56cad583,Verkauf,sales events,http://vocab.getty.edu/aat/300069089,close match,closeMatch
ARIADNE_DAI_AAT_Mappings.pdf,2. DAI Collections,http://thesauri.dainst.org/_17efda54,Zerstörung,destruction (process),http://vocab.getty.edu/aat/300053087,close match,closeMatch
ARIADNE_DAI_AAT_Mappings.pdf,2. DAI Collections,http://thesauri.dainst.org/_c38aa55f,Versteigerung,auctions,http://vocab.getty.edu/aat/300054751,close match,closeMatch
ARIADNE_DAI_AAT_Mappings.pdf,2. DAI Collections,http://thesauri.dainst.org/_d289d1a9,Konfiszierung,confiscating,http://vocab.getty.edu/aat/300079201,close match,closeMatch
ARIADNE_DAI_AAT_Mappings.pdf,3. DAI Inscriptions,http://thesauri.dainst.org/_3881,griechisch,Greek (language),http://vocab.getty.edu/aat/300389734,exact match,exactMatch
ARIADNE_DAI_AAT_Mappings.pdf,3. DAI Inscriptions,http://thesauri.dainst.org/_3882,lateinisch,Latin (language),http://vocab.getty.edu/aat/300388693,exact match,exactMatch
ARIADNE_DAI_AAT_Mappings.pdf,3. DAI Inscriptions,http://thesauri.dainst.org/_d6217c47,arabisch,Arabic (style),http://vocab.getty.edu/aat/300385957,exact match,exactMatch
ARIADNE_DAI_AAT_Mappings.pdf,3. DAI Inscriptions,http://thesauri.dainst.org/_9663e946,aramäisch,Aramaic (language),http://vocab.getty.edu/aat/300387857,exact match,exactMatch
ARIADNE_DAI_AAT_Mappings.pdf,3. DAI Inscriptions,http://thesauri.dainst.org/_303aea25,armenisch,Armenian (ancient culture or style),http://vocab.getty.edu/aat/300254935,exact match,exactMatch
ARIADNE_DAI_AAT_Mappings.pdf,3. DAI Inscriptions,http://thesauri.dainst.org/_169f7db3,demotisch,demotic,http://vocab.getty.edu/aat/300206213,exact match,exactMatch
ARIADNE_DAI_AAT_Mappings.pdf,3. DAI Inscriptions,http://thesauri.dainst.org/_61fc01bc,etruskisch,Etruscan (culture or style),http://vocab.getty.edu/aat/300020471,exact match,exactMatch
ARIADNE_DAI_AAT_Mappings.pdf,3. DAI Inscriptions,http://thesauri.dainst.org/_c4c74360,hethitisch,Hittite (culture or style),http://vocab.getty.edu/aat/300019652,exact match,exactMatch
ARIADNE_DAI_AAT_Mappings.pdf,3. DAI Inscriptions,http://thesauri.dainst.org/_54354aea,hieratisch,hieratic,http://vocab.getty.edu/aat/300206211,exact match,exactMatch
ARIADNE_DAI_AAT_Mappings.pdf,3. DAI Inscriptions,http://thesauri.dainst.org/_0ebbb198,hieroglyphisch,hieroglyphics,http://vocab.getty.edu/aat/300028721,exact match,exactMatch
ARIADNE_DAI_AAT_Mappings.pdf,3. DAI Inscriptions,http://thesauri.dainst.org/_2828ca6c,Keilschrift,cuneiform,http://vocab.getty.edu/aat/300028711,exact match,exactMatch
ARIADNE_DAI_AAT_Mappings.pdf,3. DAI Inscriptions,http://thesauri.dainst.org/_42464cba,koptisch,"Egyptian, Coptic (language)",http://vocab.getty.edu/aat/300388268,exact match,exactMatch
ARIADNE_DAI_AAT_Mappings.pdf,3. DAI Inscriptions,http://thesauri.dainst.org/_51b56937,kyrillisch,Cyrillic,http://vocab.getty.edu/aat/300256135,exact match,exactMatch
ARIADNE_DAI_AAT_Mappings.pdf,3. DAI Inscriptions,http://thesauri.dainst.org/_3868,lykisch,Lycian,http://vocab.getty.edu/aat/300019700,exact match,exactMatch
ARIADNE_DAI_AAT_Mappings.pdf,3. DAI Inscriptions,http://thesauri.dainst.org/_1ffb45c5,osmanisch,Ottoman (style),http://vocab.getty.edu/aat/300021614,exact match,exactMatch
ARIADNE_DAI_AAT_Mappings.pdf,3. DAI Inscriptions,http://thesauri.dainst.org/_7d53da3b,persisch,Persian (culture),http://vocab.getty.edu/aat/300019933,exact match,exactMatch
ARIADNE_DAI_AAT_Mappings.pdf,3. DAI Inscriptions,http://thesauri.dainst.org/_3873,punisch,"Punic (Carthaginian, culture or style)",http://vocab.getty.edu/aat/300262964,exact match,exactMatch
ARIADNE_DAI_AAT_Mappings.pdf,3. DAI Inscriptions,http://thesauri.dainst.org/_4f6f0dd3,Runen,runes,http://vocab.getty.edu/aat/300219050,exact match,exactMatch
ARIADNE_DAI_AAT_Mappings.pdf,3. DAI Inscriptions,http://thesauri.dainst.org/_6a32477b,türkisch,Turkish (culture or style),http://vocab.getty.edu/aat/300193868,exact match,exactMatch
ARIADNE_DAI_AAT_Mappings.pdf,4. DAI Monuments,http://thesauri.dainst.org/_4e0f83c7,Aedicula,aedicules,http://vocab.getty.edu/aat/300002574,exact match,exactMatch
ARIADNE_DAI_AAT_Mappings.pdf,4. DAI Monuments,http://thesauri.dainst.org/_2739,Altar,altars,http://vocab.getty.edu/aat/300003725,exact match,exactMatch
ARIADNE_DAI_AAT_Mappings.pdf,4. DAI Monuments,http://thesauri.dainst.org/_2811,Amphitheater,amphitheaters (built works),http://vocab.getty.edu/aat/300007128,exact match,exactMatch
ARIADNE_DAI_AAT_Mappings.pdf,4. DAI Monuments,http://thesauri.dainst.org/_2746,Basilika,basilicas,http://vocab.getty.edu/aat/300170443,exact match,exactMatch
ARIADNE_DAI_AAT_Mappings.pdf,4. DAI Monuments,http://thesauri.dainst.org/_4d76417e,Bogen,arches,http://vocab.getty.edu/aat/300000994,exact match,exactMatch
ARIADNE_DAI_AAT_Mappings.pdf,4. DAI Monuments,http://thesauri.dainst.org/_1367,Bergbau,mine structures,http://vocab.getty.edu/aat/300006423,exact match,exactMatch
ARIADNE_DAI_AAT_Mappings.pdf,4. DAI Monuments,http://thesauri.dainst.org/_4d76417e,Bogen,memorial arches,http://vocab.getty.edu/aat/300007002,exact match,exactMatch
ARIADNE_DAI_AAT_Mappings.pdf,4. DAI Monuments,http://thesauri.dainst.org/_330b6e2e,Bouleuterion,bouleuteria,http://vocab.getty.edu/aat/300006015,exact match,exactMatch
ARIADNE_DAI_AAT_Mappings.pdf,4. DAI Monuments,http://thesauri.dainst.org/_2751,Brücke,bridges (built works),http://vocab.getty.edu/aat/300007836,exact match,exactMatch
ARIADNE_DAI_AAT_Mappings.pdf,4. DAI Monuments,http://thesauri.dainst.org/_3447,Brunnen,wells (structures),http://vocab.getty.edu/aat/300006207,exact match,exactMatch
ARIADNE_DAI_AAT_Mappings.pdf,4. DAI Monuments,http://thesauri.dainst.org/_2753,Circus,circuses (Roman arenas),http://vocab.getty.edu/aat/300007255,exact match,exactMatch
ARIADNE_DAI_AAT_Mappings.pdf,4. DAI Monuments,http://thesauri.dainst.org/_89a8fc29,Denkmal,monuments,http://vocab.getty.edu/aat/300006958,close match,closeMatch
ARIADNE_DAI_AAT_Mappings.pdf,4. DAI Monuments,http://thesauri.dainst.org/_1af93ea0,Geschäshaus,commercial buildings,http://vocab.getty.edu/aat/300005147,exact match,exactMatch
ARIADNE_DAI_AAT_Mappings.pdf,4. DAI Monuments,http://thesauri.dainst.org/_2760,Grabbau,funerary structures,http://vocab.getty.edu/aat/300122208,exact match,exactMatch
ARIADNE_DAI_AAT_Mappings.pdf,4. DAI Monuments,http://thesauri.dainst.org/_6ebede2f,Gymnasium,gymnasiums,http://vocab.getty.edu/aat/300007297,exact match,exactMatch
ARIADNE_DAI_AAT_Mappings.pdf,4. DAI Monuments,http://thesauri.dainst.org/_2769,Kirche,churches (buildings),http://vocab.getty.edu/aat/300007466,exact match,exactMatch
ARIADNE_DAI_AAT_Mappings.pdf,4. DAI Monuments,http://thesauri.dainst.org/_84b4f73a,Megalithbau,megalithic chamber tombs,http://vocab.getty.edu/aat/300005934,narrow math,narrowMatch
ARIADNE_DAI_AAT_Mappings.pdf,4. DAI Monuments,http://thesauri.dainst.org/_84b4f73a,Megalithbau,megalithic monuments,http://vocab.getty.edu/aat/300006983,narrow math,narrowMatch
ARIADNE_DAI_AAT_Mappings.pdf,4. DAI Monuments,http://thesauri.dainst.org/_84b4f73a,Megalithbau,megaliths,http://vocab.getty.edu/aat/300123562,narrow math,narrowMatch
ARIADNE_DAI_AAT_Mappings.pdf,4. DAI Monuments,http://thesauri.dainst.org/_391,Moschee,mosques (buildings),http://vocab.getty.edu/aat/300007544,exact match,exactMatch
ARIADNE_DAI_AAT_Mappings.pdf,4. DAI Monuments,http://thesauri.dainst.org/_7f18ce65,Nymphäum,nymphaea (garden structures),http://vocab.getty.edu/aat/300006809,exact match,exactMatch
ARIADNE_DAI_AAT_Mappings.pdf,4. DAI Monuments,http://thesauri.dainst.org/_b971daa6,Odeion,odea,http://vocab.getty.edu/aat/300127075,exact match,exactMatch
ARIADNE_DAI_AAT_Mappings.pdf,4. DAI Monuments,http://thesauri.dainst.org/_0f873f3f,Säulenhalle,stoas,http://vocab.getty.edu/aat/300005144,narrow math,narrowMatch
ARIADNE_DAI_AAT_Mappings.pdf,4. DAI Monuments,http://thesauri.dainst.org/_2790,Schatzhaus,treasuries,http://vocab.getty.edu/aat/300006050,close match,closeMatch
ARIADNE_DAI_AAT_Mappings.pdf,4. DAI Monuments,http://thesauri.dainst.org/_53ba880b,Stadion,stadiums,http://vocab.getty.edu/aat/300007271,broad match,broadMatch
ARIADNE_DAI_AAT_Mappings.pdf,4. DAI Monuments,http://thesauri.dainst.org/_df2452de,Taberne,commercial buildings,http://vocab.getty.edu/aat/300005147,broad match,broadMatch
ARIADNE_DAI_AAT_Mappings.pdf,4. DAI Monuments,http://thesauri.dainst.org/_2901,Tempel,temples (buildings),http://vocab.getty.edu/aat/300007595,exact match,exactMatch
ARIADNE_DAI_AAT_Mappings.pdf,4. DAI Monuments,http://thesauri.dainst.org/_3588,Theater,theaters (buildings),http://vocab.getty.edu/aat/300007117,broad match,broadMatch
ARIADNE_DAI_AAT_Mappings.pdf,4. DAI Monuments,http://thesauri.dainst.org/_691bba9c,Thermen,thermae,http://vocab.getty.edu/aat/300007364,close match,closeMatch
ARIADNE_DAI_AAT_Mappings.pdf,4. DAI Monuments,http://thesauri.dainst.org/_d914ec36,Torbau,gatehouses,http://vocab.getty.edu/aat/300005621,exact match,exactMatch
ARIADNE_DAI_AAT_Mappings.pdf,4. DAI Monuments,http://thesauri.dainst.org/_bb043f29,Turm,towers (single built works),http://vocab.getty.edu/aat/300004847,exact match,exactMatch
ARIADNE_DAI_AAT_Mappings.pdf,4. DAI Monuments,http://thesauri.dainst.org/_a9308610,Verteidigungsanla ge,fortifications,http://vocab.getty.edu/aat/300006888,close match,closeMatch
ARIADNE_DAI_AAT_Mappings.pdf,4. DAI Monuments,http://thesauri.dainst.org/_19456837,Wohnbau,residential structures,http://vocab.getty.edu/aat/300257729,close match,closeMatch
ARIADNE_DAI_AAT_Mappings.pdf,4. DAI Monuments,http://thesauri.dainst.org/_2742,Aquädukt,aqueducts,http://vocab.getty.edu/aat/300006165,exact match,exactMatch
ARIADNE_DAI_AAT_Mappings.pdf,4. DAI Monuments,http://thesauri.dainst.org/_32a94cf8,Bahnhof,railroad stations,http://vocab.getty.edu/aat/300007783,exact match,exactMatch
ARIADNE_DAI_AAT_Mappings.pdf,4. DAI Monuments,http://thesauri.dainst.org/_2748,Bibliothek,libraries (buildings),http://vocab.getty.edu/aat/300006824,close match,closeMatch
ARIADNE_DAI_AAT_Mappings.pdf,4. DAI Monuments,http://thesauri.dainst.org/_01f3c708,Curia,curiae,http://vocab.getty.edu/aat/300006027,exact match,exactMatch
ARIADNE_DAI_AAT_Mappings.pdf,4. DAI Monuments,http://thesauri.dainst.org/_402de9d0,Botschaft,embassies,http://vocab.getty.edu/aat/300108008,exact match,exactMatch
ARIADNE_DAI_AAT_Mappings.pdf,4. DAI Monuments,http://thesauri.dainst.org/_e764db27,Ehrensäule,triumphal columns,http://vocab.getty.edu/aat/300248647,close match,closeMatch
ARIADNE_DAI_AAT_Mappings.pdf,4. DAI Monuments,http://thesauri.dainst.org/_a07e625f,Exedramonument,monuments,http://vocab.getty.edu/aat/300006958,broad match,broadMatch
ARIADNE_DAI_AAT_Mappings.pdf,4. DAI Monuments,http://thesauri.dainst.org/_08f1839e,Heroon,heroa,http://vocab.getty.edu/aat/300005888,exact match,exactMatch
ARIADNE_DAI_AAT_Mappings.pdf,4. DAI Monuments,http://thesauri.dainst.org/_9bcb8115,Horreum / Magazingebäude,horrea,http://vocab.getty.edu/aat/300120504,exact match,exactMatch
ARIADNE_DAI_AAT_Mappings.pdf,4. DAI Monuments,http://thesauri.dainst.org/_b9994efb,Hotel,hotels (public accommodations),http://vocab.getty.edu/aat/300007166,exact match,exactMatch
ARIADNE_DAI_AAT_Mappings.pdf,4. DAI Monuments,http://thesauri.dainst.org/_2767,Kaserne,barracks,http://vocab.getty.edu/aat/300005665,exact match,exactMatch
ARIADNE_DAI_AAT_Mappings.pdf,4. DAI Monuments,http://thesauri.dainst.org/_2771,Krankenhaus,hospitals (buildings for health facility),http://vocab.getty.edu/aat/300006676,close match,closeMatch
ARIADNE_DAI_AAT_Mappings.pdf,4. DAI Monuments,http://thesauri.dainst.org/_2774,Latrine,latrines,http://vocab.getty.edu/aat/300007951,close match,closeMatch
ARIADNE_DAI_AAT_Mappings.pdf,4. DAI Monuments,http://thesauri.dainst.org/_60113156,Leuchtturm,lighthouses,http://vocab.getty.edu/aat/300007741,close match,closeMatch
ARIADNE_DAI_AAT_Mappings.pdf,4. DAI Monuments,http://thesauri.dainst.org/_f1d12674,Macellum / Markt,macella,http://vocab.getty.edu/aat/300005241,exact match,exactMatch
ARIADNE_DAI_AAT_Mappings.pdf,4. DAI Monuments,http://thesauri.dainst.org/_f1d12674,Macellum / Markt,markets (structures),http://vocab.getty.edu/aat/300005238,close match,closeMatch
ARIADNE_DAI_AAT_Mappings.pdf,4. DAI Monuments,http://thesauri.dainst.org/_30178e37,Museum,museums (buildings),http://vocab.getty.edu/aat/300005768,exact match,exactMatch
ARIADNE_DAI_AAT_Mappings.pdf,4. DAI Monuments,http://thesauri.dainst.org/_2782,Principia,military buildings,http://vocab.getty.edu/aat/300006887,broad match,broadMatch
ARIADNE_DAI_AAT_Mappings.pdf,4. DAI Monuments,http://thesauri.dainst.org/_e1e0e72e,Propylon,propylaea,http://vocab.getty.edu/aat/300005090,exact match,exactMatch
ARIADNE_DAI_AAT_Mappings.pdf,4. DAI Monuments,http://thesauri.dainst.org/_2784,Pyramide,pyramids (tombs or platforms),http://vocab.getty.edu/aat/300004838,exact match,exactMatch
ARIADNE_DAI_AAT_Mappings.pdf,4. DAI Monuments,http://thesauri.dainst.org/_0e7a4339,Rampe,ramps (circulation elements),http://vocab.getty.edu/aat/300003219,close match,closeMatch
ARIADNE_DAI_AAT_Mappings.pdf,4. DAI Monuments,http://thesauri.dainst.org/_67842c9a,Rathaus,town halls,http://vocab.getty.edu/aat/300006063,exact match,exactMatch
ARIADNE_DAI_AAT_Mappings.pdf,4. DAI Monuments,http://thesauri.dainst.org/_f483df78,Rednertribüne,rostra,http://vocab.getty.edu/aat/300265624,close match,closeMatch
ARIADNE_DAI_AAT_Mappings.pdf,4. DAI Monuments,http://thesauri.dainst.org/_58a1cbaf,Schule,schools (buildings),http://vocab.getty.edu/aat/300006495,close match,closeMatch
ARIADNE_DAI_AAT_Mappings.pdf,4. DAI Monuments,http://thesauri.dainst.org/_41f91ee6,Wasserspeicher,reservoirs (water distribution structures),http://vocab.getty.edu/aat/300006191,exact match,exactMatch
ARIADNE_DAI_AAT_Mappings.pdf,4. DAI Monuments,http://thesauri.dainst.org/_01b8468c,Werkstatt,workshop buildings,http://vocab.getty.edu/aat/300007733,exact match,exactMatch
ARIADNE_DAI_AAT_Mappings.pdf,4. DAI Monuments,http://thesauri.dainst.org/_2806,Zisterne,cisterns (plumbing components),http://vocab.getty.edu/aat/300052558,exact match,exactMatch
ARIADNE_DAI_AAT_Mappings.pdf,4. DAI Monuments,http://thesauri.dainst.org/_1ddd6d26,Zollgebäude,toll-collection structures,http://vocab.getty.edu/aat/300007820,narrow math,narrowMatch
ARIADNE_DAI_AAT_Mappings.pdf,4. DAI Monuments,http://thesauri.dainst.org/_2796,Synagoge,synagogues (buildings),http://vocab.getty.edu/aat/300007590,exact match,exactMatch
ARIADNE_DAI_AAT_Mappings.pdf,4. DAI Monuments,http://thesauri.dainst.org/_77e0a34d,Rostra,rostra,http://vocab.getty.edu/aat/300265624,exact match,exactMatch
ARIADNE_DAI_AAT_Mappings.pdf,4. DAI Monuments,http://thesauri.dainst.org/_b24e1e12,Prytaneion,prytaneia,http://vocab.getty.edu/aat/300127097,exact match,exactMatch
ARIADNE_DAI_AAT_Mappings.pdf,4. DAI Monuments,http://thesauri.dainst.org/_d7921edb,Pilgerstation,pilgrimage churches (buildings),http://vocab.getty.edu/aat/300007493,narrow math,narrowMatch
ARIADNE_DAI_AAT_Mappings.pdf,4. DAI Monuments,http://thesauri.dainst.org/_41bac42c,Mastaba,mastabas (tombs),http://vocab.getty.edu/aat/300005933,exact match,exactMatch
ARIADNE_DAI_AAT_Mappings.pdf,4. DAI Monuments,http://thesauri.dainst.org/_ce31583b,Mole,moles (structures),http://vocab.getty.edu/aat/300387387,exact match,exactMatch
ARIADNE_DAI_AAT_Mappings.pdf,4. DAI Monuments,http://thesauri.dainst.org/_84059290,Mühle,water mills,http://vocab.getty.edu/aat/300006270,narrow math,narrowMatch
ARIADNE_DAI_AAT_Mappings.pdf,4. DAI Monuments,http://thesauri.dainst.org/_84059290,Mühle,windmills,http://vocab.getty.edu/aat/300006273,narrow math,narrowMatch
ARIADNE_DAI_AAT_Mappings.pdf,4. DAI Monuments,http://thesauri.dainst.org/_6969a8c7,Fabrikgebäude,industrial buildings,http://vocab.getty.edu/aat/300006231,close match,closeMatch
ARIADNE_DAI_AAT_Mappings.pdf,4. DAI Monuments,http://thesauri.dainst.org/_67406207,Grabungshaus,depots (storage),http://vocab.getty.edu/aat/300312279,broad match,broadMatch
ARIADNE_DAI_AAT_Mappings.pdf,4. DAI Monuments,http://thesauri.dainst.org/_44ecd5e7,Hippodrom / Zirkus,hippodromes (Greek sports buildings),http://vocab.getty.edu/aat/300108449,exact match,exactMatch
ARIADNE_DAI_AAT_Mappings.pdf,4. DAI Monuments,http://thesauri.dainst.org/_5b9f2871,Akropolis,acropolises,http://vocab.getty.edu/aat/300000700,exact match,exactMatch
ARIADNE_DAI_AAT_Mappings.pdf,4. DAI Monuments,http://thesauri.dainst.org/_60efc5d6,Befestigungsbau,fortifications,http://vocab.getty.edu/aat/300006888,close match,closeMatch
ARIADNE_DAI_AAT_Mappings.pdf,4. DAI Monuments,http://thesauri.dainst.org/_2be24780,Forum/Agora,agoras,http://vocab.getty.edu/aat/300008074,exact match,exactMatch
ARIADNE_DAI_AAT_Mappings.pdf,4. DAI Monuments,http://thesauri.dainst.org/_2be24780,Forum/Agora,forums (open spaces),http://vocab.getty.edu/aat/300008085,exact match,exactMatch
ARIADNE_DAI_AAT_Mappings.pdf,4. DAI Monuments,http://thesauri.dainst.org/_82dae6eb,Heiligtum/Sakrale r Komplex,religious districts,http://vocab.getty.edu/aat/300000796,close match,closeMatch
ARIADNE_DAI_AAT_Mappings.pdf,4. DAI Monuments,http://thesauri.dainst.org/_2ea5294b,Nekropole,necropolises,http://vocab.getty.edu/aat/300000372,exact match,exactMatch
ARIADNE_DAI_AAT_Mappings.pdf,4. DAI Monuments,http://thesauri.dainst.org/_2778,Palast,palaces,http://vocab.getty.edu/aat/300005734,close match,closeMatch
ARIADNE_DAI_AAT_Mappings.pdf,4. DAI Monuments,http://thesauri.dainst.org/_9c923970,Technische Bauten,industrial districts,http://vocab.getty.edu/aat/300000739,close match,closeMatch
ARIADNE_DAI_AAT_Mappings.pdf,4. DAI Monuments,http://thesauri.dainst.org/_5a8adc40,Wohnviertel,residential districts,http://vocab.getty.edu/aat/300000742,close match,closeMatch
ARIADNE_DAI_AAT_Mappings.pdf,4. DAI Monuments,http://thesauri.dainst.org/_ed86ff70,ländlich,rural areas,http://vocab.getty.edu/aat/300229355,close match,closeMatch
ARIADNE_DAI_AAT_Mappings.pdf,4. DAI Monuments,http://thesauri.dainst.org/_6d543ff9,urban,urban areas,http://vocab.getty.edu/aat/300130893,close match,closeMatch
ARIADNE_DAI_AAT_Mappings.pdf,4. DAI Monuments,http://thesauri.dainst.org/_344ef1a0,suburban,suburban landscapes,http://vocab.getty.edu/aat/300132448,close match,closeMatch
ARIADNE_DAI_AAT_Mappings.pdf,4. DAI Monuments,http://thesauri.dainst.org/_3701_a470a738408e250b1ed2c7c8f5ea05ac,unbekannt,unidentified,http://vocab.getty.edu/aat/300386154,exact match,exactMatch
ARIADNE_DAI_AAT_Mappings.pdf,4. DAI Monuments,http://thesauri.dainst.org/_266c3def,eigenständiges Gebäude,single built works (built environment),http://vocab.getty.edu/aat/300004790,exact match,exactMatch
ARIADNE_DAI_AAT_Mappings.pdf,4. DAI Monuments,http://thesauri.dainst.org/_89a1fc71,integriertes Gebäude,building divisions,http://vocab.getty.edu/aat/300072553,exact match,exactMatch
ARIADNE_DAI_AAT_Mappings.pdf,4. DAI Monuments,http://thesauri.dainst.org/_3701_a470a738408e250b1ed2c7c8f5ea05ac,unbekannt,unidentified,http://vocab.getty.edu/aat/300386154,exact match,exactMatch
ARIADNE_DAI_AAT_Mappings.pdf,4. DAI Monuments,http://thesauri.dainst.org/_5c1e6cf8,eintorig,arches,http://vocab.getty.edu/aat/300000994,broad match,broadMatch
ARIADNE_DAI_AAT_Mappings.pdf,4. DAI Monuments,http://thesauri.dainst.org/_a4c7b41e,zweitorig,arches,http://vocab.getty.edu/aat/300000994,broad match,broadMatch
ARIADNE_DAI_AAT_Mappings.pdf,4. DAI Monuments,http://thesauri.dainst.org/_ba8b6d31,dreitorig,arches,http://vocab.getty.edu/aat/300000994,broad match,broadMatch
ARIADNE_DAI_AAT_Mappings.pdf,4. DAI Monuments,http://thesauri.dainst.org/_aba19def,mehrtorig,arches,http://vocab.getty.edu/aat/300000994,broad match,broadMatch
ARIADNE_DAI_AAT_Mappings.pdf,4. DAI Monuments,http://thesauri.dainst.org/_a9e1dd32,Tetrapylon/Quadr ifrons,quadrifrontal arches,http://vocab.getty.edu/aat/300264349,exact match,exactMatch
ARIADNE_DAI_AAT_Mappings.pdf,4. DAI Monuments,http://thesauri.dainst.org/_48a53f10,einschiffig,basilicas,http://vocab.getty.edu/aat/300170443,broad match,broadMatch
ARIADNE_DAI_AAT_Mappings.pdf,4. DAI Monuments,http://thesauri.dainst.org/_89db57c4,zweischiffig,basilicas,http://vocab.getty.edu/aat/300170443,broad match,broadMatch
ARIADNE_DAI_AAT_Mappings.pdf,4. DAI Monuments,http://thesauri.dainst.org/_e63ae8fe,dreischiffig,basilicas,http://vocab.getty.edu/aat/300170443,broad match,broadMatch
ARIADNE_DAI_AAT_Mappings.pdf,4. DAI Monuments,http://thesauri.dainst.org/_56be75ec,vierschiffig,basilicas,http://vocab.getty.edu/aat/300170443,broad match,broadMatch
ARIADNE_DAI_AAT_Mappings.pdf,4. DAI Monuments,http://thesauri.dainst.org/_e5b1a6bb,fünfschiffig,basilicas,http://vocab.getty.edu/aat/300170443,broad match,broadMatch
ARIADNE_DAI_AAT_Mappings.pdf,4. DAI Monuments,http://thesauri.dainst.org/_1c1a75dd,Felsgrab,rock-cut tombs,http://vocab.getty.edu/aat/300120624,exact match,exactMatch
ARIADNE_DAI_AAT_Mappings.pdf,4. DAI Monuments,http://thesauri.dainst.org/_94577d2c,Mehrstöckiger Aediculabau,sepulchral buildings,http://vocab.getty.edu/aat/300005881,broad match,broadMatch
ARIADNE_DAI_AAT_Mappings.pdf,4. DAI Monuments,http://thesauri.dainst.org/_044988ef,Rundbau,sepulchral buildings,http://vocab.getty.edu/aat/300005881,broad match,broadMatch
ARIADNE_DAI_AAT_Mappings.pdf,4. DAI Monuments,http://thesauri.dainst.org/_044988ef,Rundbau,rotundas (buildings),http://vocab.getty.edu/aat/300004842,broad match,broadMatch
ARIADNE_DAI_AAT_Mappings.pdf,4. DAI Monuments,http://thesauri.dainst.org/_e1e5f52e,Türbe,mausoleums,http://vocab.getty.edu/aat/300005891,exact match,exactMatch
ARIADNE_DAI_AAT_Mappings.pdf,4. DAI Monuments,http://thesauri.dainst.org/_b86f4b17,Tumulus,tumuli,http://vocab.getty.edu/aat/300391495,exact match,exactMatch
ARIADNE_DAI_AAT_Mappings.pdf,4. DAI Monuments,http://thesauri.dainst.org/_bea379f7,Grabaltar,grave altars,http://vocab.getty.edu/aat/300391172,exact match,exactMatch
ARIADNE_DAI_AAT_Mappings.pdf,4. DAI Monuments,http://thesauri.dainst.org/_6f5fdc0e,Columbarium,columbaria (cemeteries),http://vocab.getty.edu/aat/300000370,exact match,exactMatch
ARIADNE_DAI_AAT_Mappings.pdf,4. DAI Monuments,http://thesauri.dainst.org/_5a4fa5a0,Grabtempel,mortuary temples,http://vocab.getty.edu/aat/300007613,exact match,exactMatch
ARIADNE_DAI_AAT_Mappings.pdf,4. DAI Monuments,http://thesauri.dainst.org/_868b108a,Stadtkirche,churches (buildings),http://vocab.getty.edu/aat/300007466,broad match,broadMatch
ARIADNE_DAI_AAT_Mappings.pdf,4. DAI Monuments,http://thesauri.dainst.org/_fa014013,Dorfkirche,churches (buildings),http://vocab.getty.edu/aat/300007466,broad match,broadMatch
ARIADNE_DAI_AAT_Mappings.pdf,4. DAI Monuments,http://thesauri.dainst.org/_8e0c0f80,Kapelle,chapels (rooms or structures),http://vocab.getty.edu/aat/300004590,exact match,exactMatch
ARIADNE_DAI_AAT_Mappings.pdf,4. DAI Monuments,http://thesauri.dainst.org/_32ade5dd,Klosterkirche,abbey churches,http://vocab.getty.edu/aat/300007495,narrow math,narrowMatch
ARIADNE_DAI_AAT_Mappings.pdf,4. DAI Monuments,http://thesauri.dainst.org/_32ade5dd,Klosterkirche,monastic churches (buildings),http://vocab.getty.edu/aat/300007519,exact match,exactMatch
ARIADNE_DAI_AAT_Mappings.pdf,4. DAI Monuments,http://thesauri.dainst.org/_5bfa9a82,amphiprostyler Tempel,amphiprostyle,http://vocab.getty.edu/aat/300163729,close match,closeMatch
ARIADNE_DAI_AAT_Mappings.pdf,4. DAI Monuments,http://thesauri.dainst.org/_5bfa9a82,amphiprostyler Tempel,temples (buildings),http://vocab.getty.edu/aat/300007595,broad match,broadMatch
ARIADNE_DAI_AAT_Mappings.pdf,4. DAI Monuments,http://thesauri.dainst.org/_99d8c615,Antentempel,temples (buildings),http://vocab.getty.edu/aat/300007595,broad match,broadMatch
ARIADNE_DAI_AAT_Mappings.pdf,4. DAI Monuments,http://thesauri.dainst.org/_53c052d3,Dipteros,dipteral,http://vocab.getty.edu/aat/300135990,close match,closeMatch
ARIADNE_DAI_AAT_Mappings.pdf,4. DAI Monuments,http://thesauri.dainst.org/_53c052d3,Dipteros,temples (buildings),http://vocab.getty.edu/aat/300007595,broad match,broadMatch
ARIADNE_DAI_AAT_Mappings.pdf,4. DAI Monuments,http://thesauri.dainst.org/_48bb570d,Doppelantentem pel,temples (buildings),http://vocab.getty.edu/aat/300007595,broad match,broadMatch
ARIADNE_DAI_AAT_Mappings.pdf,4. DAI Monuments,http://thesauri.dainst.org/_9f9088c2,Hoftempel,temples (buildings),http://vocab.getty.edu/aat/300007595,broad match,broadMatch
ARIADNE_DAI_AAT_Mappings.pdf,4. DAI Monuments,http://thesauri.dainst.org/_2777,Mithräum,mithraea,http://vocab.getty.edu/aat/300007567,exact match,exactMatch
ARIADNE_DAI_AAT_Mappings.pdf,4. DAI Monuments,http://thesauri.dainst.org/_7212a798,Naiskos,naiskoi,http://vocab.getty.edu/aat/300108367,exact match,exactMatch
ARIADNE_DAI_AAT_Mappings.pdf,4. DAI Monuments,http://thesauri.dainst.org/_203b2f61,Peripteros sine postico,peripteral,http://vocab.getty.edu/aat/300135991,close match,closeMatch
ARIADNE_DAI_AAT_Mappings.pdf,4. DAI Monuments,http://thesauri.dainst.org/_203b2f61,Peripteros sine postico,temples (buildings),http://vocab.getty.edu/aat/300007595,broad match,broadMatch
ARIADNE_DAI_AAT_Mappings.pdf,4. DAI Monuments,http://thesauri.dainst.org/_b668b3ed,Peripteros,peripteral,http://vocab.getty.edu/aat/300135991,close match,closeMatch
ARIADNE_DAI_AAT_Mappings.pdf,4. DAI Monuments,http://thesauri.dainst.org/_b668b3ed,Peripteros,temples (buildings),http://vocab.getty.edu/aat/300007595,broad match,broadMatch
ARIADNE_DAI_AAT_Mappings.pdf,4. DAI Monuments,http://thesauri.dainst.org/_84c6ab45,prostyler Tempel,prostyle,http://vocab.getty.edu/aat/300163741,close match,closeMatch
ARIADNE_DAI_AAT_Mappings.pdf,4. DAI Monuments,http://thesauri.dainst.org/_84c6ab45,prostyler Tempel,temples (buildings),http://vocab.getty.edu/aat/300007595,broad match,broadMatch
ARIADNE_DAI_AAT_Mappings.pdf,4. DAI Monuments,http://thesauri.dainst.org/_94da35d2,Pseudo-Dipteros,dipteral,http://vocab.getty.edu/aat/300135990,broad match,broadMatch
ARIADNE_DAI_AAT_Mappings.pdf,4. DAI Monuments,http://thesauri.dainst.org/_94da35d2,Pseudo-Dipteros,temples (buildings),http://vocab.getty.edu/aat/300007595,broad match,broadMatch
ARIADNE_DAI_AAT_Mappings.pdf,4. DAI Monuments,http://thesauri.dainst.org/_16e8066f,Pseudo- Peripteros,peripteral,http://vocab.getty.edu/aat/300135991,broad match,broadMatch
ARIADNE_DAI_AAT_Mappings.pdf,4. DAI Monuments,http://thesauri.dainst.org/_16e8066f,Pseudo- Peripteros,temples (buildings),http://vocab.getty.edu/aat/300007595,broad match,broadMatch
ARIADNE_DAI_AAT_Mappings.pdf,4. DAI Monuments,http://thesauri.dainst.org/_cade55c0,Tholos,tholoi,http://vocab.getty.edu/aat/300121227,exact match,exactMatch
ARIADNE_DAI_AAT_Mappings.pdf,4. DAI Monuments,http://thesauri.dainst.org/_882d9db7,Umgangstempel,fanums,http://vocab.getty.edu/aat/300400628,narrow math,narrowMatch
ARIADNE_DAI_AAT_Mappings.pdf,4. DAI Monuments,http://thesauri.dainst.org/_247c7d26,griechisches Theater,open-air theaters,http://vocab.getty.edu/aat/300007126,broad match,broadMatch
ARIADNE_DAI_AAT_Mappings.pdf,4. DAI Monuments,http://thesauri.dainst.org/_e0b78ecd,römisches Theater,open-air theaters,http://vocab.getty.edu/aat/300007126,broad match,broadMatch
ARIADNE_DAI_AAT_Mappings.pdf,4. DAI Monuments,http://thesauri.dainst.org/_2811,Amphitheater,amphitheaters (built works),http://vocab.getty.edu/aat/300007128,exact match,exactMatch
ARIADNE_DAI_AAT_Mappings.pdf,4. DAI Monuments,http://thesauri.dainst.org/_241b3c83,Mauerturm,wall towers,http://vocab.getty.edu/aat/300003639,exact match,exactMatch
ARIADNE_DAI_AAT_Mappings.pdf,4. DAI Monuments,http://thesauri.dainst.org/_24f7e426,Turmgehöft,towers (single built works),http://vocab.getty.edu/aat/300004847,broad match,broadMatch
ARIADNE_DAI_AAT_Mappings.pdf,4. DAI Monuments,http://thesauri.dainst.org/_c807125a,Wachturm,watchtowers,http://vocab.getty.edu/aat/300134522,exact match,exactMatch
ARIADNE_DAI_AAT_Mappings.pdf,4. DAI Monuments,http://thesauri.dainst.org/_c5eff9b0,Wohnturm,tower houses (defensive structures),http://vocab.getty.edu/aat/300182716,exact match,exactMatch
ARIADNE_DAI_AAT_Mappings.pdf,4. DAI Monuments,http://thesauri.dainst.org/_879d2c87,Uhrturm,clock towers (towers),http://vocab.getty.edu/aat/300004857,exact match,exactMatch
ARIADNE_DAI_AAT_Mappings.pdf,4. DAI Monuments,http://thesauri.dainst.org/_1a5f65fc,Torturm,gate towers,http://vocab.getty.edu/aat/300003627,exact match,exactMatch
ARIADNE_DAI_AAT_Mappings.pdf,4. DAI Monuments,http://thesauri.dainst.org/_950aa627,Atriumhaus,atrium houses,http://vocab.getty.edu/aat/300005451,exact match,exactMatch
ARIADNE_DAI_AAT_Mappings.pdf,4. DAI Monuments,http://thesauri.dainst.org/_2778,Palast,palaces,http://vocab.getty.edu/aat/300005734,exact match,exactMatch
ARIADNE_DAI_AAT_Mappings.pdf,4. DAI Monuments,http://thesauri.dainst.org/_b3b6ee12,Peristylhaus,peristyle houses,http://vocab.getty.edu/aat/300005452,exact match,exactMatch
ARIADNE_DAI_AAT_Mappings.pdf,4. DAI Monuments,http://thesauri.dainst.org/_2804,Villa,villas,http://vocab.getty.edu/aat/300005517,exact match,exactMatch
ARIADNE_DAI_AAT_Mappings.pdf,4. DAI Monuments,http://thesauri.dainst.org/_62543af3,Dolmen,megalithic chamber tombs,http://vocab.getty.edu/aat/300005934,exact match,exactMatch
ARIADNE_DAI_AAT_Mappings.pdf,4. DAI Monuments,http://thesauri.dainst.org/_485b993c,Ganggrab,passage graves,http://vocab.getty.edu/aat/300120810,exact match,exactMatch
ARIADNE_DAI_AAT_Mappings.pdf,4. DAI Monuments,http://thesauri.dainst.org/_71dff4f7,Allée couvert,gallery graves,http://vocab.getty.edu/aat/300005939,exact match,exactMatch
ARIADNE_DAI_AAT_Mappings.pdf,4. DAI Monuments,http://thesauri.dainst.org/_b80f2cd5,Kromlech,cromlechs,http://vocab.getty.edu/aat/300006998,narrow math,narrowMatch
ARIADNE_DAI_AAT_Mappings.pdf,4. DAI Monuments,http://thesauri.dainst.org/_2a43d597,Barbakane,barbicans,http://vocab.getty.edu/aat/300003628,exact match,exactMatch
ARIADNE_DAI_AAT_Mappings.pdf,4. DAI Monuments,http://thesauri.dainst.org/_60efc5d6,Befestigungsbau,fortifications,http://vocab.getty.edu/aat/300006888,exact match,exactMatch
ARIADNE_DAI_AAT_Mappings.pdf,4. DAI Monuments,http://thesauri.dainst.org/_e6533d72,Befestigungsmau er,defensive walls,http://vocab.getty.edu/aat/300002485,exact match,exactMatch
ARIADNE_DAI_AAT_Mappings.pdf,4. DAI Monuments,http://thesauri.dainst.org/_f384745a,Kurtine,curtain walls (fortification elements),http://vocab.getty.edu/aat/300002504,exact match,exactMatch
ARIADNE_DAI_AAT_Mappings.pdf,4. DAI Monuments,http://thesauri.dainst.org/_fa805797,Wehrgang,terrepleins,http://vocab.getty.edu/aat/300002508,exact match,exactMatch
ARIADNE_DAI_AAT_Mappings.pdf,4. DAI Monuments,http://thesauri.dainst.org/_f842b64f,Tonverarbeitung,brickworks (factories),http://vocab.getty.edu/aat/300006278,narrow math,narrowMatch
ARIADNE_DAI_AAT_Mappings.pdf,4. DAI Monuments,http://thesauri.dainst.org/_d0339afd,Metallverarbeitun g,smithies,http://vocab.getty.edu/aat/300007734,close match,closeMatch
ARIADNE_DAI_AAT_Mappings.pdf,4. DAI Monuments,http://thesauri.dainst.org/_d0339afd,Metallverarbeitun g,metalworking plants,http://vocab.getty.edu/aat/300169784,close match,closeMatch
ARIADNE_DAI_AAT_Mappings.pdf,4. DAI Monuments,http://thesauri.dainst.org/_989f0e9e,Steinverarbeitung,quarries (extracting complexes),http://vocab.getty.edu/aat/300000402,narrow math,narrowMatch
ARIADNE_DAI_AAT_Mappings.pdf,4. DAI Monuments,http://thesauri.dainst.org/_989f0e9e,Steinverarbeitung,stonemasonry,http://vocab.getty.edu/aat/300386948,close match,closeMatch
ARIADNE_DAI_AAT_Mappings.pdf,4. DAI Monuments,http://thesauri.dainst.org/_989f0e9e,Steinverarbeitung,workshop buildings,http://vocab.getty.edu/aat/300007733,broad match,broadMatch
ARIADNE_DAI_AAT_Mappings.pdf,4. DAI Monuments,http://thesauri.dainst.org/_89eafd46,Glasverarbeitung,glassworks (buildings),http://vocab.getty.edu/aat/300389849,exact match,exactMatch
ARIADNE_DAI_AAT_Mappings.pdf,4. DAI Monuments,http://thesauri.dainst.org/_a46e0d7c,Textilverarbeitun g,textile mills,http://vocab.getty.edu/aat/300006321,close match,closeMatch
ARIADNE_DAI_AAT_Mappings.pdf,4. DAI Monuments,http://thesauri.dainst.org/_746b1bed,Nahrungsverarbei tung,processing plants,http://vocab.getty.edu/aat/300164121,close match,closeMatch
ARIADNE_DAI_AAT_Mappings.pdf,4. DAI Monuments,http://thesauri.dainst.org/_8a370786,Holzverarbeitung,sawmills (factories),http://vocab.getty.edu/aat/300006306,narrow math,narrowMatch
ARIADNE_DAI_AAT_Mappings.pdf,4. DAI Monuments,http://thesauri.dainst.org/_8a370786,Holzverarbeitung,planing mills,http://vocab.getty.edu/aat/300006304,close match,closeMatch
ARIADNE_DAI_AAT_Mappings.pdf,4. DAI Monuments,http://thesauri.dainst.org/_aa14d1ae,Leder- /Pelzverarbeitung,tanneries,http://vocab.getty.edu/aat/300006302,close match,closeMatch
ARIADNE_DAI_AAT_Mappings.pdf,4. DAI Monuments,http://thesauri.dainst.org/_d89cd8a1,Parfümproduktio n,workshop buildings,http://vocab.getty.edu/aat/300007733,broad match,broadMatch
ARIADNE_DAI_AAT_Mappings.pdf,4. DAI Monuments,http://thesauri.dainst.org/_7c6d9f45,Kalkbrennerei,limeworks,http://vocab.getty.edu/aat/300255747,close match,closeMatch
ARIADNE_DAI_AAT_Mappings.pdf,4. DAI Monuments,http://thesauri.dainst.org/_de742fda,Teer,workshop buildings,http://vocab.getty.edu/aat/300007733,broad match,broadMatch
ARIADNE_DAI_AAT_Mappings.pdf,4. DAI Monuments,http://thesauri.dainst.org/_3626,Pech,workshop buildings,http://vocab.getty.edu/aat/300007733,broad match,broadMatch
ARIADNE_DAI_AAT_Mappings.pdf,4. DAI Monuments,http://thesauri.dainst.org/_a0bd1faa,Leimsiederei,workshop buildings,http://vocab.getty.edu/aat/300007733,broad match,broadMatch
ARIADNE_DAI_AAT_Mappings.pdf,4. DAI Monuments,http://thesauri.dainst.org/_b796f042,Köhlerei,workshop buildings,http://vocab.getty.edu/aat/300007733,broad match,broadMatch
ARIADNE_DAI_AAT_Mappings.pdf,4. DAI Monuments,http://thesauri.dainst.org/_5c1d6a07,Gefäßflicker,workshop buildings,http://vocab.getty.edu/aat/300007733,broad match,broadMatch
ARIADNE_DAI_AAT_Mappings.pdf,4. DAI Monuments,http://thesauri.dainst.org/_2684,Wachs,workshop buildings,http://vocab.getty.edu/aat/300007733,broad match,broadMatch
ARIADNE_DAI_AAT_Mappings.pdf,5. DAI Multi Part Monuments,http://thesauri.dainst.org/_2746,Basilika,basilicas,http://vocab.getty.edu/aat/300170443,exact match,exactMatch
ARIADNE_DAI_AAT_Mappings.pdf,5. DAI Multi Part Monuments,http://thesauri.dainst.org/_2756,Garten,gardens (open spaces),http://vocab.getty.edu/aat/300008090,exact match,exactMatch
ARIADNE_DAI_AAT_Mappings.pdf,5. DAI Multi Part Monuments,http://thesauri.dainst.org/_2765,Heiligtum,sanctuaries (religious building spaces),http://vocab.getty.edu/aat/300004575,exact match,exactMatch
ARIADNE_DAI_AAT_Mappings.pdf,5. DAI Multi Part Monuments,http://thesauri.dainst.org/_2769,Kirche,churches (buildings),http://vocab.getty.edu/aat/300007466,exact match,exactMatch
ARIADNE_DAI_AAT_Mappings.pdf,5. DAI Multi Part Monuments,http://thesauri.dainst.org/_90f11ef0,Nekropole/Grab,necropolises,http://vocab.getty.edu/aat/300000372,exact match,exactMatch
ARIADNE_DAI_AAT_Mappings.pdf,5. DAI Multi Part Monuments,http://thesauri.dainst.org/_3ec13368,Öffentlicher Platz,public spaces,http://vocab.getty.edu/aat/300263422,exact match,exactMatch
ARIADNE_DAI_AAT_Mappings.pdf,5. DAI Multi Part Monuments,http://thesauri.dainst.org/_d563592b,privater Raum,space (natural or built world),http://vocab.getty.edu/aat/300400517,close match,closeMatch
ARIADNE_DAI_AAT_Mappings.pdf,5. DAI Multi Part Monuments,http://thesauri.dainst.org/_d563592b,privater Raum,privacy,http://vocab.getty.edu/aat/300056387,broad match,broadMatch
ARIADNE_DAI_AAT_Mappings.pdf,5. DAI Multi Part Monuments,http://thesauri.dainst.org/_53ba880b,Stadion,stadium,http://vocab.getty.edu/aat/300007271,exact match,exactMatch
ARIADNE_DAI_AAT_Mappings.pdf,5. DAI Multi Part Monuments,http://thesauri.dainst.org/_3588,Theater,theaters (buildings),http://vocab.getty.edu/aat/300007117,exact match,exactMatch
ARIADNE_DAI_AAT_Mappings.pdf,5. DAI Multi Part Monuments,http://thesauri.dainst.org/_691bba9c,Thermen,thermae,http://vocab.getty.edu/aat/300007364,exact match,exactMatch
ARIADNE_DAI_AAT_Mappings.pdf,5. DAI Multi Part Monuments,http://thesauri.dainst.org/_3701_a470a738408e250b1ed2c7c8f5ea05ac,unbekannt,<qualifiers for unknown creators not working directly with a known creator>,http://vocab.getty.edu/aat/300404267,close match,closeMatch
ARIADNE_DAI_AAT_Mappings.pdf,5. DAI Multi Part Monuments,http://thesauri.dainst.org/_2804,Villa,villas,http://vocab.getty.edu/aat/300005517,exact match,exactMatch
ARIADNE_DAI_AAT_Mappings.pdf,5. DAI Multi Part Monuments,http://thesauri.dainst.org/_41f42610,Götter,gods (dieties),http://vocab.getty.edu/aat/300343851,exact match,exactMatch
ARIADNE_DAI_AAT_Mappings.pdf,5. DAI Multi Part Monuments,http://thesauri.dainst.org/_8c4f2ca0,Kleine Gottheiten / Mythische Wesen,mythical or legendary beings,http://vocab.getty.edu/aat/300375725,close match,closeMatch
ARIADNE_DAI_AAT_Mappings.pdf,5. DAI Multi Part Monuments,http://thesauri.dainst.org/_4a1e0431,Heroen,heroes,http://vocab.getty.edu/aat/300236801,exact match,exactMatch
ARIADNE_DAI_AAT_Mappings.pdf,5. DAI Multi Part Monuments,http://thesauri.dainst.org/_d2c772a0,Menschen,people (agents),http://vocab.getty.edu/aat/300024979,exact match,exactMatch
ARIADNE_DAI_AAT_Mappings.pdf,5. DAI Multi Part Monuments,http://thesauri.dainst.org/_3637,Tiere,Animalia (kingdom),http://vocab.getty.edu/aat/300249395,close match,closeMatch
ARIADNE_DAI_AAT_Mappings.pdf,5. DAI Multi Part Monuments,http://thesauri.dainst.org/_3580,Pflanzen,Plantae (kingdom),http://vocab.getty.edu/aat/300132360,close match,closeMatch
ARIADNE_DAI_AAT_Mappings.pdf,5. DAI Multi Part Monuments,http://thesauri.dainst.org/_9279632d,Unbelebte Motive,motifs,http://vocab.getty.edu/aat/300009700,close match,closeMatch
ARIADNE_DAI_AAT_Mappings.pdf,5. DAI Multi Part Monuments,http://thesauri.dainst.org/_78c804cf,Frau,women (female humans),http://vocab.getty.edu/aat/300025943,exact match,exactMatch
ARIADNE_DAI_AAT_Mappings.pdf,5. DAI Multi Part Monuments,http://thesauri.dainst.org/_ed41a94d,Greis,elderly,http://vocab.getty.edu/aat/300025913,close match,closeMatch
ARIADNE_DAI_AAT_Mappings.pdf,5. DAI Multi Part Monuments,http://thesauri.dainst.org/_c809765f,Greisin,elderly,http://vocab.getty.edu/aat/300025913,close match,closeMatch
ARIADNE_DAI_AAT_Mappings.pdf,5. DAI Multi Part Monuments,http://thesauri.dainst.org/_f39c4219,Junge,boys,http://vocab.getty.edu/aat/300247598,exact match,exactMatch
ARIADNE_DAI_AAT_Mappings.pdf,5. DAI Multi Part Monuments,http://thesauri.dainst.org/_f60dd2eb,Kleinkind,toddlers,http://vocab.getty.edu/aat/300379598,close match,closeMatch
ARIADNE_DAI_AAT_Mappings.pdf,5. DAI Multi Part Monuments,http://thesauri.dainst.org/_4b77941b,Mädchen,girls,http://vocab.getty.edu/aat/300247581,exact match,exactMatch
ARIADNE_DAI_AAT_Mappings.pdf,5. DAI Multi Part Monuments,http://thesauri.dainst.org/_59dd53fc,Mann,male,http://vocab.getty.edu/aat/300189559,exact match,exactMatch
ARIADNE_DAI_AAT_Mappings.pdf,5. DAI Multi Part Monuments,http://thesauri.dainst.org/_2954_cf0633ec60c9cb1ff199a52e7795d97b,Barbar,people (agents),http://vocab.getty.edu/aat/300024979,broad match,broadMatch
ARIADNE_DAI_AAT_Mappings.pdf,5. DAI Multi Part Monuments,http://thesauri.dainst.org/_4846,Daker,Dacian,http://vocab.getty.edu/aat/300386020,close match,closeMatch
ARIADNE_DAI_AAT_Mappings.pdf,5. DAI Multi Part Monuments,http://thesauri.dainst.org/_cd750998,Gallier,Gallic,http://vocab.getty.edu/aat/300379855,close match,closeMatch
ARIADNE_DAI_AAT_Mappings.pdf,5. DAI Multi Part Monuments,http://thesauri.dainst.org/_57256287,Grieche,Ancient Greek (culture or style),http://vocab.getty.edu/aat/300020072,close match,closeMatch
ARIADNE_DAI_AAT_Mappings.pdf,5. DAI Multi Part Monuments,http://thesauri.dainst.org/_15d6e154,Kelte,Celtic (culture),http://vocab.getty.edu/aat/300019470,close match,closeMatch
ARIADNE_DAI_AAT_Mappings.pdf,5. DAI Multi Part Monuments,http://thesauri.dainst.org/_bc5e62c4,Negride,Ancient African,http://vocab.getty.edu/aat/300015690,close match,closeMatch
ARIADNE_DAI_AAT_Mappings.pdf,5. DAI Multi Part Monuments,http://thesauri.dainst.org/_4287,Parther,Parthian,http://vocab.getty.edu/aat/300019967,close match,closeMatch
ARIADNE_DAI_AAT_Mappings.pdf,5. DAI Multi Part Monuments,http://thesauri.dainst.org/_89ac9dc8,Perser,Persian (culture),http://vocab.getty.edu/aat/300019933,close match,closeMatch
ARIADNE_DAI_AAT_Mappings.pdf,5. DAI Multi Part Monuments,http://thesauri.dainst.org/_6583d13d,Phryger,Phrygian,http://vocab.getty.edu/aat/300019715,close match,closeMatch
ARIADNE_DAI_AAT_Mappings.pdf,5. DAI Multi Part Monuments,http://thesauri.dainst.org/_37df3a8b,Römer,Roman (ancient Italian culture or period),http://vocab.getty.edu/aat/300020533,close match,closeMatch
ARIADNE_DAI_AAT_Mappings.pdf,5. DAI Multi Part Monuments,http://thesauri.dainst.org/_243de556,Skythe,Scythian,http://vocab.getty.edu/aat/300019526,close match,closeMatch
ARIADNE_DAI_AAT_Mappings.pdf,5. DAI Multi Part Monuments,http://thesauri.dainst.org/_47d838ae,Adorant,worship,http://vocab.getty.edu/aat/300056005,broad match,broadMatch
ARIADNE_DAI_AAT_Mappings.pdf,5. DAI Multi Part Monuments,http://thesauri.dainst.org/_582686c3,Amtsträger / Magistrat,magistrates,http://vocab.getty.edu/aat/300025467,exact match,exactMatch
ARIADNE_DAI_AAT_Mappings.pdf,5. DAI Multi Part Monuments,http://thesauri.dainst.org/_3f0b446f,Athlet / Sportler,athletes,http://vocab.getty.edu/aat/300236025,exact match,exactMatch
ARIADNE_DAI_AAT_Mappings.pdf,5. DAI Multi Part Monuments,http://thesauri.dainst.org/_febd67e4,Bauer,peasants,http://vocab.getty.edu/aat/300230852,exact match,exactMatch
ARIADNE_DAI_AAT_Mappings.pdf,5. DAI Multi Part Monuments,http://thesauri.dainst.org/_ea233f0f,Dichter / Denker,poets,http://vocab.getty.edu/aat/300025513,exact match,exactMatch
ARIADNE_DAI_AAT_Mappings.pdf,5. DAI Multi Part Monuments,http://thesauri.dainst.org/_394cea56,Diener / Sklave,slaves (people),http://vocab.getty.edu/aat/300230899,exact match,exactMatch
ARIADNE_DAI_AAT_Mappings.pdf,5. DAI Multi Part Monuments,http://thesauri.dainst.org/_b48b5c16,Feldherr,generals,http://vocab.getty.edu/aat/300236762,exact match,exactMatch
ARIADNE_DAI_AAT_Mappings.pdf,5. DAI Multi Part Monuments,http://thesauri.dainst.org/_3027,Fischer,fishermen (people),http://vocab.getty.edu/aat/300025608,exact match,exactMatch
ARIADNE_DAI_AAT_Mappings.pdf,5. DAI Multi Part Monuments,http://thesauri.dainst.org/_01ef0a90,Freigelassener,people (agents),http://vocab.getty.edu/aat/300024979,broad match,broadMatch
ARIADNE_DAI_AAT_Mappings.pdf,5. DAI Multi Part Monuments,http://thesauri.dainst.org/_330d8d95,Gladiator,gladiators,http://vocab.getty.edu/aat/300258488,exact match,exactMatch
ARIADNE_DAI_AAT_Mappings.pdf,5. DAI Multi Part Monuments,http://thesauri.dainst.org/_3007,Handwerker,craftsmen,http://vocab.getty.edu/aat/300025389,exact match,exactMatch
ARIADNE_DAI_AAT_Mappings.pdf,5. DAI Multi Part Monuments,http://thesauri.dainst.org/_d9147814,Hirte,herdsmen,http://vocab.getty.edu/aat/300025615,exact match,exactMatch
ARIADNE_DAI_AAT_Mappings.pdf,5. DAI Multi Part Monuments,http://thesauri.dainst.org/_2977,Jäger,hunters (people),http://vocab.getty.edu/aat/300025619,exact match,exactMatch
ARIADNE_DAI_AAT_Mappings.pdf,5. DAI Multi Part Monuments,http://thesauri.dainst.org/_dd8719dd,Kaiser,emperors,http://vocab.getty.edu/aat/300025480,exact match,exactMatch
ARIADNE_DAI_AAT_Mappings.pdf,5. DAI Multi Part Monuments,http://thesauri.dainst.org/_518d6936,Kaiserfamilie,emperors,http://vocab.getty.edu/aat/300025480,close match,closeMatch
ARIADNE_DAI_AAT_Mappings.pdf,5. DAI Multi Part Monuments,http://thesauri.dainst.org/_518d6936,Kaiserfamilie,families,http://vocab.getty.edu/aat/300055474,close match,closeMatch
ARIADNE_DAI_AAT_Mappings.pdf,5. DAI Multi Part Monuments,http://thesauri.dainst.org/_9bfefddc,Kaisergattin,emperors,http://vocab.getty.edu/aat/300025480,close match,closeMatch
ARIADNE_DAI_AAT_Mappings.pdf,5. DAI Multi Part Monuments,http://thesauri.dainst.org/_9bfefddc,Kaisergattin,wives,http://vocab.getty.edu/aat/300154343,close match,closeMatch
ARIADNE_DAI_AAT_Mappings.pdf,5. DAI Multi Part Monuments,http://thesauri.dainst.org/_a48496de,König / Pharao,kings (people),http://vocab.getty.edu/aat/300025481,exact match,exactMatch
ARIADNE_DAI_AAT_Mappings.pdf,5. DAI Multi Part Monuments,http://thesauri.dainst.org/_a48496de,König / Pharao,pharaohs,http://vocab.getty.edu/aat/300150507,exact match,exactMatch
ARIADNE_DAI_AAT_Mappings.pdf,5. DAI Multi Part Monuments,http://thesauri.dainst.org/_4962c921,Krieger / Soldat,warriors,http://vocab.getty.edu/aat/300261945,exact match,exactMatch
ARIADNE_DAI_AAT_Mappings.pdf,5. DAI Multi Part Monuments,http://thesauri.dainst.org/_4962c921,Krieger / Soldat,soldiers,http://vocab.getty.edu/aat/300185678,exact match,exactMatch
ARIADNE_DAI_AAT_Mappings.pdf,5. DAI Multi Part Monuments,http://thesauri.dainst.org/_3fda85f8,Militäroffizier,military officers,http://vocab.getty.edu/aat/300236210,exact match,exactMatch
ARIADNE_DAI_AAT_Mappings.pdf,5. DAI Multi Part Monuments,http://thesauri.dainst.org/_f096fdb3,Opferdiener,people in religion,http://vocab.getty.edu/aat/300168457,broad match,broadMatch
ARIADNE_DAI_AAT_Mappings.pdf,5. DAI Multi Part Monuments,http://thesauri.dainst.org/_bad70e93,Philosoph,philosophers,http://vocab.getty.edu/aat/300025569,exact match,exactMatch
ARIADNE_DAI_AAT_Mappings.pdf,5. DAI Multi Part Monuments,http://thesauri.dainst.org/_77a609fb,Priester,priests,http://vocab.getty.edu/aat/300025774,exact match,exactMatch
ARIADNE_DAI_AAT_Mappings.pdf,5. DAI Multi Part Monuments,http://thesauri.dainst.org/_3017,Reiter,equestrians,http://vocab.getty.edu/aat/300188602,exact match,exactMatch
ARIADNE_DAI_AAT_Mappings.pdf,5. DAI Multi Part Monuments,http://thesauri.dainst.org/_065c3696,Schauspieler,actors (performing artists),http://vocab.getty.edu/aat/300025658,exact match,exactMatch
ARIADNE_DAI_AAT_Mappings.pdf,5. DAI Multi Part Monuments,http://thesauri.dainst.org/_2997,Wagenlenker,charioteers,http://vocab.getty.edu/aat/300380118,exact match,exactMatch
ARIADNE_DAI_AAT_Mappings.pdf,5. DAI Multi Part Monuments,http://thesauri.dainst.org/_6d2a5c23,Ehrung,honors,http://vocab.getty.edu/aat/300305463,exact match,exactMatch
ARIADNE_DAI_AAT_Mappings.pdf,5. DAI Multi Part Monuments,http://thesauri.dainst.org/_6c0bae56,Grab,burials,http://vocab.getty.edu/aat/300263485,exact match,exactMatch
ARIADNE_DAI_AAT_Mappings.pdf,5. DAI Multi Part Monuments,http://thesauri.dainst.org/_e724ef65,Grenzmal,boundary stones,http://vocab.getty.edu/aat/300006962,close match,closeMatch
ARIADNE_DAI_AAT_Mappings.pdf,5. DAI Multi Part Monuments,http://thesauri.dainst.org/_801610c0,kommemoratives Monument,commemorative sculpture,http://vocab.getty.edu/aat/300262491,broad match,broadMatch
ARIADNE_DAI_AAT_Mappings.pdf,5. DAI Multi Part Monuments,http://thesauri.dainst.org/_41a4249c,Kultbild,ritual objects,http://vocab.getty.edu/aat/300312158,broad match,broadMatch
ARIADNE_DAI_AAT_Mappings.pdf,5. DAI Multi Part Monuments,http://thesauri.dainst.org/_eac58268,öffentliche Ausstattung,equipment,http://vocab.getty.edu/aat/300122241,close match,closeMatch
ARIADNE_DAI_AAT_Mappings.pdf,5. DAI Multi Part Monuments,http://thesauri.dainst.org/_f6674384,private Ausstattung,equipment,http://vocab.getty.edu/aat/300122241,close match,closeMatch
ARIADNE_DAI_AAT_Mappings.pdf,5. DAI Multi Part Monuments,http://thesauri.dainst.org/_f6674384,private Ausstattung,privacy,http://vocab.getty.edu/aat/300056387,close match,closeMatch
ARIADNE_DAI_AAT_Mappings.pdf,5. DAI Multi Part Monuments,http://thesauri.dainst.org/_7647de4d,Stiftung,foundation (action or condition),http://vocab.getty.edu/aat/300393213,exact match,exactMatch
ARIADNE_DAI_AAT_Mappings.pdf,5. DAI Multi Part Monuments,http://thesauri.dainst.org/_c0564df8,unsicher,attribution qualifiers,http://vocab.getty.edu/aat/300404264,broad match,broadMatch
ARIADNE_DAI_AAT_Mappings.pdf,5. DAI Multi Part Monuments,http://thesauri.dainst.org/_21f298a9,Urkunde,certificates,http://vocab.getty.edu/aat/300026841,exact match,exactMatch
ARIADNE_DAI_AAT_Mappings.pdf,5. DAI Multi Part Monuments,http://thesauri.dainst.org/_a82814b1,Weihung,consecrations,http://vocab.getty.edu/aat/300069272,exact match,exactMatch
ARIADNE_DAI_AAT_Mappings.pdf,5. DAI Multi Part Monuments,http://thesauri.dainst.org/_3701_a470a738408e250b1ed2c7c8f5ea05ac,unbekannt,attribution qualifiers,http://vocab.getty.edu/aat/300404264,broad match,broadMatch
ARIADNE_DAI_AAT_Mappings.pdf,5. DAI Multi Part Monuments,http://thesauri.dainst.org/_2dcbad4a,Bauplastische Gruppe,sculpture groups,http://vocab.getty.edu/aat/300400898,broad match,broadMatch
ARIADNE_DAI_AAT_Mappings.pdf,5. DAI Multi Part Monuments,http://thesauri.dainst.org/_28f8614b,Doppelherme,herms,http://vocab.getty.edu/aat/300047170,close match,closeMatch
ARIADNE_DAI_AAT_Mappings.pdf,5. DAI Multi Part Monuments,http://thesauri.dainst.org/_5f4977a1,entrestaurierte antike Statue,statues,http://vocab.getty.edu/aat/300047600,broad match,broadMatch
ARIADNE_DAI_AAT_Mappings.pdf,5. DAI Multi Part Monuments,http://thesauri.dainst.org/_5f4977a1,entrestaurierte antike Statue,restoration (process),http://vocab.getty.edu/aat/300053742,broad match,broadMatch
ARIADNE_DAI_AAT_Mappings.pdf,5. DAI Multi Part Monuments,http://thesauri.dainst.org/_5f4977a1,entrestaurierte antike Statue,antiques (object genre),http://vocab.getty.edu/aat/300117125,broad match,broadMatch
ARIADNE_DAI_AAT_Mappings.pdf,5. DAI Multi Part Monuments,http://thesauri.dainst.org/_30dbf98d,freiplastische Gruppe,outdoor sculpture,http://vocab.getty.edu/aat/300047180,close match,closeMatch
ARIADNE_DAI_AAT_Mappings.pdf,5. DAI Multi Part Monuments,http://thesauri.dainst.org/_88c84eba,Fundgruppe,archaeological objects,http://vocab.getty.edu/aat/300234110,close match,closeMatch
ARIADNE_DAI_AAT_Mappings.pdf,5. DAI Multi Part Monuments,http://thesauri.dainst.org/_21628231,Gerätegruppe,<equipment by context>,http://vocab.getty.edu/aat/300239170,close match,closeMatch
ARIADNE_DAI_AAT_Mappings.pdf,5. DAI Multi Part Monuments,http://thesauri.dainst.org/_b27a0f63,Grabbefund / - inventar,graves,http://vocab.getty.edu/aat/300005907,broad match,broadMatch
ARIADNE_DAI_AAT_Mappings.pdf,5. DAI Multi Part Monuments,http://thesauri.dainst.org/_b27a0f63,Grabbefund / - inventar,grave goods,http://vocab.getty.edu/aat/300180706,exact match,exactMatch
ARIADNE_DAI_AAT_Mappings.pdf,5. DAI Multi Part Monuments,http://thesauri.dainst.org/_d45e2317,Hort / Depot,hoards (groupings),http://vocab.getty.edu/aat/300195474,exact match,exactMatch
ARIADNE_DAI_AAT_Mappings.pdf,5. DAI Multi Part Monuments,http://thesauri.dainst.org/_36c788fd,Modernes Pasticcio,pastiches (objects),http://vocab.getty.edu/aat/300049945,exact match,exactMatch
ARIADNE_DAI_AAT_Mappings.pdf,5. DAI Multi Part Monuments,http://thesauri.dainst.org/_464eeb21,Reihungsgruppe,series (groups),http://vocab.getty.edu/aat/300027349,broad match,broadMatch
ARIADNE_DAI_AAT_Mappings.pdf,5. DAI Multi Part Monuments,http://thesauri.dainst.org/_ff8fb536,Sammelaufnahme,series (groups),http://vocab.getty.edu/aat/300027349,broad match,broadMatch
ARIADNE_DAI_AAT_Mappings.pdf,5. DAI Multi Part Monuments,http://thesauri.dainst.org/_141f024d,Sarkophaggruppe,sarcophagi (coffins),http://vocab.getty.edu/aat/300005947,close match,closeMatch
ARIADNE_DAI_AAT_Mappings.pdf,5. DAI Multi Part Monuments,http://thesauri.dainst.org/_a23faca5,Statue(n) mit Attribut(en),statues,http://vocab.getty.edu/aat/300047600,broad match,broadMatch
ARIADNE_DAI_AAT_Mappings.pdf,5. DAI Multi Part Monuments,http://thesauri.dainst.org/_a23faca5,Statue(n) mit Attribut(en),figure-derived form attributes,http://vocab.getty.edu/aat/300263527,broad match,broadMatch
ARIADNE_DAI_AAT_Mappings.pdf,5. DAI Multi Part Monuments,http://thesauri.dainst.org/_c84577be,zufällig getrennte antike Statue,statues,http://vocab.getty.edu/aat/300047600,close match,closeMatch
ARIADNE_DAI_AAT_Mappings.pdf,5. DAI Multi Part Monuments,http://thesauri.dainst.org/_c84577be,zufällig getrennte antike Statue,detached (positional attribute),http://vocab.getty.edu/aat/300131111,broad match,broadMatch
ARIADNE_DAI_AAT_Mappings.pdf,5. DAI Multi Part Monuments,http://thesauri.dainst.org/_ff35ef13,zufällig getrenntes antikes Bauteil,architectural elements,http://vocab.getty.edu/aat/300000885,close match,closeMatch
ARIADNE_DAI_AAT_Mappings.pdf,5. DAI Multi Part Monuments,http://thesauri.dainst.org/_ff35ef13,zufällig getrenntes antikes Bauteil,detached (positional attribute),http://vocab.getty.edu/aat/300131111,broad match,broadMatch
ARIADNE_DAI_AAT_Mappings.pdf,5. DAI Multi Part Monuments,http://thesauri.dainst.org/_2917,Basen,column components,http://vocab.getty.edu/aat/300001650,broad match,broadMatch
ARIADNE_DAI_AAT_Mappings.pdf,5. DAI Multi Part Monuments,http://thesauri.dainst.org/_2917,Basen,Attic bases,http://vocab.getty.edu/aat/300001659,close match,closeMatch
ARIADNE_DAI_AAT_Mappings.pdf,5. DAI Multi Part Monuments,http://thesauri.dainst.org/_58bf0bec,Darstellungen in der Flächenkunst,decorative arts,http://vocab.getty.edu/aat/300054168,broad match,broadMatch
ARIADNE_DAI_AAT_Mappings.pdf,5. DAI Multi Part Monuments,http://thesauri.dainst.org/_18fc3bb5,Kopie(n)/Umbildung( en),pastiche copies,http://vocab.getty.edu/aat/300404073,exact match,exactMatch
ARIADNE_DAI_AAT_Mappings.pdf,5. DAI Multi Part Monuments,http://thesauri.dainst.org/_f4d61358,Original,originals (objects),http://vocab.getty.edu/aat/300015644,exact match,exactMatch
ARIADNE_DAI_AAT_Mappings.pdf,5. DAI Multi Part Monuments,http://thesauri.dainst.org/_129015a9,primär,primary (general designation),http://vocab.getty.edu/aat/300404450,exact match,exactMatch
ARIADNE_DAI_AAT_Mappings.pdf,5. DAI Multi Part Monuments,http://thesauri.dainst.org/_634bb902,sekundär,secondary (general designation),http://vocab.getty.edu/aat/300404451,exact match,exactMatch
ARIADNE_DAI_AAT_Mappings.pdf,6. DAI Topographic Objects,http://thesauri.dainst.org/_6a1cb7f0,Bergügel,hills (landforms),http://vocab.getty.edu/aat/300008777,exact match,exactMatch
ARIADNE_DAI_AAT_Mappings.pdf,6. DAI Topographic Objects,http://thesauri.dainst.org/_75f0a189,Bucht,bights (landforms),http://vocab.getty.edu/aat/300266557,exact match,exactMatch
ARIADNE_DAI_AAT_Mappings.pdf,6. DAI Topographic Objects,http://thesauri.dainst.org/_7c0ac5e8,Ebene,plains (landforms),http://vocab.getty.edu/aat/300008805,exact match,exactMatch
ARIADNE_DAI_AAT_Mappings.pdf,6. DAI Topographic Objects,http://thesauri.dainst.org/_9512c706,Fluss,rivers (bodies of water),http://vocab.getty.edu/aat/300008707,exact match,exactMatch
ARIADNE_DAI_AAT_Mappings.pdf,6. DAI Topographic Objects,http://thesauri.dainst.org/_e81afbd6,Gebirge,mountains (landforms),http://vocab.getty.edu/aat/300008795,exact match,exactMatch
ARIADNE_DAI_AAT_Mappings.pdf,6. DAI Topographic Objects,http://thesauri.dainst.org/_69b8b7c7,Grotte/Höhle,caves (landforms),http://vocab.getty.edu/aat/300008746,exact match,exactMatch
ARIADNE_DAI_AAT_Mappings.pdf,6. DAI Topographic Objects,http://thesauri.dainst.org/_65e85901,Halbinsel,peninsulas (landforms),http://vocab.getty.edu/aat/300008804,exact match,exactMatch
ARIADNE_DAI_AAT_Mappings.pdf,6. DAI Topographic Objects,http://thesauri.dainst.org/_2c39be78,Insel,islands (landforms),http://vocab.getty.edu/aat/300008791,exact match,exactMatch
ARIADNE_DAI_AAT_Mappings.pdf,6. DAI Topographic Objects,http://thesauri.dainst.org/_cac4c63f,Kap,capes (landforms),http://vocab.getty.edu/aat/300008850,exact match,exactMatch
ARIADNE_DAI_AAT_Mappings.pdf,6. DAI Topographic Objects,http://thesauri.dainst.org/_07eeaf49,Katarakt / Stromschnelle,cataract (bodies of water),http://vocab.getty.edu/aat/300008738,exact match,exactMatch
ARIADNE_DAI_AAT_Mappings.pdf,6. DAI Topographic Objects,http://thesauri.dainst.org/_5293422e,Küste,shores (landforms),http://vocab.getty.edu/aat/300008733,exact match,exactMatch
ARIADNE_DAI_AAT_Mappings.pdf,6. DAI Topographic Objects,http://thesauri.dainst.org/_dee10600,Landschaft,landscapes (environments),http://vocab.getty.edu/aat/300008626,close match,closeMatch
ARIADNE_DAI_AAT_Mappings.pdf,6. DAI Topographic Objects,http://thesauri.dainst.org/_3479,Meer,seas (bodies of water),http://vocab.getty.edu/aat/300008694,exact match,exactMatch
ARIADNE_DAI_AAT_Mappings.pdf,6. DAI Topographic Objects,http://thesauri.dainst.org/_db21f67e,Meerenge,sounds (bodies of water),http://vocab.getty.edu/aat/300266558,exact match,exactMatch
ARIADNE_DAI_AAT_Mappings.pdf,6. DAI Topographic Objects,http://thesauri.dainst.org/_ea1b1ae1,Quelle,springs (bodies of water),http://vocab.getty.edu/aat/300008697,exact match,exactMatch
ARIADNE_DAI_AAT_Mappings.pdf,6. DAI Topographic Objects,http://thesauri.dainst.org/_89128543,Schlucht,ravines (landform),http://vocab.getty.edu/aat/300008773,exact match,exactMatch
ARIADNE_DAI_AAT_Mappings.pdf,6. DAI Topographic Objects,http://thesauri.dainst.org/_efbeb559,See,lakes (bodies of water),http://vocab.getty.edu/aat/300008680,exact match,exactMatch
ARIADNE_DAI_AAT_Mappings.pdf,6. DAI Topographic Objects,http://thesauri.dainst.org/_1217b9c5,Tal,valleys (landforms),http://vocab.getty.edu/aat/300008761,exact match,exactMatch
ARIADNE_DAI_AAT_Mappings.pdf,6. DAI Topographic Objects,http://thesauri.dainst.org/_5b9f2871,Akropolis,acropolises,http://vocab.getty.edu/aat/300000700,exact match,exactMatch
ARIADNE_DAI_AAT_Mappings.pdf,6. DAI Topographic Objects,http://thesauri.dainst.org/_ebae8db5,Aquaedukt/Wasserle itung,aqueducts,http://vocab.getty.edu/aat/300006165,exact match,exactMatch
ARIADNE_DAI_AAT_Mappings.pdf,6. DAI Topographic Objects,http://thesauri.dainst.org/_fcd79027,Bahnstrecke,railroads (infrastructure),http://vocab.getty.edu/aat/300008591,exact match,exactMatch
ARIADNE_DAI_AAT_Mappings.pdf,6. DAI Topographic Objects,http://thesauri.dainst.org/_2747,Befestigung,fortifications,http://vocab.getty.edu/aat/300006888,exact match,exactMatch
ARIADNE_DAI_AAT_Mappings.pdf,6. DAI Topographic Objects,http://thesauri.dainst.org/_6b605836,cannabae,vici,http://vocab.getty.edu/aat/300000754,broad match,broadMatch
ARIADNE_DAI_AAT_Mappings.pdf,6. DAI Topographic Objects,http://thesauri.dainst.org/_2892ea94,Distrikt,districts,http://vocab.getty.edu/aat/300000705,exact match,exactMatch
ARIADNE_DAI_AAT_Mappings.pdf,6. DAI Topographic Objects,http://thesauri.dainst.org/_16fb930d,Dorf,villages,http://vocab.getty.edu/aat/300008372,exact match,exactMatch
ARIADNE_DAI_AAT_Mappings.pdf,6. DAI Topographic Objects,http://thesauri.dainst.org/_9779f311,Damm,levees,http://vocab.getty.edu/aat/300006156,exact match,exactMatch
ARIADNE_DAI_AAT_Mappings.pdf,6. DAI Topographic Objects,http://thesauri.dainst.org/_9f8dae16,Garten/Hain,grove,http://vocab.getty.edu/aat/300008884,exact match,exactMatch
ARIADNE_DAI_AAT_Mappings.pdf,6. DAI Topographic Objects,http://thesauri.dainst.org/_238f5774,Grenze/Linie,borders (boundaries),http://vocab.getty.edu/aat/300387343,exact match,exactMatch
ARIADNE_DAI_AAT_Mappings.pdf,6. DAI Topographic Objects,http://thesauri.dainst.org/_2763,Hafen,harbors,http://vocab.getty.edu/aat/300008678,exact match,exactMatch
ARIADNE_DAI_AAT_Mappings.pdf,6. DAI Topographic Objects,http://thesauri.dainst.org/_2765,Heiligtum,sanctuaries (religious building spaces),http://vocab.getty.edu/aat/300004575,exact match,exactMatch
ARIADNE_DAI_AAT_Mappings.pdf,6. DAI Topographic Objects,http://thesauri.dainst.org/_b09b4ff3,Hof/Geöft,granges (farms),http://vocab.getty.edu/aat/300045490,close match,closeMatch
ARIADNE_DAI_AAT_Mappings.pdf,6. DAI Topographic Objects,http://thesauri.dainst.org/_d6486501,Insula,insulae,http://vocab.getty.edu/aat/300000325,exact match,exactMatch
ARIADNE_DAI_AAT_Mappings.pdf,6. DAI Topographic Objects,http://thesauri.dainst.org/_7f2e8caa,Kanal,canals (waterways),http://vocab.getty.edu/aat/300006075,exact match,exactMatch
ARIADNE_DAI_AAT_Mappings.pdf,6. DAI Topographic Objects,http://thesauri.dainst.org/_97918e93,Karawanserei,caravanserais,http://vocab.getty.edu/aat/300007148,exact match,exactMatch
ARIADNE_DAI_AAT_Mappings.pdf,6. DAI Topographic Objects,http://thesauri.dainst.org/_be166ea8,Kloster,monasteries (built complexes),http://vocab.getty.edu/aat/300000641,exact match,exactMatch
ARIADNE_DAI_AAT_Mappings.pdf,6. DAI Topographic Objects,http://thesauri.dainst.org/_b0039022,Militärlager,military camps,http://vocab.getty.edu/aat/300000476,exact match,exactMatch
ARIADNE_DAI_AAT_Mappings.pdf,6. DAI Topographic Objects,http://thesauri.dainst.org/_7daaeda6,Moscheekomplex,mosques (buildings),http://vocab.getty.edu/aat/300007544,close match,closeMatch
ARIADNE_DAI_AAT_Mappings.pdf,6. DAI Topographic Objects,http://thesauri.dainst.org/_2ea5294b,Nekropole,necropolises,http://vocab.getty.edu/aat/300000372,exact match,exactMatch
ARIADNE_DAI_AAT_Mappings.pdf,6. DAI Topographic Objects,http://thesauri.dainst.org/_2778,Palast,palaces,http://vocab.getty.edu/aat/300005734,exact match,exactMatch
ARIADNE_DAI_AAT_Mappings.pdf,6. DAI Topographic Objects,http://thesauri.dainst.org/_2d40b40a,Park,parks,http://vocab.getty.edu/aat/300254248,exact match,exactMatch
ARIADNE_DAI_AAT_Mappings.pdf,6. DAI Topographic Objects,http://thesauri.dainst.org/_771507bc,Platz,plazas (squares),http://vocab.getty.edu/aat/300008214,exact match,exactMatch
ARIADNE_DAI_AAT_Mappings.pdf,6. DAI Topographic Objects,http://thesauri.dainst.org/_6557b6ca,Provinz,provinces,http://vocab.getty.edu/aat/300000774,exact match,exactMatch
ARIADNE_DAI_AAT_Mappings.pdf,6. DAI Topographic Objects,http://thesauri.dainst.org/_c2502528,Region,regions (administrative divisions),http://vocab.getty.edu/aat/300236112,close match,closeMatch
ARIADNE_DAI_AAT_Mappings.pdf,6. DAI Topographic Objects,http://thesauri.dainst.org/_202750bd,Siedlung,<settlements by condition>,http://vocab.getty.edu/aat/300008488,close match,closeMatch
ARIADNE_DAI_AAT_Mappings.pdf,6. DAI Topographic Objects,http://thesauri.dainst.org/_427d7bf1,Stadt,cities,http://vocab.getty.edu/aat/300008389,exact match,exactMatch
ARIADNE_DAI_AAT_Mappings.pdf,6. DAI Topographic Objects,http://thesauri.dainst.org/_d56a209b,Stadtviertel,quarters (districts),http://vocab.getty.edu/aat/300000762,exact match,exactMatch
ARIADNE_DAI_AAT_Mappings.pdf,6. DAI Topographic Objects,http://thesauri.dainst.org/_25141e84,Steinbruch/Bergwerk,quarries (extracting complexes),http://vocab.getty.edu/aat/300000402,exact match,exactMatch
ARIADNE_DAI_AAT_Mappings.pdf,6. DAI Topographic Objects,http://thesauri.dainst.org/_677268f5,Straße,streets,http://vocab.getty.edu/aat/300008247,exact match,exactMatch
ARIADNE_DAI_AAT_Mappings.pdf,6. DAI Topographic Objects,http://thesauri.dainst.org/_4fec39d1,Terrasse,terraces (landscaped- site elements),http://vocab.getty.edu/aat/300004182,exact match,exactMatch
ARIADNE_DAI_AAT_Mappings.pdf,6. DAI Topographic Objects,http://thesauri.dainst.org/_5a3fbdb3,Tunnel,tunnels,http://vocab.getty.edu/aat/300007899,exact match,exactMatch
ARIADNE_DAI_AAT_Mappings.pdf,6. DAI Topographic Objects,http://thesauri.dainst.org/_c32d5a5b,vicus,vici,http://vocab.getty.edu/aat/300000754,exact match,exactMatch
ARIADNE_DAI_AAT_Mappings.pdf,6. DAI Topographic Objects,http://thesauri.dainst.org/_0e298ef9,Viereckschanze,ditches,http://vocab.getty.edu/aat/300006178,broad match,broadMatch
ARIADNE_DAI_AAT_Mappings.pdf,6. DAI Topographic Objects,http://thesauri.dainst.org/_457fac51,Villa/Landgut,manors (agricultural complexes),http://vocab.getty.edu/aat/300000238,exact match,exactMatch
ARIADNE_DAI_AAT_Mappings.pdf,6. DAI Topographic Objects,http://thesauri.dainst.org/_6d70d873,natürlich,natural,http://vocab.getty.edu/aat/300219527,close match,closeMatch
ARIADNE_DAI_AAT_Mappings.pdf,6. DAI Topographic Objects,http://thesauri.dainst.org/_892d500f,anthropogen,man-made,http://vocab.getty.edu/aat/300224592,skos:closeMatch,closeMatch
ARIADNE_ADS_AAT_Mappings.pdf,1. ADS Building Materials,http://purl.org/heritagedata/schemes/eh_tbm/concepts/97722,ASHLAR,ashlar,http://vocab.getty.edu/aat/300011701,close match,closeMatch
ARIADNE_ADS_AAT_Mappings.pdf,1. ADS Building Materials,http://purl.org/heritagedata/schemes/eh_tbm/concepts/97777,BRICK,brick (clay product),http://vocab.getty.edu/aat/300010463,close match,closeMatch
ARIADNE_ADS_AAT_Mappings.pdf,1. ADS Building Materials,http://purl.org/heritagedata/schemes/eh_tbm/concepts/97813,CERAMIC,ceramic (material),http://vocab.getty.edu/aat/300235507,exact match,exactMatch
ARIADNE_ADS_AAT_Mappings.pdf,1. ADS Building Materials,http://purl.org/heritagedata/schemes/eh_tbm/concepts/97840,CONCRETE,concrete,http://vocab.getty.edu/aat/300010737,exact match,exactMatch
ARIADNE_ADS_AAT_Mappings.pdf,1. ADS Building Materials,http://purl.org/heritagedata/schemes/eh_tbm/concepts/97873,DAUB,daub,http://vocab.getty.edu/aat/300163933,exact match,exactMatch
ARIADNE_ADS_AAT_Mappings.pdf,1. ADS Building Materials,http://purl.org/heritagedata/schemes/eh_tbm/concepts/97939,GLASS,glass (material),http://vocab.getty.edu/aat/300010797,exact match,exactMatch
ARIADNE_ADS_AAT_Mappings.pdf,1. ADS Building Materials,http://purl.org/heritagedata/schemes/eh_tbm/concepts/98028,LIMESTONE,limestone,http://vocab.getty.edu/aat/300011286,exact match,exactMatch
ARIADNE_ADS_AAT_Mappings.pdf,1. ADS Building Materials,http://purl.org/heritagedata/schemes/eh_tbm/concepts/98193,SLAG,slag,http://vocab.getty.edu/aat/300011790,exact match,exactMatch
ARIADNE_ADS_AAT_Mappings.pdf,1. ADS Building Materials,http://purl.org/heritagedata/schemes/eh_tbm/concepts/98194,SLATE,slate (roofing),http://vocab.getty.edu/aat/300389711,close match,closeMatch
ARIADNE_ADS_AAT_Mappings.pdf,1. ADS Building Materials,http://purl.org/heritagedata/schemes/eh_tbm/concepts/98216,STONE,stone (worked rock),http://vocab.getty.edu/aat/300011176,exact match,exactMatch
ARIADNE_ADS_AAT_Mappings.pdf,1. ADS Building Materials,http://purl.org/heritagedata/schemes/eh_tbm/concepts/98241,TILE,tile (materials),http://vocab.getty.edu/aat/300010676,exact match,exactMatch
ARIADNE_ADS_AAT_Mappings.pdf,1. ADS Building Materials,http://purl.org/heritagedata/schemes/eh_tbm/concepts/98243,TIN,tin (metal),http://vocab.getty.edu/aat/300133748,close match,closeMatch
ARIADNE_ADS_AAT_Mappings.pdf,2. ADS Components,http://purl.org/heritagedata/schemes/eh_com/concepts/137632,CRANE,cranes (equipment),http://vocab.getty.edu/aat/300022331,exact match,exactMatch
ARIADNE_ADS_AAT_Mappings.pdf,2. ADS Components,http://purl.org/heritagedata/schemes/eh_com/concepts/137654,CRUCK,crucks,http://vocab.getty.edu/aat/300001846,exact match,exactMatch
ARIADNE_ADS_AAT_Mappings.pdf,2. ADS Components,http://purl.org/heritagedata/schemes/eh_com/concepts/137700,DORMER WINDOW,dormers,http://vocab.getty.edu/aat/300002232,close match,closeMatch
ARIADNE_ADS_AAT_Mappings.pdf,2. ADS Components,http://purl.org/heritagedata/schemes/eh_com/concepts/137771,FIREPLACE,fireplaces,http://vocab.getty.edu/aat/300052267,exact match,exactMatch
ARIADNE_ADS_AAT_Mappings.pdf,2. ADS Components,http://purl.org/heritagedata/schemes/eh_com/concepts/137950,LINTEL,lintels (spanning elements),http://vocab.getty.edu/aat/300003161,exact match,exactMatch
ARIADNE_ADS_AAT_Mappings.pdf,2. ADS Components,http://purl.org/heritagedata/schemes/eh_com/concepts/138038,ORIEL WINDOW,oriel windows,http://vocab.getty.edu/aat/300002954,exact match,exactMatch
ARIADNE_ADS_AAT_Mappings.pdf,2. ADS Components,http://purl.org/heritagedata/schemes/eh_com/concepts/138059,PARAPET,parapets,http://vocab.getty.edu/aat/300002717,exact match,exactMatch
ARIADNE_ADS_AAT_Mappings.pdf,2. ADS Components,http://purl.org/heritagedata/schemes/eh_com/concepts/138109,POST HOLE,posts (structural elements),http://vocab.getty.edu/aat/300001609,broad match,broadMatch
ARIADNE_ADS_AAT_Mappings.pdf,2. ADS Components,http://purl.org/heritagedata/schemes/eh_com/concepts/138191,SAIL,sails (equipment),http://vocab.getty.edu/aat/300185694,exact match,exactMatch
ARIADNE_ADS_AAT_Mappings.pdf,3. ADS Fish Objects,http://purl.org/heritagedata/schemes/mda_obj/concepts/96909,ADZE,adzes,http://vocab.getty.edu/aat/300023553,exact match,exactMatch
ARIADNE_ADS_AAT_Mappings.pdf,3. ADS Fish Objects,http://purl.org/heritagedata/schemes/mda_obj/concepts/95055,AGRICULTURE AND SUBSISTENCE,agriculture,http://vocab.getty.edu/aat/300054463,close match,closeMatch
ARIADNE_ADS_AAT_Mappings.pdf,3. ADS Fish Objects,http://purl.org/heritagedata/schemes/mda_obj/concepts/142915,ALLUVIUM,alluvium,http://vocab.getty.edu/aat/300264223,exact match,exactMatch
ARIADNE_ADS_AAT_Mappings.pdf,3. ADS Fish Objects,http://purl.org/heritagedata/schemes/mda_obj/concepts/100100,AMPHIBIAN REMAINS,animal components,http://vocab.getty.edu/aat/300251797,broad match,broadMatch
ARIADNE_ADS_AAT_Mappings.pdf,3. ADS Fish Objects,http://purl.org/heritagedata/schemes/mda_obj/concepts/96750,AMPHORA,amphorae (storage vessels),http://vocab.getty.edu/aat/300148696,exact match,exactMatch
ARIADNE_ADS_AAT_Mappings.pdf,3. ADS Fish Objects,http://purl.org/heritagedata/schemes/mda_obj/concepts/95897,AMPULLA,ampullae,http://vocab.getty.edu/aat/300198899,exact match,exactMatch
ARIADNE_ADS_AAT_Mappings.pdf,3. ADS Fish Objects,http://purl.org/heritagedata/schemes/mda_obj/concepts/95896,AMULET,amulets,http://vocab.getty.edu/aat/300266585,exact match,exactMatch
ARIADNE_ADS_AAT_Mappings.pdf,3. ADS Fish Objects,http://purl.org/heritagedata/schemes/mda_obj/concepts/97102,ANGON,angons,http://vocab.getty.edu/aat/300036975,exact match,exactMatch
ARIADNE_ADS_AAT_Mappings.pdf,3. ADS Fish Objects,http://purl.org/heritagedata/schemes/mda_obj/concepts/95074,Animal Bone,skeleton components (animal components),http://vocab.getty.edu/aat/300191781,exact match,exactMatch
ARIADNE_ADS_AAT_Mappings.pdf,3. ADS Fish Objects,http://purl.org/heritagedata/schemes/mda_obj/concepts/95054,ANIMAL EQUIPMENT,animal husbandry equipment,http://vocab.getty.edu/aat/300255532,broad match,broadMatch
ARIADNE_ADS_AAT_Mappings.pdf,3. ADS Fish Objects,http://purl.org/heritagedata/schemes/mda_obj/concepts/100097,ANIMAL MICRO REMAINS,animal components,http://vocab.getty.edu/aat/300251797,broad match,broadMatch
ARIADNE_ADS_AAT_Mappings.pdf,3. ADS Fish Objects,http://purl.org/heritagedata/schemes/mda_obj/concepts/95074,ANIMAL REMAINS,animal material,http://vocab.getty.edu/aat/300011793,close match,closeMatch
ARIADNE_ADS_AAT_Mappings.pdf,3. ADS Fish Objects,http://purl.org/heritagedata/schemes/mda_obj/concepts/95074,Animal Tooth,teeth (animal components),http://vocab.getty.edu/aat/300400467,exact match,exactMatch
ARIADNE_ADS_AAT_Mappings.pdf,3. ADS Fish Objects,http://purl.org/heritagedata/schemes/mda_obj/concepts/97114,ANNULAR BROOCH,ring brooches,http://vocab.getty.edu/aat/300263352,exact match,exactMatch
ARIADNE_ADS_AAT_Mappings.pdf,3. ADS Fish Objects,http://purl.org/heritagedata/schemes/mda_obj/concepts/141231,Ansate Brooch,brooches,http://vocab.getty.edu/aat/300045995,broad match,broadMatch
ARIADNE_ADS_AAT_Mappings.pdf,3. ADS Fish Objects,http://purl.org/heritagedata/schemes/mda_obj/concepts/95074,Antler,antlers (animal components),http://vocab.getty.edu/aat/300395687,exact match,exactMatch
ARIADNE_ADS_AAT_Mappings.pdf,3. ADS Fish Objects,http://purl.org/heritagedata/schemes/mda_obj/concepts/95074,Antler Tine,antlers (animal components),http://vocab.getty.edu/aat/300395687,broad match,broadMatch
ARIADNE_ADS_AAT_Mappings.pdf,3. ADS Fish Objects,http://purl.org/heritagedata/schemes/mda_obj/concepts/96360,ARCHITECTURAL ELEMENT,architectural elements,http://vocab.getty.edu/aat/300000885,exact match,exactMatch
ARIADNE_ADS_AAT_Mappings.pdf,3. ADS Fish Objects,http://purl.org/heritagedata/schemes/mda_obj/concepts/96002,ARCHITECTURAL FRAGMENT,fragments (object portions),http://vocab.getty.edu/aat/300117130,broad match,broadMatch
ARIADNE_ADS_AAT_Mappings.pdf,3. ADS Fish Objects,http://purl.org/heritagedata/schemes/mda_obj/concepts/95056,ARCHITECTURE,architecture (object genre),http://vocab.getty.edu/aat/300263552,exact match,exactMatch
ARIADNE_ADS_AAT_Mappings.pdf,3. ADS Fish Objects,http://purl.org/heritagedata/schemes/mda_obj/concepts/97103,ARM GUARD,vambraces,http://vocab.getty.edu/aat/300201790,broad match,broadMatch
ARIADNE_ADS_AAT_Mappings.pdf,3. ADS Fish Objects,http://purl.org/heritagedata/schemes/mda_obj/concepts/96652,ARMLET,armlets,http://vocab.getty.edu/aat/300045990,exact match,exactMatch
ARIADNE_ADS_AAT_Mappings.pdf,3. ADS Fish Objects,http://purl.org/heritagedata/schemes/mda_obj/concepts/95156,ARMOUR,armor (protective wear),http://vocab.getty.edu/aat/300036745,exact match,exactMatch
ARIADNE_ADS_AAT_Mappings.pdf,3. ADS Fish Objects,http://purl.org/heritagedata/schemes/mda_obj/concepts/97083,ARMOUR AND WEAPONS,weapons,http://vocab.getty.edu/aat/300036926,close match,closeMatch
ARIADNE_ADS_AAT_Mappings.pdf,3. ADS Fish Objects,http://purl.org/heritagedata/schemes/mda_obj/concepts/97083,ARMOUR AND WEAPONS,armor (protective wear),http://vocab.getty.edu/aat/300036745,close match,closeMatch
ARIADNE_ADS_AAT_Mappings.pdf,3. ADS Fish Objects,http://purl.org/heritagedata/schemes/mda_obj/concepts/95131,ARROW,arrows,http://vocab.getty.edu/aat/300036976,exact match,exactMatch
ARIADNE_ADS_AAT_Mappings.pdf,3. ADS Fish Objects,http://purl.org/heritagedata/schemes/mda_obj/concepts/95132,ARROWHEAD,arrowheads,http://vocab.getty.edu/aat/300024861,exact match,exactMatch
ARIADNE_ADS_AAT_Mappings.pdf,3. ADS Fish Objects,http://purl.org/heritagedata/schemes/mda_obj/concepts/141192,ASSEMBLAGE,assemblages (object groupings),http://vocab.getty.edu/aat/300256847,exact match,exactMatch
ARIADNE_ADS_AAT_Mappings.pdf,3. ADS Fish Objects,http://purl.org/heritagedata/schemes/mda_obj/concepts/96914,AWL,awls,http://vocab.getty.edu/aat/300024663,close match,closeMatch
ARIADNE_ADS_AAT_Mappings.pdf,3. ADS Fish Objects,http://purl.org/heritagedata/schemes/mda_obj/concepts/141179,AXE (TOOL),axes (tools),http://vocab.getty.edu/aat/300024664,exact match,exactMatch
ARIADNE_ADS_AAT_Mappings.pdf,3. ADS Fish Objects,http://purl.org/heritagedata/schemes/mda_obj/concepts/141181,AXE (WEAPON),axes (weapons),http://vocab.getty.edu/aat/300036982,exact match,exactMatch
ARIADNE_ADS_AAT_Mappings.pdf,3. ADS Fish Objects,http://purl.org/heritagedata/schemes/mda_obj/concepts/143949,AXE HAMMER,axhammers,http://vocab.getty.edu/aat/300023039,exact match,exactMatch
ARIADNE_ADS_AAT_Mappings.pdf,3. ADS Fish Objects,http://purl.org/heritagedata/schemes/mda_obj/concepts/97526,AXE TRIMMING FLAKE,flakes (object genre),http://vocab.getty.edu/aat/300265137,broad match,broadMatch
ARIADNE_ADS_AAT_Mappings.pdf,3. ADS Fish Objects,http://purl.org/heritagedata/schemes/mda_obj/concepts/100153,AXEHEAD,ax heads,http://vocab.getty.edu/aat/300400808,exact match,exactMatch
ARIADNE_ADS_AAT_Mappings.pdf,3. ADS Fish Objects,http://purl.org/heritagedata/schemes/mda_obj/concepts/96418,BADGE,badges,http://vocab.getty.edu/aat/300193994,exact match,exactMatch
ARIADNE_ADS_AAT_Mappings.pdf,3. ADS Fish Objects,http://purl.org/heritagedata/schemes/mda_obj/concepts/95306,BALANCE,balances (scales),http://vocab.getty.edu/aat/300195805,exact match,exactMatch
ARIADNE_ADS_AAT_Mappings.pdf,3. ADS Fish Objects,http://purl.org/heritagedata/schemes/mda_obj/concepts/96654,Bangle,bangles,http://vocab.getty.edu/aat/300045992,exact match,exactMatch
ARIADNE_ADS_AAT_Mappings.pdf,3. ADS Fish Objects,http://purl.org/heritagedata/schemes/mda_obj/concepts/95162,BARBED AND TANGED ARROWHEAD,arrowheads,http://vocab.getty.edu/aat/300024861,broad match,broadMatch
ARIADNE_ADS_AAT_Mappings.pdf,3. ADS Fish Objects,http://purl.org/heritagedata/schemes/mda_obj/concepts/97328,BARBED POINT,projectile points,http://vocab.getty.edu/aat/300024860,broad match,broadMatch
ARIADNE_ADS_AAT_Mappings.pdf,3. ADS Fish Objects,http://purl.org/heritagedata/schemes/mda_obj/concepts/96397,BARREL,barrels (containers),http://vocab.getty.edu/aat/300194514,exact match,exactMatch
ARIADNE_ADS_AAT_Mappings.pdf,3. ADS Fish Objects,http://purl.org/heritagedata/schemes/mda_obj/concepts/137053,BASE SHERD,sherds,http://vocab.getty.edu/aat/300117132,broad match,broadMatch
ARIADNE_ADS_AAT_Mappings.pdf,3. ADS Fish Objects,http://purl.org/heritagedata/schemes/mda_obj/concepts/96363,BASKET,baskets (containers),http://vocab.getty.edu/aat/300194498,exact match,exactMatch
ARIADNE_ADS_AAT_Mappings.pdf,3. ADS Fish Objects,http://purl.org/heritagedata/schemes/mda_obj/concepts/95165,BATTLEAXE,battle-axes,http://vocab.getty.edu/aat/300036983,exact match,exactMatch
ARIADNE_ADS_AAT_Mappings.pdf,3. ADS Fish Objects,http://purl.org/heritagedata/schemes/mda_obj/concepts/96488,BEAD,beads (pierced objects),http://vocab.getty.edu/aat/300234006,exact match,exactMatch
ARIADNE_ADS_AAT_Mappings.pdf,3. ADS Fish Objects,http://purl.org/heritagedata/schemes/mda_obj/concepts/96754,BEAKER,beakers (drinking vessels),http://vocab.getty.edu/aat/300043198,exact match,exactMatch
ARIADNE_ADS_AAT_Mappings.pdf,3. ADS Fish Objects,http://purl.org/heritagedata/schemes/mda_obj/concepts/95509,BELL,bells (idiophones),http://vocab.getty.edu/aat/300041872,exact match,exactMatch
ARIADNE_ADS_AAT_Mappings.pdf,3. ADS Fish Objects,http://purl.org/heritagedata/schemes/mda_obj/concepts/151960,BICONICAL URN,biconical urns,http://vocab.getty.edu/aat/300264948,close match,closeMatch
ARIADNE_ADS_AAT_Mappings.pdf,3. ADS Fish Objects,http://purl.org/heritagedata/schemes/mda_obj/concepts/95893,BIER,biers,http://vocab.getty.edu/aat/300262819,exact match,exactMatch
ARIADNE_ADS_AAT_Mappings.pdf,3. ADS Fish Objects,http://purl.org/heritagedata/schemes/mda_obj/concepts/95128,BIRD REMAINS,animal components,http://vocab.getty.edu/aat/300251797,broad match,broadMatch
ARIADNE_ADS_AAT_Mappings.pdf,3. ADS Fish Objects,http://purl.org/heritagedata/schemes/mda_obj/concepts/96399,BLADE,blades (tool and equipment components),http://vocab.getty.edu/aat/300024917,close match,closeMatch
ARIADNE_ADS_AAT_Mappings.pdf,3. ADS Fish Objects,http://purl.org/heritagedata/schemes/mda_obj/concepts/151831,BLADE CORE,cores (object genres),http://vocab.getty.edu/aat/300265134,close match,closeMatch
ARIADNE_ADS_AAT_Mappings.pdf,3. ADS Fish Objects,http://purl.org/heritagedata/schemes/mda_obj/concepts/97335,BLOOM,smelting,http://vocab.getty.edu/aat/300054041,broad match,broadMatch
ARIADNE_ADS_AAT_Mappings.pdf,3. ADS Fish Objects,http://purl.org/heritagedata/schemes/mda_obj/concepts/137054,BODY SHERD,sherds,http://vocab.getty.edu/aat/300117132,close match,closeMatch
ARIADNE_ADS_AAT_Mappings.pdf,3. ADS Fish Objects,http://purl.org/heritagedata/schemes/mda_obj/concepts/96240,BOLT (FASTENING),bolts (fasteners),http://vocab.getty.edu/aat/300033325,exact match,exactMatch
ARIADNE_ADS_AAT_Mappings.pdf,3. ADS Fish Objects,http://purl.org/heritagedata/schemes/mda_obj/concepts/96485,BORER,borers (tools),http://vocab.getty.edu/aat/300389694,close match,closeMatch
ARIADNE_ADS_AAT_Mappings.pdf,3. ADS Fish Objects,http://purl.org/heritagedata/schemes/mda_obj/concepts/96823,BOTTLE,bottles,http://vocab.getty.edu/aat/300045627,exact match,exactMatch
ARIADNE_ADS_AAT_Mappings.pdf,3. ADS Fish Objects,http://purl.org/heritagedata/schemes/mda_obj/concepts/96755,BOWL,bowls (vessels),http://vocab.getty.edu/aat/300203596,exact match,exactMatch
ARIADNE_ADS_AAT_Mappings.pdf,3. ADS Fish Objects,http://purl.org/heritagedata/schemes/mda_obj/concepts/96439,BOX,boxes (containers),http://vocab.getty.edu/aat/300045643,exact match,exactMatch
ARIADNE_ADS_AAT_Mappings.pdf,3. ADS Fish Objects,http://purl.org/heritagedata/schemes/mda_obj/concepts/96654,BRACELET,bracelets (jewelry),http://vocab.getty.edu/aat/300045991,exact match,exactMatch
ARIADNE_ADS_AAT_Mappings.pdf,3. ADS Fish Objects,http://purl.org/heritagedata/schemes/mda_obj/concepts/97596,BRASS,brasses (memorials),http://vocab.getty.edu/aat/300184647,broad match,broadMatch
ARIADNE_ADS_AAT_Mappings.pdf,3. ADS Fish Objects,http://purl.org/heritagedata/schemes/mda_obj/concepts/95169,BREASTPLATE,breastplates (body armor),http://vocab.getty.edu/aat/300036753,exact match,exactMatch
ARIADNE_ADS_AAT_Mappings.pdf,3. ADS Fish Objects,http://purl.org/heritagedata/schemes/mda_obj/concepts/96010,BRICK,building brick (clay products),http://vocab.getty.edu/aat/300010534,close match,closeMatch
ARIADNE_ADS_AAT_Mappings.pdf,3. ADS Fish Objects,http://purl.org/heritagedata/schemes/mda_obj/concepts/95672,BRIDLE FITTING,bridles,http://vocab.getty.edu/aat/300248092,broad match,broadMatch
ARIADNE_ADS_AAT_Mappings.pdf,3. ADS Fish Objects,http://purl.org/heritagedata/schemes/mda_obj/concepts/97337,BRIQUETAGE,ceramic products,http://vocab.getty.edu/aat/300157780,broad match,broadMatch
ARIADNE_ADS_AAT_Mappings.pdf,3. ADS Fish Objects,http://purl.org/heritagedata/schemes/mda_obj/concepts/96665,BROOCH,brooches,http://vocab.getty.edu/aat/300045995,exact match,exactMatch
ARIADNE_ADS_AAT_Mappings.pdf,3. ADS Fish Objects,http://purl.org/heritagedata/schemes/mda_obj/concepts/141197,BRYOZOAN REMAINS,Bryozoa (phylum),http://vocab.getty.edu/aat/300265691,broad match,broadMatch
ARIADNE_ADS_AAT_Mappings.pdf,3. ADS Fish Objects,http://purl.org/heritagedata/schemes/mda_obj/concepts/96364,BUCKET,buckets (vessels),http://vocab.getty.edu/aat/300045651,exact match,exactMatch
ARIADNE_ADS_AAT_Mappings.pdf,3. ADS Fish Objects,http://purl.org/heritagedata/schemes/mda_obj/concepts/96667,BUCKLE,buckles (strap accessories),http://vocab.getty.edu/aat/300239260,exact match,exactMatch
ARIADNE_ADS_AAT_Mappings.pdf,3. ADS Fish Objects,http://purl.org/heritagedata/schemes/mda_obj/concepts/95135,BULLET,bullets,http://vocab.getty.edu/aat/300201694,close match,closeMatch
ARIADNE_ADS_AAT_Mappings.pdf,3. ADS Fish Objects,http://purl.org/heritagedata/schemes/mda_obj/concepts/96401,BUNG,bungs,http://vocab.getty.edu/aat/300203447,exact match,exactMatch
ARIADNE_ADS_AAT_Mappings.pdf,3. ADS Fish Objects,http://purl.org/heritagedata/schemes/mda_obj/concepts/148316,BUNGHOLE JUG,bungholes,http://vocab.getty.edu/aat/300237688,close match,closeMatch
ARIADNE_ADS_AAT_Mappings.pdf,3. ADS Fish Objects,http://purl.org/heritagedata/schemes/mda_obj/concepts/95886,BURIAL URN,cremation urns,http://vocab.getty.edu/aat/300124808,exact match,exactMatch
ARIADNE_ADS_AAT_Mappings.pdf,3. ADS Fish Objects,http://purl.org/heritagedata/schemes/mda_obj/concepts/95758,BURIN,burins,http://vocab.getty.edu/aat/300193147,exact match,exactMatch
ARIADNE_ADS_AAT_Mappings.pdf,3. ADS Fish Objects,http://purl.org/heritagedata/schemes/mda_obj/concepts/97341,BURIN SPALL,spalls,http://vocab.getty.edu/aat/300343517,broad match,broadMatch
ARIADNE_ADS_AAT_Mappings.pdf,3. ADS Fish Objects,http://purl.org/heritagedata/schemes/mda_obj/concepts/97540,BURNT FLINT,flint (rock),http://vocab.getty.edu/aat/300011143,broad match,broadMatch
ARIADNE_ADS_AAT_Mappings.pdf,3. ADS Fish Objects,http://purl.org/heritagedata/schemes/mda_obj/concepts/141186,BUTCHERED ANIMAL REMAINS,animal material,http://vocab.getty.edu/aat/300011793,broad match,broadMatch
ARIADNE_ADS_AAT_Mappings.pdf,3. ADS Fish Objects,http://purl.org/heritagedata/schemes/mda_obj/concepts/96674,BUTTON,buttons (fasteners),http://vocab.getty.edu/aat/300239261,exact match,exactMatch
ARIADNE_ADS_AAT_Mappings.pdf,3. ADS Fish Objects,http://purl.org/heritagedata/schemes/mda_obj/concepts/96011,CAME,cames,http://vocab.getty.edu/aat/300003106,exact match,exactMatch
ARIADNE_ADS_AAT_Mappings.pdf,3. ADS Fish Objects,http://purl.org/heritagedata/schemes/mda_obj/concepts/96192,CANDLE HOLDER,candleholders,http://vocab.getty.edu/aat/300037583,exact match,exactMatch
ARIADNE_ADS_AAT_Mappings.pdf,3. ADS Fish Objects,http://purl.org/heritagedata/schemes/mda_obj/concepts/96198,CANDLESTICK,candlesticks,http://vocab.getty.edu/aat/300037588,close match,closeMatch
ARIADNE_ADS_AAT_Mappings.pdf,3. ADS Fish Objects,http://purl.org/heritagedata/schemes/mda_obj/concepts/95172,CANNON,cannons (artillery),http://vocab.getty.edu/aat/300036936,exact match,exactMatch
ARIADNE_ADS_AAT_Mappings.pdf,3. ADS Fish Objects,http://purl.org/heritagedata/schemes/mda_obj/concepts/148345,CARINATED BOWL,bowls (vessels),http://vocab.getty.edu/aat/300203596,broad match,broadMatch
ARIADNE_ADS_AAT_Mappings.pdf,3. ADS Fish Objects,http://purl.org/heritagedata/schemes/mda_obj/concepts/148389,CARINATED CUP,cups (drinking vessels),http://vocab.getty.edu/aat/300043202,broad match,broadMatch
ARIADNE_ADS_AAT_Mappings.pdf,3. ADS Fish Objects,http://purl.org/heritagedata/schemes/mda_obj/concepts/148295,CARVED OBJECT,found object sculpture,http://vocab.getty.edu/aat/300186923,broad match,broadMatch
ARIADNE_ADS_AAT_Mappings.pdf,3. ADS Fish Objects,http://purl.org/heritagedata/schemes/mda_obj/concepts/148295,Carved Stone,sculpture (visual work),http://vocab.getty.edu/aat/300047090,close match,closeMatch
ARIADNE_ADS_AAT_Mappings.pdf,3. ADS Fish Objects,http://purl.org/heritagedata/schemes/mda_obj/concepts/97542,CASTING WASTE,casting (process),http://vocab.getty.edu/aat/300053104,broad match,broadMatch
ARIADNE_ADS_AAT_Mappings.pdf,3. ADS Fish Objects,http://purl.org/heritagedata/schemes/mda_obj/concepts/96757,CAULDRON,cauldrons,http://vocab.getty.edu/aat/300196395,exact match,exactMatch
ARIADNE_ADS_AAT_Mappings.pdf,3. ADS Fish Objects,http://purl.org/heritagedata/schemes/mda_obj/concepts/141190,CERAMIC,ceramic (material),http://vocab.getty.edu/aat/300235507,exact match,exactMatch
ARIADNE_ADS_AAT_Mappings.pdf,3. ADS Fish Objects,http://purl.org/heritagedata/schemes/mda_obj/concepts/142983,CEREAL GRAIN,grain (seed),http://vocab.getty.edu/aat/300011871,exact match,exactMatch
ARIADNE_ADS_AAT_Mappings.pdf,3. ADS Fish Objects,http://purl.org/heritagedata/schemes/mda_obj/concepts/100065,CEREMONIAL OBJECT,ceremonial objects,http://vocab.getty.edu/aat/300234117,exact match,exactMatch
ARIADNE_ADS_AAT_Mappings.pdf,3. ADS Fish Objects,http://purl.org/heritagedata/schemes/mda_obj/concepts/96246,CHAIN,chains (object genres),http://vocab.getty.edu/aat/300014625,close match,closeMatch
ARIADNE_ADS_AAT_Mappings.pdf,3. ADS Fish Objects,http://purl.org/heritagedata/schemes/mda_obj/concepts/95877,CHALICE,chalices (liturgical vessels),http://vocab.getty.edu/aat/300194762,exact match,exactMatch
ARIADNE_ADS_AAT_Mappings.pdf,3. ADS Fish Objects,http://purl.org/heritagedata/schemes/mda_obj/concepts/96678,CHATELAINE,chatelaines,http://vocab.getty.edu/aat/300209297,exact match,exactMatch
ARIADNE_ADS_AAT_Mappings.pdf,3. ADS Fish Objects,http://purl.org/heritagedata/schemes/mda_obj/concepts/96025,CHIMNEY POT,chimney pots,http://vocab.getty.edu/aat/300003961,exact match,exactMatch
ARIADNE_ADS_AAT_Mappings.pdf,3. ADS Fish Objects,http://purl.org/heritagedata/schemes/mda_obj/concepts/96922,CHISEL,chisels,http://vocab.getty.edu/aat/300024665,exact match,exactMatch
ARIADNE_ADS_AAT_Mappings.pdf,3. ADS Fish Objects,http://purl.org/heritagedata/schemes/mda_obj/concepts/95903,CINERARY URN,cremation urns,http://vocab.getty.edu/aat/300124808,close match,closeMatch
ARIADNE_ADS_AAT_Mappings.pdf,3. ADS Fish Objects,http://purl.org/heritagedata/schemes/mda_obj/concepts/95509,Clapper,clapper bells,http://vocab.getty.edu/aat/300041874,close match,closeMatch
ARIADNE_ADS_AAT_Mappings.pdf,3. ADS Fish Objects,http://purl.org/heritagedata/schemes/mda_obj/concepts/96248,CLASP,clasps (fasteners),http://vocab.getty.edu/aat/300239507,exact match,exactMatch
ARIADNE_ADS_AAT_Mappings.pdf,3. ADS Fish Objects,http://purl.org/heritagedata/schemes/mda_obj/concepts/95639,CLAY PIPE (SMOKING),pipes (smoking equipment),http://vocab.getty.edu/aat/300248067,close match,closeMatch
ARIADNE_ADS_AAT_Mappings.pdf,3. ADS Fish Objects,http://purl.org/heritagedata/schemes/mda_obj/concepts/96404,CLEAVER,cleavers,http://vocab.getty.edu/aat/300199941,close match,closeMatch
ARIADNE_ADS_AAT_Mappings.pdf,3. ADS Fish Objects,http://purl.org/heritagedata/schemes/mda_obj/concepts/97105,CLOTHING,clothing,http://vocab.getty.edu/aat/300266639,exact match,exactMatch
ARIADNE_ADS_AAT_Mappings.pdf,3. ADS Fish Objects,http://purl.org/heritagedata/schemes/mda_obj/concepts/100078,CODPIECE,codpieces,http://vocab.getty.edu/aat/300046148,exact match,exactMatch
ARIADNE_ADS_AAT_Mappings.pdf,3. ADS Fish Objects,http://purl.org/heritagedata/schemes/mda_obj/concepts/95905,COFFIN,coffins,http://vocab.getty.edu/aat/300197585,exact match,exactMatch
ARIADNE_ADS_AAT_Mappings.pdf,3. ADS Fish Objects,http://purl.org/heritagedata/schemes/mda_obj/concepts/100132,COFFIN FITTING,coffins,http://vocab.getty.edu/aat/300197585,broad match,broadMatch
ARIADNE_ADS_AAT_Mappings.pdf,3. ADS Fish Objects,http://purl.org/heritagedata/schemes/mda_obj/concepts/95423,COIN,coins (money),http://vocab.getty.edu/aat/300037222,close match,closeMatch
ARIADNE_ADS_AAT_Mappings.pdf,3. ADS Fish Objects,http://purl.org/heritagedata/schemes/mda_obj/concepts/97525,COIN HOARD,hoards (groupings),http://vocab.getty.edu/aat/300195474,broad match,broadMatch
ARIADNE_ADS_AAT_Mappings.pdf,3. ADS Fish Objects,http://purl.org/heritagedata/schemes/mda_obj/concepts/95094,Coleoptera Remains,Coleoptera (order),http://vocab.getty.edu/aat/300310502,broad match,broadMatch
ARIADNE_ADS_AAT_Mappings.pdf,3. ADS Fish Objects,http://purl.org/heritagedata/schemes/mda_obj/concepts/96634,COLLAR,collars (neckwear),http://vocab.getty.edu/aat/300210058,close match,closeMatch
ARIADNE_ADS_AAT_Mappings.pdf,3. ADS Fish Objects,http://purl.org/heritagedata/schemes/mda_obj/concepts/151970,COLLARED URN,urns,http://vocab.getty.edu/aat/300129425,broad match,broadMatch
ARIADNE_ADS_AAT_Mappings.pdf,3. ADS Fish Objects,http://purl.org/heritagedata/schemes/mda_obj/concepts/142920,COLLUVIUM,deposit,http://vocab.getty.edu/aat/300264846,broad match,broadMatch
ARIADNE_ADS_AAT_Mappings.pdf,3. ADS Fish Objects,http://purl.org/heritagedata/schemes/mda_obj/concepts/96154,COMB,combs (grooming tools),http://vocab.getty.edu/aat/300236397,exact match,exactMatch
ARIADNE_ADS_AAT_Mappings.pdf,3. ADS Fish Objects,http://purl.org/heritagedata/schemes/mda_obj/concepts/97242,COMB CASE,combs (grooming tools),http://vocab.getty.edu/aat/300236397,close match,closeMatch
ARIADNE_ADS_AAT_Mappings.pdf,3. ADS Fish Objects,http://purl.org/heritagedata/schemes/mda_obj/concepts/96817,CONTAINER,containers (receptacles),http://vocab.getty.edu/aat/300197197,exact match,exactMatch
ARIADNE_ADS_AAT_Mappings.pdf,3. ADS Fish Objects,http://purl.org/heritagedata/schemes/mda_obj/concepts/97243,CONTAINER,containers (receptacles),http://vocab.getty.edu/aat/300197197,broad match,broadMatch
ARIADNE_ADS_AAT_Mappings.pdf,3. ADS Fish Objects,http://purl.org/heritagedata/schemes/mda_obj/concepts/97220,CONTAINER,containers (receptacles),http://vocab.getty.edu/aat/300197197,broad match,broadMatch
ARIADNE_ADS_AAT_Mappings.pdf,3. ADS Fish Objects,http://purl.org/heritagedata/schemes/mda_obj/concepts/97227,COOKING VESSEL,cookware,http://vocab.getty.edu/aat/300201279,close match,closeMatch
ARIADNE_ADS_AAT_Mappings.pdf,3. ADS Fish Objects,http://purl.org/heritagedata/schemes/mda_obj/concepts/151965,CORDONED URN,urns,http://vocab.getty.edu/aat/300129425,broad match,broadMatch
ARIADNE_ADS_AAT_Mappings.pdf,3. ADS Fish Objects,http://purl.org/heritagedata/schemes/mda_obj/concepts/97552,CORE,cores (object genres),http://vocab.getty.edu/aat/300265134,exact match,exactMatch
ARIADNE_ADS_AAT_Mappings.pdf,3. ADS Fish Objects,http://purl.org/heritagedata/schemes/mda_obj/concepts/96520,CORK,corks (stoppers),http://vocab.getty.edu/aat/300203448,exact match,exactMatch
ARIADNE_ADS_AAT_Mappings.pdf,3. ADS Fish Objects,http://purl.org/heritagedata/schemes/mda_obj/concepts/95060,COSTUME,costume (mode of fashion),http://vocab.getty.edu/aat/300178802,exact match,exactMatch
ARIADNE_ADS_AAT_Mappings.pdf,3. ADS Fish Objects,http://purl.org/heritagedata/schemes/mda_obj/concepts/137057,COUNTER,gaming counters,http://vocab.getty.edu/aat/300205348,close match,closeMatch
ARIADNE_ADS_AAT_Mappings.pdf,3. ADS Fish Objects,http://purl.org/heritagedata/schemes/mda_obj/concepts/97661,CREMATION,cremations,http://vocab.getty.edu/aat/300266356,close match,closeMatch
ARIADNE_ADS_AAT_Mappings.pdf,3. ADS Fish Objects,http://purl.org/heritagedata/schemes/mda_obj/concepts/96851,CRUCIBLE,crucibles,http://vocab.getty.edu/aat/300196462,exact match,exactMatch
ARIADNE_ADS_AAT_Mappings.pdf,3. ADS Fish Objects,http://purl.org/heritagedata/schemes/mda_obj/concepts/141235,CRUCIFORM BROOCH,brooches,http://vocab.getty.edu/aat/300045995,broad match,broadMatch
ARIADNE_ADS_AAT_Mappings.pdf,3. ADS Fish Objects,http://purl.org/heritagedata/schemes/mda_obj/concepts/141200,CRUSTACEAN REMAINS,animal components,http://vocab.getty.edu/aat/300251797,broad match,broadMatch
ARIADNE_ADS_AAT_Mappings.pdf,3. ADS Fish Objects,http://purl.org/heritagedata/schemes/mda_obj/concepts/96767,CUP,cups (drinking vessels),http://vocab.getty.edu/aat/300043202,exact match,exactMatch
ARIADNE_ADS_AAT_Mappings.pdf,3. ADS Fish Objects,http://purl.org/heritagedata/schemes/mda_obj/concepts/97209,CURRENCY,money,http://vocab.getty.edu/aat/300037316,close match,closeMatch
ARIADNE_ADS_AAT_Mappings.pdf,3. ADS Fish Objects,http://purl.org/heritagedata/schemes/mda_obj/concepts/97146,CUTTING EQUIPMENT,cutting equipment,http://vocab.getty.edu/aat/300163290,exact match,exactMatch
ARIADNE_ADS_AAT_Mappings.pdf,3. ADS Fish Objects,http://purl.org/heritagedata/schemes/mda_obj/concepts/95138,DAGGER,daggers (weapons),http://vocab.getty.edu/aat/300037058,exact match,exactMatch
ARIADNE_ADS_AAT_Mappings.pdf,3. ADS Fish Objects,http://purl.org/heritagedata/schemes/mda_obj/concepts/136754,DAUB,daub,http://vocab.getty.edu/aat/300163933,close match,closeMatch
ARIADNE_ADS_AAT_Mappings.pdf,3. ADS Fish Objects,http://purl.org/heritagedata/schemes/mda_obj/concepts/99629,DEATH BURIAL OR FUNERARY OBJECT,funerary objects,http://vocab.getty.edu/aat/300234126,broad match,broadMatch
ARIADNE_ADS_AAT_Mappings.pdf,3. ADS Fish Objects,http://purl.org/heritagedata/schemes/mda_obj/concepts/97322,DEBITAGE,debitage,http://vocab.getty.edu/aat/300265125,exact match,exactMatch
ARIADNE_ADS_AAT_Mappings.pdf,3. ADS Fish Objects,http://purl.org/heritagedata/schemes/mda_obj/concepts/142911,DEPOSIT,deposit,http://vocab.getty.edu/aat/300264846,close match,closeMatch
ARIADNE_ADS_AAT_Mappings.pdf,3. ADS Fish Objects,http://purl.org/heritagedata/schemes/mda_obj/concepts/97135,DIE,dice,http://vocab.getty.edu/aat/300211084,exact match,exactMatch
ARIADNE_ADS_AAT_Mappings.pdf,3. ADS Fish Objects,http://purl.org/heritagedata/schemes/mda_obj/concepts/137058,DISC,circular (shape),http://vocab.getty.edu/aat/300263827,broad match,broadMatch
ARIADNE_ADS_AAT_Mappings.pdf,3. ADS Fish Objects,http://purl.org/heritagedata/schemes/mda_obj/concepts/137058,DISC,disks (object genres),http://vocab.getty.edu/aat/300251427,close match,closeMatch
ARIADNE_ADS_AAT_Mappings.pdf,3. ADS Fish Objects,http://purl.org/heritagedata/schemes/mda_obj/concepts/97517,DISCOIDAL KNIFE,lithics,http://vocab.getty.edu/aat/300379567,broad match,broadMatch
ARIADNE_ADS_AAT_Mappings.pdf,3. ADS Fish Objects,http://purl.org/heritagedata/schemes/mda_obj/concepts/96770,DISH,serving dishes,http://vocab.getty.edu/aat/300198294,close match,closeMatch
ARIADNE_ADS_AAT_Mappings.pdf,3. ADS Fish Objects,http://purl.org/heritagedata/schemes/mda_obj/concepts/96054,DOOR,doors,http://vocab.getty.edu/aat/300002803,exact match,exactMatch
ARIADNE_ADS_AAT_Mappings.pdf,3. ADS Fish Objects,http://purl.org/heritagedata/schemes/mda_obj/concepts/96337,DRAIN PIPE,drains,http://vocab.getty.edu/aat/300052564,close match,closeMatch
ARIADNE_ADS_AAT_Mappings.pdf,3. ADS Fish Objects,http://purl.org/heritagedata/schemes/mda_obj/concepts/100075,DRESS AND PERSONAL ACCESSORIES,costume accessories,http://vocab.getty.edu/aat/300209273,close match,closeMatch
ARIADNE_ADS_AAT_Mappings.pdf,3. ADS Fish Objects,http://purl.org/heritagedata/schemes/mda_obj/concepts/97440,DRESS COMPONENT,clothing,http://vocab.getty.edu/aat/300266639,broad match,broadMatch
ARIADNE_ADS_AAT_Mappings.pdf,3. ADS Fish Objects,http://purl.org/heritagedata/schemes/mda_obj/concepts/96449,DRESSED STONE,dressed stone,http://vocab.getty.edu/aat/300070050,close match,closeMatch
ARIADNE_ADS_AAT_Mappings.pdf,3. ADS Fish Objects,http://purl.org/heritagedata/schemes/mda_obj/concepts/97225,DRINKING VESSEL,drinking vessels,http://vocab.getty.edu/aat/300194567,exact match,exactMatch
ARIADNE_ADS_AAT_Mappings.pdf,3. ADS Fish Objects,http://purl.org/heritagedata/schemes/mda_obj/concepts/96686,EAR RING,earrings (jewelry),http://vocab.getty.edu/aat/300045998,exact match,exactMatch
ARIADNE_ADS_AAT_Mappings.pdf,3. ADS Fish Objects,http://purl.org/heritagedata/schemes/mda_obj/concepts/95274,EAR SCOOP,equipment,http://vocab.getty.edu/aat/300122241,broad match,broadMatch
ARIADNE_ADS_AAT_Mappings.pdf,3. ADS Fish Objects,http://purl.org/heritagedata/schemes/mda_obj/concepts/97085,ECOFACTS,organic material,http://vocab.getty.edu/aat/300011792,broad match,broadMatch
ARIADNE_ADS_AAT_Mappings.pdf,3. ADS Fish Objects,http://purl.org/heritagedata/schemes/mda_obj/concepts/96928,END SCRAPER,scrapers (finishing tools),http://vocab.getty.edu/aat/300024836,broad match,broadMatch
ARIADNE_ADS_AAT_Mappings.pdf,3. ADS Fish Objects,http://purl.org/heritagedata/schemes/mda_obj/concepts/96929,FABRICATOR,flakes (object genre),http://vocab.getty.edu/aat/300265137,broad match,broadMatch
ARIADNE_ADS_AAT_Mappings.pdf,3. ADS Fish Objects,http://purl.org/heritagedata/schemes/mda_obj/concepts/95074,Faunal Remains,animal material,http://vocab.getty.edu/aat/300011793,broad match,broadMatch
ARIADNE_ADS_AAT_Mappings.pdf,3. ADS Fish Objects,http://purl.org/heritagedata/schemes/mda_obj/concepts/95824,FIGURINE,figurines,http://vocab.getty.edu/aat/300047455,exact match,exactMatch
ARIADNE_ADS_AAT_Mappings.pdf,3. ADS Fish Objects,http://purl.org/heritagedata/schemes/mda_obj/concepts/96691,FINGER RING,rings (jewelry),http://vocab.getty.edu/aat/300046012,exact match,exactMatch
ARIADNE_ADS_AAT_Mappings.pdf,3. ADS Fish Objects,http://purl.org/heritagedata/schemes/mda_obj/concepts/96204,FIRE GRATE,grates,http://vocab.getty.edu/aat/300003988,close match,closeMatch
ARIADNE_ADS_AAT_Mappings.pdf,3. ADS Fish Objects,http://purl.org/heritagedata/schemes/mda_obj/concepts/95471,FISH HOOK,fishhooks,http://vocab.getty.edu/aat/300024418,exact match,exactMatch
ARIADNE_ADS_AAT_Mappings.pdf,3. ADS Fish Objects,http://purl.org/heritagedata/schemes/mda_obj/concepts/95091,FISH REMAINS,animal components,http://vocab.getty.edu/aat/300251797,broad match,broadMatch
ARIADNE_ADS_AAT_Mappings.pdf,3. ADS Fish Objects,http://purl.org/heritagedata/schemes/mda_obj/concepts/95774,FISH SPEAR,fishing spears,http://vocab.getty.edu/aat/300037044,exact match,exactMatch
ARIADNE_ADS_AAT_Mappings.pdf,3. ADS Fish Objects,http://purl.org/heritagedata/schemes/mda_obj/concepts/97681,FISHING OBJECT,fishing tackle,http://vocab.getty.edu/aat/300024416,close match,closeMatch
ARIADNE_ADS_AAT_Mappings.pdf,3. ADS Fish Objects,http://purl.org/heritagedata/schemes/mda_obj/concepts/97692,FIXTURES AND FITTINGS,furniture components,http://vocab.getty.edu/aat/300040215,broad match,broadMatch
ARIADNE_ADS_AAT_Mappings.pdf,3. ADS Fish Objects,http://purl.org/heritagedata/schemes/mda_obj/concepts/96775,FLAGON,flagons,http://vocab.getty.edu/aat/300196545,close match,closeMatch
ARIADNE_ADS_AAT_Mappings.pdf,3. ADS Fish Objects,http://purl.org/heritagedata/schemes/mda_obj/concepts/97321,FLAKE,flakes (object genre),http://vocab.getty.edu/aat/300265137,close match,closeMatch
ARIADNE_ADS_AAT_Mappings.pdf,3. ADS Fish Objects,http://purl.org/heritagedata/schemes/mda_obj/concepts/96776,FLASK,flasks (bottles),http://vocab.getty.edu/aat/300045671,exact match,exactMatch
ARIADNE_ADS_AAT_Mappings.pdf,3. ADS Fish Objects,http://purl.org/heritagedata/schemes/mda_obj/concepts/97566,Flint Implement,flint (rock),http://vocab.getty.edu/aat/300011143,broad match,broadMatch
ARIADNE_ADS_AAT_Mappings.pdf,3. ADS Fish Objects,http://purl.org/heritagedata/schemes/mda_obj/concepts/96075,FLOOR TILE,floor tile,http://vocab.getty.edu/aat/300250799,exact match,exactMatch
ARIADNE_ADS_AAT_Mappings.pdf,3. ADS Fish Objects,http://purl.org/heritagedata/schemes/mda_obj/concepts/96369,FLOWER POT,flowerpots,http://vocab.getty.edu/aat/300194749,exact match,exactMatch
ARIADNE_ADS_AAT_Mappings.pdf,3. ADS Fish Objects,http://purl.org/heritagedata/schemes/mda_obj/concepts/97221,FOOD AND DRINK SERVING CONTAINER,serving dishes,http://vocab.getty.edu/aat/300198294,close match,closeMatch
ARIADNE_ADS_AAT_Mappings.pdf,3. ADS Fish Objects,http://purl.org/heritagedata/schemes/mda_obj/concepts/99627,FOOD AND LIQUID STORAGE CONTAINER,storage containers,http://vocab.getty.edu/aat/300197582,close match,closeMatch
ARIADNE_ADS_AAT_Mappings.pdf,3. ADS Fish Objects,http://purl.org/heritagedata/schemes/mda_obj/concepts/97226,FOOD GATHERING AND PREPARATION CONTAINER,culinary containers,http://vocab.getty.edu/aat/300197577,broad match,broadMatch
ARIADNE_ADS_AAT_Mappings.pdf,3. ADS Fish Objects,http://purl.org/heritagedata/schemes/mda_obj/concepts/96751,FOOD PREPARATION AND CONSUMPTION,culinary containers,http://vocab.getty.edu/aat/300197577,broad match,broadMatch
ARIADNE_ADS_AAT_Mappings.pdf,3. ADS Fish Objects,http://purl.org/heritagedata/schemes/mda_obj/concepts/97444,FOOD PREPARATION CONTAINER,culinary containers,http://vocab.getty.edu/aat/300197577,broad match,broadMatch
ARIADNE_ADS_AAT_Mappings.pdf,3. ADS Fish Objects,http://purl.org/heritagedata/schemes/mda_obj/concepts/97223,FOOD SERVING CONTAINER,serving dishes,http://vocab.getty.edu/aat/300198294,broad match,broadMatch
ARIADNE_ADS_AAT_Mappings.pdf,3. ADS Fish Objects,http://purl.org/heritagedata/schemes/mda_obj/concepts/96545,FURNITURE,furniture,http://vocab.getty.edu/aat/300037680,exact match,exactMatch
ARIADNE_ADS_AAT_Mappings.pdf,3. ADS Fish Objects,http://purl.org/heritagedata/schemes/mda_obj/concepts/95650,GAMING PIECE,game pieces (game elements),http://vocab.getty.edu/aat/300211101,exact match,exactMatch
ARIADNE_ADS_AAT_Mappings.pdf,3. ADS Fish Objects,http://purl.org/heritagedata/schemes/mda_obj/concepts/99617,GEOLOGICAL SAMPLE,geological specimens,http://vocab.getty.edu/aat/300379627,close match,closeMatch
ARIADNE_ADS_AAT_Mappings.pdf,3. ADS Fish Objects,http://purl.org/heritagedata/schemes/mda_obj/concepts/96624,GIRDLE,girdles (belts),http://vocab.getty.edu/aat/300220741,exact match,exactMatch
ARIADNE_ADS_AAT_Mappings.pdf,3. ADS Fish Objects,http://purl.org/heritagedata/schemes/mda_obj/concepts/96695,GIRDLE HANGER,chatelaines,http://vocab.getty.edu/aat/300209297,broad match,broadMatch
ARIADNE_ADS_AAT_Mappings.pdf,3. ADS Fish Objects,http://purl.org/heritagedata/schemes/mda_obj/concepts/97573,GLASS WORKING DEBRIS,glassworking,http://vocab.getty.edu/aat/300053929,broad match,broadMatch
ARIADNE_ADS_AAT_Mappings.pdf,3. ADS Fish Objects,http://purl.org/heritagedata/schemes/mda_obj/concepts/95356,GRAIN MEASURE,grain bins,http://vocab.getty.edu/aat/300005021,broad match,broadMatch
ARIADNE_ADS_AAT_Mappings.pdf,3. ADS Fish Objects,http://purl.org/heritagedata/schemes/mda_obj/concepts/141192,Grave Goods,grave goods,http://vocab.getty.edu/aat/300180706,exact match,exactMatch
ARIADNE_ADS_AAT_Mappings.pdf,3. ADS Fish Objects,http://purl.org/heritagedata/schemes/mda_obj/concepts/95975,GRAVE MARKER,grave markers,http://vocab.getty.edu/aat/300391176,exact match,exactMatch
ARIADNE_ADS_AAT_Mappings.pdf,3. ADS Fish Objects,http://purl.org/heritagedata/schemes/mda_obj/concepts/97507,GRAVE SLAB,tomb slabs,http://vocab.getty.edu/aat/300185385,exact match,exactMatch
ARIADNE_ADS_AAT_Mappings.pdf,3. ADS Fish Objects,http://purl.org/heritagedata/schemes/mda_obj/concepts/95977,GRAVESTONE,tombstones (sepulchral monuments),http://vocab.getty.edu/aat/300005923,exact match,exactMatch
ARIADNE_ADS_AAT_Mappings.pdf,3. ADS Fish Objects,http://purl.org/heritagedata/schemes/mda_obj/concepts/96370,GRINDSTONE,grinding stones,http://vocab.getty.edu/aat/300263933,close match,closeMatch
ARIADNE_ADS_AAT_Mappings.pdf,3. ADS Fish Objects,http://purl.org/heritagedata/schemes/mda_obj/concepts/96699,HAIR PIN,hair ornaments,http://vocab.getty.edu/aat/300209287,broad match,broadMatch
ARIADNE_ADS_AAT_Mappings.pdf,3. ADS Fish Objects,http://purl.org/heritagedata/schemes/mda_obj/concepts/96938,HAMMERSTONE,hammerstones,http://vocab.getty.edu/aat/300024854,exact match,exactMatch
ARIADNE_ADS_AAT_Mappings.pdf,3. ADS Fish Objects,http://purl.org/heritagedata/schemes/mda_obj/concepts/96374,HANDAXE,axes (tools),http://vocab.getty.edu/aat/300024664,broad match,broadMatch
ARIADNE_ADS_AAT_Mappings.pdf,3. ADS Fish Objects,http://purl.org/heritagedata/schemes/mda_obj/concepts/137067,HANDLE,handles,http://vocab.getty.edu/aat/300024927,close match,closeMatch
ARIADNE_ADS_AAT_Mappings.pdf,3. ADS Fish Objects,http://purl.org/heritagedata/schemes/mda_obj/concepts/95682,HARNESS,harnesses,http://vocab.getty.edu/aat/300212971,exact match,exactMatch
ARIADNE_ADS_AAT_Mappings.pdf,3. ADS Fish Objects,http://purl.org/heritagedata/schemes/mda_obj/concepts/96225,HEARTHSTONE,hearthstones,http://vocab.getty.edu/aat/300052342,exact match,exactMatch
ARIADNE_ADS_AAT_Mappings.pdf,3. ADS Fish Objects,http://purl.org/heritagedata/schemes/mda_obj/concepts/95183,HELMET,helmets (protective wear),http://vocab.getty.edu/aat/300036794,exact match,exactMatch
ARIADNE_ADS_AAT_Mappings.pdf,3. ADS Fish Objects,http://purl.org/heritagedata/schemes/mda_obj/concepts/96271,HINGE,hinges (hardware),http://vocab.getty.edu/aat/300033367,exact match,exactMatch
ARIADNE_ADS_AAT_Mappings.pdf,3. ADS Fish Objects,http://purl.org/heritagedata/schemes/mda_obj/concepts/97498,HOARD,hoards (groupings),http://vocab.getty.edu/aat/300195474,exact match,exactMatch
ARIADNE_ADS_AAT_Mappings.pdf,3. ADS Fish Objects,http://purl.org/heritagedata/schemes/mda_obj/concepts/96577,HOB NAIL,nails (fasteners),http://vocab.getty.edu/aat/300033565,broad match,broadMatch
ARIADNE_ADS_AAT_Mappings.pdf,3. ADS Fish Objects,http://purl.org/heritagedata/schemes/mda_obj/concepts/96274,HOOK,hooks (object genre),http://vocab.getty.edu/aat/300400821,close match,closeMatch
ARIADNE_ADS_AAT_Mappings.pdf,3. ADS Fish Objects,http://purl.org/heritagedata/schemes/mda_obj/concepts/95671,Horse Bit,bits (bridle components),http://vocab.getty.edu/aat/300248085,exact match,exactMatch
ARIADNE_ADS_AAT_Mappings.pdf,3. ADS Fish Objects,http://purl.org/heritagedata/schemes/mda_obj/concepts/97578,HORSE TRAPPING,horse trappings,http://vocab.getty.edu/aat/300265358,exact match,exactMatch
ARIADNE_ADS_AAT_Mappings.pdf,3. ADS Fish Objects,http://purl.org/heritagedata/schemes/mda_obj/concepts/95696,HORSESHOE,horseshoes (animal equipment),http://vocab.getty.edu/aat/300024400,exact match,exactMatch
ARIADNE_ADS_AAT_Mappings.pdf,3. ADS Fish Objects,http://purl.org/heritagedata/schemes/mda_obj/concepts/95093,Human Bone,human remains,http://vocab.getty.edu/aat/300379896,close match,closeMatch
ARIADNE_ADS_AAT_Mappings.pdf,3. ADS Fish Objects,http://purl.org/heritagedata/schemes/mda_obj/concepts/95093,HUMAN REMAINS,human remains,http://vocab.getty.edu/aat/300379896,exact match,exactMatch
ARIADNE_ADS_AAT_Mappings.pdf,3. ADS Fish Objects,http://purl.org/heritagedata/schemes/mda_obj/concepts/95093,Human Skeleton,skeletons (animal components),http://vocab.getty.edu/aat/300191778,broad match,broadMatch
ARIADNE_ADS_AAT_Mappings.pdf,3. ADS Fish Objects,http://purl.org/heritagedata/schemes/mda_obj/concepts/95093,Human Skull,skulls (skeleton components),http://vocab.getty.edu/aat/300191856,close match,closeMatch
ARIADNE_ADS_AAT_Mappings.pdf,3. ADS Fish Objects,http://purl.org/heritagedata/schemes/mda_obj/concepts/95093,Human Tooth,teeth (animal components),http://vocab.getty.edu/aat/300400467,broad match,broadMatch
ARIADNE_ADS_AAT_Mappings.pdf,3. ADS Fish Objects,http://purl.org/heritagedata/schemes/mda_obj/concepts/96084,IMBREX,imbrex,http://vocab.getty.edu/aat/300010682,exact match,exactMatch
ARIADNE_ADS_AAT_Mappings.pdf,3. ADS Fish Objects,http://purl.org/heritagedata/schemes/mda_obj/concepts/97580,INDUSTRIAL BY PRODUCT,waste,http://vocab.getty.edu/aat/300253876,broad match,broadMatch
ARIADNE_ADS_AAT_Mappings.pdf,3. ADS Fish Objects,http://purl.org/heritagedata/schemes/mda_obj/concepts/95424,INGOT,ingot,http://vocab.getty.edu/aat/300137865,exact match,exactMatch
ARIADNE_ADS_AAT_Mappings.pdf,3. ADS Fish Objects,http://purl.org/heritagedata/schemes/mda_obj/concepts/95378,INKWELL,inkwells,http://vocab.getty.edu/aat/300196797,exact match,exactMatch
ARIADNE_ADS_AAT_Mappings.pdf,3. ADS Fish Objects,http://purl.org/heritagedata/schemes/mda_obj/concepts/97318,INSCRIBED OBJECT,inscriptions,http://vocab.getty.edu/aat/300028702,broad match,broadMatch
ARIADNE_ADS_AAT_Mappings.pdf,3. ADS Fish Objects,http://purl.org/heritagedata/schemes/mda_obj/concepts/95094,INSECT REMAINS,animal components,http://vocab.getty.edu/aat/300251797,broad match,broadMatch
ARIADNE_ADS_AAT_Mappings.pdf,3. ADS Fish Objects,http://purl.org/heritagedata/schemes/mda_obj/concepts/95417,INTAGLIO,intaglios (sculptural objects),http://vocab.getty.edu/aat/300047216,close match,closeMatch
ARIADNE_ADS_AAT_Mappings.pdf,3. ADS Fish Objects,http://purl.org/heritagedata/schemes/mda_obj/concepts/141195,INVERTEBRATE REMAINS,animal components,http://vocab.getty.edu/aat/300251797,broad match,broadMatch
ARIADNE_ADS_AAT_Mappings.pdf,3. ADS Fish Objects,http://purl.org/heritagedata/schemes/mda_obj/concepts/96783,JAR,jars,http://vocab.getty.edu/aat/300195347,exact match,exactMatch
ARIADNE_ADS_AAT_Mappings.pdf,3. ADS Fish Objects,http://purl.org/heritagedata/schemes/mda_obj/concepts/95426,JETTON,jettons,http://vocab.getty.edu/aat/300191481,exact match,exactMatch
ARIADNE_ADS_AAT_Mappings.pdf,3. ADS Fish Objects,http://purl.org/heritagedata/schemes/mda_obj/concepts/96706,JEWELLERY,jewellery,http://vocab.getty.edu/aat/300209286,exact match,exactMatch
ARIADNE_ADS_AAT_Mappings.pdf,3. ADS Fish Objects,http://purl.org/heritagedata/schemes/mda_obj/concepts/95488,JEWS HARP,Jew's harps,http://vocab.getty.edu/aat/300042576,exact match,exactMatch
ARIADNE_ADS_AAT_Mappings.pdf,3. ADS Fish Objects,http://purl.org/heritagedata/schemes/mda_obj/concepts/96784,JUG,jugs (vessels),http://vocab.getty.edu/aat/300045685,exact match,exactMatch
ARIADNE_ADS_AAT_Mappings.pdf,3. ADS Fish Objects,http://purl.org/heritagedata/schemes/mda_obj/concepts/96861,KEG,kegs,http://vocab.getty.edu/aat/300194516,exact match,exactMatch
ARIADNE_ADS_AAT_Mappings.pdf,3. ADS Fish Objects,http://purl.org/heritagedata/schemes/mda_obj/concepts/97317,KEY (LOCKING),keys (hardware),http://vocab.getty.edu/aat/300033579,exact match,exactMatch
ARIADNE_ADS_AAT_Mappings.pdf,3. ADS Fish Objects,http://purl.org/heritagedata/schemes/mda_obj/concepts/97584,KILN WASTE,kilns,http://vocab.getty.edu/aat/300022798,broad match,broadMatch
ARIADNE_ADS_AAT_Mappings.pdf,3. ADS Fish Objects,http://purl.org/heritagedata/schemes/mda_obj/concepts/96377,KNIFE,knives,http://vocab.getty.edu/aat/300024668,close match,closeMatch
ARIADNE_ADS_AAT_Mappings.pdf,3. ADS Fish Objects,http://purl.org/heritagedata/schemes/mda_obj/concepts/97585,LACE TAG,shoelaces,http://vocab.getty.edu/aat/300210524,broad match,broadMatch
ARIADNE_ADS_AAT_Mappings.pdf,3. ADS Fish Objects,http://purl.org/heritagedata/schemes/mda_obj/concepts/96213,LAMP,lamps (lighting devices),http://vocab.getty.edu/aat/300037592,exact match,exactMatch
ARIADNE_ADS_AAT_Mappings.pdf,3. ADS Fish Objects,http://purl.org/heritagedata/schemes/mda_obj/concepts/96283,LATCHLIFTER,lift latches,http://vocab.getty.edu/aat/300033397,broad match,broadMatch
ARIADNE_ADS_AAT_Mappings.pdf,3. ADS Fish Objects,http://purl.org/heritagedata/schemes/mda_obj/concepts/97253,LEAF ARROWHEAD,arrowheads,http://vocab.getty.edu/aat/300024861,close match,closeMatch
ARIADNE_ADS_AAT_Mappings.pdf,3. ADS Fish Objects,http://purl.org/heritagedata/schemes/mda_obj/concepts/97668,LEVALLOIS CORE,cores (object genres),http://vocab.getty.edu/aat/300265134,broad match,broadMatch
ARIADNE_ADS_AAT_Mappings.pdf,3. ADS Fish Objects,http://purl.org/heritagedata/schemes/mda_obj/concepts/97669,LEVALLOIS FLAKE,flakes (object genre),http://vocab.getty.edu/aat/300265137,broad match,broadMatch
ARIADNE_ADS_AAT_Mappings.pdf,3. ADS Fish Objects,http://purl.org/heritagedata/schemes/mda_obj/concepts/97669,Levallois Point,projectile points,http://vocab.getty.edu/aat/300024860,broad match,broadMatch
ARIADNE_ADS_AAT_Mappings.pdf,3. ADS Fish Objects,http://purl.org/heritagedata/schemes/mda_obj/concepts/96284,LIFT KEY,keys (adjusting equipment),http://vocab.getty.edu/aat/300251159,broad match,broadMatch
ARIADNE_ADS_AAT_Mappings.pdf,3. ADS Fish Objects,http://purl.org/heritagedata/schemes/mda_obj/concepts/95440,LINCH PIN,shafts (vehicle components),http://vocab.getty.edu/aat/300391133,broad match,broadMatch
ARIADNE_ADS_AAT_Mappings.pdf,3. ADS Fish Objects,http://purl.org/heritagedata/schemes/mda_obj/concepts/97566,LITHIC IMPLEMENT,lithics,http://vocab.getty.edu/aat/300379567,exact match,exactMatch
ARIADNE_ADS_AAT_Mappings.pdf,3. ADS Fish Objects,http://purl.org/heritagedata/schemes/mda_obj/concepts/97042,LOOMWEIGHT,loom weights,http://vocab.getty.edu/aat/300248042,exact match,exactMatch
ARIADNE_ADS_AAT_Mappings.pdf,3. ADS Fish Objects,http://purl.org/heritagedata/schemes/mda_obj/concepts/95196,MACE,ceremonial maces,http://vocab.getty.edu/aat/300299039,close match,closeMatch
ARIADNE_ADS_AAT_Mappings.pdf,3. ADS Fish Objects,http://purl.org/heritagedata/schemes/mda_obj/concepts/95196,Macehead,mace heads (weapons),http://vocab.getty.edu/aat/300375720,exact match,exactMatch
ARIADNE_ADS_AAT_Mappings.pdf,3. ADS Fish Objects,http://purl.org/heritagedata/schemes/mda_obj/concepts/100098,MAMMAL REMAINS,animal components,http://vocab.getty.edu/aat/300251797,broad match,broadMatch
ARIADNE_ADS_AAT_Mappings.pdf,3. ADS Fish Objects,http://purl.org/heritagedata/schemes/mda_obj/concepts/97581,MANUFACTURE AND PROCESSING,manufacturing,http://vocab.getty.edu/aat/300077527,broad match,broadMatch
ARIADNE_ADS_AAT_Mappings.pdf,3. ADS Fish Objects,http://purl.org/heritagedata/schemes/mda_obj/concepts/95385,MANUSCRIPT,manuscripts (document genre),http://vocab.getty.edu/aat/300028569,exact match,exactMatch
ARIADNE_ADS_AAT_Mappings.pdf,3. ADS Fish Objects,http://purl.org/heritagedata/schemes/mda_obj/concepts/95636,MARBLE,marbles (game pieces),http://vocab.getty.edu/aat/300211125,exact match,exactMatch
ARIADNE_ADS_AAT_Mappings.pdf,3. ADS Fish Objects,http://purl.org/heritagedata/schemes/mda_obj/concepts/142929,MARINE DEPOSIT,deposit,http://vocab.getty.edu/aat/300264846,broad match,broadMatch
ARIADNE_ADS_AAT_Mappings.pdf,3. ADS Fish Objects,http://purl.org/heritagedata/schemes/mda_obj/concepts/142895,MARINE MOLLUSCA REMAINS,animal components,http://vocab.getty.edu/aat/300251797,broad match,broadMatch
ARIADNE_ADS_AAT_Mappings.pdf,3. ADS Fish Objects,http://purl.org/heritagedata/schemes/mda_obj/concepts/97597,METAL WORKING DEBRIS,metal-working,http://vocab.getty.edu/aat/300053946,close match,closeMatch
ARIADNE_ADS_AAT_Mappings.pdf,3. ADS Fish Objects,http://purl.org/heritagedata/schemes/mda_obj/concepts/97390,MICROBURIN,microliths,http://vocab.getty.edu/aat/300393267,broad match,broadMatch
ARIADNE_ADS_AAT_Mappings.pdf,3. ADS Fish Objects,http://purl.org/heritagedata/schemes/mda_obj/concepts/96371,MICRODENTICULATE,flakes (object genre),http://vocab.getty.edu/aat/300265137,broad match,broadMatch
ARIADNE_ADS_AAT_Mappings.pdf,3. ADS Fish Objects,http://purl.org/heritagedata/schemes/mda_obj/concepts/96373,MICROLITH,microliths,http://vocab.getty.edu/aat/300393267,exact match,exactMatch
ARIADNE_ADS_AAT_Mappings.pdf,3. ADS Fish Objects,http://purl.org/heritagedata/schemes/mda_obj/concepts/97392,MIRROR,mirrors,http://vocab.getty.edu/aat/300037682,exact match,exactMatch
ARIADNE_ADS_AAT_Mappings.pdf,3. ADS Fish Objects,http://purl.org/heritagedata/schemes/mda_obj/concepts/95096,MOLLUSCA REMAINS,animal components,http://vocab.getty.edu/aat/300251797,broad match,broadMatch
ARIADNE_ADS_AAT_Mappings.pdf,3. ADS Fish Objects,http://purl.org/heritagedata/schemes/mda_obj/concepts/96410,MORTAR (VESSEL),mortars (grinding tools),http://vocab.getty.edu/aat/300024724,exact match,exactMatch
ARIADNE_ADS_AAT_Mappings.pdf,3. ADS Fish Objects,http://purl.org/heritagedata/schemes/mda_obj/concepts/96869,MORTARIUM,mortaria,http://vocab.getty.edu/aat/300395633,exact match,exactMatch
ARIADNE_ADS_AAT_Mappings.pdf,3. ADS Fish Objects,http://purl.org/heritagedata/schemes/mda_obj/concepts/96290,MOSAIC,mosaics (visual works),http://vocab.getty.edu/aat/300015342,close match,closeMatch
ARIADNE_ADS_AAT_Mappings.pdf,3. ADS Fish Objects,http://purl.org/heritagedata/schemes/mda_obj/concepts/96472,MOULD,moulds (shaping tools),http://vocab.getty.edu/aat/300024814,close match,closeMatch
ARIADNE_ADS_AAT_Mappings.pdf,3. ADS Fish Objects,http://purl.org/heritagedata/schemes/mda_obj/concepts/96089,MOULDING,architectural mouldings,http://vocab.getty.edu/aat/300244017,close match,closeMatch
ARIADNE_ADS_AAT_Mappings.pdf,3. ADS Fish Objects,http://purl.org/heritagedata/schemes/mda_obj/concepts/137076,MOUNT,mounts (attachments),http://vocab.getty.edu/aat/300171585,exact match,exactMatch
ARIADNE_ADS_AAT_Mappings.pdf,3. ADS Fish Objects,http://purl.org/heritagedata/schemes/mda_obj/concepts/96791,MUG,mugs (cups),http://vocab.getty.edu/aat/300043248,exact match,exactMatch
ARIADNE_ADS_AAT_Mappings.pdf,3. ADS Fish Objects,http://purl.org/heritagedata/schemes/mda_obj/concepts/97088,MUSIC,musical instruments,http://vocab.getty.edu/aat/300041620,close match,closeMatch
ARIADNE_ADS_AAT_Mappings.pdf,3. ADS Fish Objects,http://purl.org/heritagedata/schemes/mda_obj/concepts/96291,NAIL,nails (fasteners),http://vocab.getty.edu/aat/300033565,exact match,exactMatch
ARIADNE_ADS_AAT_Mappings.pdf,3. ADS Fish Objects,http://purl.org/heritagedata/schemes/mda_obj/concepts/97602,NAIL CLEANER,nail-brushes,http://vocab.getty.edu/aat/300236740,close match,closeMatch
ARIADNE_ADS_AAT_Mappings.pdf,3. ADS Fish Objects,http://purl.org/heritagedata/schemes/mda_obj/concepts/96716,NECKLACE,necklaces,http://vocab.getty.edu/aat/300046001,exact match,exactMatch
ARIADNE_ADS_AAT_Mappings.pdf,3. ADS Fish Objects,http://purl.org/heritagedata/schemes/mda_obj/concepts/96950,NEEDLE,needles (piercing tools),http://vocab.getty.edu/aat/300024789,exact match,exactMatch
ARIADNE_ADS_AAT_Mappings.pdf,3. ADS Fish Objects,http://purl.org/heritagedata/schemes/mda_obj/concepts/96871,NEEDLE HOLDER,needle cases,http://vocab.getty.edu/aat/300023451,close match,closeMatch
ARIADNE_ADS_AAT_Mappings.pdf,3. ADS Fish Objects,http://purl.org/heritagedata/schemes/mda_obj/concepts/142896,NON MARINE MOLLUSCA REMAINS,animal components,http://vocab.getty.edu/aat/300251797,broad match,broadMatch
ARIADNE_ADS_AAT_Mappings.pdf,3. ADS Fish Objects,http://purl.org/heritagedata/schemes/mda_obj/concepts/96227,OVEN,ovens (baking equipment),http://vocab.getty.edu/aat/300003650,exact match,exactMatch
ARIADNE_ADS_AAT_Mappings.pdf,3. ADS Fish Objects,http://purl.org/heritagedata/schemes/mda_obj/concepts/95098,OYSTER SHELL,oyster shell,http://vocab.getty.edu/aat/300011836,exact match,exactMatch
ARIADNE_ADS_AAT_Mappings.pdf,3. ADS Fish Objects,http://purl.org/heritagedata/schemes/mda_obj/concepts/96293,PADLOCK,padlocks,http://vocab.getty.edu/aat/300133746,close match,closeMatch
ARIADNE_ADS_AAT_Mappings.pdf,3. ADS Fish Objects,http://purl.org/heritagedata/schemes/mda_obj/concepts/96295,PEG,pegs (fasteners),http://vocab.getty.edu/aat/300036421,exact match,exactMatch
ARIADNE_ADS_AAT_Mappings.pdf,3. ADS Fish Objects,http://purl.org/heritagedata/schemes/mda_obj/concepts/164177,PEG TILE,roofing tile,http://vocab.getty.edu/aat/300010699,broad match,broadMatch
ARIADNE_ADS_AAT_Mappings.pdf,3. ADS Fish Objects,http://purl.org/heritagedata/schemes/mda_obj/concepts/96719,PENANNULAR BROOCH,penannular brooches,http://vocab.getty.edu/aat/300211545,close match,closeMatch
ARIADNE_ADS_AAT_Mappings.pdf,3. ADS Fish Objects,http://purl.org/heritagedata/schemes/mda_obj/concepts/96721,PENDANT,pendants (jewelry),http://vocab.getty.edu/aat/300046002,exact match,exactMatch
ARIADNE_ADS_AAT_Mappings.pdf,3. ADS Fish Objects,http://purl.org/heritagedata/schemes/mda_obj/concepts/97454,PERSONAL ACCESSORY,costume accessories carried,http://vocab.getty.edu/aat/300209275,broad match,broadMatch
ARIADNE_ADS_AAT_Mappings.pdf,3. ADS Fish Objects,http://purl.org/heritagedata/schemes/mda_obj/concepts/97111,PERSONAL ORNAMENT,costume accessories,http://vocab.getty.edu/aat/300209273,broad match,broadMatch
ARIADNE_ADS_AAT_Mappings.pdf,3. ADS Fish Objects,http://purl.org/heritagedata/schemes/mda_obj/concepts/97112,PERSONAL SYMBOL,symbols,http://vocab.getty.edu/aat/300055878,broad match,broadMatch
ARIADNE_ADS_AAT_Mappings.pdf,3. ADS Fish Objects,http://purl.org/heritagedata/schemes/mda_obj/concepts/95826,PETROGLYPH,petroglyphs,http://vocab.getty.edu/aat/300312034,exact match,exactMatch
ARIADNE_ADS_AAT_Mappings.pdf,3. ADS Fish Objects,http://purl.org/heritagedata/schemes/mda_obj/concepts/95795,PICK,picks (tools),http://vocab.getty.edu/aat/300024830,exact match,exactMatch
ARIADNE_ADS_AAT_Mappings.pdf,3. ADS Fish Objects,http://purl.org/heritagedata/schemes/mda_obj/concepts/97152,PIERCING EQUIPMENT,piercing tools,http://vocab.getty.edu/aat/300024788,close match,closeMatch
ARIADNE_ADS_AAT_Mappings.pdf,3. ADS Fish Objects,http://purl.org/heritagedata/schemes/mda_obj/concepts/95986,PILGRIM BADGE,pilgrim badges,http://vocab.getty.edu/aat/300265066,exact match,exactMatch
ARIADNE_ADS_AAT_Mappings.pdf,3. ADS Fish Objects,http://purl.org/heritagedata/schemes/mda_obj/concepts/97288,PIN,pins (fasteners),http://vocab.getty.edu/aat/300036423,exact match,exactMatch
ARIADNE_ADS_AAT_Mappings.pdf,3. ADS Fish Objects,http://purl.org/heritagedata/schemes/mda_obj/concepts/100056,PIPE (ARCHITECTURAL),pipes (conduits),http://vocab.getty.edu/aat/300014662,close match,closeMatch
ARIADNE_ADS_AAT_Mappings.pdf,3. ADS Fish Objects,http://purl.org/heritagedata/schemes/mda_obj/concepts/100082,PIPE (SMOKING),pipes (smoking equipment),http://vocab.getty.edu/aat/300248067,exact match,exactMatch
ARIADNE_ADS_AAT_Mappings.pdf,3. ADS Fish Objects,http://purl.org/heritagedata/schemes/mda_obj/concepts/95204,PISTOL,pistols,http://vocab.getty.edu/aat/300037160,exact match,exactMatch
ARIADNE_ADS_AAT_Mappings.pdf,3. ADS Fish Objects,http://purl.org/heritagedata/schemes/mda_obj/concepts/96796,PITCHER,pitchers (vessels),http://vocab.getty.edu/aat/300194765,exact match,exactMatch
ARIADNE_ADS_AAT_Mappings.pdf,3. ADS Fish Objects,http://purl.org/heritagedata/schemes/mda_obj/concepts/95797,PITCHFORK,pitchforks,http://vocab.getty.edu/aat/300024353,exact match,exactMatch
ARIADNE_ADS_AAT_Mappings.pdf,3. ADS Fish Objects,http://purl.org/heritagedata/schemes/mda_obj/concepts/96103,PLANK,planks (wood),http://vocab.getty.edu/aat/300012825,exact match,exactMatch
ARIADNE_ADS_AAT_Mappings.pdf,3. ADS Fish Objects,http://purl.org/heritagedata/schemes/mda_obj/concepts/96378,PLANO CONVEX KNIFE,lithics,http://vocab.getty.edu/aat/300379567,broad match,broadMatch
ARIADNE_ADS_AAT_Mappings.pdf,3. ADS Fish Objects,http://purl.org/heritagedata/schemes/mda_obj/concepts/100094,PLANT MACRO REMAINS,plant material,http://vocab.getty.edu/aat/300124117,broad match,broadMatch
ARIADNE_ADS_AAT_Mappings.pdf,3. ADS Fish Objects,http://purl.org/heritagedata/schemes/mda_obj/concepts/100096,PLANT MICRO REMAINS,plant material,http://vocab.getty.edu/aat/300124117,broad match,broadMatch
ARIADNE_ADS_AAT_Mappings.pdf,3. ADS Fish Objects,http://purl.org/heritagedata/schemes/mda_obj/concepts/100093,PLANT REMAINS,plant material,http://vocab.getty.edu/aat/300124117,broad match,broadMatch
ARIADNE_ADS_AAT_Mappings.pdf,3. ADS Fish Objects,http://purl.org/heritagedata/schemes/mda_obj/concepts/96882,PLATTER,platters,http://vocab.getty.edu/aat/300043053,exact match,exactMatch
ARIADNE_ADS_AAT_Mappings.pdf,3. ADS Fish Objects,http://purl.org/heritagedata/schemes/mda_obj/concepts/95798,Ploughshare,ploughs (agricultural equipment),http://vocab.getty.edu/aat/300233317,close match,closeMatch
ARIADNE_ADS_AAT_Mappings.pdf,3. ADS Fish Objects,http://purl.org/heritagedata/schemes/mda_obj/concepts/96379,POINT,piercing tools,http://vocab.getty.edu/aat/300024788,broad match,broadMatch
ARIADNE_ADS_AAT_Mappings.pdf,3. ADS Fish Objects,http://purl.org/heritagedata/schemes/mda_obj/concepts/100095,POLLEN,pollen,http://vocab.getty.edu/aat/300213002,exact match,exactMatch
ARIADNE_ADS_AAT_Mappings.pdf,3. ADS Fish Objects,http://purl.org/heritagedata/schemes/mda_obj/concepts/96380,POT,pots (containers),http://vocab.getty.edu/aat/300045697,exact match,exactMatch
ARIADNE_ADS_AAT_Mappings.pdf,3. ADS Fish Objects,http://purl.org/heritagedata/schemes/mda_obj/concepts/97050,POTTERS WHEEL,potter's wheels,http://vocab.getty.edu/aat/300022820,exact match,exactMatch
ARIADNE_ADS_AAT_Mappings.pdf,3. ADS Fish Objects,http://purl.org/heritagedata/schemes/mda_obj/concepts/96722,POUCH,pouches,http://vocab.getty.edu/aat/300194553,exact match,exactMatch
ARIADNE_ADS_AAT_Mappings.pdf,3. ADS Fish Objects,http://purl.org/heritagedata/schemes/mda_obj/concepts/95210,POWDER MEASURE,powder flasks,http://vocab.getty.edu/aat/300204665,close match,closeMatch
ARIADNE_ADS_AAT_Mappings.pdf,3. ADS Fish Objects,http://purl.org/heritagedata/schemes/mda_obj/concepts/100011,PROJECTILE,projectile weapons,http://vocab.getty.edu/aat/300203727,close match,closeMatch
ARIADNE_ADS_AAT_Mappings.pdf,3. ADS Fish Objects,http://purl.org/heritagedata/schemes/mda_obj/concepts/96960,PUNCH,punches (cutting tools),http://vocab.getty.edu/aat/300389696,exact match,exactMatch
ARIADNE_ADS_AAT_Mappings.pdf,3. ADS Fish Objects,http://purl.org/heritagedata/schemes/mda_obj/concepts/96723,PURSE,coin purses,http://vocab.getty.edu/aat/300215521,close match,closeMatch
ARIADNE_ADS_AAT_Mappings.pdf,3. ADS Fish Objects,http://purl.org/heritagedata/schemes/mda_obj/concepts/96961,QUERN,querns,http://vocab.getty.edu/aat/300200181,exact match,exactMatch
ARIADNE_ADS_AAT_Mappings.pdf,3. ADS Fish Objects,http://purl.org/heritagedata/schemes/mda_obj/concepts/95213,RAPIER,rapiers,http://vocab.getty.edu/aat/300037085,exact match,exactMatch
ARIADNE_ADS_AAT_Mappings.pdf,3. ADS Fish Objects,http://purl.org/heritagedata/schemes/mda_obj/concepts/97139,RELIEF,relief (sculpture techniques),http://vocab.getty.edu/aat/300053622,close match,closeMatch
ARIADNE_ADS_AAT_Mappings.pdf,3. ADS Fish Objects,http://purl.org/heritagedata/schemes/mda_obj/concepts/97089,RELIGION OR RITUAL,religious objects,http://vocab.getty.edu/aat/300234098,close match,closeMatch
ARIADNE_ADS_AAT_Mappings.pdf,3. ADS Fish Objects,http://purl.org/heritagedata/schemes/mda_obj/concepts/99632,RELIGIOUS STRUCTURAL OBJECT,religious building fixtures,http://vocab.getty.edu/aat/300003723,broad match,broadMatch
ARIADNE_ADS_AAT_Mappings.pdf,3. ADS Fish Objects,http://purl.org/heritagedata/schemes/mda_obj/concepts/100099,REPTILE REMAINS,animal components,http://vocab.getty.edu/aat/300251797,broad match,broadMatch
ARIADNE_ADS_AAT_Mappings.pdf,3. ADS Fish Objects,http://purl.org/heritagedata/schemes/mda_obj/concepts/96383,RETOUCHED FLAKE,flakes (object genre),http://vocab.getty.edu/aat/300265137,broad match,broadMatch
ARIADNE_ADS_AAT_Mappings.pdf,3. ADS Fish Objects,http://purl.org/heritagedata/schemes/mda_obj/concepts/96111,RIDGE TILE,ridge tile,http://vocab.getty.edu/aat/300010715,exact match,exactMatch
ARIADNE_ADS_AAT_Mappings.pdf,3. ADS Fish Objects,http://purl.org/heritagedata/schemes/mda_obj/concepts/137052,RIM SHERD,rim sherds,http://vocab.getty.edu/aat/300263317,exact match,exactMatch
ARIADNE_ADS_AAT_Mappings.pdf,3. ADS Fish Objects,http://purl.org/heritagedata/schemes/mda_obj/concepts/97660,RING,rings (object genres),http://vocab.getty.edu/aat/300263678,close match,closeMatch
ARIADNE_ADS_AAT_Mappings.pdf,3. ADS Fish Objects,http://purl.org/heritagedata/schemes/mda_obj/concepts/96300,RIVET,rivets,http://vocab.getty.edu/aat/300036425,exact match,exactMatch
ARIADNE_ADS_AAT_Mappings.pdf,3. ADS Fish Objects,http://purl.org/heritagedata/schemes/mda_obj/concepts/97574,ROD,rods (object genre),http://vocab.getty.edu/aat/300014669,exact match,exactMatch
ARIADNE_ADS_AAT_Mappings.pdf,3. ADS Fish Objects,http://purl.org/heritagedata/schemes/mda_obj/concepts/96113,ROOF SLAB,slabs (flat objects),http://vocab.getty.edu/aat/300247625,broad match,broadMatch
ARIADNE_ADS_AAT_Mappings.pdf,3. ADS Fish Objects,http://purl.org/heritagedata/schemes/mda_obj/concepts/96114,ROOF SLATE,roofing slate,http://vocab.getty.edu/aat/300011650,exact match,exactMatch
ARIADNE_ADS_AAT_Mappings.pdf,3. ADS Fish Objects,http://purl.org/heritagedata/schemes/mda_obj/concepts/96115,ROOF TILE,roofing tile,http://vocab.getty.edu/aat/300010699,close match,closeMatch
ARIADNE_ADS_AAT_Mappings.pdf,3. ADS Fish Objects,http://purl.org/heritagedata/schemes/mda_obj/concepts/97453,ROUGHOUT,blanks (object genre),http://vocab.getty.edu/aat/300194594,close match,closeMatch
ARIADNE_ADS_AAT_Mappings.pdf,3. ADS Fish Objects,http://purl.org/heritagedata/schemes/mda_obj/concepts/142875,ROUND SHOT,shot (ammunition),http://vocab.getty.edu/aat/300014652,close match,closeMatch
ARIADNE_ADS_AAT_Mappings.pdf,3. ADS Fish Objects,http://purl.org/heritagedata/schemes/mda_obj/concepts/96301,ROVE,rivets,http://vocab.getty.edu/aat/300036425,broad match,broadMatch
ARIADNE_ADS_AAT_Mappings.pdf,3. ADS Fish Objects,http://purl.org/heritagedata/schemes/mda_obj/concepts/97697,SAMPLE,samples,http://vocab.getty.edu/aat/300028875,exact match,exactMatch
ARIADNE_ADS_AAT_Mappings.pdf,3. ADS Fish Objects,http://purl.org/heritagedata/schemes/mda_obj/concepts/95214,SCABBARD,scabbards,http://vocab.getty.edu/aat/300037139,exact match,exactMatch
ARIADNE_ADS_AAT_Mappings.pdf,3. ADS Fish Objects,http://purl.org/heritagedata/schemes/mda_obj/concepts/95214,Scabbard Fitting,scabbards,http://vocab.getty.edu/aat/300037139,close match,closeMatch
ARIADNE_ADS_AAT_Mappings.pdf,3. ADS Fish Objects,http://purl.org/heritagedata/schemes/mda_obj/concepts/95306,Scales,scales (weighing devices),http://vocab.getty.edu/aat/300196293,exact match,exactMatch
ARIADNE_ADS_AAT_Mappings.pdf,3. ADS Fish Objects,http://purl.org/heritagedata/schemes/mda_obj/concepts/96468,SCISSORS,scissors,http://vocab.getty.edu/aat/300023459,exact match,exactMatch
ARIADNE_ADS_AAT_Mappings.pdf,3. ADS Fish Objects,http://purl.org/heritagedata/schemes/mda_obj/concepts/97183,SCRAPER (TOOL),scrapers (finishing tools),http://vocab.getty.edu/aat/300024836,close match,closeMatch
ARIADNE_ADS_AAT_Mappings.pdf,3. ADS Fish Objects,http://purl.org/heritagedata/schemes/mda_obj/concepts/95830,SCULPTURE,sculpture (visual work),http://vocab.getty.edu/aat/300047090,exact match,exactMatch
ARIADNE_ADS_AAT_Mappings.pdf,3. ADS Fish Objects,http://purl.org/heritagedata/schemes/mda_obj/concepts/95398,SEAL,seals (artifacts),http://vocab.getty.edu/aat/300028877,close match,closeMatch
ARIADNE_ADS_AAT_Mappings.pdf,3. ADS Fish Objects,http://purl.org/heritagedata/schemes/mda_obj/concepts/95402,SEAL MATRIX,seals (artifacts),http://vocab.getty.edu/aat/300028877,broad match,broadMatch
ARIADNE_ADS_AAT_Mappings.pdf,3. ADS Fish Objects,http://purl.org/heritagedata/schemes/mda_obj/concepts/95143,SEAX,edged weapons,http://vocab.getty.edu/aat/300036973,broad match,broadMatch
ARIADNE_ADS_AAT_Mappings.pdf,3. ADS Fish Objects,http://purl.org/heritagedata/schemes/mda_obj/concepts/142911,Sediment,sediment,http://vocab.getty.edu/aat/300379424,close match,closeMatch
ARIADNE_ADS_AAT_Mappings.pdf,3. ADS Fish Objects,http://purl.org/heritagedata/schemes/mda_obj/concepts/142984,SEEDS,seeds (plant components),http://vocab.getty.edu/aat/300400469,close match,closeMatch
ARIADNE_ADS_AAT_Mappings.pdf,3. ADS Fish Objects,http://purl.org/heritagedata/schemes/mda_obj/concepts/97623,SERRATED IMPLEMENT,saws,http://vocab.getty.edu/aat/300024671,broad match,broadMatch
ARIADNE_ADS_AAT_Mappings.pdf,3. ADS Fish Objects,http://purl.org/heritagedata/schemes/mda_obj/concepts/95714,SHACKLE,shackles,http://vocab.getty.edu/aat/300247514,exact match,exactMatch
ARIADNE_ADS_AAT_Mappings.pdf,3. ADS Fish Objects,http://purl.org/heritagedata/schemes/mda_obj/concepts/95809,SHEARS,shears (cutting tools),http://vocab.getty.edu/aat/300024672,exact match,exactMatch
ARIADNE_ADS_AAT_Mappings.pdf,3. ADS Fish Objects,http://purl.org/heritagedata/schemes/mda_obj/concepts/97241,SHEATH,sheaths (cases),http://vocab.getty.edu/aat/300198733,exact match,exactMatch
ARIADNE_ADS_AAT_Mappings.pdf,3. ADS Fish Objects,http://purl.org/heritagedata/schemes/mda_obj/concepts/137051,SHERD,sherds,http://vocab.getty.edu/aat/300117132,exact match,exactMatch
ARIADNE_ADS_AAT_Mappings.pdf,3. ADS Fish Objects,http://purl.org/heritagedata/schemes/mda_obj/concepts/95215,SHIELD,shields (armor),http://vocab.getty.edu/aat/300036869,exact match,exactMatch
ARIADNE_ADS_AAT_Mappings.pdf,3. ADS Fish Objects,http://purl.org/heritagedata/schemes/mda_obj/concepts/95241,SHIELD BOSS,bosses,http://vocab.getty.edu/aat/300047259,broad match,broadMatch
ARIADNE_ADS_AAT_Mappings.pdf,3. ADS Fish Objects,http://purl.org/heritagedata/schemes/mda_obj/concepts/100147,SHIP,ships,http://vocab.getty.edu/aat/300082981,close match,closeMatch
ARIADNE_ADS_AAT_Mappings.pdf,3. ADS Fish Objects,http://purl.org/heritagedata/schemes/mda_obj/concepts/96570,SHOE,shoes (footwear),http://vocab.getty.edu/aat/300046065,exact match,exactMatch
ARIADNE_ADS_AAT_Mappings.pdf,3. ADS Fish Objects,http://purl.org/heritagedata/schemes/mda_obj/concepts/96579,SHOE IRON,heel plates,http://vocab.getty.edu/aat/300375283,close match,closeMatch
ARIADNE_ADS_AAT_Mappings.pdf,3. ADS Fish Objects,http://purl.org/heritagedata/schemes/mda_obj/concepts/95144,SHOT,shot (ammunition),http://vocab.getty.edu/aat/300014652,exact match,exactMatch
ARIADNE_ADS_AAT_Mappings.pdf,3. ADS Fish Objects,http://purl.org/heritagedata/schemes/mda_obj/concepts/95811,SICKLE,sickles,http://vocab.getty.edu/aat/300264860,exact match,exactMatch
ARIADNE_ADS_AAT_Mappings.pdf,3. ADS Fish Objects,http://purl.org/heritagedata/schemes/mda_obj/concepts/97143,SIDE SCRAPER,scrapers (finishing tools),http://vocab.getty.edu/aat/300024836,broad match,broadMatch
ARIADNE_ADS_AAT_Mappings.pdf,3. ADS Fish Objects,http://purl.org/heritagedata/schemes/mda_obj/concepts/97418,SLAG,slag,http://vocab.getty.edu/aat/300011790,exact match,exactMatch
ARIADNE_ADS_AAT_Mappings.pdf,3. ADS Fish Objects,http://purl.org/heritagedata/schemes/mda_obj/concepts/96114,Slate,writing boards (tablets),http://vocab.getty.edu/aat/300262572,broad match,broadMatch
ARIADNE_ADS_AAT_Mappings.pdf,3. ADS Fish Objects,http://purl.org/heritagedata/schemes/mda_obj/concepts/137086,SNAFFLE BIT,bits (bridle components),http://vocab.getty.edu/aat/300248085,close match,closeMatch
ARIADNE_ADS_AAT_Mappings.pdf,3. ADS Fish Objects,http://purl.org/heritagedata/schemes/mda_obj/concepts/95812,SPADE,shovels,http://vocab.getty.edu/aat/300024300,close match,closeMatch
ARIADNE_ADS_AAT_Mappings.pdf,3. ADS Fish Objects,http://purl.org/heritagedata/schemes/mda_obj/concepts/95295,SPATULA,spatulas (culinary tools),http://vocab.getty.edu/aat/300209587,broad match,broadMatch
ARIADNE_ADS_AAT_Mappings.pdf,3. ADS Fish Objects,http://purl.org/heritagedata/schemes/mda_obj/concepts/95145,SPEAR,spears (weapons),http://vocab.getty.edu/aat/300037038,exact match,exactMatch
ARIADNE_ADS_AAT_Mappings.pdf,3. ADS Fish Objects,http://purl.org/heritagedata/schemes/mda_obj/concepts/97404,SPEARHEAD,spearheads,http://vocab.getty.edu/aat/300037118,exact match,exactMatch
ARIADNE_ADS_AAT_Mappings.pdf,3. ADS Fish Objects,http://purl.org/heritagedata/schemes/mda_obj/concepts/96304,SPIKE,spikes (object genre),http://vocab.getty.edu/aat/300036427,close match,closeMatch
ARIADNE_ADS_AAT_Mappings.pdf,3. ADS Fish Objects,http://purl.org/heritagedata/schemes/mda_obj/concepts/96970,SPINDLE,spindles (textile working equipment),http://vocab.getty.edu/aat/300265738,exact match,exactMatch
ARIADNE_ADS_AAT_Mappings.pdf,3. ADS Fish Objects,http://purl.org/heritagedata/schemes/mda_obj/concepts/97061,SPINDLE WHORL,whorls,http://vocab.getty.edu/aat/300263796,exact match,exactMatch
ARIADNE_ADS_AAT_Mappings.pdf,3. ADS Fish Objects,http://purl.org/heritagedata/schemes/mda_obj/concepts/96805,SPOON,spoons,http://vocab.getty.edu/aat/300043149,exact match,exactMatch
ARIADNE_ADS_AAT_Mappings.pdf,3. ADS Fish Objects,http://purl.org/heritagedata/schemes/mda_obj/concepts/97090,SPORTS AND GAMES,sports and athletic equipment,http://vocab.getty.edu/aat/300211035,broad match,broadMatch
ARIADNE_ADS_AAT_Mappings.pdf,3. ADS Fish Objects,http://purl.org/heritagedata/schemes/mda_obj/concepts/95689,SPUR,spurs (costume accessories),http://vocab.getty.edu/aat/300036923,exact match,exactMatch
ARIADNE_ADS_AAT_Mappings.pdf,3. ADS Fish Objects,http://purl.org/heritagedata/schemes/mda_obj/concepts/141244,SQUARE HEADED BROOCH,brooches,http://vocab.getty.edu/aat/300045995,broad match,broadMatch
ARIADNE_ADS_AAT_Mappings.pdf,3. ADS Fish Objects,http://purl.org/heritagedata/schemes/mda_obj/concepts/96119,STAINED GLASS (WINDOW),stained glass (material),http://vocab.getty.edu/aat/300010853,exact match,exactMatch
ARIADNE_ADS_AAT_Mappings.pdf,3. ADS Fish Objects,http://purl.org/heritagedata/schemes/mda_obj/concepts/96307,STAKE,stakes (pointed objects),http://vocab.getty.edu/aat/300247473,exact match,exactMatch
ARIADNE_ADS_AAT_Mappings.pdf,3. ADS Fish Objects,http://purl.org/heritagedata/schemes/mda_obj/concepts/95827,STATUE,statues,http://vocab.getty.edu/aat/300047600,close match,closeMatch
ARIADNE_ADS_AAT_Mappings.pdf,3. ADS Fish Objects,http://purl.org/heritagedata/schemes/mda_obj/concepts/96456,STAVE,staves (boards),http://vocab.getty.edu/aat/300014680,exact match,exactMatch
ARIADNE_ADS_AAT_Mappings.pdf,3. ADS Fish Objects,http://purl.org/heritagedata/schemes/mda_obj/concepts/95686,STIRRUP,stirrups,http://vocab.getty.edu/aat/300255573,exact match,exactMatch
ARIADNE_ADS_AAT_Mappings.pdf,3. ADS Fish Objects,http://purl.org/heritagedata/schemes/mda_obj/concepts/97230,STORAGE CONTAINER,storage containers,http://vocab.getty.edu/aat/300197582,close match,closeMatch
ARIADNE_ADS_AAT_Mappings.pdf,3. ADS Fish Objects,http://purl.org/heritagedata/schemes/mda_obj/concepts/96311,STRAP,straps (fasteners),http://vocab.getty.edu/aat/300049015,exact match,exactMatch
ARIADNE_ADS_AAT_Mappings.pdf,3. ADS Fish Objects,http://purl.org/heritagedata/schemes/mda_obj/concepts/140465,STRAP END,straps (fasteners),http://vocab.getty.edu/aat/300049015,broad match,broadMatch
ARIADNE_ADS_AAT_Mappings.pdf,3. ADS Fish Objects,http://purl.org/heritagedata/schemes/mda_obj/concepts/97424,STRAP FITTING,straps (fasteners),http://vocab.getty.edu/aat/300049015,broad match,broadMatch
ARIADNE_ADS_AAT_Mappings.pdf,3. ADS Fish Objects,http://purl.org/heritagedata/schemes/mda_obj/concepts/96230,STRIKE A LIGHT,firesteels,http://vocab.getty.edu/aat/300266523,close match,closeMatch
ARIADNE_ADS_AAT_Mappings.pdf,3. ADS Fish Objects,http://purl.org/heritagedata/schemes/mda_obj/concepts/96123,STRUCTURAL TIMBER,structural lumber,http://vocab.getty.edu/aat/300012822,close match,closeMatch
ARIADNE_ADS_AAT_Mappings.pdf,3. ADS Fish Objects,http://purl.org/heritagedata/schemes/mda_obj/concepts/96503,STUD,studs (buttons),http://vocab.getty.edu/aat/300239504,exact match,exactMatch
ARIADNE_ADS_AAT_Mappings.pdf,3. ADS Fish Objects,http://purl.org/heritagedata/schemes/mda_obj/concepts/95405,STYLUS,styluses (writing equipment),http://vocab.getty.edu/aat/300022483,exact match,exactMatch
ARIADNE_ADS_AAT_Mappings.pdf,3. ADS Fish Objects,http://purl.org/heritagedata/schemes/mda_obj/concepts/95221,SWORD,swords,http://vocab.getty.edu/aat/300037048,exact match,exactMatch
ARIADNE_ADS_AAT_Mappings.pdf,3. ADS Fish Objects,http://purl.org/heritagedata/schemes/mda_obj/concepts/96892,TANK,tanks (containers),http://vocab.getty.edu/aat/300198941,exact match,exactMatch
ARIADNE_ADS_AAT_Mappings.pdf,3. ADS Fish Objects,http://purl.org/heritagedata/schemes/mda_obj/concepts/96125,TEGULA,pantile,http://vocab.getty.edu/aat/300010713,broad match,broadMatch
ARIADNE_ADS_AAT_Mappings.pdf,3. ADS Fish Objects,http://purl.org/heritagedata/schemes/mda_obj/concepts/97162,Terret,harnesses,http://vocab.getty.edu/aat/300212971,broad match,broadMatch
ARIADNE_ADS_AAT_Mappings.pdf,3. ADS Fish Objects,http://purl.org/heritagedata/schemes/mda_obj/concepts/96126,TESSERA,tesserae (mosaic components),http://vocab.getty.edu/aat/300010730,exact match,exactMatch
ARIADNE_ADS_AAT_Mappings.pdf,3. ADS Fish Objects,http://purl.org/heritagedata/schemes/mda_obj/concepts/97632,TEXTILE,textile materials,http://vocab.getty.edu/aat/300231565,close match,closeMatch
ARIADNE_ADS_AAT_Mappings.pdf,3. ADS Fish Objects,http://purl.org/heritagedata/schemes/mda_obj/concepts/99619,TEXTILE EQUIPMENT,textile working equipment,http://vocab.getty.edu/aat/300163224,exact match,exactMatch
ARIADNE_ADS_AAT_Mappings.pdf,3. ADS Fish Objects,http://purl.org/heritagedata/schemes/mda_obj/concepts/96975,THIMBLE,thimbles,http://vocab.getty.edu/aat/300247551,exact match,exactMatch
ARIADNE_ADS_AAT_Mappings.pdf,3. ADS Fish Objects,http://purl.org/heritagedata/schemes/mda_obj/concepts/97081,Thread Picker,beaters (weaving),http://vocab.getty.edu/aat/300312126,broad match,broadMatch
ARIADNE_ADS_AAT_Mappings.pdf,3. ADS Fish Objects,http://purl.org/heritagedata/schemes/mda_obj/concepts/96127,TILE,tile (materials),http://vocab.getty.edu/aat/300010676,exact match,exactMatch
ARIADNE_ADS_AAT_Mappings.pdf,3. ADS Fish Objects,http://purl.org/heritagedata/schemes/mda_obj/concepts/97647,TOBACCO PIPE,pipes (smoking equipment),http://vocab.getty.edu/aat/300248067,broad match,broadMatch
ARIADNE_ADS_AAT_Mappings.pdf,3. ADS Fish Objects,http://purl.org/heritagedata/schemes/mda_obj/concepts/97116,TOILET ARTICLE,"<equipment for grooming, hygiene and health care>",http://vocab.getty.edu/aat/300236656,broad match,broadMatch
ARIADNE_ADS_AAT_Mappings.pdf,3. ADS Fish Objects,http://purl.org/heritagedata/schemes/mda_obj/concepts/96464,TONGS,tongs (devices),http://vocab.getty.edu/aat/300024748,exact match,exactMatch
ARIADNE_ADS_AAT_Mappings.pdf,3. ADS Fish Objects,http://purl.org/heritagedata/schemes/mda_obj/concepts/96982,TOOLS AND EQUIPMENT,Tools and Equipment (Hierarchy Name),http://vocab.getty.edu/aat/300022238,exact match,exactMatch
ARIADNE_ADS_AAT_Mappings.pdf,3. ADS Fish Objects,http://purl.org/heritagedata/schemes/mda_obj/concepts/96743,TORC,torques (necklaces),http://vocab.getty.edu/aat/300263462,exact match,exactMatch
ARIADNE_ADS_AAT_Mappings.pdf,3. ADS Fish Objects,http://purl.org/heritagedata/schemes/mda_obj/concepts/100111,TRANCHET FLAKE,flakes (object genre),http://vocab.getty.edu/aat/300265137,broad match,broadMatch
ARIADNE_ADS_AAT_Mappings.pdf,3. ADS Fish Objects,http://purl.org/heritagedata/schemes/mda_obj/concepts/96317,TRENAIL,dowels,http://vocab.getty.edu/aat/300014634,close match,closeMatch
ARIADNE_ADS_AAT_Mappings.pdf,3. ADS Fish Objects,http://purl.org/heritagedata/schemes/mda_obj/concepts/148314,TRIPOD PITCHER,pitchers (vessels),http://vocab.getty.edu/aat/300194765,broad match,broadMatch
ARIADNE_ADS_AAT_Mappings.pdf,3. ADS Fish Objects,http://purl.org/heritagedata/schemes/mda_obj/concepts/96976,TROWEL,trowels,http://vocab.getty.edu/aat/300023093,close match,closeMatch
ARIADNE_ADS_AAT_Mappings.pdf,3. ADS Fish Objects,http://purl.org/heritagedata/schemes/mda_obj/concepts/96621,TUNIC,tunics,http://vocab.getty.edu/aat/300209869,exact match,exactMatch
ARIADNE_ADS_AAT_Mappings.pdf,3. ADS Fish Objects,http://purl.org/heritagedata/schemes/mda_obj/concepts/96152,TWEEZERS,tweezers,http://vocab.getty.edu/aat/300024749,exact match,exactMatch
ARIADNE_ADS_AAT_Mappings.pdf,3. ADS Fish Objects,http://purl.org/heritagedata/schemes/mda_obj/concepts/95070,UNASSIGNED,unidentified,http://vocab.getty.edu/aat/300386154,close match,closeMatch
ARIADNE_ADS_AAT_Mappings.pdf,3. ADS Fish Objects,http://purl.org/heritagedata/schemes/mda_obj/concepts/96810,URN,urns,http://vocab.getty.edu/aat/300129425,exact match,exactMatch
ARIADNE_ADS_AAT_Mappings.pdf,3. ADS Fish Objects,http://purl.org/heritagedata/schemes/mda_obj/concepts/96562,VASE,vases,http://vocab.getty.edu/aat/300132254,exact match,exactMatch
ARIADNE_ADS_AAT_Mappings.pdf,3. ADS Fish Objects,http://purl.org/heritagedata/schemes/mda_obj/concepts/141194,VERTEBRATE REMAINS,animal components,http://vocab.getty.edu/aat/300251797,broad match,broadMatch
ARIADNE_ADS_AAT_Mappings.pdf,3. ADS Fish Objects,http://purl.org/heritagedata/schemes/mda_obj/concepts/97653,VESSEL,vessels (containers),http://vocab.getty.edu/aat/300193015,close match,closeMatch
ARIADNE_ADS_AAT_Mappings.pdf,3. ADS Fish Objects,http://purl.org/heritagedata/schemes/mda_obj/concepts/141189,WALL PLASTER,plaster,http://vocab.getty.edu/aat/300014922,broad match,broadMatch
ARIADNE_ADS_AAT_Mappings.pdf,3. ADS Fish Objects,http://purl.org/heritagedata/schemes/mda_obj/concepts/96463,WASTE,waste,http://vocab.getty.edu/aat/300253876,exact match,exactMatch
ARIADNE_ADS_AAT_Mappings.pdf,3. ADS Fish Objects,http://purl.org/heritagedata/schemes/mda_obj/concepts/97433,WASTER,waste,http://vocab.getty.edu/aat/300253876,broad match,broadMatch
ARIADNE_ADS_AAT_Mappings.pdf,3. ADS Fish Objects,http://purl.org/heritagedata/schemes/mda_obj/concepts/97204,WATER CRAFT,watercraft,http://vocab.getty.edu/aat/300042940,exact match,exactMatch
ARIADNE_ADS_AAT_Mappings.pdf,3. ADS Fish Objects,http://purl.org/heritagedata/schemes/mda_obj/concepts/100092,WATERLOGGED SAMPLE,samples,http://vocab.getty.edu/aat/300028875,broad match,broadMatch
ARIADNE_ADS_AAT_Mappings.pdf,3. ADS Fish Objects,http://purl.org/heritagedata/schemes/mda_obj/concepts/100059,WEAPON,weapons,http://vocab.getty.edu/aat/300036926,exact match,exactMatch
ARIADNE_ADS_AAT_Mappings.pdf,3. ADS Fish Objects,http://purl.org/heritagedata/schemes/mda_obj/concepts/96462,WEDGE,wedges,http://vocab.getty.edu/aat/300024101,close match,closeMatch
ARIADNE_ADS_AAT_Mappings.pdf,3. ADS Fish Objects,http://purl.org/heritagedata/schemes/mda_obj/concepts/97081,WEFT BEATER,beaters (weaving),http://vocab.getty.edu/aat/300312126,broad match,broadMatch
ARIADNE_ADS_AAT_Mappings.pdf,3. ADS Fish Objects,http://purl.org/heritagedata/schemes/mda_obj/concepts/95324,WEIGHT,weights (object genres),http://vocab.getty.edu/aat/300343371,close match,closeMatch
ARIADNE_ADS_AAT_Mappings.pdf,3. ADS Fish Objects,http://purl.org/heritagedata/schemes/mda_obj/concepts/95324,WEIGHT,weights (scale components),http://vocab.getty.edu/aat/300197555,close match,closeMatch
ARIADNE_ADS_AAT_Mappings.pdf,3. ADS Fish Objects,http://purl.org/heritagedata/schemes/mda_obj/concepts/100055,WELL,water wells,http://vocab.getty.edu/aat/300152327,exact match,exactMatch
ARIADNE_ADS_AAT_Mappings.pdf,3. ADS Fish Objects,http://purl.org/heritagedata/schemes/mda_obj/concepts/95463,WHEEL,wheels (components),http://vocab.getty.edu/aat/300024976,exact match,exactMatch
ARIADNE_ADS_AAT_Mappings.pdf,3. ADS Fish Objects,http://purl.org/heritagedata/schemes/mda_obj/concepts/96475,WHETSTONE,whetstones,http://vocab.getty.edu/aat/300023299,exact match,exactMatch
ARIADNE_ADS_AAT_Mappings.pdf,3. ADS Fish Objects,http://purl.org/heritagedata/schemes/mda_obj/concepts/96138,WINDOW GLASS,sheet glass,http://vocab.getty.edu/aat/300010824,close match,closeMatch
ARIADNE_ADS_AAT_Mappings.pdf,3. ADS Fish Objects,http://purl.org/heritagedata/schemes/mda_obj/concepts/96011,Window Lead,leaded lights,http://vocab.getty.edu/aat/300121827,close match,closeMatch
ARIADNE_ADS_AAT_Mappings.pdf,3. ADS Fish Objects,http://purl.org/heritagedata/schemes/mda_obj/concepts/96905,WINE BOTTLE,wine bottles,http://vocab.getty.edu/aat/300045639,exact match,exactMatch
ARIADNE_ADS_AAT_Mappings.pdf,3. ADS Fish Objects,http://purl.org/heritagedata/schemes/mda_obj/concepts/97658,WIRE,wire,http://vocab.getty.edu/aat/300011063,exact match,exactMatch
ARIADNE_ADS_AAT_Mappings.pdf,3. ADS Fish Objects,http://purl.org/heritagedata/schemes/mda_obj/concepts/97323,WORKED OBJECT,archaeological objects,http://vocab.getty.edu/aat/300234110,broad match,broadMatch
ARIADNE_ADS_AAT_Mappings.pdf,3. ADS Fish Objects,http://purl.org/heritagedata/schemes/mda_obj/concepts/96731,Wrist Clasp,clasps (fasteners),http://vocab.getty.edu/aat/300239507,broad match,broadMatch
ARIADNE_ADS_AAT_Mappings.pdf,3. ADS Fish Objects,http://purl.org/heritagedata/schemes/mda_obj/concepts/95408,WRITING TABLET,writing boards (tablets),http://vocab.getty.edu/aat/300262572,exact match,exactMatch
ARIADNE_ADS_AAT_Mappings.pdf,3. ADS Fish Objects,http://purl.org/heritagedata/schemes/mda_obj/concepts/97685,WRITTEN COMMUNICATIONS,communication (function),http://vocab.getty.edu/aat/300137794,broad match,broadMatch
ARIADNE_ADS_AAT_Mappings.pdf,3. ADS Fish Objects,http://purl.org/heritagedata/schemes/mda_obj/concepts/97490,WRITTEN ITEM,texts (document genres),http://vocab.getty.edu/aat/300263751,close match,closeMatch
ARIADNE_ADS_AAT_Mappings.pdf,4. ADS Maritime Craft,http://purl.org/heritagedata/schemes/eh_tmc/concepts/100272,BARGE,barges (flat-bottomed watercraft),http://vocab.getty.edu/aat/300232674,exact match,exactMatch
ARIADNE_ADS_AAT_Mappings.pdf,4. ADS Maritime Craft,http://purl.org/heritagedata/schemes/eh_tmc/concepts/100273,BARQUE,jackass barques,http://vocab.getty.edu/aat/300233050,close match,closeMatch
ARIADNE_ADS_AAT_Mappings.pdf,4. ADS Maritime Craft,http://purl.org/heritagedata/schemes/eh_tmc/concepts/100295,CARGO VESSEL,cargo vessels,http://vocab.getty.edu/aat/300212694,exact match,exactMatch
ARIADNE_ADS_AAT_Mappings.pdf,4. ADS Maritime Craft,http://purl.org/heritagedata/schemes/eh_tmc/concepts/100307,CRAFT,watercraft,http://vocab.getty.edu/aat/300042940,close match,closeMatch
ARIADNE_ADS_AAT_Mappings.pdf,4. ADS Maritime Craft,http://purl.org/heritagedata/schemes/eh_tmc/concepts/100322,DREDGER,dredgers (watercraft),http://vocab.getty.edu/aat/300232872,exact match,exactMatch
ARIADNE_ADS_AAT_Mappings.pdf,4. ADS Maritime Craft,http://purl.org/heritagedata/schemes/eh_tmc/concepts/100350,FRIGATE (SAIL),frigates,http://vocab.getty.edu/aat/300212611,close match,closeMatch
ARIADNE_ADS_AAT_Mappings.pdf,4. ADS Maritime Craft,http://purl.org/heritagedata/schemes/eh_tmc/concepts/100355,GALLEY,galleys (watercraft),http://vocab.getty.edu/aat/300125456,exact match,exactMatch
ARIADNE_ADS_AAT_Mappings.pdf,4. ADS Maritime Craft,http://purl.org/heritagedata/schemes/eh_tmc/concepts/100359,GUNBOAT,gunboats,http://vocab.getty.edu/aat/300232845,exact match,exactMatch
ARIADNE_ADS_AAT_Mappings.pdf,4. ADS Maritime Craft,http://purl.org/heritagedata/schemes/eh_tmc/concepts/100369,HULK,hulks (utility and service vessels),http://vocab.getty.edu/aat/300233414,close match,closeMatch
ARIADNE_ADS_AAT_Mappings.pdf,4. ADS Maritime Craft,http://purl.org/heritagedata/schemes/eh_tmc/concepts/100383,LIBERTY SHIP,Liberty ships,http://vocab.getty.edu/aat/300233434,exact match,exactMatch
ARIADNE_ADS_AAT_Mappings.pdf,4. ADS Maritime Craft,http://purl.org/heritagedata/schemes/eh_tmc/concepts/100391,LOGBOAT,dugout-based watercraft,http://vocab.getty.edu/aat/300232932,close match,closeMatch
ARIADNE_ADS_AAT_Mappings.pdf,4. ADS Maritime Craft,http://purl.org/heritagedata/schemes/eh_tmc/concepts/100394,MARITIME CRAFT,watercraft,http://vocab.getty.edu/aat/300042940,broad match,broadMatch
ARIADNE_ADS_AAT_Mappings.pdf,4. ADS Maritime Craft,http://purl.org/heritagedata/schemes/eh_tmc/concepts/100419,PASSENGER VESSEL,passenger vessels,http://vocab.getty.edu/aat/300232798,exact match,exactMatch
ARIADNE_ADS_AAT_Mappings.pdf,4. ADS Maritime Craft,http://purl.org/heritagedata/schemes/eh_tmc/concepts/100443,SAILING VESSEL,sailing-vessels,http://vocab.getty.edu/aat/300233013,close match,closeMatch
ARIADNE_ADS_AAT_Mappings.pdf,4. ADS Maritime Craft,http://purl.org/heritagedata/schemes/eh_tmc/concepts/100447,SCHOONER,schooners,http://vocab.getty.edu/aat/300212871,exact match,exactMatch
ARIADNE_ADS_AAT_Mappings.pdf,4. ADS Maritime Craft,http://purl.org/heritagedata/schemes/eh_tmc/concepts/100450,SERVICE VESSEL,watercraft,http://vocab.getty.edu/aat/300042940,broad match,broadMatch
ARIADNE_ADS_AAT_Mappings.pdf,4. ADS Maritime Craft,http://purl.org/heritagedata/schemes/eh_tmc/concepts/145087,SEWN BOAT,sewn boats,http://vocab.getty.edu/aat/300264028,exact match,exactMatch
ARIADNE_ADS_AAT_Mappings.pdf,4. ADS Maritime Craft,http://purl.org/heritagedata/schemes/eh_tmc/concepts/100307,Ship,ships,http://vocab.getty.edu/aat/300082981,close match,closeMatch
ARIADNE_ADS_AAT_Mappings.pdf,4. ADS Maritime Craft,http://purl.org/heritagedata/schemes/eh_tmc/concepts/100455,SHIP OF THE LINE,ships of the line,http://vocab.getty.edu/aat/300233561,exact match,exactMatch
ARIADNE_ADS_AAT_Mappings.pdf,4. ADS Maritime Craft,http://purl.org/heritagedata/schemes/eh_tmc/concepts/100465,SUBMARINE,submarines,http://vocab.getty.edu/aat/300212607,exact match,exactMatch
ARIADNE_ADS_AAT_Mappings.pdf,4. ADS Maritime Craft,http://purl.org/heritagedata/schemes/eh_tmc/concepts/100472,TANKER,tankers (cargo vessels),http://vocab.getty.edu/aat/300216586,exact match,exactMatch
ARIADNE_ADS_AAT_Mappings.pdf,4. ADS Maritime Craft,http://purl.org/heritagedata/schemes/eh_tmc/concepts/100502,THIRD RATE SHIP OF THE LINE,ships of the line,http://vocab.getty.edu/aat/300233561,broad match,broadMatch
ARIADNE_ADS_AAT_Mappings.pdf,4. ADS Maritime Craft,http://purl.org/heritagedata/schemes/eh_tmc/concepts/100480,TRANSPORT VESSEL,transport vessels,http://vocab.getty.edu/aat/300232815,close match,closeMatch
ARIADNE_ADS_AAT_Mappings.pdf,4. ADS Maritime Craft,http://purl.org/heritagedata/schemes/eh_tmc/concepts/100490,WARSHIP,warships,http://vocab.getty.edu/aat/300212606,exact match,exactMatch
ARIADNE_ADS_AAT_Mappings.pdf,5. ADS Monuments,http://purl.org/heritagedata/schemes/eh_tmt2/concepts/70120,ABBEY,abbeys (monasteries),http://vocab.getty.edu/aat/300000642,exact match,exactMatch
ARIADNE_ADS_AAT_Mappings.pdf,5. ADS Monuments,http://purl.org/heritagedata/schemes/eh_tmt2/concepts/69980,Abbey Church,abbey churches,http://vocab.getty.edu/aat/300007495,close match,closeMatch
ARIADNE_ADS_AAT_Mappings.pdf,5. ADS Monuments,http://purl.org/heritagedata/schemes/eh_tmt2/concepts/70116,Abbey Wall,precincts,http://vocab.getty.edu/aat/300000786,broad match,broadMatch
ARIADNE_ADS_AAT_Mappings.pdf,5. ADS Monuments,http://purl.org/heritagedata/schemes/eh_tmt2/concepts/68544,AGRICULTURAL BUILDING,agricultural buildings,http://vocab.getty.edu/aat/300004898,exact match,exactMatch
ARIADNE_ADS_AAT_Mappings.pdf,5. ADS Monuments,http://purl.org/heritagedata/schemes/eh_tmt2/concepts/103673,AGRICULTURAL DWELLING,agricultural buildings,http://vocab.getty.edu/aat/300004898,broad match,broadMatch
ARIADNE_ADS_AAT_Mappings.pdf,5. ADS Monuments,http://purl.org/heritagedata/schemes/eh_tmt2/concepts/91004,AGRICULTURAL HALL,agricultural buildings,http://vocab.getty.edu/aat/300004898,broad match,broadMatch
ARIADNE_ADS_AAT_Mappings.pdf,5. ADS Monuments,http://purl.org/heritagedata/schemes/eh_tmt2/concepts/68543,AGRICULTURE AND SUBSISTENCE,agriculture,http://vocab.getty.edu/aat/300054463,broad match,broadMatch
ARIADNE_ADS_AAT_Mappings.pdf,5. ADS Monuments,http://purl.org/heritagedata/schemes/eh_tmt2/concepts/68810,AIR RAID SHELTER,air raid shelters,http://vocab.getty.edu/aat/300007689,exact match,exactMatch
ARIADNE_ADS_AAT_Mappings.pdf,5. ADS Monuments,http://purl.org/heritagedata/schemes/eh_tmt2/concepts/70208,AIRCRAFT,aircraft,http://vocab.getty.edu/aat/300212527,close match,closeMatch
ARIADNE_ADS_AAT_Mappings.pdf,5. ADS Monuments,http://purl.org/heritagedata/schemes/eh_tmt2/concepts/70209,AIRFIELD,airfields,http://vocab.getty.edu/aat/300000679,exact match,exactMatch
ARIADNE_ADS_AAT_Mappings.pdf,5. ADS Monuments,http://purl.org/heritagedata/schemes/eh_tmt2/concepts/140501,AIRFIELD DEFENCE SITE,airfields,http://vocab.getty.edu/aat/300000679,broad match,broadMatch
ARIADNE_ADS_AAT_Mappings.pdf,5. ADS Monuments,http://purl.org/heritagedata/schemes/eh_tmt2/concepts/71767,AISLED BARN,barns,http://vocab.getty.edu/aat/300004900,broad match,broadMatch
ARIADNE_ADS_AAT_Mappings.pdf,5. ADS Monuments,http://purl.org/heritagedata/schemes/eh_tmt2/concepts/100228,AISLED BUILDING,hall houses,http://vocab.getty.edu/aat/300247461,broad match,broadMatch
ARIADNE_ADS_AAT_Mappings.pdf,5. ADS Monuments,http://purl.org/heritagedata/schemes/eh_tmt2/concepts/94115,AISLED HALL HOUSE,hall houses,http://vocab.getty.edu/aat/300247461,close match,closeMatch
ARIADNE_ADS_AAT_Mappings.pdf,5. ADS Monuments,http://purl.org/heritagedata/schemes/eh_tmt2/concepts/140533,Alan Williams Turret,field fortifications,http://vocab.getty.edu/aat/300006951,broad match,broadMatch
ARIADNE_ADS_AAT_Mappings.pdf,5. ADS Monuments,http://purl.org/heritagedata/schemes/eh_tmt2/concepts/68709,ALMSHOUSE,almshouses (buildings),http://vocab.getty.edu/aat/300006745,exact match,exactMatch
ARIADNE_ADS_AAT_Mappings.pdf,5. ADS Monuments,http://purl.org/heritagedata/schemes/eh_tmt2/concepts/140084,ANCHORAGE (MARITIME),anchorages,http://vocab.getty.edu/aat/300386968,exact match,exactMatch
ARIADNE_ADS_AAT_Mappings.pdf,5. ADS Monuments,http://purl.org/heritagedata/schemes/eh_tmt2/concepts/68812,ANGLE TOWER,defensive towers,http://vocab.getty.edu/aat/300004862,broad match,broadMatch
ARIADNE_ADS_AAT_Mappings.pdf,5. ADS Monuments,http://purl.org/heritagedata/schemes/eh_tmt2/concepts/91036,ANGLICAN CATHEDRAL,cathedrals (buildings),http://vocab.getty.edu/aat/300007501,close match,closeMatch
ARIADNE_ADS_AAT_Mappings.pdf,5. ADS Monuments,http://purl.org/heritagedata/schemes/eh_tmt2/concepts/70019,ANIMAL BURIAL,burials,http://vocab.getty.edu/aat/300263485,broad match,broadMatch
ARIADNE_ADS_AAT_Mappings.pdf,5. ADS Monuments,http://purl.org/heritagedata/schemes/eh_tmt2/concepts/142867,ANTI INVASION DEFENCE SITE,defense installations,http://vocab.getty.edu/aat/300386994,close match,closeMatch
ARIADNE_ADS_AAT_Mappings.pdf,5. ADS Monuments,http://purl.org/heritagedata/schemes/eh_tmt2/concepts/141942,ANTI TANK DITCH,field fortifications,http://vocab.getty.edu/aat/300006951,broad match,broadMatch
ARIADNE_ADS_AAT_Mappings.pdf,5. ADS Monuments,http://purl.org/heritagedata/schemes/eh_tmt2/concepts/140527,ANTI TANK GUN EMPLACEMENT,antitank guns,http://vocab.getty.edu/aat/300036948,broad match,broadMatch
ARIADNE_ADS_AAT_Mappings.pdf,5. ADS Monuments,http://purl.org/heritagedata/schemes/eh_tmt2/concepts/141949,ANTI TANK OBSTACLE,stockades,http://vocab.getty.edu/aat/300006914,close match,closeMatch
ARIADNE_ADS_AAT_Mappings.pdf,5. ADS Monuments,http://purl.org/heritagedata/schemes/eh_tmt2/concepts/70432,AQUEDUCT,aqueducts,http://vocab.getty.edu/aat/300006165,exact match,exactMatch
ARIADNE_ADS_AAT_Mappings.pdf,5. ADS Monuments,http://purl.org/heritagedata/schemes/eh_tmt2/concepts/102912,ARCHAEOLOGICAL FEATURE,archaeological sites,http://vocab.getty.edu/aat/300000810,broad match,broadMatch
ARIADNE_ADS_AAT_Mappings.pdf,5. ADS Monuments,http://purl.org/heritagedata/schemes/eh_tmt2/concepts/69498,ARCHITECTURAL FRAGMENT,architectural elements,http://vocab.getty.edu/aat/300000885,broad match,broadMatch
ARIADNE_ADS_AAT_Mappings.pdf,5. ADS Monuments,http://purl.org/heritagedata/schemes/eh_tmt2/concepts/71798,ARMY CAMP,army camps,http://vocab.getty.edu/aat/300164117,exact match,exactMatch
ARIADNE_ADS_AAT_Mappings.pdf,5. ADS Monuments,http://purl.org/heritagedata/schemes/eh_tmt2/concepts/86499,ARTEFACT SCATTER,artifacts (object genre),http://vocab.getty.edu/aat/300117127,broad match,broadMatch
ARIADNE_ADS_AAT_Mappings.pdf,5. ADS Monuments,http://purl.org/heritagedata/schemes/eh_tmt2/concepts/70153,AUGUSTINIAN MONASTERY,monasteries (built complexes),http://vocab.getty.edu/aat/300000641,broad match,broadMatch
ARIADNE_ADS_AAT_Mappings.pdf,5. ADS Monuments,http://purl.org/heritagedata/schemes/eh_tmt2/concepts/68923,BAKEHOUSE,bakehouses,http://vocab.getty.edu/aat/300266040,exact match,exactMatch
ARIADNE_ADS_AAT_Mappings.pdf,5. ADS Monuments,http://purl.org/heritagedata/schemes/eh_tmt2/concepts/69009,BANDSTAND,bandstands,http://vocab.getty.edu/aat/300006791,exact match,exactMatch
ARIADNE_ADS_AAT_Mappings.pdf,5. ADS Monuments,http://purl.org/heritagedata/schemes/eh_tmt2/concepts/68979,BANJO ENCLOSURE,corrals,http://vocab.getty.edu/aat/300004983,broad match,broadMatch
ARIADNE_ADS_AAT_Mappings.pdf,5. ADS Monuments,http://purl.org/heritagedata/schemes/eh_tmt2/concepts/91126,BANK (EARTHWORK),earthworks (engineering works),http://vocab.getty.edu/aat/300008020,close match,closeMatch
ARIADNE_ADS_AAT_Mappings.pdf,5. ADS Monuments,http://purl.org/heritagedata/schemes/eh_tmt2/concepts/68916,Bar,city gates,http://vocab.getty.edu/aat/300005080,close match,closeMatch
ARIADNE_ADS_AAT_Mappings.pdf,5. ADS Monuments,http://purl.org/heritagedata/schemes/eh_tmt2/concepts/145080,BAR (LICENCED),bars (commercial buildings),http://vocab.getty.edu/aat/300005158,exact match,exactMatch
ARIADNE_ADS_AAT_Mappings.pdf,5. ADS Monuments,http://purl.org/heritagedata/schemes/eh_tmt2/concepts/97262,BARBED WIRE OBSTRUCTION,barbed wire,http://vocab.getty.edu/aat/300011064,broad match,broadMatch
ARIADNE_ADS_AAT_Mappings.pdf,5. ADS Monuments,http://purl.org/heritagedata/schemes/eh_tmt2/concepts/68547,BARN,barns,http://vocab.getty.edu/aat/300004900,exact match,exactMatch
ARIADNE_ADS_AAT_Mappings.pdf,5. ADS Monuments,http://purl.org/heritagedata/schemes/eh_tmt2/concepts/68821,BARRACKS,barracks,http://vocab.getty.edu/aat/300005665,exact match,exactMatch
ARIADNE_ADS_AAT_Mappings.pdf,5. ADS Monuments,http://purl.org/heritagedata/schemes/eh_tmt2/concepts/70000,BARROW,barrows,http://vocab.getty.edu/aat/300391494,exact match,exactMatch
ARIADNE_ADS_AAT_Mappings.pdf,5. ADS Monuments,http://purl.org/heritagedata/schemes/eh_tmt2/concepts/70054,BARROW CEMETERY,barrows,http://vocab.getty.edu/aat/300391494,broad match,broadMatch
ARIADNE_ADS_AAT_Mappings.pdf,5. ADS Monuments,http://purl.org/heritagedata/schemes/eh_tmt2/concepts/68678,BASILICA,public buildings,http://vocab.getty.edu/aat/300008059,broad match,broadMatch
ARIADNE_ADS_AAT_Mappings.pdf,5. ADS Monuments,http://purl.org/heritagedata/schemes/eh_tmt2/concepts/70433,BATH HOUSE,public baths,http://vocab.getty.edu/aat/300007353,close match,closeMatch
ARIADNE_ADS_AAT_Mappings.pdf,5. ADS Monuments,http://purl.org/heritagedata/schemes/eh_tmt2/concepts/68712,BATHS,public baths,http://vocab.getty.edu/aat/300007353,exact match,exactMatch
ARIADNE_ADS_AAT_Mappings.pdf,5. ADS Monuments,http://purl.org/heritagedata/schemes/eh_tmt2/concepts/68824,BATTERY,batteries (platforms),http://vocab.getty.edu/aat/300002501,exact match,exactMatch
ARIADNE_ADS_AAT_Mappings.pdf,5. ADS Monuments,http://purl.org/heritagedata/schemes/eh_tmt2/concepts/68758,BATTLEFIELD,battlefields,http://vocab.getty.edu/aat/300000835,exact match,exactMatch
ARIADNE_ADS_AAT_Mappings.pdf,5. ADS Monuments,http://purl.org/heritagedata/schemes/eh_tmt2/concepts/91156,BEACH HUT,beach houses,http://vocab.getty.edu/aat/300005588,broad match,broadMatch
ARIADNE_ADS_AAT_Mappings.pdf,5. ADS Monuments,http://purl.org/heritagedata/schemes/eh_tmt2/concepts/68827,BEACON,beacons,http://vocab.getty.edu/aat/300007739,close match,closeMatch
ARIADNE_ADS_AAT_Mappings.pdf,5. ADS Monuments,http://purl.org/heritagedata/schemes/eh_tmt2/concepts/70018,Beaker Burial,burials,http://vocab.getty.edu/aat/300263485,close match,closeMatch
ARIADNE_ADS_AAT_Mappings.pdf,5. ADS Monuments,http://purl.org/heritagedata/schemes/eh_tmt2/concepts/70310,BEAM SLOT,beams (structural elements),http://vocab.getty.edu/aat/300001497,broad match,broadMatch
ARIADNE_ADS_AAT_Mappings.pdf,5. ADS Monuments,http://purl.org/heritagedata/schemes/eh_tmt2/concepts/146404,BEER CELLAR,beer cellars,http://vocab.getty.edu/aat/300004760,exact match,exactMatch
ARIADNE_ADS_AAT_Mappings.pdf,5. ADS Monuments,http://purl.org/heritagedata/schemes/eh_tmt2/concepts/69965,Belfry,belfries (equipment spaces),http://vocab.getty.edu/aat/300137347,exact match,exactMatch
ARIADNE_ADS_AAT_Mappings.pdf,5. ADS Monuments,http://purl.org/heritagedata/schemes/eh_tmt2/concepts/70011,BELL BARROW,barrows,http://vocab.getty.edu/aat/300391494,broad match,broadMatch
ARIADNE_ADS_AAT_Mappings.pdf,5. ADS Monuments,http://purl.org/heritagedata/schemes/eh_tmt2/concepts/69103,BELL PIT,foundries,http://vocab.getty.edu/aat/300266773,broad match,broadMatch
ARIADNE_ADS_AAT_Mappings.pdf,5. ADS Monuments,http://purl.org/heritagedata/schemes/eh_tmt2/concepts/69591,BENCH,benches (furniture),http://vocab.getty.edu/aat/300038494,exact match,exactMatch
ARIADNE_ADS_AAT_Mappings.pdf,5. ADS Monuments,http://purl.org/heritagedata/schemes/eh_tmt2/concepts/69180,BLOOMERY,bloomeries,http://vocab.getty.edu/aat/300379639,exact match,exactMatch
ARIADNE_ADS_AAT_Mappings.pdf,5. ADS Monuments,http://purl.org/heritagedata/schemes/eh_tmt2/concepts/127133,BOAT SHED,boatyards,http://vocab.getty.edu/aat/300387501,close match,closeMatch
ARIADNE_ADS_AAT_Mappings.pdf,5. ADS Monuments,http://purl.org/heritagedata/schemes/eh_tmt2/concepts/125633,BONE WORKING SITE,industrial complexes,http://vocab.getty.edu/aat/300000385,broad match,broadMatch
ARIADNE_ADS_AAT_Mappings.pdf,5. ADS Monuments,http://purl.org/heritagedata/schemes/eh_tmt2/concepts/118873,Boom Defence,coastal fortifications,http://vocab.getty.edu/aat/300048803,broad match,broadMatch
ARIADNE_ADS_AAT_Mappings.pdf,5. ADS Monuments,http://purl.org/heritagedata/schemes/eh_tmt2/concepts/68924,BOTHY,bothies,http://vocab.getty.edu/aat/300005677,close match,closeMatch
ARIADNE_ADS_AAT_Mappings.pdf,5. ADS Monuments,http://purl.org/heritagedata/schemes/eh_tmt2/concepts/70323,BOUNDARY,boundaries,http://vocab.getty.edu/aat/300055590,exact match,exactMatch
ARIADNE_ADS_AAT_Mappings.pdf,5. ADS Monuments,http://purl.org/heritagedata/schemes/eh_tmt2/concepts/70324,BOUNDARY BANK,boundaries,http://vocab.getty.edu/aat/300055590,broad match,broadMatch
ARIADNE_ADS_AAT_Mappings.pdf,5. ADS Monuments,http://purl.org/heritagedata/schemes/eh_tmt2/concepts/70326,BOUNDARY DITCH,boundaries,http://vocab.getty.edu/aat/300055590,broad match,broadMatch
ARIADNE_ADS_AAT_Mappings.pdf,5. ADS Monuments,http://purl.org/heritagedata/schemes/eh_tmt2/concepts/70332,BOUNDARY WALL,boundary walls,http://vocab.getty.edu/aat/300100558,exact match,exactMatch
ARIADNE_ADS_AAT_Mappings.pdf,5. ADS Monuments,http://purl.org/heritagedata/schemes/eh_tmt2/concepts/70012,BOWL BARROW,barrows,http://vocab.getty.edu/aat/300391494,broad match,broadMatch
ARIADNE_ADS_AAT_Mappings.pdf,5. ADS Monuments,http://purl.org/heritagedata/schemes/eh_tmt2/concepts/68829,BREASTWORK,breastworks,http://vocab.getty.edu/aat/300002487,exact match,exactMatch
ARIADNE_ADS_AAT_Mappings.pdf,5. ADS Monuments,http://purl.org/heritagedata/schemes/eh_tmt2/concepts/69053,BRICK KILN,brick kilns,http://vocab.getty.edu/aat/300022989,exact match,exactMatch
ARIADNE_ADS_AAT_Mappings.pdf,5. ADS Monuments,http://purl.org/heritagedata/schemes/eh_tmt2/concepts/69055,BRICKWORKS,brickworks (factories),http://vocab.getty.edu/aat/300006278,exact match,exactMatch
ARIADNE_ADS_AAT_Mappings.pdf,5. ADS Monuments,http://purl.org/heritagedata/schemes/eh_tmt2/concepts/70214,BRIDGE,bridges (built works),http://vocab.getty.edu/aat/300007836,exact match,exactMatch
ARIADNE_ADS_AAT_Mappings.pdf,5. ADS Monuments,http://purl.org/heritagedata/schemes/eh_tmt2/concepts/143003,BROCH,brochs,http://vocab.getty.edu/aat/300004863,exact match,exactMatch
ARIADNE_ADS_AAT_Mappings.pdf,5. ADS Monuments,http://purl.org/heritagedata/schemes/eh_tmt2/concepts/70336,BUILDING,buildings (structures),http://vocab.getty.edu/aat/300004792,exact match,exactMatch
ARIADNE_ADS_AAT_Mappings.pdf,5. ADS Monuments,http://purl.org/heritagedata/schemes/eh_tmt2/concepts/70337,BUILDING PLATFORM,platforms (floors),http://vocab.getty.edu/aat/300132129,broad match,broadMatch
ARIADNE_ADS_AAT_Mappings.pdf,5. ADS Monuments,http://purl.org/heritagedata/schemes/eh_tmt2/concepts/127993,BURGAGE PLOT,land use,http://vocab.getty.edu/aat/300055399,broad match,broadMatch
ARIADNE_ADS_AAT_Mappings.pdf,5. ADS Monuments,http://purl.org/heritagedata/schemes/eh_tmt2/concepts/68679,BURH,fortified settlements,http://vocab.getty.edu/aat/300387238,broad match,broadMatch
ARIADNE_ADS_AAT_Mappings.pdf,5. ADS Monuments,http://purl.org/heritagedata/schemes/eh_tmt2/concepts/70018,BURIAL,burials,http://vocab.getty.edu/aat/300263485,exact match,exactMatch
ARIADNE_ADS_AAT_Mappings.pdf,5. ADS Monuments,http://purl.org/heritagedata/schemes/eh_tmt2/concepts/70044,BURIAL CAIRN,cairns,http://vocab.getty.edu/aat/300006960,exact match,exactMatch
ARIADNE_ADS_AAT_Mappings.pdf,5. ADS Monuments,http://purl.org/heritagedata/schemes/eh_tmt2/concepts/70044,Burial Mound,burial mounds,http://vocab.getty.edu/aat/300005903,exact match,exactMatch
ARIADNE_ADS_AAT_Mappings.pdf,5. ADS Monuments,http://purl.org/heritagedata/schemes/eh_tmt2/concepts/70000,Burial Mound,burial mounds,http://vocab.getty.edu/aat/300005903,exact match,exactMatch
ARIADNE_ADS_AAT_Mappings.pdf,5. ADS Monuments,http://purl.org/heritagedata/schemes/eh_tmt2/concepts/70038,BURIAL PIT,burial sites,http://vocab.getty.edu/aat/300387004,close match,closeMatch
ARIADNE_ADS_AAT_Mappings.pdf,5. ADS Monuments,http://purl.org/heritagedata/schemes/eh_tmt2/concepts/142968,BURIED LAND SURFACE,soil,http://vocab.getty.edu/aat/300014330,broad match,broadMatch
ARIADNE_ADS_AAT_Mappings.pdf,5. ADS Monuments,http://purl.org/heritagedata/schemes/eh_tmt2/concepts/140223,BURIED SOIL HORIZON,soil,http://vocab.getty.edu/aat/300014330,broad match,broadMatch
ARIADNE_ADS_AAT_Mappings.pdf,5. ADS Monuments,http://purl.org/heritagedata/schemes/eh_tmt2/concepts/68925,BURNT MOUND,burnt mounds,http://vocab.getty.edu/aat/300375754,exact match,exactMatch
ARIADNE_ADS_AAT_Mappings.pdf,5. ADS Monuments,http://purl.org/heritagedata/schemes/eh_tmt2/concepts/143179,BUTCHERY SITE,butchering,http://vocab.getty.edu/aat/300379670,broad match,broadMatch
ARIADNE_ADS_AAT_Mappings.pdf,5. ADS Monuments,http://purl.org/heritagedata/schemes/eh_tmt2/concepts/91656,Byre,cow houses,http://vocab.getty.edu/aat/300265627,close match,closeMatch
ARIADNE_ADS_AAT_Mappings.pdf,5. ADS Monuments,http://purl.org/heritagedata/schemes/eh_tmt2/concepts/68781,CAFE,cafeterias (eating and drinking spaces),http://vocab.getty.edu/aat/300004342,close match,closeMatch
ARIADNE_ADS_AAT_Mappings.pdf,5. ADS Monuments,http://purl.org/heritagedata/schemes/eh_tmt2/concepts/68612,CAIRN,cairns,http://vocab.getty.edu/aat/300006960,exact match,exactMatch
ARIADNE_ADS_AAT_Mappings.pdf,5. ADS Monuments,http://purl.org/heritagedata/schemes/eh_tmt2/concepts/70055,CAIRN CEMETERY,cairns,http://vocab.getty.edu/aat/300006960,broad match,broadMatch
ARIADNE_ADS_AAT_Mappings.pdf,5. ADS Monuments,http://purl.org/heritagedata/schemes/eh_tmt2/concepts/68614,CAIRNFIELD,cairns,http://vocab.getty.edu/aat/300006960,broad match,broadMatch
ARIADNE_ADS_AAT_Mappings.pdf,5. ADS Monuments,http://purl.org/heritagedata/schemes/eh_tmt2/concepts/159207,CAMPSITE,camp sites (recreation spaces),http://vocab.getty.edu/aat/300000819,exact match,exactMatch
ARIADNE_ADS_AAT_Mappings.pdf,5. ADS Monuments,http://purl.org/heritagedata/schemes/eh_tmt2/concepts/70288,CANAL,canals (waterways),http://vocab.getty.edu/aat/300006075,exact match,exactMatch
ARIADNE_ADS_AAT_Mappings.pdf,5. ADS Monuments,http://purl.org/heritagedata/schemes/eh_tmt2/concepts/70290,CANAL BASIN,canals (waterways),http://vocab.getty.edu/aat/300006075,broad match,broadMatch
ARIADNE_ADS_AAT_Mappings.pdf,5. ADS Monuments,http://purl.org/heritagedata/schemes/eh_tmt2/concepts/70215,CANAL BRIDGE,bridges (built works),http://vocab.getty.edu/aat/300007836,broad match,broadMatch
ARIADNE_ADS_AAT_Mappings.pdf,5. ADS Monuments,http://purl.org/heritagedata/schemes/eh_tmt2/concepts/71379,CANTEEN,canteens (eating and recreation spaces),http://vocab.getty.edu/aat/300312219,exact match,exactMatch
ARIADNE_ADS_AAT_Mappings.pdf,5. ADS Monuments,http://purl.org/heritagedata/schemes/eh_tmt2/concepts/143165,CARAVAN PARK,trailer camps,http://vocab.getty.edu/aat/300000534,close match,closeMatch
ARIADNE_ADS_AAT_Mappings.pdf,5. ADS Monuments,http://purl.org/heritagedata/schemes/eh_tmt2/concepts/70347,CARVED STONE,carvings (visual works),http://vocab.getty.edu/aat/300047203,broad match,broadMatch
ARIADNE_ADS_AAT_Mappings.pdf,5. ADS Monuments,http://purl.org/heritagedata/schemes/eh_tmt2/concepts/70347,CARVED STONE,carvings (visual works),http://vocab.getty.edu/aat/300047203,broad match,broadMatch
ARIADNE_ADS_AAT_Mappings.pdf,5. ADS Monuments,http://purl.org/heritagedata/schemes/eh_tmt2/concepts/70348,CARVING,carvings (visual works),http://vocab.getty.edu/aat/300047203,exact match,exactMatch
ARIADNE_ADS_AAT_Mappings.pdf,5. ADS Monuments,http://purl.org/heritagedata/schemes/10/concepts/68833,CASTLE,castles (fortifications),http://vocab.getty.edu/aat/300006891,exact match,exactMatch
ARIADNE_ADS_AAT_Mappings.pdf,5. ADS Monuments,http://purl.org/heritagedata/schemes/eh_tmt2/concepts/68833,CASTLE,castles (fortifications),http://vocab.getty.edu/aat/300006891,exact match,exactMatch
ARIADNE_ADS_AAT_Mappings.pdf,5. ADS Monuments,http://purl.org/heritagedata/schemes/eh_tmt2/concepts/69975,CATHEDRAL,cathedrals (buildings),http://vocab.getty.edu/aat/300007501,exact match,exactMatch
ARIADNE_ADS_AAT_Mappings.pdf,5. ADS Monuments,http://purl.org/heritagedata/schemes/eh_tmt2/concepts/69977,CATHEDRAL PRECINCT,holy precincts,http://vocab.getty.edu/aat/300387001,close match,closeMatch
ARIADNE_ADS_AAT_Mappings.pdf,5. ADS Monuments,http://purl.org/heritagedata/schemes/eh_tmt2/concepts/70272,CAUSEWAY,causeways,http://vocab.getty.edu/aat/300008231,exact match,exactMatch
ARIADNE_ADS_AAT_Mappings.pdf,5. ADS Monuments,http://purl.org/heritagedata/schemes/eh_tmt2/concepts/69978,CAUSEWAYED ENCLOSURE,ceremonial structures,http://vocab.getty.edu/aat/300263489,broad match,broadMatch
ARIADNE_ADS_AAT_Mappings.pdf,5. ADS Monuments,http://purl.org/heritagedata/schemes/eh_tmt2/concepts/70384,CAVE,caves,http://vocab.getty.edu/aat/300008746,exact match,exactMatch
ARIADNE_ADS_AAT_Mappings.pdf,5. ADS Monuments,http://purl.org/heritagedata/schemes/eh_tmt2/concepts/70384,Cave Site,cave dwellings,http://vocab.getty.edu/aat/300048808,close match,closeMatch
ARIADNE_ADS_AAT_Mappings.pdf,5. ADS Monuments,http://purl.org/heritagedata/schemes/eh_tmt2/concepts/70341,CELLAR,cellars (storerooms),http://vocab.getty.edu/aat/300004759,exact match,exactMatch
ARIADNE_ADS_AAT_Mappings.pdf,5. ADS Monuments,http://purl.org/heritagedata/schemes/eh_tmt2/concepts/70053,CEMETERY,cemeteries,http://vocab.getty.edu/aat/300266755,exact match,exactMatch
ARIADNE_ADS_AAT_Mappings.pdf,5. ADS Monuments,http://purl.org/heritagedata/schemes/eh_tmt2/concepts/68759,CENOTAPH,cenotaphs,http://vocab.getty.edu/aat/300007027,exact match,exactMatch
ARIADNE_ADS_AAT_Mappings.pdf,5. ADS Monuments,http://purl.org/heritagedata/schemes/eh_tmt2/concepts/68760,CENTURIAL STONE,markers (monuments),http://vocab.getty.edu/aat/300006961,broad match,broadMatch
ARIADNE_ADS_AAT_Mappings.pdf,5. ADS Monuments,http://purl.org/heritagedata/schemes/eh_tmt2/concepts/70434,CESS PIT,cesspools,http://vocab.getty.edu/aat/300052556,close match,closeMatch
ARIADNE_ADS_AAT_Mappings.pdf,5. ADS Monuments,http://purl.org/heritagedata/schemes/eh_tmt2/concepts/69058,CHALK PIT,quarries (extracting complexes),http://vocab.getty.edu/aat/300000402,broad match,broadMatch
ARIADNE_ADS_AAT_Mappings.pdf,5. ADS Monuments,http://purl.org/heritagedata/schemes/eh_tmt2/concepts/70045,CHAMBERED CAIRN,chamber tombs,http://vocab.getty.edu/aat/300005935,broad match,broadMatch
ARIADNE_ADS_AAT_Mappings.pdf,5. ADS Monuments,http://purl.org/heritagedata/schemes/eh_tmt2/concepts/70064,CHAMBERED TOMB,chamber tombs,http://vocab.getty.edu/aat/300005935,close match,closeMatch
ARIADNE_ADS_AAT_Mappings.pdf,5. ADS Monuments,http://purl.org/heritagedata/schemes/eh_tmt2/concepts/69967,CHAPEL,chapels (rooms or structures),http://vocab.getty.edu/aat/300004590,exact match,exactMatch
ARIADNE_ADS_AAT_Mappings.pdf,5. ADS Monuments,http://purl.org/heritagedata/schemes/eh_tmt2/concepts/69974,CHAPTER HOUSE,chapter houses,http://vocab.getty.edu/aat/300007418,exact match,exactMatch
ARIADNE_ADS_AAT_Mappings.pdf,5. ADS Monuments,http://purl.org/heritagedata/schemes/eh_tmt2/concepts/91432,CHARCOAL PRODUCTION SITE,processing plants,http://vocab.getty.edu/aat/300164121,broad match,broadMatch
ARIADNE_ADS_AAT_Mappings.pdf,5. ADS Monuments,http://purl.org/heritagedata/schemes/eh_tmt2/concepts/70026,Chariot Burial,burials,http://vocab.getty.edu/aat/300263485,broad match,broadMatch
ARIADNE_ADS_AAT_Mappings.pdf,5. ADS Monuments,http://purl.org/heritagedata/schemes/eh_tmt2/concepts/69980,CHURCH,churches (buildings),http://vocab.getty.edu/aat/300007466,related match,relatedMatch
ARIADNE_ADS_AAT_Mappings.pdf,5. ADS Monuments,http://purl.org/heritagedata/schemes/eh_tmt2/concepts/70061,CHURCHYARD,churchyards,http://vocab.getty.edu/aat/300008170,exact match,exactMatch
ARIADNE_ADS_AAT_Mappings.pdf,5. ADS Monuments,http://purl.org/heritagedata/schemes/eh_tmt2/concepts/70029,CINERARY URN,cremation urns,http://vocab.getty.edu/aat/300124808,close match,closeMatch
ARIADNE_ADS_AAT_Mappings.pdf,5. ADS Monuments,http://purl.org/heritagedata/schemes/eh_tmt2/concepts/70356,CIRCULAR ENCLOSURE,corrals,http://vocab.getty.edu/aat/300004983,broad match,broadMatch
ARIADNE_ADS_AAT_Mappings.pdf,5. ADS Monuments,http://purl.org/heritagedata/schemes/eh_tmt2/concepts/70071,CIST,cist graves,http://vocab.getty.edu/aat/300005941,exact match,exactMatch
ARIADNE_ADS_AAT_Mappings.pdf,5. ADS Monuments,http://purl.org/heritagedata/schemes/eh_tmt2/concepts/70062,CIST GRAVE CEMETERY,cist graves,http://vocab.getty.edu/aat/300005941,close match,closeMatch
ARIADNE_ADS_AAT_Mappings.pdf,5. ADS Monuments,http://purl.org/heritagedata/schemes/eh_tmt2/concepts/70435,CISTERN,cisterns (plumbing components),http://vocab.getty.edu/aat/300052558,exact match,exactMatch
ARIADNE_ADS_AAT_Mappings.pdf,5. ADS Monuments,http://purl.org/heritagedata/schemes/eh_tmt2/concepts/68915,City Defences,city walls,http://vocab.getty.edu/aat/300005072,broad match,broadMatch
ARIADNE_ADS_AAT_Mappings.pdf,5. ADS Monuments,http://purl.org/heritagedata/schemes/eh_tmt2/concepts/91489,CIVIC CENTRE,civic centres,http://vocab.getty.edu/aat/300000701,exact match,exactMatch
ARIADNE_ADS_AAT_Mappings.pdf,5. ADS Monuments,http://purl.org/heritagedata/schemes/eh_tmt2/concepts/68675,CIVIL,public buildings,http://vocab.getty.edu/aat/300008059,close match,closeMatch
ARIADNE_ADS_AAT_Mappings.pdf,5. ADS Monuments,http://purl.org/heritagedata/schemes/eh_tmt2/concepts/91495,CLAY EXTRACTION SITE,mines (extracting complexes),http://vocab.getty.edu/aat/300000390,broad match,broadMatch
ARIADNE_ADS_AAT_Mappings.pdf,5. ADS Monuments,http://purl.org/heritagedata/schemes/eh_tmt2/concepts/69086,CLAY PIPE KILN,kilns,http://vocab.getty.edu/aat/300022798,broad match,broadMatch
ARIADNE_ADS_AAT_Mappings.pdf,5. ADS Monuments,http://purl.org/heritagedata/schemes/eh_tmt2/concepts/68613,CLEARANCE CAIRN,cairns,http://vocab.getty.edu/aat/300006960,broad match,broadMatch
ARIADNE_ADS_AAT_Mappings.pdf,5. ADS Monuments,http://purl.org/heritagedata/schemes/eh_tmt2/concepts/70342,CLOISTER,cloisters,http://vocab.getty.edu/aat/300007423,exact match,exactMatch
ARIADNE_ADS_AAT_Mappings.pdf,5. ADS Monuments,http://purl.org/heritagedata/schemes/eh_tmt2/concepts/70129,CLUNIAC CELL,cells (interior spaces),http://vocab.getty.edu/aat/300004026,broad match,broadMatch
ARIADNE_ADS_AAT_Mappings.pdf,5. ADS Monuments,http://purl.org/heritagedata/schemes/eh_tmt2/concepts/70158,CLUNIAC MONASTERY,monasteries (built complexes),http://vocab.getty.edu/aat/300000641,broad match,broadMatch
ARIADNE_ADS_AAT_Mappings.pdf,5. ADS Monuments,http://purl.org/heritagedata/schemes/eh_tmt2/concepts/70177,Cluniac Priory,priories,http://vocab.getty.edu/aat/300000645,broad match,broadMatch
ARIADNE_ADS_AAT_Mappings.pdf,5. ADS Monuments,http://purl.org/heritagedata/schemes/eh_tmt2/concepts/91536,COAL MINING SITE,coal mines,http://vocab.getty.edu/aat/300000396,close match,closeMatch
ARIADNE_ADS_AAT_Mappings.pdf,5. ADS Monuments,http://purl.org/heritagedata/schemes/eh_tmt2/concepts/69104,COAL WORKINGS,colliers,http://vocab.getty.edu/aat/300380157,close match,closeMatch
ARIADNE_ADS_AAT_Mappings.pdf,5. ADS Monuments,http://purl.org/heritagedata/schemes/eh_tmt2/concepts/71817,COASTAL BATTERY,coastal fortifications,http://vocab.getty.edu/aat/300048803,broad match,broadMatch
ARIADNE_ADS_AAT_Mappings.pdf,5. ADS Monuments,http://purl.org/heritagedata/schemes/eh_tmt2/concepts/87145,Coastal Battery Observation Post,observation decks,http://vocab.getty.edu/aat/300065054,broad match,broadMatch
ARIADNE_ADS_AAT_Mappings.pdf,5. ADS Monuments,http://purl.org/heritagedata/schemes/eh_tmt2/concepts/94351,COASTAL DEFENCE SITE,coastal fortifications,http://vocab.getty.edu/aat/300048803,close match,closeMatch
ARIADNE_ADS_AAT_Mappings.pdf,5. ADS Monuments,http://purl.org/heritagedata/schemes/eh_tmt2/concepts/68880,Coastal Fort,fortresses,http://vocab.getty.edu/aat/300006894,close match,closeMatch
ARIADNE_ADS_AAT_Mappings.pdf,5. ADS Monuments,http://purl.org/heritagedata/schemes/eh_tmt2/concepts/91548,COASTGUARD TOWER,coastguard stations,http://vocab.getty.edu/aat/300007831,close match,closeMatch
ARIADNE_ADS_AAT_Mappings.pdf,5. ADS Monuments,http://purl.org/heritagedata/schemes/eh_tmt2/concepts/78156,Cobbled Surface,paving,http://vocab.getty.edu/aat/300053677,broad match,broadMatch
ARIADNE_ADS_AAT_Mappings.pdf,5. ADS Monuments,http://purl.org/heritagedata/schemes/eh_tmt2/concepts/70074,COFFIN,coffins,http://vocab.getty.edu/aat/300197585,exact match,exactMatch
ARIADNE_ADS_AAT_Mappings.pdf,5. ADS Monuments,http://purl.org/heritagedata/schemes/eh_tmt2/concepts/69985,COFFIN STONE,coffins,http://vocab.getty.edu/aat/300197585,broad match,broadMatch
ARIADNE_ADS_AAT_Mappings.pdf,5. ADS Monuments,http://purl.org/heritagedata/schemes/eh_tmt2/concepts/68695,COLLEGE,colleges (institutions),http://vocab.getty.edu/aat/300312285,exact match,exactMatch
ARIADNE_ADS_AAT_Mappings.pdf,5. ADS Monuments,http://purl.org/heritagedata/schemes/eh_tmt2/concepts/70720,COLLIERY,collieries,http://vocab.getty.edu/aat/300266759,exact match,exactMatch
ARIADNE_ADS_AAT_Mappings.pdf,5. ADS Monuments,http://purl.org/heritagedata/schemes/eh_tmt2/concepts/70311,COLUMN,columns (architectural elements),http://vocab.getty.edu/aat/300001571,close match,closeMatch
ARIADNE_ADS_AAT_Mappings.pdf,5. ADS Monuments,http://purl.org/heritagedata/schemes/eh_tmt2/concepts/68757,COMMEMORATIVE,memorials (structures),http://vocab.getty.edu/aat/300006956,close match,closeMatch
ARIADNE_ADS_AAT_Mappings.pdf,5. ADS Monuments,http://purl.org/heritagedata/schemes/eh_tmt2/concepts/68765,COMMEMORATIVE MONUMENT,memorials (structures),http://vocab.getty.edu/aat/300006956,exact match,exactMatch
ARIADNE_ADS_AAT_Mappings.pdf,5. ADS Monuments,http://purl.org/heritagedata/schemes/eh_tmt2/concepts/68777,COMMERCIAL,commercial complexes,http://vocab.getty.edu/aat/300132652,close match,closeMatch
ARIADNE_ADS_AAT_Mappings.pdf,5. ADS Monuments,http://purl.org/heritagedata/schemes/eh_tmt2/concepts/68615,Common,common land (cultural landscape),http://vocab.getty.edu/aat/300008666,exact match,exactMatch
ARIADNE_ADS_AAT_Mappings.pdf,5. ADS Monuments,http://purl.org/heritagedata/schemes/eh_tmt2/concepts/71344,COMMUNICATIONS,communications structures,http://vocab.getty.edu/aat/300122187,close match,closeMatch
ARIADNE_ADS_AAT_Mappings.pdf,5. ADS Monuments,http://purl.org/heritagedata/schemes/eh_tmt2/concepts/91593,COMMUNITY GARDEN,community gardens,http://vocab.getty.edu/aat/300008144,exact match,exactMatch
ARIADNE_ADS_AAT_Mappings.pdf,5. ADS Monuments,http://purl.org/heritagedata/schemes/eh_tmt2/concepts/91618,COOKING PIT,burnt mounds,http://vocab.getty.edu/aat/300375754,close match,closeMatch
ARIADNE_ADS_AAT_Mappings.pdf,5. ADS Monuments,http://purl.org/heritagedata/schemes/eh_tmt2/concepts/69271,Copper Smelting Works,smelters (metalworking plants),http://vocab.getty.edu/aat/300103997,broad match,broadMatch
ARIADNE_ADS_AAT_Mappings.pdf,5. ADS Monuments,http://purl.org/heritagedata/schemes/eh_tmt2/concepts/69219,COPPER WORKING SITE,smelters (metalworking plants),http://vocab.getty.edu/aat/300103997,broad match,broadMatch
ARIADNE_ADS_AAT_Mappings.pdf,5. ADS Monuments,http://purl.org/heritagedata/schemes/eh_tmt2/concepts/70741,COPPICE,woods (plant communities),http://vocab.getty.edu/aat/300132451,broad match,broadMatch
ARIADNE_ADS_AAT_Mappings.pdf,5. ADS Monuments,http://purl.org/heritagedata/schemes/eh_tmt2/concepts/70741,Copse,woods (plant communities),http://vocab.getty.edu/aat/300132451,broad match,broadMatch
ARIADNE_ADS_AAT_Mappings.pdf,5. ADS Monuments,http://purl.org/heritagedata/schemes/eh_tmt2/concepts/68580,Corn Drier,corn dryers,http://vocab.getty.edu/aat/300209521,close match,closeMatch
ARIADNE_ADS_AAT_Mappings.pdf,5. ADS Monuments,http://purl.org/heritagedata/schemes/eh_tmt2/concepts/68579,CORN DRYING KILN,corn dryers,http://vocab.getty.edu/aat/300209521,close match,closeMatch
ARIADNE_ADS_AAT_Mappings.pdf,5. ADS Monuments,http://purl.org/heritagedata/schemes/eh_tmt2/concepts/68580,CORN DRYING OVEN,ovens (baking equipment),http://vocab.getty.edu/aat/300003650,close match,closeMatch
ARIADNE_ADS_AAT_Mappings.pdf,5. ADS Monuments,http://purl.org/heritagedata/schemes/eh_tmt2/concepts/71509,COUNCIL HOUSE,public housing,http://vocab.getty.edu/aat/300000323,close match,closeMatch
ARIADNE_ADS_AAT_Mappings.pdf,5. ADS Monuments,http://purl.org/heritagedata/schemes/eh_tmt2/concepts/70430,COURTYARD,courtyards,http://vocab.getty.edu/aat/300004095,exact match,exactMatch
ARIADNE_ADS_AAT_Mappings.pdf,5. ADS Monuments,http://purl.org/heritagedata/schemes/eh_tmt2/concepts/78149,COVE,megalithic monuments,http://vocab.getty.edu/aat/300006983,broad match,broadMatch
ARIADNE_ADS_AAT_Mappings.pdf,5. ADS Monuments,http://purl.org/heritagedata/schemes/eh_tmt2/concepts/91656,COW HOUSE,cow houses,http://vocab.getty.edu/aat/300265627,exact match,exactMatch
ARIADNE_ADS_AAT_Mappings.pdf,5. ADS Monuments,http://purl.org/heritagedata/schemes/eh_tmt2/concepts/91658,CRAFT INDUSTRY SITE,industrial sites,http://vocab.getty.edu/aat/300000816,broad match,broadMatch
ARIADNE_ADS_AAT_Mappings.pdf,5. ADS Monuments,http://purl.org/heritagedata/schemes/eh_tmt2/concepts/70028,CREMATION,cremations,http://vocab.getty.edu/aat/300266356,close match,closeMatch
ARIADNE_ADS_AAT_Mappings.pdf,5. ADS Monuments,http://purl.org/heritagedata/schemes/eh_tmt2/concepts/142070,CREMATION BURIAL,cremations,http://vocab.getty.edu/aat/300266356,close match,closeMatch
ARIADNE_ADS_AAT_Mappings.pdf,5. ADS Monuments,http://purl.org/heritagedata/schemes/eh_tmt2/concepts/70056,CREMATION CEMETERY,crematoria,http://vocab.getty.edu/aat/300005871,close match,closeMatch
ARIADNE_ADS_AAT_Mappings.pdf,5. ADS Monuments,http://purl.org/heritagedata/schemes/eh_tmt2/concepts/70040,CREMATION PIT,cremations,http://vocab.getty.edu/aat/300266356,broad match,broadMatch
ARIADNE_ADS_AAT_Mappings.pdf,5. ADS Monuments,http://purl.org/heritagedata/schemes/eh_tmt2/concepts/68617,CROFT,small holdings,http://vocab.getty.edu/aat/300000211,close match,closeMatch
ARIADNE_ADS_AAT_Mappings.pdf,5. ADS Monuments,http://purl.org/heritagedata/schemes/eh_tmt2/concepts/70412,Crop Mark,crop marks,http://vocab.getty.edu/aat/300248611,close match,closeMatch
ARIADNE_ADS_AAT_Mappings.pdf,5. ADS Monuments,http://purl.org/heritagedata/schemes/eh_tmt2/concepts/91673,CROSS PASSAGE HOUSE,houses,http://vocab.getty.edu/aat/300005433,broad match,broadMatch
ARIADNE_ADS_AAT_Mappings.pdf,5. ADS Monuments,http://purl.org/heritagedata/schemes/eh_tmt2/concepts/70082,CROSS SLAB,grave crosses,http://vocab.getty.edu/aat/300391173,close match,closeMatch
ARIADNE_ADS_AAT_Mappings.pdf,5. ADS Monuments,http://purl.org/heritagedata/schemes/eh_tmt2/concepts/70033,CROUCHED INHUMATION,burials,http://vocab.getty.edu/aat/300263485,broad match,broadMatch
ARIADNE_ADS_AAT_Mappings.pdf,5. ADS Monuments,http://purl.org/heritagedata/schemes/eh_tmt2/concepts/91680,CRUCK HOUSE,crucks,http://vocab.getty.edu/aat/300001846,close match,closeMatch
ARIADNE_ADS_AAT_Mappings.pdf,5. ADS Monuments,http://purl.org/heritagedata/schemes/eh_tmt2/concepts/70079,CRYPT,crypts,http://vocab.getty.edu/aat/300004618,close match,closeMatch
ARIADNE_ADS_AAT_Mappings.pdf,5. ADS Monuments,http://purl.org/heritagedata/schemes/eh_tmt2/concepts/68618,CULTIVATION MARKS,cropland,http://vocab.getty.edu/aat/300132443,broad match,broadMatch
ARIADNE_ADS_AAT_Mappings.pdf,5. ADS Monuments,http://purl.org/heritagedata/schemes/eh_tmt2/concepts/70439,CULVERT,culverts,http://vocab.getty.edu/aat/300006116,exact match,exactMatch
ARIADNE_ADS_AAT_Mappings.pdf,5. ADS Monuments,http://purl.org/heritagedata/schemes/eh_tmt2/concepts/69995,CUP AND RING MARKED STONE,rock carvings,http://vocab.getty.edu/aat/300080131,broad match,broadMatch
ARIADNE_ADS_AAT_Mappings.pdf,5. ADS Monuments,http://purl.org/heritagedata/schemes/eh_tmt2/concepts/69996,CUP MARKED STONE,rock carvings,http://vocab.getty.edu/aat/300080131,broad match,broadMatch
ARIADNE_ADS_AAT_Mappings.pdf,5. ADS Monuments,http://purl.org/heritagedata/schemes/eh_tmt2/concepts/69997,CURSUS,megalithic monuments,http://vocab.getty.edu/aat/300006983,broad match,broadMatch
ARIADNE_ADS_AAT_Mappings.pdf,5. ADS Monuments,http://purl.org/heritagedata/schemes/eh_tmt2/concepts/71391,CURTAIN WALL,curtain walls (fortification elements),http://vocab.getty.edu/aat/300002504,exact match,exactMatch
ARIADNE_ADS_AAT_Mappings.pdf,5. ADS Monuments,http://purl.org/heritagedata/schemes/eh_tmt2/concepts/70355,CURVILINEAR ENCLOSURE,agricultural settlements,http://vocab.getty.edu/aat/300008420,broad match,broadMatch
ARIADNE_ADS_AAT_Mappings.pdf,5. ADS Monuments,http://purl.org/heritagedata/schemes/eh_tmt2/concepts/68557,DAIRY,dairies (non- mechanized),http://vocab.getty.edu/aat/300083012,close match,closeMatch
ARIADNE_ADS_AAT_Mappings.pdf,5. ADS Monuments,http://purl.org/heritagedata/schemes/eh_tmt2/concepts/70440,DAM,dams (hydraulic structures),http://vocab.getty.edu/aat/300006084,exact match,exactMatch
ARIADNE_ADS_AAT_Mappings.pdf,5. ADS Monuments,http://purl.org/heritagedata/schemes/eh_tmt2/concepts/68589,DEER PARK,parks (grounds),http://vocab.getty.edu/aat/300254248,close match,closeMatch
ARIADNE_ADS_AAT_Mappings.pdf,5. ADS Monuments,http://purl.org/heritagedata/schemes/eh_tmt2/concepts/68808,DEFENCE,defense installations,http://vocab.getty.edu/aat/300386994,close match,closeMatch
ARIADNE_ADS_AAT_Mappings.pdf,5. ADS Monuments,http://purl.org/heritagedata/schemes/eh_tmt2/concepts/97280,DESERTED SETTLEMENT,deserted settlements,http://vocab.getty.edu/aat/300167671,close match,closeMatch
ARIADNE_ADS_AAT_Mappings.pdf,5. ADS Monuments,http://purl.org/heritagedata/schemes/eh_tmt2/concepts/70351,DITCH,ditches,http://vocab.getty.edu/aat/300006178,exact match,exactMatch
ARIADNE_ADS_AAT_Mappings.pdf,5. ADS Monuments,http://purl.org/heritagedata/schemes/eh_tmt2/concepts/70361,DITCHED ENCLOSURE,agricultural settlements,http://vocab.getty.edu/aat/300008420,broad match,broadMatch
ARIADNE_ADS_AAT_Mappings.pdf,5. ADS Monuments,http://purl.org/heritagedata/schemes/eh_tmt2/concepts/91736,DOCK AND HARBOUR INSTALLATION,docks,http://vocab.getty.edu/aat/300120801,broad match,broadMatch
ARIADNE_ADS_AAT_Mappings.pdf,5. ADS Monuments,http://purl.org/heritagedata/schemes/eh_tmt2/concepts/68921,DOMESTIC,residential structures,http://vocab.getty.edu/aat/300257729,broad match,broadMatch
ARIADNE_ADS_AAT_Mappings.pdf,5. ADS Monuments,http://purl.org/heritagedata/schemes/10/concepts/68921,DOMESTIC,residential structures,http://vocab.getty.edu/aat/300257729,broad match,broadMatch
ARIADNE_ADS_AAT_Mappings.pdf,5. ADS Monuments,http://purl.org/heritagedata/schemes/eh_tmt2/concepts/143471,DOMESTIC SITE,dwellings,http://vocab.getty.edu/aat/300005425,broad match,broadMatch
ARIADNE_ADS_AAT_Mappings.pdf,5. ADS Monuments,http://purl.org/heritagedata/schemes/eh_tmt2/concepts/129049,DOMESTIC WORKSHOP,workshops (work spaces),http://vocab.getty.edu/aat/300004531,close match,closeMatch
ARIADNE_ADS_AAT_Mappings.pdf,5. ADS Monuments,http://purl.org/heritagedata/schemes/eh_tmt2/concepts/71617,DORMITORY,dormitories (buildings),http://vocab.getty.edu/aat/300005668,close match,closeMatch
ARIADNE_ADS_AAT_Mappings.pdf,5. ADS Monuments,http://purl.org/heritagedata/schemes/eh_tmt2/concepts/70362,DOUBLE DITCHED ENCLOSURE,agricultural settlements,http://vocab.getty.edu/aat/300008420,broad match,broadMatch
ARIADNE_ADS_AAT_Mappings.pdf,5. ADS Monuments,http://purl.org/heritagedata/schemes/eh_tmt2/concepts/68558,DOVECOTE,dovecotes,http://vocab.getty.edu/aat/300004975,exact match,exactMatch
ARIADNE_ADS_AAT_Mappings.pdf,5. ADS Monuments,http://purl.org/heritagedata/schemes/eh_tmt2/concepts/70441,DRAIN,drains,http://vocab.getty.edu/aat/300052564,exact match,exactMatch
ARIADNE_ADS_AAT_Mappings.pdf,5. ADS Monuments,http://purl.org/heritagedata/schemes/eh_tmt2/concepts/70442,DRAINAGE DITCH,drainage systems,http://vocab.getty.edu/aat/300008620,close match,closeMatch
ARIADNE_ADS_AAT_Mappings.pdf,5. ADS Monuments,http://purl.org/heritagedata/schemes/eh_tmt2/concepts/70443,DRAINAGE SYSTEM,drainage systems,http://vocab.getty.edu/aat/300008620,exact match,exactMatch
ARIADNE_ADS_AAT_Mappings.pdf,5. ADS Monuments,http://purl.org/heritagedata/schemes/eh_tmt2/concepts/71827,Drying Oven,ovens (baking equipment),http://vocab.getty.edu/aat/300003650,broad match,broadMatch
ARIADNE_ADS_AAT_Mappings.pdf,5. ADS Monuments,http://purl.org/heritagedata/schemes/eh_tmt2/concepts/70815,DWELLING,dwellings,http://vocab.getty.edu/aat/300005425,exact match,exactMatch
ARIADNE_ADS_AAT_Mappings.pdf,5. ADS Monuments,http://purl.org/heritagedata/schemes/eh_tmt2/concepts/91817,DYKE (DEFENCE),defensive walls,http://vocab.getty.edu/aat/300002485,broad match,broadMatch
ARIADNE_ADS_AAT_Mappings.pdf,5. ADS Monuments,http://purl.org/heritagedata/schemes/eh_tmt2/concepts/70352,EARTHWORK,earthworks (engineering works),http://vocab.getty.edu/aat/300008020,exact match,exactMatch
ARIADNE_ADS_AAT_Mappings.pdf,5. ADS Monuments,http://purl.org/heritagedata/schemes/eh_tmt2/concepts/91825,EATING AND DRINKING ESTABLISHMENT,commercial buildings,http://vocab.getty.edu/aat/300005147,broad match,broadMatch
ARIADNE_ADS_AAT_Mappings.pdf,5. ADS Monuments,http://purl.org/heritagedata/schemes/eh_tmt2/concepts/68693,EDUCATION,educational centres (buildings),http://vocab.getty.edu/aat/300264742,broad match,broadMatch
ARIADNE_ADS_AAT_Mappings.pdf,5. ADS Monuments,http://purl.org/heritagedata/schemes/eh_tmt2/concepts/68803,Emporium,shops (stores),http://vocab.getty.edu/aat/300005283,close match,closeMatch
ARIADNE_ADS_AAT_Mappings.pdf,5. ADS Monuments,http://purl.org/heritagedata/schemes/eh_tmt2/concepts/68981,ENCLOSED HUT CIRCLE SETTLEMENT,huts (houses),http://vocab.getty.edu/aat/300004824,broad match,broadMatch
ARIADNE_ADS_AAT_Mappings.pdf,5. ADS Monuments,http://purl.org/heritagedata/schemes/eh_tmt2/concepts/68745,ENCLOSED OPPIDUM,oppida,http://vocab.getty.edu/aat/300008396,close match,closeMatch
ARIADNE_ADS_AAT_Mappings.pdf,5. ADS Monuments,http://purl.org/heritagedata/schemes/eh_tmt2/concepts/68854,ENCLOSED SETTLEMENT,agricultural settlements,http://vocab.getty.edu/aat/300008420,broad match,broadMatch
ARIADNE_ADS_AAT_Mappings.pdf,5. ADS Monuments,http://purl.org/heritagedata/schemes/eh_tmt2/concepts/70354,ENCLOSURE,agricultural settlements,http://vocab.getty.edu/aat/300008420,broad match,broadMatch
ARIADNE_ADS_AAT_Mappings.pdf,5. ADS Monuments,http://purl.org/heritagedata/schemes/eh_tmt2/concepts/69362,ENGINE HOUSE,powerhouses,http://vocab.getty.edu/aat/300006366,broad match,broadMatch
ARIADNE_ADS_AAT_Mappings.pdf,5. ADS Monuments,http://purl.org/heritagedata/schemes/eh_tmt2/concepts/70237,ENGINE SHED,railway buildings,http://vocab.getty.edu/aat/300120696,broad match,broadMatch
ARIADNE_ADS_AAT_Mappings.pdf,5. ADS Monuments,http://purl.org/heritagedata/schemes/eh_tmt2/concepts/70065,ENTRANCE GRAVE,chamber tombs,http://vocab.getty.edu/aat/300005935,close match,closeMatch
ARIADNE_ADS_AAT_Mappings.pdf,5. ADS Monuments,http://purl.org/heritagedata/schemes/eh_tmt2/concepts/91867,ESTATE BUILDING,country houses,http://vocab.getty.edu/aat/300005567,close match,closeMatch
ARIADNE_ADS_AAT_Mappings.pdf,5. ADS Monuments,http://purl.org/heritagedata/schemes/eh_tmt2/concepts/69101,EXTRACTIVE PIT,mines (extracting complexes),http://vocab.getty.edu/aat/300000390,broad match,broadMatch
ARIADNE_ADS_AAT_Mappings.pdf,5. ADS Monuments,http://purl.org/heritagedata/schemes/eh_tmt2/concepts/91904,FACTORY UNIT,workshop buildings,http://vocab.getty.edu/aat/300007733,close match,closeMatch
ARIADNE_ADS_AAT_Mappings.pdf,5. ADS Monuments,http://purl.org/heritagedata/schemes/eh_tmt2/concepts/100198,FAIRGROUND RIDE,amusement rides,http://vocab.getty.edu/aat/300007313,exact match,exactMatch
ARIADNE_ADS_AAT_Mappings.pdf,5. ADS Monuments,http://purl.org/heritagedata/schemes/eh_tmt2/concepts/68621,FARM,farms,http://vocab.getty.edu/aat/300000206,exact match,exactMatch
ARIADNE_ADS_AAT_Mappings.pdf,5. ADS Monuments,http://purl.org/heritagedata/schemes/eh_tmt2/concepts/70851,FARM BUILDING,agricultural buildings,http://vocab.getty.edu/aat/300004898,close match,closeMatch
ARIADNE_ADS_AAT_Mappings.pdf,5. ADS Monuments,http://purl.org/heritagedata/schemes/eh_tmt2/concepts/68560,FARMHOUSE,farmhouses,http://vocab.getty.edu/aat/300005574,exact match,exactMatch
ARIADNE_ADS_AAT_Mappings.pdf,5. ADS Monuments,http://purl.org/heritagedata/schemes/eh_tmt2/concepts/68622,FARMSTEAD,farms,http://vocab.getty.edu/aat/300000206,broad match,broadMatch
ARIADNE_ADS_AAT_Mappings.pdf,5. ADS Monuments,http://purl.org/heritagedata/schemes/eh_tmt2/concepts/68582,FARMYARD,farmyards,http://vocab.getty.edu/aat/300000226,exact match,exactMatch
ARIADNE_ADS_AAT_Mappings.pdf,5. ADS Monuments,http://purl.org/heritagedata/schemes/eh_tmt2/concepts/78156,FEATURE,physical features,http://vocab.getty.edu/aat/300387105,broad match,broadMatch
ARIADNE_ADS_AAT_Mappings.pdf,5. ADS Monuments,http://purl.org/heritagedata/schemes/eh_tmt2/concepts/70333,FENCE,fences (site elements),http://vocab.getty.edu/aat/300005044,exact match,exactMatch
ARIADNE_ADS_AAT_Mappings.pdf,5. ADS Monuments,http://purl.org/heritagedata/schemes/eh_tmt2/concepts/91922,FERNERY (GLASSHOUSE),ferneries (greenhouses),http://vocab.getty.edu/aat/300259220,exact match,exactMatch
ARIADNE_ADS_AAT_Mappings.pdf,5. ADS Monuments,http://purl.org/heritagedata/schemes/eh_tmt2/concepts/68623,FIELD,fields (land),http://vocab.getty.edu/aat/300343519,close match,closeMatch
ARIADNE_ADS_AAT_Mappings.pdf,5. ADS Monuments,http://purl.org/heritagedata/schemes/eh_tmt2/concepts/68625,FIELD BOUNDARY,boundaries,http://vocab.getty.edu/aat/300055590,broad match,broadMatch
ARIADNE_ADS_AAT_Mappings.pdf,5. ADS Monuments,http://purl.org/heritagedata/schemes/eh_tmt2/concepts/91930,FIELD DRAIN,drains,http://vocab.getty.edu/aat/300052564,close match,closeMatch
ARIADNE_ADS_AAT_Mappings.pdf,5. ADS Monuments,http://purl.org/heritagedata/schemes/eh_tmt2/concepts/91930,FIELD DRAIN,drains,http://vocab.getty.edu/aat/300052564,close match,closeMatch
ARIADNE_ADS_AAT_Mappings.pdf,5. ADS Monuments,http://purl.org/heritagedata/schemes/eh_tmt2/concepts/68633,FIELD SYSTEM,agricultural land,http://vocab.getty.edu/aat/300008631,broad match,broadMatch
ARIADNE_ADS_AAT_Mappings.pdf,5. ADS Monuments,http://purl.org/heritagedata/schemes/eh_tmt2/concepts/68633,FIELD SYSTEM,agricultural land,http://vocab.getty.edu/aat/300008631,broad match,broadMatch
ARIADNE_ADS_AAT_Mappings.pdf,5. ADS Monuments,http://purl.org/heritagedata/schemes/eh_tmt2/concepts/68866,FIELDWORK,field fortifications,http://vocab.getty.edu/aat/300006951,close match,closeMatch
ARIADNE_ADS_AAT_Mappings.pdf,5. ADS Monuments,http://purl.org/heritagedata/schemes/1/concepts/1535,FINDSPOT,archaeological sites,http://vocab.getty.edu/aat/300000810,broad match,broadMatch
ARIADNE_ADS_AAT_Mappings.pdf,5. ADS Monuments,http://purl.org/heritagedata/schemes/eh_tmt2/concepts/151890,FIRE PIT,firepits,http://vocab.getty.edu/aat/300375112,exact match,exactMatch
ARIADNE_ADS_AAT_Mappings.pdf,5. ADS Monuments,http://purl.org/heritagedata/schemes/eh_tmt2/concepts/71726,FISH FARM,fish hatcheries,http://vocab.getty.edu/aat/300000228,close match,closeMatch
ARIADNE_ADS_AAT_Mappings.pdf,5. ADS Monuments,http://purl.org/heritagedata/schemes/eh_tmt2/concepts/69127,FISH PROCESSING SITE,fisheries,http://vocab.getty.edu/aat/300006348,close match,closeMatch
ARIADNE_ADS_AAT_Mappings.pdf,5. ADS Monuments,http://purl.org/heritagedata/schemes/eh_tmt2/concepts/68595,FISH TRAP,traps (trapping equipment),http://vocab.getty.edu/aat/300247420,broad match,broadMatch
ARIADNE_ADS_AAT_Mappings.pdf,5. ADS Monuments,http://purl.org/heritagedata/schemes/eh_tmt2/concepts/68596,FISH WEIR,fishing spots (sites),http://vocab.getty.edu/aat/300387251,broad match,broadMatch
ARIADNE_ADS_AAT_Mappings.pdf,5. ADS Monuments,http://purl.org/heritagedata/schemes/eh_tmt2/concepts/91955,FISHING SITE,fishing spots (sites),http://vocab.getty.edu/aat/300387251,broad match,broadMatch
ARIADNE_ADS_AAT_Mappings.pdf,5. ADS Monuments,http://purl.org/heritagedata/schemes/eh_tmt2/concepts/68600,FISHPOND,fishponds,http://vocab.getty.edu/aat/300008689,exact match,exactMatch
ARIADNE_ADS_AAT_Mappings.pdf,5. ADS Monuments,http://purl.org/heritagedata/schemes/eh_tmt2/concepts/70035,FLEXED INHUMATION,burials,http://vocab.getty.edu/aat/300263485,broad match,broadMatch
ARIADNE_ADS_AAT_Mappings.pdf,5. ADS Monuments,http://purl.org/heritagedata/schemes/eh_tmt2/concepts/70369,FLINT SCATTER,lithics,http://vocab.getty.edu/aat/300379567,broad match,broadMatch
ARIADNE_ADS_AAT_Mappings.pdf,5. ADS Monuments,http://purl.org/heritagedata/schemes/eh_tmt2/concepts/70313,FLOOR,floors (surface elements),http://vocab.getty.edu/aat/300002060,exact match,exactMatch
ARIADNE_ADS_AAT_Mappings.pdf,5. ADS Monuments,http://purl.org/heritagedata/schemes/eh_tmt2/concepts/82817,FLOWER GARDEN,flower gardens,http://vocab.getty.edu/aat/300008135,exact match,exactMatch
ARIADNE_ADS_AAT_Mappings.pdf,5. ADS Monuments,http://purl.org/heritagedata/schemes/eh_tmt2/concepts/68996,FOGOU,fogous,http://vocab.getty.edu/aat/300005660,exact match,exactMatch
ARIADNE_ADS_AAT_Mappings.pdf,5. ADS Monuments,http://purl.org/heritagedata/schemes/eh_tmt2/concepts/69013,FOLLY,follies (architectural),http://vocab.getty.edu/aat/300006795,exact match,exactMatch
ARIADNE_ADS_AAT_Mappings.pdf,5. ADS Monuments,http://purl.org/heritagedata/schemes/eh_tmt2/concepts/91991,FOOD AND DRINK INDUSTRY SITE,food processing plants,http://vocab.getty.edu/aat/300006335,broad match,broadMatch
ARIADNE_ADS_AAT_Mappings.pdf,5. ADS Monuments,http://purl.org/heritagedata/schemes/eh_tmt2/concepts/91995,FOOD PRESERVING SITE,food processing plants,http://vocab.getty.edu/aat/300006335,broad match,broadMatch
ARIADNE_ADS_AAT_Mappings.pdf,5. ADS Monuments,http://purl.org/heritagedata/schemes/eh_tmt2/concepts/143482,FOREST,forests (cultural landscapes),http://vocab.getty.edu/aat/300008863,close match,closeMatch
ARIADNE_ADS_AAT_Mappings.pdf,5. ADS Monuments,http://purl.org/heritagedata/schemes/eh_tmt2/concepts/69017,FORMAL GARDEN,formal gardens,http://vocab.getty.edu/aat/300008092,exact match,exactMatch
ARIADNE_ADS_AAT_Mappings.pdf,5. ADS Monuments,http://purl.org/heritagedata/schemes/eh_tmt2/concepts/68868,FORT,forts,http://vocab.getty.edu/aat/300006909,exact match,exactMatch
ARIADNE_ADS_AAT_Mappings.pdf,5. ADS Monuments,http://purl.org/heritagedata/schemes/eh_tmt2/concepts/68874,FORTIFICATION,fortifications,http://vocab.getty.edu/aat/300006888,exact match,exactMatch
ARIADNE_ADS_AAT_Mappings.pdf,5. ADS Monuments,http://purl.org/heritagedata/schemes/eh_tmt2/concepts/147241,FORTIFIED BUILDING,fortified settlements,http://vocab.getty.edu/aat/300387238,close match,closeMatch
ARIADNE_ADS_AAT_Mappings.pdf,5. ADS Monuments,http://purl.org/heritagedata/schemes/eh_tmt2/concepts/68875,FORTIFIED HOUSE,bastle houses,http://vocab.getty.edu/aat/300005546,close match,closeMatch
ARIADNE_ADS_AAT_Mappings.pdf,5. ADS Monuments,http://purl.org/heritagedata/schemes/eh_tmt2/concepts/68880,FORTRESS,fortresses,http://vocab.getty.edu/aat/300006894,exact match,exactMatch
ARIADNE_ADS_AAT_Mappings.pdf,5. ADS Monuments,http://purl.org/heritagedata/schemes/eh_tmt2/concepts/68705,FORUM,forums (open spaces),http://vocab.getty.edu/aat/300008085,exact match,exactMatch
ARIADNE_ADS_AAT_Mappings.pdf,5. ADS Monuments,http://purl.org/heritagedata/schemes/eh_tmt2/concepts/70336,Foundation,foundations (structural elements),http://vocab.getty.edu/aat/300000919,close match,closeMatch
ARIADNE_ADS_AAT_Mappings.pdf,5. ADS Monuments,http://purl.org/heritagedata/schemes/eh_tmt2/concepts/69014,FOUNTAIN,fountains,http://vocab.getty.edu/aat/300006179,exact match,exactMatch
ARIADNE_ADS_AAT_Mappings.pdf,5. ADS Monuments,http://purl.org/heritagedata/schemes/eh_tmt2/concepts/68882,FRONTIER DEFENCE,frontiers,http://vocab.getty.edu/aat/300387507,broad match,broadMatch
ARIADNE_ADS_AAT_Mappings.pdf,5. ADS Monuments,http://purl.org/heritagedata/schemes/eh_tmt2/concepts/69999,FUNERARY SITE,burial sites,http://vocab.getty.edu/aat/300387004,close match,closeMatch
ARIADNE_ADS_AAT_Mappings.pdf,5. ADS Monuments,http://purl.org/heritagedata/schemes/eh_tmt2/concepts/69175,FURNACE,furnaces (heating components),http://vocab.getty.edu/aat/300024650,exact match,exactMatch
ARIADNE_ADS_AAT_Mappings.pdf,5. ADS Monuments,http://purl.org/heritagedata/schemes/eh_tmt2/concepts/92062,GAMBLING SITE,entertainment buildings,http://vocab.getty.edu/aat/300007206,broad match,broadMatch
ARIADNE_ADS_AAT_Mappings.pdf,5. ADS Monuments,http://purl.org/heritagedata/schemes/eh_tmt2/concepts/68641,GARDEN,gardens (open spaces),http://vocab.getty.edu/aat/300008090,exact match,exactMatch
ARIADNE_ADS_AAT_Mappings.pdf,5. ADS Monuments,http://purl.org/heritagedata/schemes/eh_tmt2/concepts/99961,GARDENS PARKS AND URBAN SPACES,parks (recreation areas),http://vocab.getty.edu/aat/300008187,broad match,broadMatch
ARIADNE_ADS_AAT_Mappings.pdf,5. ADS Monuments,http://purl.org/heritagedata/schemes/eh_tmt2/concepts/68971,GATE LODGE,gatehouses,http://vocab.getty.edu/aat/300005621,close match,closeMatch
ARIADNE_ADS_AAT_Mappings.pdf,5. ADS Monuments,http://purl.org/heritagedata/schemes/eh_tmt2/concepts/70372,GATEHOUSE,gatehouses,http://vocab.getty.edu/aat/300005621,exact match,exactMatch
ARIADNE_ADS_AAT_Mappings.pdf,5. ADS Monuments,http://purl.org/heritagedata/schemes/eh_tmt2/concepts/70386,GEOLOGICAL MARKS,geological formations,http://vocab.getty.edu/aat/300387100,broad match,broadMatch
ARIADNE_ADS_AAT_Mappings.pdf,5. ADS Monuments,http://purl.org/heritagedata/schemes/eh_tmt2/concepts/69090,GLASS WORKING SITE,glassworking,http://vocab.getty.edu/aat/300053929,broad match,broadMatch
ARIADNE_ADS_AAT_Mappings.pdf,5. ADS Monuments,http://purl.org/heritagedata/schemes/eh_tmt2/concepts/70238,GOODS SHED,sheds (storage structures),http://vocab.getty.edu/aat/300006411,broad match,broadMatch
ARIADNE_ADS_AAT_Mappings.pdf,5. ADS Monuments,http://purl.org/heritagedata/schemes/eh_tmt2/concepts/70373,GRAFFITI,graffiti,http://vocab.getty.edu/aat/300015613,exact match,exactMatch
ARIADNE_ADS_AAT_Mappings.pdf,5. ADS Monuments,http://purl.org/heritagedata/schemes/eh_tmt2/concepts/70080,GRAVE,graves,http://vocab.getty.edu/aat/300005907,exact match,exactMatch
ARIADNE_ADS_AAT_Mappings.pdf,5. ADS Monuments,http://purl.org/heritagedata/schemes/eh_tmt2/concepts/152525,GRAVE LINING,graves,http://vocab.getty.edu/aat/300005907,broad match,broadMatch
ARIADNE_ADS_AAT_Mappings.pdf,5. ADS Monuments,http://purl.org/heritagedata/schemes/eh_tmt2/concepts/103572,GRAVE MARKER,tombstones (sepulchral monuments),http://vocab.getty.edu/aat/300005923,exact match,exactMatch
ARIADNE_ADS_AAT_Mappings.pdf,5. ADS Monuments,http://purl.org/heritagedata/schemes/eh_tmt2/concepts/70081,GRAVE SLAB,tombstones (sepulchral monuments),http://vocab.getty.edu/aat/300005923,close match,closeMatch
ARIADNE_ADS_AAT_Mappings.pdf,5. ADS Monuments,http://purl.org/heritagedata/schemes/eh_tmt2/concepts/69062,GRAVEL PIT,gravel pits,http://vocab.getty.edu/aat/300000389,exact match,exactMatch
ARIADNE_ADS_AAT_Mappings.pdf,5. ADS Monuments,http://purl.org/heritagedata/schemes/eh_tmt2/concepts/68946,GREAT HOUSE,country houses,http://vocab.getty.edu/aat/300005567,close match,closeMatch
ARIADNE_ADS_AAT_Mappings.pdf,5. ADS Monuments,http://purl.org/heritagedata/schemes/eh_tmt2/concepts/68927,GRUBENHAUS,sunken huts,http://vocab.getty.edu/aat/300137527,exact match,exactMatch
ARIADNE_ADS_AAT_Mappings.pdf,5. ADS Monuments,http://purl.org/heritagedata/schemes/eh_tmt2/concepts/68885,GUARDHOUSE,guardhouses,http://vocab.getty.edu/aat/300006941,exact match,exactMatch
ARIADNE_ADS_AAT_Mappings.pdf,5. ADS Monuments,http://purl.org/heritagedata/schemes/eh_tmt2/concepts/71658,GUILD CHAPEL,chapels (rooms or structures),http://vocab.getty.edu/aat/300004590,broad match,broadMatch
ARIADNE_ADS_AAT_Mappings.pdf,5. ADS Monuments,http://purl.org/heritagedata/schemes/eh_tmt2/concepts/70935,GULLY,gullies,http://vocab.getty.edu/aat/300008769,exact match,exactMatch
ARIADNE_ADS_AAT_Mappings.pdf,5. ADS Monuments,http://purl.org/heritagedata/schemes/eh_tmt2/concepts/68886,GUN EMPLACEMENT,batteries (platforms),http://vocab.getty.edu/aat/300002501,close match,closeMatch
ARIADNE_ADS_AAT_Mappings.pdf,5. ADS Monuments,http://purl.org/heritagedata/schemes/eh_tmt2/concepts/68977,Habitation Site,inhabited places,http://vocab.getty.edu/aat/300008347,close match,closeMatch
ARIADNE_ADS_AAT_Mappings.pdf,5. ADS Monuments,http://purl.org/heritagedata/schemes/eh_tmt2/concepts/87136,Hall,halls (interior spaces),http://vocab.getty.edu/aat/300004420,exact match,exactMatch
ARIADNE_ADS_AAT_Mappings.pdf,5. ADS Monuments,http://purl.org/heritagedata/schemes/eh_tmt2/concepts/68985,HAMLET,hamlets,http://vocab.getty.edu/aat/300008369,exact match,exactMatch
ARIADNE_ADS_AAT_Mappings.pdf,5. ADS Monuments,http://purl.org/heritagedata/schemes/eh_tmt2/concepts/69456,HARBOUR,harbours,http://vocab.getty.edu/aat/300008678,exact match,exactMatch
ARIADNE_ADS_AAT_Mappings.pdf,5. ADS Monuments,http://purl.org/heritagedata/schemes/eh_tmt2/concepts/92203,HARD STANDING,surface elements (architectural),http://vocab.getty.edu/aat/300001987,broad match,broadMatch
ARIADNE_ADS_AAT_Mappings.pdf,5. ADS Monuments,http://purl.org/heritagedata/schemes/eh_tmt2/concepts/68707,HEALTH AND WELFARE,health facilities,http://vocab.getty.edu/aat/300006653,close match,closeMatch
ARIADNE_ADS_AAT_Mappings.pdf,5. ADS Monuments,http://purl.org/heritagedata/schemes/eh_tmt2/concepts/68707,HEALTH AND WELFARE,welfare buildings,http://vocab.getty.edu/aat/300006742,close match,closeMatch
ARIADNE_ADS_AAT_Mappings.pdf,5. ADS Monuments,http://purl.org/heritagedata/schemes/eh_tmt2/concepts/70374,HEARTH,hearths,http://vocab.getty.edu/aat/300003990,close match,closeMatch
ARIADNE_ADS_AAT_Mappings.pdf,5. ADS Monuments,http://purl.org/heritagedata/schemes/eh_tmt2/concepts/70334,HEDGE,hedges,http://vocab.getty.edu/aat/300266413,exact match,exactMatch
ARIADNE_ADS_AAT_Mappings.pdf,5. ADS Monuments,http://purl.org/heritagedata/schemes/eh_tmt2/concepts/133453,HEDGE BANK,embankments,http://vocab.getty.edu/aat/300008023,broad match,broadMatch
ARIADNE_ADS_AAT_Mappings.pdf,5. ADS Monuments,http://purl.org/heritagedata/schemes/eh_tmt2/concepts/70096,HENGE,henges,http://vocab.getty.edu/aat/300120486,exact match,exactMatch
ARIADNE_ADS_AAT_Mappings.pdf,5. ADS Monuments,http://purl.org/heritagedata/schemes/eh_tmt2/concepts/70097,HENGE ENCLOSURE,megalithic monuments,http://vocab.getty.edu/aat/300006983,broad match,broadMatch
ARIADNE_ADS_AAT_Mappings.pdf,5. ADS Monuments,http://purl.org/heritagedata/schemes/eh_tmt2/concepts/70098,HENGIFORM MONUMENT,megalithic monuments,http://vocab.getty.edu/aat/300006983,broad match,broadMatch
ARIADNE_ADS_AAT_Mappings.pdf,5. ADS Monuments,http://purl.org/heritagedata/schemes/eh_tmt2/concepts/70099,HERMITAGE (RELIGIOUS),hermitages,http://vocab.getty.edu/aat/300000640,exact match,exactMatch
ARIADNE_ADS_AAT_Mappings.pdf,5. ADS Monuments,http://purl.org/heritagedata/schemes/eh_tmt2/concepts/68855,HILLFORT,hillforts,http://vocab.getty.edu/aat/300006911,exact match,exactMatch
ARIADNE_ADS_AAT_Mappings.pdf,5. ADS Monuments,http://purl.org/heritagedata/schemes/eh_tmt2/concepts/94405,HINDU TEMPLE,Hindu temple spaces,http://vocab.getty.edu/aat/300266136,close match,closeMatch
ARIADNE_ADS_AAT_Mappings.pdf,5. ADS Monuments,http://purl.org/heritagedata/schemes/eh_tmt2/concepts/92250,HOLIDAY CENTRE,camps (recreation areas),http://vocab.getty.edu/aat/300000517,close match,closeMatch
ARIADNE_ADS_AAT_Mappings.pdf,5. ADS Monuments,http://purl.org/heritagedata/schemes/eh_tmt2/concepts/70376,HOLLOW,hollow (form attribute),http://vocab.getty.edu/aat/300163023,broad match,broadMatch
ARIADNE_ADS_AAT_Mappings.pdf,5. ADS Monuments,http://purl.org/heritagedata/schemes/eh_tmt2/concepts/70267,HOLLOW WAY,paths,http://vocab.getty.edu/aat/300008321,broad match,broadMatch
ARIADNE_ADS_AAT_Mappings.pdf,5. ADS Monuments,http://purl.org/heritagedata/schemes/eh_tmt2/concepts/70203,HOLY WELL,holy wells,http://vocab.getty.edu/aat/300007638,exact match,exactMatch
ARIADNE_ADS_AAT_Mappings.pdf,5. ADS Monuments,http://purl.org/heritagedata/schemes/eh_tmt2/concepts/142092,HOME GUARD HEADQUARTERS,military buildings,http://vocab.getty.edu/aat/300006887,broad match,broadMatch
ARIADNE_ADS_AAT_Mappings.pdf,5. ADS Monuments,http://purl.org/heritagedata/schemes/eh_tmt2/concepts/141940,HOME GUARD SHELTER,guardhouses,http://vocab.getty.edu/aat/300006941,broad match,broadMatch
ARIADNE_ADS_AAT_Mappings.pdf,5. ADS Monuments,http://purl.org/heritagedata/schemes/eh_tmt2/concepts/141944,HOME GUARD STORE,military buildings,http://vocab.getty.edu/aat/300006887,broad match,broadMatch
ARIADNE_ADS_AAT_Mappings.pdf,5. ADS Monuments,http://purl.org/heritagedata/schemes/eh_tmt2/concepts/70833,HOMESTEAD,homesteads,http://vocab.getty.edu/aat/300000291,close match,closeMatch
ARIADNE_ADS_AAT_Mappings.pdf,5. ADS Monuments,http://purl.org/heritagedata/schemes/eh_tmt2/concepts/68716,HOSPITAL,hospitals (buildings for health facility),http://vocab.getty.edu/aat/300006676,exact match,exactMatch
ARIADNE_ADS_AAT_Mappings.pdf,5. ADS Monuments,http://purl.org/heritagedata/schemes/eh_tmt2/concepts/68928,HOUSE,houses,http://vocab.getty.edu/aat/300005433,exact match,exactMatch
ARIADNE_ADS_AAT_Mappings.pdf,5. ADS Monuments,http://purl.org/heritagedata/schemes/eh_tmt2/concepts/68951,HOUSE PLATFORM,platforms (floors),http://vocab.getty.edu/aat/300132129,broad match,broadMatch
ARIADNE_ADS_AAT_Mappings.pdf,5. ADS Monuments,http://purl.org/heritagedata/schemes/eh_tmt2/concepts/69614,HUMAN REMAINS,human remains,http://vocab.getty.edu/aat/300379896,exact match,exactMatch
ARIADNE_ADS_AAT_Mappings.pdf,5. ADS Monuments,http://purl.org/heritagedata/schemes/eh_tmt2/concepts/68602,HUNTING LODGE,hunting lodges,http://vocab.getty.edu/aat/300007177,close match,closeMatch
ARIADNE_ADS_AAT_Mappings.pdf,5. ADS Monuments,http://purl.org/heritagedata/schemes/eh_tmt2/concepts/68961,HUT,huts (houses),http://vocab.getty.edu/aat/300004824,exact match,exactMatch
ARIADNE_ADS_AAT_Mappings.pdf,5. ADS Monuments,http://purl.org/heritagedata/schemes/eh_tmt2/concepts/68964,HUT CIRCLE,huts (houses),http://vocab.getty.edu/aat/300004824,broad match,broadMatch
ARIADNE_ADS_AAT_Mappings.pdf,5. ADS Monuments,http://purl.org/heritagedata/schemes/eh_tmt2/concepts/68986,HUT CIRCLE SETTLEMENT,huts (houses),http://vocab.getty.edu/aat/300004824,broad match,broadMatch
ARIADNE_ADS_AAT_Mappings.pdf,5. ADS Monuments,http://purl.org/heritagedata/schemes/eh_tmt2/concepts/68967,HYPOCAUST,hypocausts,http://vocab.getty.edu/aat/300004277,exact match,exactMatch
ARIADNE_ADS_AAT_Mappings.pdf,5. ADS Monuments,http://purl.org/heritagedata/schemes/eh_tmt2/concepts/69047,INDUSTRIAL,industrial complexes,http://vocab.getty.edu/aat/300000385,close match,closeMatch
ARIADNE_ADS_AAT_Mappings.pdf,5. ADS Monuments,http://purl.org/heritagedata/schemes/eh_tmt2/concepts/69199,INDUSTRIAL BUILDING,industrial buildings,http://vocab.getty.edu/aat/300006231,close match,closeMatch
ARIADNE_ADS_AAT_Mappings.pdf,5. ADS Monuments,http://purl.org/heritagedata/schemes/eh_tmt2/concepts/92351,INDUSTRIAL HOUSE,industrial housing,http://vocab.getty.edu/aat/300000322,close match,closeMatch
ARIADNE_ADS_AAT_Mappings.pdf,5. ADS Monuments,http://purl.org/heritagedata/schemes/eh_tmt2/concepts/69201,INDUSTRIAL SITE,industrial sites,http://vocab.getty.edu/aat/300000816,close match,closeMatch
ARIADNE_ADS_AAT_Mappings.pdf,5. ADS Monuments,http://purl.org/heritagedata/schemes/eh_tmt2/concepts/70976,INFIRMARY,infirmaries,http://vocab.getty.edu/aat/300006706,exact match,exactMatch
ARIADNE_ADS_AAT_Mappings.pdf,5. ADS Monuments,http://purl.org/heritagedata/schemes/eh_tmt2/concepts/70031,INHUMATION,burials,http://vocab.getty.edu/aat/300263485,broad match,broadMatch
ARIADNE_ADS_AAT_Mappings.pdf,5. ADS Monuments,http://purl.org/heritagedata/schemes/eh_tmt2/concepts/70060,INHUMATION CEMETERY,cemeteries,http://vocab.getty.edu/aat/300266755,broad match,broadMatch
ARIADNE_ADS_AAT_Mappings.pdf,5. ADS Monuments,http://purl.org/heritagedata/schemes/eh_tmt2/concepts/68793,INN,inns,http://vocab.getty.edu/aat/300007170,exact match,exactMatch
ARIADNE_ADS_AAT_Mappings.pdf,5. ADS Monuments,http://purl.org/heritagedata/schemes/eh_tmt2/concepts/70100,INSCRIBED STONE,commemorative sculpture,http://vocab.getty.edu/aat/300262491,broad match,broadMatch
ARIADNE_ADS_AAT_Mappings.pdf,5. ADS Monuments,http://purl.org/heritagedata/schemes/eh_tmt2/concepts/139404,INSULA,insulae,http://vocab.getty.edu/aat/300000325,close match,closeMatch
ARIADNE_ADS_AAT_Mappings.pdf,5. ADS Monuments,http://purl.org/heritagedata/schemes/eh_tmt2/concepts/69187,IRON FURNACE,ironworking,http://vocab.getty.edu/aat/300054049,broad match,broadMatch
ARIADNE_ADS_AAT_Mappings.pdf,5. ADS Monuments,http://purl.org/heritagedata/schemes/eh_tmt2/concepts/69236,Iron Smelting Site,smelters (metalworking plants),http://vocab.getty.edu/aat/300103997,broad match,broadMatch
ARIADNE_ADS_AAT_Mappings.pdf,5. ADS Monuments,http://purl.org/heritagedata/schemes/eh_tmt2/concepts/69236,IRON WORKING SITE,ironworking,http://vocab.getty.edu/aat/300054049,broad match,broadMatch
ARIADNE_ADS_AAT_Mappings.pdf,5. ADS Monuments,http://purl.org/heritagedata/schemes/eh_tmt2/concepts/69237,IRON WORKS,ironworks (factories),http://vocab.getty.edu/aat/300006296,close match,closeMatch
ARIADNE_ADS_AAT_Mappings.pdf,5. ADS Monuments,http://purl.org/heritagedata/schemes/eh_tmt2/concepts/69263,IRONSTONE MINE,iron mines,http://vocab.getty.edu/aat/300000399,close match,closeMatch
ARIADNE_ADS_AAT_Mappings.pdf,5. ADS Monuments,http://purl.org/heritagedata/schemes/eh_tmt2/concepts/69457,JETTY,jetties (erosion protection works),http://vocab.getty.edu/aat/300006155,exact match,exactMatch
ARIADNE_ADS_AAT_Mappings.pdf,5. ADS Monuments,http://purl.org/heritagedata/schemes/eh_tmt2/concepts/68603,KENNELS,kennels (animal housing),http://vocab.getty.edu/aat/300004993,exact match,exactMatch
ARIADNE_ADS_AAT_Mappings.pdf,5. ADS Monuments,http://purl.org/heritagedata/schemes/eh_tmt2/concepts/78353,KERB CAIRN,cairns,http://vocab.getty.edu/aat/300006960,broad match,broadMatch
ARIADNE_ADS_AAT_Mappings.pdf,5. ADS Monuments,http://purl.org/heritagedata/schemes/eh_tmt2/concepts/69203,KILN,kilns,http://vocab.getty.edu/aat/300022798,exact match,exactMatch
ARIADNE_ADS_AAT_Mappings.pdf,5. ADS Monuments,http://purl.org/heritagedata/schemes/eh_tmt2/concepts/68969,KITCHEN,kitchens,http://vocab.getty.edu/aat/300004514,exact match,exactMatch
ARIADNE_ADS_AAT_Mappings.pdf,5. ADS Monuments,http://purl.org/heritagedata/schemes/eh_tmt2/concepts/87924,LAKE,lakes (bodies of water),http://vocab.getty.edu/aat/300008680,exact match,exactMatch
ARIADNE_ADS_AAT_Mappings.pdf,5. ADS Monuments,http://purl.org/heritagedata/schemes/eh_tmt2/concepts/70441,Land Drain,land drainage,http://vocab.getty.edu/aat/300055202,close match,closeMatch
ARIADNE_ADS_AAT_Mappings.pdf,5. ADS Monuments,http://purl.org/heritagedata/schemes/eh_tmt2/concepts/92441,LAND IMPROVEMENT DRAIN,land drainage,http://vocab.getty.edu/aat/300055202,close match,closeMatch
ARIADNE_ADS_AAT_Mappings.pdf,5. ADS Monuments,http://purl.org/heritagedata/schemes/eh_tmt2/concepts/92443,LAND USE SITE,agricultural land,http://vocab.getty.edu/aat/300008631,broad match,broadMatch
ARIADNE_ADS_AAT_Mappings.pdf,5. ADS Monuments,http://purl.org/heritagedata/schemes/eh_tmt2/concepts/71511,Latrine,latrines,http://vocab.getty.edu/aat/300007951,exact match,exactMatch
ARIADNE_ADS_AAT_Mappings.pdf,5. ADS Monuments,http://purl.org/heritagedata/schemes/eh_tmt2/concepts/78869,LAWN,lawns (landscaped grass),http://vocab.getty.edu/aat/300008889,exact match,exactMatch
ARIADNE_ADS_AAT_Mappings.pdf,5. ADS Monuments,http://purl.org/heritagedata/schemes/eh_tmt2/concepts/69271,Lead Mill,smelters (metalworking plants),http://vocab.getty.edu/aat/300103997,broad match,broadMatch
ARIADNE_ADS_AAT_Mappings.pdf,5. ADS Monuments,http://purl.org/heritagedata/schemes/eh_tmt2/concepts/69265,LEAD MINE,lead mines,http://vocab.getty.edu/aat/300343378,exact match,exactMatch
ARIADNE_ADS_AAT_Mappings.pdf,5. ADS Monuments,http://purl.org/heritagedata/schemes/eh_tmt2/concepts/71500,Lead Miners Cottage,industrial housing,http://vocab.getty.edu/aat/300000322,close match,closeMatch
ARIADNE_ADS_AAT_Mappings.pdf,5. ADS Monuments,http://purl.org/heritagedata/schemes/eh_tmt2/concepts/142000,LEAD SMELTER,smelters (metalworking plants),http://vocab.getty.edu/aat/300103997,close match,closeMatch
ARIADNE_ADS_AAT_Mappings.pdf,5. ADS Monuments,http://purl.org/heritagedata/schemes/eh_tmt2/concepts/69238,LEAD WORKING SITE,metal works structures,http://vocab.getty.edu/aat/300122139,broad match,broadMatch
ARIADNE_ADS_AAT_Mappings.pdf,5. ADS Monuments,http://purl.org/heritagedata/schemes/eh_tmt2/concepts/69239,LEAD WORKS,metal works structures,http://vocab.getty.edu/aat/300122139,broad match,broadMatch
ARIADNE_ADS_AAT_Mappings.pdf,5. ADS Monuments,http://purl.org/heritagedata/schemes/eh_tmt2/concepts/70448,LEAT,artificial water channels,http://vocab.getty.edu/aat/300133792,close match,closeMatch
ARIADNE_ADS_AAT_Mappings.pdf,5. ADS Monuments,http://purl.org/heritagedata/schemes/eh_tmt2/concepts/71660,LECTURE THEATRE,lecture theatres,http://vocab.getty.edu/aat/300004409,exact match,exactMatch
ARIADNE_ADS_AAT_Mappings.pdf,5. ADS Monuments,http://purl.org/heritagedata/schemes/eh_tmt2/concepts/68881,LEGIONARY FORTRESS,fortresses,http://vocab.getty.edu/aat/300006894,close match,closeMatch
ARIADNE_ADS_AAT_Mappings.pdf,5. ADS Monuments,http://purl.org/heritagedata/schemes/eh_tmt2/concepts/70240,LEVEL CROSSING,level crossings,http://vocab.getty.edu/aat/300003864,close match,closeMatch
ARIADNE_ADS_AAT_Mappings.pdf,5. ADS Monuments,http://purl.org/heritagedata/schemes/eh_tmt2/concepts/93993,LIDO,swimming pools,http://vocab.getty.edu/aat/300007376,close match,closeMatch
ARIADNE_ADS_AAT_Mappings.pdf,5. ADS Monuments,http://purl.org/heritagedata/schemes/eh_tmt2/concepts/69063,LIME KILN,lime kilns,http://vocab.getty.edu/aat/300006404,exact match,exactMatch
ARIADNE_ADS_AAT_Mappings.pdf,5. ADS Monuments,http://purl.org/heritagedata/schemes/eh_tmt2/concepts/69070,LIMESTONE QUARRY,quarries (extracting complexes),http://vocab.getty.edu/aat/300000402,broad match,broadMatch
ARIADNE_ADS_AAT_Mappings.pdf,5. ADS Monuments,http://purl.org/heritagedata/schemes/eh_tmt2/concepts/68890,Linear Ditch,ditches,http://vocab.getty.edu/aat/300006178,broad match,broadMatch
ARIADNE_ADS_AAT_Mappings.pdf,5. ADS Monuments,http://purl.org/heritagedata/schemes/eh_tmt2/concepts/68890,LINEAR EARTHWORK,earthworks (engineering works),http://vocab.getty.edu/aat/300008020,broad match,broadMatch
ARIADNE_ADS_AAT_Mappings.pdf,5. ADS Monuments,http://purl.org/heritagedata/schemes/eh_tmt2/concepts/70378,LINEAR FEATURE,earthworks (engineering works),http://vocab.getty.edu/aat/300008020,broad match,broadMatch
ARIADNE_ADS_AAT_Mappings.pdf,5. ADS Monuments,http://purl.org/heritagedata/schemes/eh_tmt2/concepts/94213,LITHIC SCATTER,lithics,http://vocab.getty.edu/aat/300379567,close match,closeMatch
ARIADNE_ADS_AAT_Mappings.pdf,5. ADS Monuments,http://purl.org/heritagedata/schemes/eh_tmt2/concepts/94214,LITHIC WORKING SITE,lithics,http://vocab.getty.edu/aat/300379567,broad match,broadMatch
ARIADNE_ADS_AAT_Mappings.pdf,5. ADS Monuments,http://purl.org/heritagedata/schemes/eh_tmt2/concepts/70006,LONG BARROW,long barrows,http://vocab.getty.edu/aat/300391498,exact match,exactMatch
ARIADNE_ADS_AAT_Mappings.pdf,5. ADS Monuments,http://purl.org/heritagedata/schemes/eh_tmt2/concepts/70086,LONG MOUND,long barrows,http://vocab.getty.edu/aat/300391498,close match,closeMatch
ARIADNE_ADS_AAT_Mappings.pdf,5. ADS Monuments,http://purl.org/heritagedata/schemes/eh_tmt2/concepts/104173,LONGHOUSE,longhouses (multiple dwellings),http://vocab.getty.edu/aat/300005672,close match,closeMatch
ARIADNE_ADS_AAT_Mappings.pdf,5. ADS Monuments,http://purl.org/heritagedata/schemes/eh_tmt2/concepts/68626,LYNCHET,agricultural land,http://vocab.getty.edu/aat/300008631,broad match,broadMatch
ARIADNE_ADS_AAT_Mappings.pdf,5. ADS Monuments,http://purl.org/heritagedata/schemes/eh_tmt2/concepts/141875,MACELLUM,macella,http://vocab.getty.edu/aat/300005241,exact match,exactMatch
ARIADNE_ADS_AAT_Mappings.pdf,5. ADS Monuments,http://purl.org/heritagedata/schemes/eh_tmt2/concepts/141948,MACHINE GUN POST,gun mounts,http://vocab.getty.edu/aat/300221835,close match,closeMatch
ARIADNE_ADS_AAT_Mappings.pdf,5. ADS Monuments,http://purl.org/heritagedata/schemes/eh_tmt2/concepts/68567,MALT KILN,kilns,http://vocab.getty.edu/aat/300022798,broad match,broadMatch
ARIADNE_ADS_AAT_Mappings.pdf,5. ADS Monuments,http://purl.org/heritagedata/schemes/eh_tmt2/concepts/69130,MALTINGS,malthouses,http://vocab.getty.edu/aat/300004950,close match,closeMatch
ARIADNE_ADS_AAT_Mappings.pdf,5. ADS Monuments,http://purl.org/heritagedata/schemes/eh_tmt2/concepts/97254,MANAGED WOODLAND,forests (cultural landscapes),http://vocab.getty.edu/aat/300008863,close match,closeMatch
ARIADNE_ADS_AAT_Mappings.pdf,5. ADS Monuments,http://purl.org/heritagedata/schemes/eh_tmt2/concepts/68648,MANOR,manors (agricultural complexes),http://vocab.getty.edu/aat/300000238,exact match,exactMatch
ARIADNE_ADS_AAT_Mappings.pdf,5. ADS Monuments,http://purl.org/heritagedata/schemes/eh_tmt2/concepts/68948,MANOR HOUSE,manor houses,http://vocab.getty.edu/aat/300005579,exact match,exactMatch
ARIADNE_ADS_AAT_Mappings.pdf,5. ADS Monuments,http://purl.org/heritagedata/schemes/eh_tmt2/concepts/69438,MARITIME,marine structures,http://vocab.getty.edu/aat/300008038,close match,closeMatch
ARIADNE_ADS_AAT_Mappings.pdf,5. ADS Monuments,http://purl.org/heritagedata/schemes/eh_tmt2/concepts/68796,MARKET,markets (structures),http://vocab.getty.edu/aat/300005238,exact match,exactMatch
ARIADNE_ADS_AAT_Mappings.pdf,5. ADS Monuments,http://purl.org/heritagedata/schemes/eh_tmt2/concepts/71722,MARKET HOUSE,market houses,http://vocab.getty.edu/aat/300312182,exact match,exactMatch
ARIADNE_ADS_AAT_Mappings.pdf,5. ADS Monuments,http://purl.org/heritagedata/schemes/eh_tmt2/concepts/69113,MARL PIT,quarries (extracting complexes),http://vocab.getty.edu/aat/300000402,broad match,broadMatch
ARIADNE_ADS_AAT_Mappings.pdf,5. ADS Monuments,http://purl.org/heritagedata/schemes/eh_tmt2/concepts/87826,MARSHALLING YARD,marshalling yards,http://vocab.getty.edu/aat/300000691,exact match,exactMatch
ARIADNE_ADS_AAT_Mappings.pdf,5. ADS Monuments,http://purl.org/heritagedata/schemes/eh_tmt2/concepts/68893,MARTELLO TOWER,martello towers,http://vocab.getty.edu/aat/300006946,exact match,exactMatch
ARIADNE_ADS_AAT_Mappings.pdf,5. ADS Monuments,http://purl.org/heritagedata/schemes/eh_tmt2/concepts/144484,MASS GRAVE,graves,http://vocab.getty.edu/aat/300005907,close match,closeMatch
ARIADNE_ADS_AAT_Mappings.pdf,5. ADS Monuments,http://purl.org/heritagedata/schemes/eh_tmt2/concepts/70109,MONUMENTAL MOUND,ceremonial mounds,http://vocab.getty.edu/aat/300386964,close match,closeMatch
ARIADNE_ADS_AAT_Mappings.pdf,5. ADS Monuments,http://purl.org/heritagedata/schemes/eh_tmt2/concepts/70382,MOUND,mounds,http://vocab.getty.edu/aat/300008024,exact match,exactMatch
ARIADNE_ADS_AAT_Mappings.pdf,5. ADS Monuments,http://purl.org/heritagedata/schemes/eh_tmt2/concepts/68897,PALISADE,palisades (outworks),http://vocab.getty.edu/aat/300003717,exact match,exactMatch
ARIADNE_ADS_AAT_Mappings.pdf,5. ADS Monuments,http://purl.org/heritagedata/schemes/eh_tmt2/concepts/70398,PIT,pits (earthworks),http://vocab.getty.edu/aat/300008027,close match,closeMatch
ARIADNE_ADS_AAT_Mappings.pdf,5. ADS Monuments,http://purl.org/heritagedata/schemes/eh_tmt2/concepts/70407,RING DITCH,ring ditches,http://vocab.getty.edu/aat/300312201,exact match,exactMatch
ARIADNE_ADS_AAT_Mappings.pdf,5. ADS Monuments,http://purl.org/heritagedata/schemes/eh_tmt2/concepts/70182,SANCTUARY,sanctuaries (religious building spaces),http://vocab.getty.edu/aat/300004575,exact match,exactMatch
ARIADNE_ADS_AAT_Mappings.pdf,5. ADS Monuments,http://purl.org/heritagedata/schemes/eh_tmt2/concepts/70411,SHELTER,shelters (single built works),http://vocab.getty.edu/aat/300007688,exact match,exactMatch
ARIADNE_ADS_AAT_Mappings.pdf,5. ADS Monuments,http://purl.org/heritagedata/schemes/eh_tmt2/concepts/70184,SHRINE,shrines (structures),http://vocab.getty.edu/aat/300007558,exact match,exactMatch
ARIADNE_ADS_AAT_Mappings.pdf,5. ADS Monuments,http://purl.org/heritagedata/schemes/eh_tmt2/concepts/69333,WINDMILL,windmills,http://vocab.getty.edu/aat/300006273,exact match,exactMatch
ARIADNE_ADS_AAT_Mappings.pdf,5. ADS Monuments,http://purl.org/heritagedata/schemes/eh_tmt2/concepts/68972,MIDDEN,middens,http://vocab.getty.edu/aat/300120507,exact match,exactMatch
ARIADNE_ADS_AAT_Mappings.pdf,5. ADS Monuments,http://purl.org/heritagedata/schemes/eh_tmt2/concepts/70152,MONASTERY,monasteries (built complexes),http://vocab.getty.edu/aat/300000641,exact match,exactMatch
