section,source_uri,source_label,target_label,target_uri,match,skos_predicate
PACTOLS,http://ark.frantiq.fr/ark:/26678/pcrt9Xvh4RiNS5,abandon de lieu,emigration,http://vocab.getty.edu/aat/300055406,close match,closeMatch
PACTOLS,http://ark.frantiq.fr/ark:/26678/pcrt8icSwjOM7u,abbatiale,abbey churches,http://vocab.getty.edu/aat/300007495,exact match,exactMatch
PACTOLS,http://ark.frantiq.fr/ark:/26678/pcrt8icSwjOM7u,abbaye,abbeys (monasteries),http://vocab.getty.edu/aat/300000642,exact match,exactMatch
PACTOLS,http://ark.frantiq.fr/ark:/26678/pcrtBpaSMOlWvz,abreuvoir,troughs (containers),http://vocab.getty.edu/aat/300220971,exact match,exactMatch
PACTOLS,http://ark.frantiq.fr/ark:/26678/pcrtkeLpJpVN4t,abri sous roche,rock shelters,http://vocab.getty.edu/aat/300007699,exact match,exactMatch
PACTOLS,http://ark.frantiq.fr/ark:/26678/pcrtJ71ZuyuOEq,abside,apses,http://vocab.getty.edu/aat/300004607,exact match,exactMatch
PACTOLS,http://ark.frantiq.fr/ark:/26678/pcrts8SiTTY3Ka,acquisition de ressource naturelle,extracting complexes,http://vocab.getty.edu/aat/300000388,close match,closeMatch
PACTOLS,http://ark.frantiq.fr/ark:/26678/pcrtIq8AvOPlPV,acquisition des données,recording,http://vocab.getty.edu/aat/300077610,exact match,exactMatch
PACTOLS,http://ark.frantiq.fr/ark:/26678/pcrtTQjJbnRU7S,acrotre,acroteria,http://vocab.getty.edu/aat/300002214,exact match,exactMatch
PACTOLS,http://ark.frantiq.fr/ark:/26678/pcrtMNiNZMViWi,activités commerciales,trade (function),http://vocab.getty.edu/aat/300061886,broad match,broadMatch
PACTOLS,http://ark.frantiq.fr/ark:/26678/pcrtF4g7aXEn6l,administrations,public administration,http://vocab.getty.edu/aat/300254069,exact match,exactMatch
PACTOLS,http://ark.frantiq.fr/ark:/26678/pcrthELuSjXqGH,adobe,adobe (material),http://vocab.getty.edu/aat/300081138,exact match,exactMatch
PACTOLS,http://ark.frantiq.fr/ark:/26678/pcrtrg5RZoroR7,adolescent,adolescents,http://vocab.getty.edu/aat/300163862,exact match,exactMatch
PACTOLS,http://ark.frantiq.fr/ark:/26678/pcrtf4z1Qe2N4U,adulte,adults,http://vocab.getty.edu/aat/300154397,exact match,exactMatch
PACTOLS,http://ark.frantiq.fr/ark:/26678/pcrtu6MrQiPdBO,AFC,factor analysis,http://vocab.getty.edu/aat/300379464,exact match,exactMatch
PACTOLS,http://ark.frantiq.fr/ark:/26678/pcrt1gsiMfFUP0,agglomération secondaire,agglomerations,http://vocab.getty.edu/aat/300008400,broad match,broadMatch
PACTOLS,http://ark.frantiq.fr/ark:/26678/pcrtN5zGcqx0YR,agglomération urbaine,towns,http://vocab.getty.edu/aat/300008375,exact match,exactMatch
PACTOLS,http://ark.frantiq.fr/ark:/26678/pcrtRWDy1UDdDG,agrafe,clasps (fasteners),http://vocab.getty.edu/aat/300239507,exact match,exactMatch
PACTOLS,http://ark.frantiq.fr/ark:/26678/pcrtuDGmtyntVb,agriculture,agriculture,http://vocab.getty.edu/aat/300054463,exact match,exactMatch
PACTOLS,http://ark.frantiq.fr/ark:/26678/pcrt9dibLrQ5oo,agronomie,agronomy,http://vocab.getty.edu/aat/300254393,exact match,exactMatch
PACTOLS,http://ark.frantiq.fr/ark:/26678/pcrtebcLdP2rVc,aiguière,aquamaniles,http://vocab.getty.edu/aat/300045667,exact match,exactMatch
PACTOLS,http://ark.frantiq.fr/ark:/26678/pcrtpyrtgrXdME,aiguille,needles (piercing tools),http://vocab.getty.edu/aat/300024789,exact match,exactMatch
PACTOLS,http://ark.frantiq.fr/ark:/26678/pcrt903VxVZvpD,aiguisoir,whetstones,http://vocab.getty.edu/aat/300023299,exact match,exactMatch
PACTOLS,http://ark.frantiq.fr/ark:/26678/pcrtw6060MPvnU,aire d'incinération,crematories,http://vocab.getty.edu/aat/300005871,close match,closeMatch
PACTOLS,http://ark.frantiq.fr/ark:/26678/pcrtUQEt5jp9Q3,alêne,awls,http://vocab.getty.edu/aat/300024663,exact match,exactMatch
PACTOLS,http://ark.frantiq.fr/ark:/26678/pcrtpbgzj4c0da,alignements,alignment,http://vocab.getty.edu/aat/300056243,exact match,exactMatch
PACTOLS,http://ark.frantiq.fr/ark:/26678/pcrtkAoBnFpdrT,alimentation,diet,http://vocab.getty.edu/aat/300379463,exact match,exactMatch
PACTOLS,http://ark.frantiq.fr/ark:/26678/pcrtrx7Rc5oHkk,alimentation en eau,water supply systems,http://vocab.getty.edu/aat/300008618,exact match,exactMatch
PACTOLS,http://ark.frantiq.fr/ark:/26678/pcrtgcn5U8laUN,aliments,food,http://vocab.getty.edu/aat/300254496,exact match,exactMatch
PACTOLS,http://ark.frantiq.fr/ark:/26678/pcrtgWbicZTgZe,allée couverte,gallery graves,http://vocab.getty.edu/aat/300005939,exact match,exactMatch
PACTOLS,http://ark.frantiq.fr/ark:/26678/pcrtzcGlM17go5,alliage,alloy,http://vocab.getty.edu/aat/300010902,exact match,exactMatch
PACTOLS,http://ark.frantiq.fr/ark:/26678/pcrt4Jy2JE8F3U,alluvion,alluvium,http://vocab.getty.edu/aat/300264223,exact match,exactMatch
PACTOLS,http://ark.frantiq.fr/ark:/26678/pcrtKZYwYOkWlK,amas coquillier,middens,http://vocab.getty.edu/aat/300120507,exact match,exactMatch
PACTOLS,http://ark.frantiq.fr/ark:/26678/pcrtSAtrywvkI9,amas de débitage,debitage,http://vocab.getty.edu/aat/300265125,exact match,exactMatch
PACTOLS,http://ark.frantiq.fr/ark:/26678/pcrtSiQAzZxXsv,ambre,amber (fossil resin),http://vocab.getty.edu/aat/300012934,exact match,exactMatch
PACTOLS,http://ark.frantiq.fr/ark:/26678/pcrtORlgwkPgL5,aménagement de berge,flood protection works,http://vocab.getty.edu/aat/300006161,close match,closeMatch
PACTOLS,http://ark.frantiq.fr/ark:/26678/pcrtPXIo4VBd5K,aménagement du relief,land use,http://vocab.getty.edu/aat/300055399,broad match,broadMatch
PACTOLS,http://ark.frantiq.fr/ark:/26678/pcrtUu5zfknZ1x,aménagement du sol,land use,http://vocab.getty.edu/aat/300055399,exact match,exactMatch
PACTOLS,http://ark.frantiq.fr/ark:/26678/pcrtlLaVIacMMt,amendement,fertilizer,http://vocab.getty.edu/aat/300015131,close match,closeMatch
PACTOLS,http://ark.frantiq.fr/ark:/26678/pcrtsFdnVuIzkm,amour,love (emotion),http://vocab.getty.edu/aat/300055165,exact match,exactMatch
PACTOLS,http://ark.frantiq.fr/ark:/26678/pcrtBJYesjJJuc,amphibien,Amphibia (class),http://vocab.getty.edu/aat/300249665,exact match,exactMatch
PACTOLS,http://ark.frantiq.fr/ark:/26678/pcrtEmYHAsBI3W,amphithéâtre,amphitheaters (built works),http://vocab.getty.edu/aat/300007128,exact match,exactMatch
PACTOLS,http://ark.frantiq.fr/ark:/26678/pcrtVFfTq3JlGu,amphore,amphorae (storage vessels),http://vocab.getty.edu/aat/300148696,exact match,exactMatch
PACTOLS,http://ark.frantiq.fr/ark:/26678/pcrtShV4zjpBwz,amphore africaine,amphorae (storage vessels),http://vocab.getty.edu/aat/300148696,broad match,broadMatch
PACTOLS,http://ark.frantiq.fr/ark:/26678/pcrtfmAsFkQ65S,amphore étrusque,amphorae (storage vessels),http://vocab.getty.edu/aat/300148696,broad match,broadMatch
PACTOLS,http://ark.frantiq.fr/ark:/26678/pcrtiUhJYvi7PG,amphore gauloise,amphorae (storage vessels),http://vocab.getty.edu/aat/300148696,broad match,broadMatch
PACTOLS,http://ark.frantiq.fr/ark:/26678/pcrtPSS2MM5bOd,amphore grecque,amphorae (storage vessels),http://vocab.getty.edu/aat/300148696,broad match,broadMatch
PACTOLS,http://ark.frantiq.fr/ark:/26678/pcrtSGcwcsBoyS,amphore ibérique,amphorae (storage vessels),http://vocab.getty.edu/aat/300148696,broad match,broadMatch
PACTOLS,http://ark.frantiq.fr/ark:/26678/pcrtNbAKI2ocgN,amphore italique,amphorae (storage vessels),http://vocab.getty.edu/aat/300148696,broad match,broadMatch
PACTOLS,http://ark.frantiq.fr/ark:/26678/pcrtOfFF2y5aml,amphore massaliète,amphorae (storage vessels),http://vocab.getty.edu/aat/300148696,broad match,broadMatch
PACTOLS,http://ark.frantiq.fr/ark:/26678/pcrt86nTYZYBHw,amphore orientale,amphorae (storage vessels),http://vocab.getty.edu/aat/300148696,broad match,broadMatch
PACTOLS,http://ark.frantiq.fr/ark:/26678/pcrte7YAlPc3wx,amphore punique,amphorae (storage vessels),http://vocab.getty.edu/aat/300148696,broad match,broadMatch
PACTOLS,http://ark.frantiq.fr/ark:/26678/pcrtypeuXnXbxa,amphorette,amphorae (storage vessels),http://vocab.getty.edu/aat/300148696,broad match,broadMatch
PACTOLS,http://ark.frantiq.fr/ark:/26678/pcrtxme0rj3r2Z,amputation,surgery,http://vocab.getty.edu/aat/300137832,broad match,broadMatch
PACTOLS,http://ark.frantiq.fr/ark:/26678/pcrtJM6rFSQ84T,AMS,mass spectrometers,http://vocab.getty.edu/aat/300198980,exact match,exactMatch
PACTOLS,http://ark.frantiq.fr/ark:/26678/pcrtpuX90VQ6vw,amulette,amulets,http://vocab.getty.edu/aat/300266585,exact match,exactMatch
PACTOLS,http://ark.frantiq.fr/ark:/26678/pcrtnQsh3FimJb,analyse des données,data processing,http://vocab.getty.edu/aat/300054636,exact match,exactMatch
PACTOLS,http://ark.frantiq.fr/ark:/26678/pcrtI7E5QGYFhb,analyse des matériaux,archaeometry,http://vocab.getty.edu/aat/300122729,broad match,broadMatch
PACTOLS,http://ark.frantiq.fr/ark:/26678/pcrtJmrHLDqtoN,analyse documentaire,subject analysis,http://vocab.getty.edu/aat/300155399,broad match,broadMatch
PACTOLS,http://ark.frantiq.fr/ark:/26678/pcrtBThnmzqTT1,analyse fonctionnelle,functional analysis,http://vocab.getty.edu/aat/300380275,exact match,exactMatch
PACTOLS,http://ark.frantiq.fr/ark:/26678/pcrtuDWiNoQD59,analyse spatiale,spatial analysis,http://vocab.getty.edu/aat/300223990,exact match,exactMatch
PACTOLS,http://ark.frantiq.fr/ark:/26678/pcrtLEaUqg7IZm,anatomie,anatomy,http://vocab.getty.edu/aat/300054465,exact match,exactMatch
PACTOLS,http://ark.frantiq.fr/ark:/26678/pcrt7ZUb0jZYg8,ancre,anchors (watercraft equipment),http://vocab.getty.edu/aat/300219429,exact match,exactMatch
PACTOLS,http://ark.frantiq.fr/ark:/26678/pcrtL41Ddfw4XO,anneau,rings (jewelry),http://vocab.getty.edu/aat/300046012,exact match,exactMatch
PACTOLS,http://ark.frantiq.fr/ark:/26678/pcrtZcMrW2O5nI,anneau de cheville,anklets,http://vocab.getty.edu/aat/300209294,exact match,exactMatch
PACTOLS,http://ark.frantiq.fr/ark:/26678/pcrtcKecfL7Beu,antéfixe,antefixes,http://vocab.getty.edu/aat/300002217,exact match,exactMatch
PACTOLS,http://ark.frantiq.fr/ark:/26678/pcrtHymRiII9SY,anthracologie,archaeobotany,http://vocab.getty.edu/aat/300251771,broad match,broadMatch
PACTOLS,http://ark.frantiq.fr/ark:/26678/pcrttcpeEPi2K0,anthropologie,anthropology,http://vocab.getty.edu/aat/300054315,exact match,exactMatch
PACTOLS,http://ark.frantiq.fr/ark:/26678/pcrtPi94u2INlY,anthropologie de terrain,physical anthropology,http://vocab.getty.edu/aat/300054322,close match,closeMatch
PACTOLS,http://ark.frantiq.fr/ark:/26678/pcrtU8RLhLoUoy,apiculture,animal husbandry,http://vocab.getty.edu/aat/300254388,broad match,broadMatch
PACTOLS,http://ark.frantiq.fr/ark:/26678/pcrtkXXVYFfHbv,applique,onlays (applied decoration),http://vocab.getty.edu/aat/300256026,exact match,exactMatch
PACTOLS,http://ark.frantiq.fr/ark:/26678/pcrtWM9edcGV95,appontement,wharves,http://vocab.getty.edu/aat/300120786,exact match,exactMatch
PACTOLS,http://ark.frantiq.fr/ark:/26678/pcrtvfRyLrY33I,approvisionnement,procurement,http://vocab.getty.edu/aat/300137616,exact match,exactMatch
PACTOLS,http://ark.frantiq.fr/ark:/26678/pcrtrx7Rc5oHkk,approvisionnement en eau,water supply systems,http://vocab.getty.edu/aat/300008618,exact match,exactMatch
PACTOLS,http://ark.frantiq.fr/ark:/26678/pcrtQLzzeiDyrk,aqueduc,aqueducts,http://vocab.getty.edu/aat/300006165,exact match,exactMatch
PACTOLS,http://ark.frantiq.fr/ark:/26678/pcrtQLzzeiDyrk,aqueduc romain,aqueducts,http://vocab.getty.edu/aat/300006165,exact match,exactMatch
PACTOLS,http://ark.frantiq.fr/ark:/26678/pcrtEMVOMHVcio,araire,plows (agricultural equipment),http://vocab.getty.edu/aat/300233317,exact match,exactMatch
PACTOLS,http://ark.frantiq.fr/ark:/26678/pcrtqRa7VHvxAe,arbalète,crossbows,http://vocab.getty.edu/aat/300037000,close match,closeMatch
PACTOLS,http://ark.frantiq.fr/ark:/26678/pcrtjU6tklpIsW,arboriculture,silviculture,http://vocab.getty.edu/aat/300179397,exact match,exactMatch
PACTOLS,http://ark.frantiq.fr/ark:/26678/pcrtnUINrG3Gx0,arbre fruitier,fruit (plant components),http://vocab.getty.edu/aat/300011868,broad match,broadMatch
PACTOLS,http://ark.frantiq.fr/ark:/26678/pcrt6ihD3VYe4o,arc monumental,memorial arches,http://vocab.getty.edu/aat/300007002,exact match,exactMatch
PACTOLS,http://ark.frantiq.fr/ark:/26678/pcrty05M9SVnLu,archéologie,archaeology,http://vocab.getty.edu/aat/300054328,exact match,exactMatch
PACTOLS,http://ark.frantiq.fr/ark:/26678/pcrtSgRiFP04jl,archéologie du paysage,landscape archaeology,http://vocab.getty.edu/aat/300252459,exact match,exactMatch
PACTOLS,http://ark.frantiq.fr/ark:/26678/pcrt6RlBpO560k,archéologie expérimentale,experimental archaeology,http://vocab.getty.edu/aat/300252681,exact match,exactMatch
PACTOLS,http://ark.frantiq.fr/ark:/26678/pcrtVNiJ6JaW7U,archéologie industrielle,industrial archaeology,http://vocab.getty.edu/aat/300054333,exact match,exactMatch
PACTOLS,http://ark.frantiq.fr/ark:/26678/pcrt9A9KDllfAq,archéologie préventive,rescue archaeology,http://vocab.getty.edu/aat/300379376,close match,closeMatch
PACTOLS,http://ark.frantiq.fr/ark:/26678/pcrtvtdrjzINR5,archéologie subaquatique,underwater archaeology,http://vocab.getty.edu/aat/300054339,exact match,exactMatch
PACTOLS,http://ark.frantiq.fr/ark:/26678/pcrtse6crobZf3,archéologie urbaine,urban archaeology,http://vocab.getty.edu/aat/300379542,exact match,exactMatch
PACTOLS,http://ark.frantiq.fr/ark:/26678/pcrtKAS0FH5vun,archéomagnétisme,paleomagnetic dating,http://vocab.getty.edu/aat/300081754,exact match,exactMatch
PACTOLS,http://ark.frantiq.fr/ark:/26678/pcrtnFzEJXOj2S,archéométrie,archaeometry,http://vocab.getty.edu/aat/300122729,exact match,exactMatch
PACTOLS,http://ark.frantiq.fr/ark:/26678/pcrtRmSldQaKLx,archéozoologie,archaeozoology,http://vocab.getty.edu/aat/300251929,exact match,exactMatch
PACTOLS,http://ark.frantiq.fr/ark:/26678/pcrtKJVpuP3AET,architecture,architecture (discipline),http://vocab.getty.edu/aat/300054156,exact match,exactMatch
PACTOLS,http://ark.frantiq.fr/ark:/26678/pcrtxzTYzVBKas,architecture (conception),architectural theory,http://vocab.getty.edu/aat/300055882,exact match,exactMatch
PACTOLS,http://ark.frantiq.fr/ark:/26678/pcrtSuHbSRhwZu,architecture chrétienne,Christian religious building spaces,http://vocab.getty.edu/aat/300004560,close match,closeMatch
PACTOLS,http://ark.frantiq.fr/ark:/26678/pcrtPEkp3Yydb2,architecture de terre,earthen architecture,http://vocab.getty.edu/aat/300379486,exact match,exactMatch
PACTOLS,http://ark.frantiq.fr/ark:/26678/pcrtWegewfItfX,architecture domestique,residential structures,http://vocab.getty.edu/aat/300257729,close match,closeMatch
PACTOLS,http://ark.frantiq.fr/ark:/26678/pcrtGdotYbyIR9,architecture funéraire,funerary buildings,http://vocab.getty.edu/aat/300005866,close match,closeMatch
PACTOLS,http://ark.frantiq.fr/ark:/26678/pcrtl4bhxfadHb,architecture gothique,Gothic (Medieval),http://vocab.getty.edu/aat/300020775,broad match,broadMatch
PACTOLS,http://ark.frantiq.fr/ark:/26678/pcrtW0KbTFT2kb,architecture militaire,military buildings,http://vocab.getty.edu/aat/300006887,close match,closeMatch
PACTOLS,http://ark.frantiq.fr/ark:/26678/pcrtE2HKmkY7aj,architecture monumentale,monuments,http://vocab.getty.edu/aat/300006958,broad match,broadMatch
PACTOLS,http://ark.frantiq.fr/ark:/26678/pcrtkfp5SIXXoF,architecture publique,public buildings (governmental buildings),http://vocab.getty.edu/aat/300008059,close match,closeMatch
PACTOLS,http://ark.frantiq.fr/ark:/26678/pcrtwXskswbuF3,architecture religieuse,religious buildings,http://vocab.getty.edu/aat/300007391,close match,closeMatch
PACTOLS,http://ark.frantiq.fr/ark:/26678/pcrt0lEegLdQOD,architecture romaine,Roman (ancient Italian culture or period),http://vocab.getty.edu/aat/300020533,broad match,broadMatch
PACTOLS,http://ark.frantiq.fr/ark:/26678/pcrtUFEeJuMejs,architecture romane,Romanesque,http://vocab.getty.edu/aat/300020768,broad match,broadMatch
PACTOLS,http://ark.frantiq.fr/ark:/26678/pcrtxizW65mJ49,archive départementale,archives (institutions),http://vocab.getty.edu/aat/300312242,broad match,broadMatch
PACTOLS,http://ark.frantiq.fr/ark:/26678/pcrtaS0hStUkrV,archive municipale,archives (institutions),http://vocab.getty.edu/aat/300312242,broad match,broadMatch
PACTOLS,http://ark.frantiq.fr/ark:/26678/pcrttUONyH0Uai,archives,archives (institutions),http://vocab.getty.edu/aat/300312242,exact match,exactMatch
PACTOLS,http://ark.frantiq.fr/ark:/26678/pcrtQqTsG6TEFy,ardoise,slate (rock),http://vocab.getty.edu/aat/300011646,exact match,exactMatch
PACTOLS,http://ark.frantiq.fr/ark:/26678/pcrtv4l43h0QmH,arène,arenas (sports buildings),http://vocab.getty.edu/aat/300007268,exact match,exactMatch
PACTOLS,http://ark.frantiq.fr/ark:/26678/pcrtcWoSlbWLE0,argent,silver (metal),http://vocab.getty.edu/aat/300011029,exact match,exactMatch
PACTOLS,http://ark.frantiq.fr/ark:/26678/pcrto44p1SaKFn,argile,clay,http://vocab.getty.edu/aat/300010439,exact match,exactMatch
PACTOLS,http://ark.frantiq.fr/ark:/26678/pcrtc7SWApIzto,argile (atelier),clay,http://vocab.getty.edu/aat/300010439,broad match,broadMatch
PACTOLS,http://ark.frantiq.fr/ark:/26678/pcrtUMHqwRy8Ok,argile (outillage),clay,http://vocab.getty.edu/aat/300010439,broad match,broadMatch
PACTOLS,http://ark.frantiq.fr/ark:/26678/pcrtgjwqPbWjHa,argile rouge,clay,http://vocab.getty.edu/aat/300010439,broad match,broadMatch
PACTOLS,http://ark.frantiq.fr/ark:/26678/pcrtkFvBudkPIc,aristocratie,aristocracies,http://vocab.getty.edu/aat/300375127,exact match,exactMatch
PACTOLS,http://ark.frantiq.fr/ark:/26678/pcrtORUzDbgmhe,armature,blades (stone tools),http://vocab.getty.edu/aat/300400615,close match,closeMatch
PACTOLS,http://ark.frantiq.fr/ark:/26678/pcrtDMPItSUxPY,arme,weapons,http://vocab.getty.edu/aat/300036926,exact match,exactMatch
PACTOLS,http://ark.frantiq.fr/ark:/26678/pcrtkracAFyy7h,arme défensive,weapons,http://vocab.getty.edu/aat/300036926,broad match,broadMatch
PACTOLS,http://ark.frantiq.fr/ark:/26678/pcrtwnXO3Ud8U5,arme offensive,weapons,http://vocab.getty.edu/aat/300036926,broad match,broadMatch
PACTOLS,http://ark.frantiq.fr/ark:/26678/pcrtDz6FAhsh6y,armée,armies,http://vocab.getty.edu/aat/300137542,exact match,exactMatch
PACTOLS,http://ark.frantiq.fr/ark:/26678/pcrtfgbTf8dbyO,armée romaine,armies,http://vocab.getty.edu/aat/300137542,broad match,broadMatch
PACTOLS,http://ark.frantiq.fr/ark:/26678/pcrtD5qOdEAPPF,arsenal,arsenals (buildings),http://vocab.getty.edu/aat/300000448,exact match,exactMatch
PACTOLS,http://ark.frantiq.fr/ark:/26678/pcrttq9gp2ZMuc,art,arts (broad discipline),http://vocab.getty.edu/aat/300175240,exact match,exactMatch
PACTOLS,http://ark.frantiq.fr/ark:/26678/pcrtwFKRNBgkWh,art chrétien,arts (broad discipline),http://vocab.getty.edu/aat/300175240,broad match,broadMatch
PACTOLS,http://ark.frantiq.fr/ark:/26678/pcrtouRgPEtooa,art gothique,Gothic (Medieval),http://vocab.getty.edu/aat/300020775,exact match,exactMatch
PACTOLS,http://ark.frantiq.fr/ark:/26678/pcrtktNqY0JyPz,art militaire,wars,http://vocab.getty.edu/aat/300055314,broad match,broadMatch
PACTOLS,http://ark.frantiq.fr/ark:/26678/pcrtWbThvTYYf4,art mobilier,portable art,http://vocab.getty.edu/aat/300400640,exact match,exactMatch
PACTOLS,http://ark.frantiq.fr/ark:/26678/pcrtTv2xhrEwPW,art pariétal,cave art,http://vocab.getty.edu/aat/300080208,exact match,exactMatch
PACTOLS,http://ark.frantiq.fr/ark:/26678/pcrtW9bpQtLjsx,art roman,Romanesque,http://vocab.getty.edu/aat/300020768,exact match,exactMatch
PACTOLS,http://ark.frantiq.fr/ark:/26678/pcrtET0l280TUS,art rupestre,rock art,http://vocab.getty.edu/aat/300184090,exact match,exactMatch
PACTOLS,http://ark.frantiq.fr/ark:/26678/pcrtroLHL5A6bm,artillerie,artillery,http://vocab.getty.edu/aat/300036931,exact match,exactMatch
PACTOLS,http://ark.frantiq.fr/ark:/26678/pcrtU9mPdxj3Ql,artisan,craftsmen,http://vocab.getty.edu/aat/300025389,exact match,exactMatch
PACTOLS,http://ark.frantiq.fr/ark:/26678/pcrtuNA5xRSr9l,artisanat,crafts (art genres),http://vocab.getty.edu/aat/300054704,exact match,exactMatch
PACTOLS,http://ark.frantiq.fr/ark:/26678/pcrtRHA0IiiUOF,artisanat alimentaire,food,http://vocab.getty.edu/aat/300254496,broad match,broadMatch
PACTOLS,http://ark.frantiq.fr/ark:/26678/pcrtkOgxvd4Ijy,arts décoratifs,decorative arts,http://vocab.getty.edu/aat/300054168,exact match,exactMatch
PACTOLS,http://ark.frantiq.fr/ark:/26678/pcrtzh0OPBazqS,aryballe,aryballoi,http://vocab.getty.edu/aat/300198885,exact match,exactMatch
PACTOLS,http://ark.frantiq.fr/ark:/26678/pcrtmjVjRMpJM1,as,as coins,http://vocab.getty.edu/aat/300194586,exact match,exactMatch
PACTOLS,http://ark.frantiq.fr/ark:/26678/pcrtrrOj4xoA0D,assainissement,drainage,http://vocab.getty.edu/aat/300055199,exact match,exactMatch
PACTOLS,http://ark.frantiq.fr/ark:/26678/pcrtOlL4vtJxgr,assemblage,bonding (joining),http://vocab.getty.edu/aat/300053014,exact match,exactMatch
PACTOLS,http://ark.frantiq.fr/ark:/26678/pcrtpST0gidgL5,assiette,"plates (general, dishes)",http://vocab.getty.edu/aat/300042991,exact match,exactMatch
PACTOLS,http://ark.frantiq.fr/ark:/26678/pcrtRxLPuVsO8f,atelier,workshops (work spaces),http://vocab.getty.edu/aat/300004531,exact match,exactMatch
PACTOLS,http://ark.frantiq.fr/ark:/26678/pcrttw20c2DxV5,atelier de bronzier,bronzeworkers,http://vocab.getty.edu/aat/300025316,broad match,broadMatch
PACTOLS,http://ark.frantiq.fr/ark:/26678/pcrtfUZSMbifle,atelier de potier,potteries (manufactories),http://vocab.getty.edu/aat/300006310,exact match,exactMatch
PACTOLS,http://ark.frantiq.fr/ark:/26678/pcrtQGIObuLF2K,atelier de tabletier,carvers (people in crafts),http://vocab.getty.edu/aat/300025256,broad match,broadMatch
PACTOLS,http://ark.frantiq.fr/ark:/26678/pcrt9WrayiIQys,atelier de taille,knapping,http://vocab.getty.edu/aat/300380037,broad match,broadMatch
PACTOLS,http://ark.frantiq.fr/ark:/26678/pcrtHX75pcAif1,atelier de verrier,glassmaking studios (organizations),http://vocab.getty.edu/aat/300312295,exact match,exactMatch
PACTOLS,http://ark.frantiq.fr/ark:/26678/pcrtllf5h2mEWg,atelier métallurgique,metal works structures,http://vocab.getty.edu/aat/300122139,close match,closeMatch
PACTOLS,http://ark.frantiq.fr/ark:/26678/pcrtNLZO6QXXqS,Athéna Parthénos,goddesses,http://vocab.getty.edu/aat/300343852,broad match,broadMatch
PACTOLS,http://ark.frantiq.fr/ark:/26678/pcrtWthF204SuS,atlas,atlases,http://vocab.getty.edu/aat/300028053,exact match,exactMatch
PACTOLS,http://ark.frantiq.fr/ark:/26678/pcrtJs2bV5mfYW,atrium,atriums (Roman halls),http://vocab.getty.edu/aat/300004097,exact match,exactMatch
PACTOLS,http://ark.frantiq.fr/ark:/26678/pcrtDLkbESTT9A,attelage,teams,http://vocab.getty.edu/aat/300248011,broad match,broadMatch
PACTOLS,http://ark.frantiq.fr/ark:/26678/pcrtsrlRWaly2K,auberge,inns,http://vocab.getty.edu/aat/300007170,exact match,exactMatch
PACTOLS,http://ark.frantiq.fr/ark:/26678/pcrt52SAPxOV16,auge,troughs (containers),http://vocab.getty.edu/aat/300220971,exact match,exactMatch
PACTOLS,http://ark.frantiq.fr/ark:/26678/pcrt5XWh8nlOlK,auget,salt boxes (containers),http://vocab.getty.edu/aat/300196960,exact match,exactMatch
PACTOLS,http://ark.frantiq.fr/ark:/26678/pcrtqhD4QzKHDr,aureus,aurei,http://vocab.getty.edu/aat/300192871,exact match,exactMatch
PACTOLS,http://ark.frantiq.fr/ark:/26678/pcrtMxpl1f7MQj,aurochs,Bovidae (family),http://vocab.getty.edu/aat/300310440,broad match,broadMatch
PACTOLS,http://ark.frantiq.fr/ark:/26678/pcrtiEd3ufnIkf,autel,altars (religious fixtures),http://vocab.getty.edu/aat/300003725,exact match,exactMatch
PACTOLS,http://ark.frantiq.fr/ark:/26678/pcrtGmYVK4DmTV,autel funéraire,grave altars,http://vocab.getty.edu/aat/300391172,exact match,exactMatch
PACTOLS,http://ark.frantiq.fr/ark:/26678/pcrtMv4SJoonkS,avoine,Poaceae (family),http://vocab.getty.edu/aat/300343828,broad match,broadMatch
PACTOLS,http://ark.frantiq.fr/ark:/26678/pcrtkDQQ7MxwNb,bague,rings (jewelry),http://vocab.getty.edu/aat/300046012,exact match,exactMatch
PACTOLS,http://ark.frantiq.fr/ark:/26678/pcrthAtwVH0f7L,bain,bathing,http://vocab.getty.edu/aat/300343854,broad match,broadMatch
PACTOLS,http://ark.frantiq.fr/ark:/26678/pcrt5fQSlWPFwD,bain rituel,bathing,http://vocab.getty.edu/aat/300343854,broad match,broadMatch
PACTOLS,http://ark.frantiq.fr/ark:/26678/pcrtHTmKYVz5YK,bains grecs,bathing,http://vocab.getty.edu/aat/300343854,broad match,broadMatch
PACTOLS,http://ark.frantiq.fr/ark:/26678/pcrtbME0PA8KDn,balance,scales (weighing devices),http://vocab.getty.edu/aat/300196293,exact match,exactMatch
PACTOLS,http://ark.frantiq.fr/ark:/26678/pcrtf4YoEbr1fx,balle de fronde,slings (projectile weapons),http://vocab.getty.edu/aat/300037216,close match,closeMatch
PACTOLS,http://ark.frantiq.fr/ark:/26678/pcrtQnuRW9SKmF,balsamaire,perfume bottles,http://vocab.getty.edu/aat/300197635,exact match,exactMatch
PACTOLS,http://ark.frantiq.fr/ark:/26678/pcrtIB2ZBVtndn,banquet,banquets (feasts),http://vocab.getty.edu/aat/300247614,exact match,exactMatch
PACTOLS,http://ark.frantiq.fr/ark:/26678/pcrtplAOSH90sN,banquet sacré,banquets (feasts),http://vocab.getty.edu/aat/300247614,close match,closeMatch
PACTOLS,http://ark.frantiq.fr/ark:/26678/pcrtuFKsKIOQ3U,baptistère,baptisteries,http://vocab.getty.edu/aat/300007444,exact match,exactMatch
PACTOLS,http://ark.frantiq.fr/ark:/26678/pcrt5uraytgnYo,barque,boats,http://vocab.getty.edu/aat/300178749,exact match,exactMatch
PACTOLS,http://ark.frantiq.fr/ark:/26678/pcrtGlOemVT6hw,barrage,dams (hydraulic structures),http://vocab.getty.edu/aat/300006084,exact match,exactMatch
PACTOLS,http://ark.frantiq.fr/ark:/26678/pcrtctuE9VNJOc,basalte,basalt (basic igneous rock),http://vocab.getty.edu/aat/300011222,exact match,exactMatch
PACTOLS,http://ark.frantiq.fr/ark:/26678/pcrt1t50zTAfPG,base de données,databases,http://vocab.getty.edu/aat/300028543,exact match,exactMatch
PACTOLS,http://ark.frantiq.fr/ark:/26678/pcrtuSD3gHyNAk,bas-fourneau,blast furnaces,http://vocab.getty.edu/aat/300006438,exact match,exactMatch
PACTOLS,http://ark.frantiq.fr/ark:/26678/pcrtQluMbIyppo,basilica,basilicas,http://vocab.getty.edu/aat/300170443,close match,closeMatch
PACTOLS,http://ark.frantiq.fr/ark:/26678/pcrtDNwkkmmHq2,basilique,basilicas,http://vocab.getty.edu/aat/300170443,close match,closeMatch
PACTOLS,http://ark.frantiq.fr/ark:/26678/pcrtaspfi2lUjq,bas-relief,bas-relief (sculpture technique),http://vocab.getty.edu/aat/300053623,exact match,exactMatch
PACTOLS,http://ark.frantiq.fr/ark:/26678/pcrtOWbsE377Kt,basse-cour,baileys,http://vocab.getty.edu/aat/300003688,exact match,exactMatch
PACTOLS,http://ark.frantiq.fr/ark:/26678/pcrt02KdlM0gwJ,bassin (structure),reservoirs (water distribution structures),http://vocab.getty.edu/aat/300006191,exact match,exactMatch
PACTOLS,http://ark.frantiq.fr/ark:/26678/pcrt6MZFGZ6bi5,bassin de décantation,settling basins,http://vocab.getty.edu/aat/300006169,exact match,exactMatch
PACTOLS,http://ark.frantiq.fr/ark:/26678/pcrt7nHkxJNLlf,bassin sédimentaire,basins (landforms),http://vocab.getty.edu/aat/300386845,close match,closeMatch
PACTOLS,http://ark.frantiq.fr/ark:/26678/pcrtrm9U7TEqJS,bastion,bastions,http://vocab.getty.edu/aat/300002495,exact match,exactMatch
PACTOLS,http://ark.frantiq.fr/ark:/26678/pcrt5EjiIPAc1X,bataille,battles,http://vocab.getty.edu/aat/300185692,exact match,exactMatch
PACTOLS,http://ark.frantiq.fr/ark:/26678/pcrtxMLnhaMAsQ,bateau,boats,http://vocab.getty.edu/aat/300178749,exact match,exactMatch
PACTOLS,http://ark.frantiq.fr/ark:/26678/pcrtDlzbGxWvTo,bâtiment,buildings (structures),http://vocab.getty.edu/aat/300004792,exact match,exactMatch
PACTOLS,http://ark.frantiq.fr/ark:/26678/pcrt0TjDJMhpY1,bâtiment à fonctions multiples,buildings (structures),http://vocab.getty.edu/aat/300004792,broad match,broadMatch
PACTOLS,http://ark.frantiq.fr/ark:/26678/pcrtIdEjFMFAod,bâtiment agricole,agricultural buildings,http://vocab.getty.edu/aat/300004898,exact match,exactMatch
PACTOLS,http://ark.frantiq.fr/ark:/26678/pcrt20EsS32aXe,bâtiment commercial,commercial buildings,http://vocab.getty.edu/aat/300005147,exact match,exactMatch
PACTOLS,http://ark.frantiq.fr/ark:/26678/pcrtbptj4SOA1W,bâtiment domestique,inhabited places,http://vocab.getty.edu/aat/300008347,exact match,exactMatch
PACTOLS,http://ark.frantiq.fr/ark:/26678/pcrtooz4GMRqi4,bâtiment industriel,industrial buildings,http://vocab.getty.edu/aat/300006231,exact match,exactMatch
PACTOLS,http://ark.frantiq.fr/ark:/26678/pcrtkP8rR1YLpG,bâtiment militaire,military buildings,http://vocab.getty.edu/aat/300006887,exact match,exactMatch
PACTOLS,http://ark.frantiq.fr/ark:/26678/pcrtgS9WvKHJJH,battage,threshing,http://vocab.getty.edu/aat/300312369,exact match,exactMatch
PACTOLS,http://ark.frantiq.fr/ark:/26678/pcrtclfneB8qKO,beffroi,bell towers,http://vocab.getty.edu/aat/300004848,exact match,exactMatch
PACTOLS,http://ark.frantiq.fr/ark:/26678/pcrtLywf8Y5k0n,bélier,Ovis aries (species),http://vocab.getty.edu/aat/300404156,broad match,broadMatch
PACTOLS,http://ark.frantiq.fr/ark:/26678/pcrt9MZnacjb5Y,Bénédictins,Benedictine,http://vocab.getty.edu/aat/300148044,exact match,exactMatch
PACTOLS,http://ark.frantiq.fr/ark:/26678/pcrtqFSnLdA1Df,bergerie,sheepfolds,http://vocab.getty.edu/aat/300045477,exact match,exactMatch
PACTOLS,http://ark.frantiq.fr/ark:/26678/pcrtEOlJwpiHmn,bétail,livestock,http://vocab.getty.edu/aat/300250280,exact match,exactMatch
PACTOLS,http://ark.frantiq.fr/ark:/26678/pcrtqMJdKI4PHt,biberon,biberons (drinking vessels),http://vocab.getty.edu/aat/300215505,exact match,exactMatch
PACTOLS,http://ark.frantiq.fr/ark:/26678/pcrtgmR3Q5i4wb,bief,millraces,http://vocab.getty.edu/aat/300006080,exact match,exactMatch
PACTOLS,http://ark.frantiq.fr/ark:/26678/pcrt3nBjHrcDGM,bière,breweries,http://vocab.getty.edu/aat/300006341,broad match,broadMatch
PACTOLS,http://ark.frantiq.fr/ark:/26678/pcrtB9EnHWh1cG,biface,bifaces (stone tools),http://vocab.getty.edu/aat/300265136,exact match,exactMatch
PACTOLS,http://ark.frantiq.fr/ark:/26678/pcrtUqBbtbUOzF,bijou,jewelry,http://vocab.getty.edu/aat/300209286,exact match,exactMatch
PACTOLS,http://ark.frantiq.fr/ark:/26678/pcrt9mYGGkTtLB,biochimie,biochemistry,http://vocab.getty.edu/aat/300054538,exact match,exactMatch
PACTOLS,http://ark.frantiq.fr/ark:/26678/pcrtL8Vz1ImuZ3,biologie,biology,http://vocab.getty.edu/aat/300054466,exact match,exactMatch
PACTOLS,http://ark.frantiq.fr/ark:/26678/pcrtQFlNqONkTm,blason,crest,http://vocab.getty.edu/aat/300233389,close match,closeMatch
PACTOLS,http://ark.frantiq.fr/ark:/26678/pcrtLieaANMAud,blé,Triticum (genus),http://vocab.getty.edu/aat/300343825,exact match,exactMatch
PACTOLS,http://ark.frantiq.fr/ark:/26678/pcrtq1Ejudoefg,blessure,injury (medical condition),http://vocab.getty.edu/aat/300393192,exact match,exactMatch
PACTOLS,http://ark.frantiq.fr/ark:/26678/pcrt3qwtVjY634,blocage,filling (process),http://vocab.getty.edu/aat/300053092,exact match,exactMatch
PACTOLS,http://ark.frantiq.fr/ark:/26678/pcrtRpEmyMyoAU,boeuf,oxen,http://vocab.getty.edu/aat/300250282,exact match,exactMatch
PACTOLS,http://ark.frantiq.fr/ark:/26678/pcrtMr3tb79bV8,bois,wood (plant material),http://vocab.getty.edu/aat/300011914,exact match,exactMatch
PACTOLS,http://ark.frantiq.fr/ark:/26678/pcrtTbldUhfb1h,bois de cerf,antlers (animal components),http://vocab.getty.edu/aat/300395687,exact match,exactMatch
PACTOLS,http://ark.frantiq.fr/ark:/26678/pcrtmmQBSGulBN,bois de cervidé,antlers (animal components),http://vocab.getty.edu/aat/300395687,exact match,exactMatch
PACTOLS,http://ark.frantiq.fr/ark:/26678/pcrtI4g8pXkSSJ,bois d'oeuvre,lumber,http://vocab.getty.edu/aat/300012785,exact match,exactMatch
PACTOLS,http://ark.frantiq.fr/ark:/26678/pcrt666qbbU96m,boiserie,wainscoting,http://vocab.getty.edu/aat/300002691,exact match,exactMatch
PACTOLS,http://ark.frantiq.fr/ark:/26678/pcrtXZwBzU7OxM,boite à sceau,seals (artifacts),http://vocab.getty.edu/aat/300028877,broad match,broadMatch
PACTOLS,http://ark.frantiq.fr/ark:/26678/pcrtbNWpvbz1pc,bol,bowls (vessels),http://vocab.getty.edu/aat/300203596,exact match,exactMatch
PACTOLS,http://ark.frantiq.fr/ark:/26678/pcrtzwxWSKXL5O,bombardement,attacks (armed conflicts),http://vocab.getty.edu/aat/300404141,broad match,broadMatch
PACTOLS,http://ark.frantiq.fr/ark:/26678/pcrttrNOPRpGmS,bornage,land subdivision,http://vocab.getty.edu/aat/300055451,exact match,exactMatch
PACTOLS,http://ark.frantiq.fr/ark:/26678/pcrtYko2Uw1uib,borne,boundary stones,http://vocab.getty.edu/aat/300006962,exact match,exactMatch
PACTOLS,http://ark.frantiq.fr/ark:/26678/pcrtvw7qwGBX9r,botanique,botany,http://vocab.getty.edu/aat/300054467,exact match,exactMatch
PACTOLS,http://ark.frantiq.fr/ark:/26678/pcrtL0KNvdoXv0,botanique antique,botany,http://vocab.getty.edu/aat/300054467,broad match,broadMatch
PACTOLS,http://ark.frantiq.fr/ark:/26678/pcrtLTfjeNtYxU,boucherie,butchering,http://vocab.getty.edu/aat/300379670,exact match,exactMatch
PACTOLS,http://ark.frantiq.fr/ark:/26678/pcrtUzYehXjGyc,bouchon,stoppers (container components),http://vocab.getty.edu/aat/300045717,exact match,exactMatch
PACTOLS,http://ark.frantiq.fr/ark:/26678/pcrtKUMlexqjSQ,boucle,buckles (strap accessories),http://vocab.getty.edu/aat/300239260,exact match,exactMatch
PACTOLS,http://ark.frantiq.fr/ark:/26678/pcrtlfo0RiMSbJ,boucle de ceinture,belt buckles,http://vocab.getty.edu/aat/300375281,exact match,exactMatch
PACTOLS,http://ark.frantiq.fr/ark:/26678/pcrtj0vmNc3SRp,boucle d'oreille,earrings (jewelry),http://vocab.getty.edu/aat/300045998,exact match,exactMatch
PACTOLS,http://ark.frantiq.fr/ark:/26678/pcrtvle3e90Ofd,bouclier,shields (armor),http://vocab.getty.edu/aat/300036869,exact match,exactMatch
PACTOLS,http://ark.frantiq.fr/ark:/26678/pcrt7r77ub1prl,boulangerie,bakeries,http://vocab.getty.edu/aat/300005291,exact match,exactMatch
PACTOLS,http://ark.frantiq.fr/ark:/26678/pcrthQ6kKk5A8g,boulet,cannonballs,http://vocab.getty.edu/aat/300201708,exact match,exactMatch
PACTOLS,http://ark.frantiq.fr/ark:/26678/pcrtVEYRUBqoLm,bouteille,bottles,http://vocab.getty.edu/aat/300045627,exact match,exactMatch
PACTOLS,http://ark.frantiq.fr/ark:/26678/pcrtvT9Q8lDLhE,bouterolle,punches (marking tools),http://vocab.getty.edu/aat/300024790,exact match,exactMatch
PACTOLS,http://ark.frantiq.fr/ark:/26678/pcrtpDiX3ha6hS,boutique,stores,http://vocab.getty.edu/aat/300005283,exact match,exactMatch
PACTOLS,http://ark.frantiq.fr/ark:/26678/pcrtUt8RmqQKbM,bouton,buttons (fasteners),http://vocab.getty.edu/aat/300239261,exact match,exactMatch
PACTOLS,http://ark.frantiq.fr/ark:/26678/pcrtlhRBmey0WK,bovidé,Bovidae (family),http://vocab.getty.edu/aat/300310440,exact match,exactMatch
PACTOLS,http://ark.frantiq.fr/ark:/26678/pcrt8WnGavbNU7,bovinés,Bovidae (family),http://vocab.getty.edu/aat/300310440,broad match,broadMatch
PACTOLS,http://ark.frantiq.fr/ark:/26678/pcrt8WnGavbNU7,bovins,Bovidae (family),http://vocab.getty.edu/aat/300310440,exact match,exactMatch
PACTOLS,http://ark.frantiq.fr/ark:/26678/pcrt7mTLggtbHJ,bracelet,bracelets (jewelry),http://vocab.getty.edu/aat/300045991,exact match,exactMatch
PACTOLS,http://ark.frantiq.fr/ark:/26678/pcrtbNrPP8yFxP,brasero,"braziers (cooking, heating equipment)",http://vocab.getty.edu/aat/300198452,exact match,exactMatch
PACTOLS,http://ark.frantiq.fr/ark:/26678/pcrtX58FTqpRou,brassard,armbands,http://vocab.getty.edu/aat/300247490,exact match,exactMatch
PACTOLS,http://ark.frantiq.fr/ark:/26678/pcrtW9mUFwQABF,brique,brick (clay product),http://vocab.getty.edu/aat/300010463,exact match,exactMatch
PACTOLS,http://ark.frantiq.fr/ark:/26678/pcrthELuSjXqGH,brique crue,adobe (material),http://vocab.getty.edu/aat/300081138,exact match,exactMatch
PACTOLS,http://ark.frantiq.fr/ark:/26678/pcrttn308Sxrnt,briquet,lighters (fire-making equipment),http://vocab.getty.edu/aat/300265545,exact match,exactMatch
PACTOLS,http://ark.frantiq.fr/ark:/26678/pcrtOI9SLqb5uI,briquetage,brickwork (masonry),http://vocab.getty.edu/aat/300015333,exact match,exactMatch
PACTOLS,http://ark.frantiq.fr/ark:/26678/pcrt3B0eLHB02m,briquetage du sel,saltworks,http://vocab.getty.edu/aat/300045537,broad match,broadMatch
PACTOLS,http://ark.frantiq.fr/ark:/26678/pcrtL2cYBrgNp8,briqueterie,brickworks (factories),http://vocab.getty.edu/aat/300006278,exact match,exactMatch
PACTOLS,http://ark.frantiq.fr/ark:/26678/pcrtjzKlry0LZi,bronze,bronze (metal),http://vocab.getty.edu/aat/300010957,exact match,exactMatch
PACTOLS,http://ark.frantiq.fr/ark:/26678/pcrtjzKlry0LZi,bronze (métal),bronze (metal),http://vocab.getty.edu/aat/300010957,exact match,exactMatch
PACTOLS,http://ark.frantiq.fr/ark:/26678/pcrtibXdLTUhhT,bronzes,bronzes (visual works),http://vocab.getty.edu/aat/300047333,exact match,exactMatch
PACTOLS,http://ark.frantiq.fr/ark:/26678/pcrtL1em6pzVhS,bronzier,bronzeworkers,http://vocab.getty.edu/aat/300025316,exact match,exactMatch
PACTOLS,http://ark.frantiq.fr/ark:/26678/pcrtnI9SsWzgPO,broyage,grinding,http://vocab.getty.edu/aat/300053090,exact match,exactMatch
PACTOLS,http://ark.frantiq.fr/ark:/26678/pcrtFvhjdYd7SX,broyeur,grinding stones,http://vocab.getty.edu/aat/300263933,exact match,exactMatch
PACTOLS,http://ark.frantiq.fr/ark:/26678/pcrtkb8erki8g3,broyon,pestles,http://vocab.getty.edu/aat/300024725,exact match,exactMatch
PACTOLS,http://ark.frantiq.fr/ark:/26678/pcrtHtkH5XaO98,brûle-parfum,cassolettes,http://vocab.getty.edu/aat/300199764,exact match,exactMatch
PACTOLS,http://ark.frantiq.fr/ark:/26678/pcrtPm7RMy8JDE,bûcher,pyres,http://vocab.getty.edu/aat/300005908,exact match,exactMatch
PACTOLS,http://ark.frantiq.fr/ark:/26678/pcrt34NxNXOBYM,bulle,bullae (seals),http://vocab.getty.edu/aat/300266223,exact match,exactMatch
PACTOLS,http://ark.frantiq.fr/ark:/26678/pcrtjGi4jbH8MF,burin,burins,http://vocab.getty.edu/aat/300193147,exact match,exactMatch
PACTOLS,http://ark.frantiq.fr/ark:/26678/pcrtThu8wInkhJ,C14,radiocarbon dating,http://vocab.getty.edu/aat/300054717,exact match,exactMatch
PACTOLS,http://ark.frantiq.fr/ark:/26678/pcrtqsNPWjGG9u,cabane,huts (houses),http://vocab.getty.edu/aat/300004824,exact match,exactMatch
PACTOLS,http://ark.frantiq.fr/ark:/26678/pcrtc6LNXVNfT8,cadastre,land registers,http://vocab.getty.edu/aat/300027247,exact match,exactMatch
PACTOLS,http://ark.frantiq.fr/ark:/26678/pcrtalmpL9IBGx,cailloutis,gravel,http://vocab.getty.edu/aat/300011689,exact match,exactMatch
PACTOLS,http://ark.frantiq.fr/ark:/26678/pcrtAqKgmvERHQ,cairn,cairns,http://vocab.getty.edu/aat/300006960,exact match,exactMatch
PACTOLS,http://ark.frantiq.fr/ark:/26678/pcrtwatV2eYSL2,caisson,coffers (furniture),http://vocab.getty.edu/aat/300039119,exact match,exactMatch
PACTOLS,http://ark.frantiq.fr/ark:/26678/pcrtc1Ueky7Zpg,calcaire,limestone,http://vocab.getty.edu/aat/300011286,exact match,exactMatch
PACTOLS,http://ark.frantiq.fr/ark:/26678/pcrt887vr6FuSI,calice,goblets,http://vocab.getty.edu/aat/300043236,exact match,exactMatch
PACTOLS,http://ark.frantiq.fr/ark:/26678/pcrtxS1kGjQJiw,calvaire,Calvary crosses,http://vocab.getty.edu/aat/300010047,exact match,exactMatch
PACTOLS,http://ark.frantiq.fr/ark:/26678/pcrtIulke04wc7,camp,army camps,http://vocab.getty.edu/aat/300164117,exact match,exactMatch
PACTOLS,http://ark.frantiq.fr/ark:/26678/pcrtIulke04wc7,camp militaire,army camps,http://vocab.getty.edu/aat/300164117,exact match,exactMatch
PACTOLS,http://ark.frantiq.fr/ark:/26678/pcrtLf3Bt5nKRt,campagne,rural areas,http://vocab.getty.edu/aat/300229355,exact match,exactMatch
PACTOLS,http://ark.frantiq.fr/ark:/26678/pcrtXGgQa70ZVU,campement,military camps,http://vocab.getty.edu/aat/300000476,exact match,exactMatch
PACTOLS,http://ark.frantiq.fr/ark:/26678/pcrtu9P4MNQ4K8,canal,canals (waterways),http://vocab.getty.edu/aat/300006075,exact match,exactMatch
PACTOLS,http://ark.frantiq.fr/ark:/26678/pcrtgJvAbEFhK7,canalisation,drainage piping,http://vocab.getty.edu/aat/300052600,exact match,exactMatch
PACTOLS,http://ark.frantiq.fr/ark:/26678/pcrtPN66ARBqe9,canidé,Canidae (family),http://vocab.getty.edu/aat/300265713,exact match,exactMatch
PACTOLS,http://ark.frantiq.fr/ark:/26678/pcrtqOAKgeSUj4,caniveau,ditches,http://vocab.getty.edu/aat/300006178,close match,closeMatch
PACTOLS,http://ark.frantiq.fr/ark:/26678/pcrtPpa488jnSS,canon (arme),cannons (artillery),http://vocab.getty.edu/aat/300036936,exact match,exactMatch
PACTOLS,http://ark.frantiq.fr/ark:/26678/pcrtyFBX8RROW4,caprinés,Capra (genus),http://vocab.getty.edu/aat/300250122,exact match,exactMatch
PACTOLS,http://ark.frantiq.fr/ark:/26678/pcrttS5ToD19OK,cardo,cardines,http://vocab.getty.edu/aat/300122265,exact match,exactMatch
PACTOLS,http://ark.frantiq.fr/ark:/26678/pcrtRi9at48zkM,carpologie,paleobotany,http://vocab.getty.edu/aat/300379414,broad match,broadMatch
PACTOLS,http://ark.frantiq.fr/ark:/26678/pcrt019SSqbR7W,carreau,tiles (object genre),http://vocab.getty.edu/aat/300379948,exact match,exactMatch
PACTOLS,http://ark.frantiq.fr/ark:/26678/pcrtys3T4Y7Eub,carreau de pavement,floor tile,http://vocab.getty.edu/aat/300250799,exact match,exactMatch
PACTOLS,http://ark.frantiq.fr/ark:/26678/pcrtEo3PgHE5z9,carreau de poêle,stoves (heating equipment),http://vocab.getty.edu/aat/300052201,exact match,exactMatch
PACTOLS,http://ark.frantiq.fr/ark:/26678/pcrt1rzVyAmprh,carrefour,intersections,http://vocab.getty.edu/aat/300003871,exact match,exactMatch
PACTOLS,http://ark.frantiq.fr/ark:/26678/pcrtcz89Bsf1o7,carrier,quarriers,http://vocab.getty.edu/aat/300025047,exact match,exactMatch
PACTOLS,http://ark.frantiq.fr/ark:/26678/pcrtXk6sdvTjnE,carrière,quarries (extracting complexes),http://vocab.getty.edu/aat/300000402,exact match,exactMatch
PACTOLS,http://ark.frantiq.fr/ark:/26678/pcrtXk6sdvTjnE,carrière de pierre,quarries (extracting complexes),http://vocab.getty.edu/aat/300000402,exact match,exactMatch
PACTOLS,http://ark.frantiq.fr/ark:/26678/pcrtO6qdXAHfh2,carte archéologique,thematic maps,http://vocab.getty.edu/aat/300028142,broad match,broadMatch
PACTOLS,http://ark.frantiq.fr/ark:/26678/pcrtEbZ8WTILNS,cartographie,cartography (discipline),http://vocab.getty.edu/aat/300053163,exact match,exactMatch
PACTOLS,http://ark.frantiq.fr/ark:/26678/pcrtqsNPWjGG9u,case,huts (houses),http://vocab.getty.edu/aat/300004824,exact match,exactMatch
PACTOLS,http://ark.frantiq.fr/ark:/26678/pcrt2jYGlPYNTJ,caserne,barracks,http://vocab.getty.edu/aat/300005665,exact match,exactMatch
PACTOLS,http://ark.frantiq.fr/ark:/26678/pcrtxZrGUp5b4N,casque,helmets (protective wear),http://vocab.getty.edu/aat/300036794,exact match,exactMatch
PACTOLS,http://ark.frantiq.fr/ark:/26678/pcrtdDETRlg6JV,catalogue (documents),catalogs,http://vocab.getty.edu/aat/300026059,exact match,exactMatch
PACTOLS,http://ark.frantiq.fr/ark:/26678/pcrtAhnxMt1kMc,cathédrale,cathedrals (buildings),http://vocab.getty.edu/aat/300007501,exact match,exactMatch
PACTOLS,http://ark.frantiq.fr/ark:/26678/pcrtoyLU25Xoz1,cavalerie,cavalries,http://vocab.getty.edu/aat/300212659,exact match,exactMatch
PACTOLS,http://ark.frantiq.fr/ark:/26678/pcrtzDkqZHm1L4,cavalier,equestrians,http://vocab.getty.edu/aat/300188602,exact match,exactMatch
PACTOLS,http://ark.frantiq.fr/ark:/26678/pcrtHcRTVDR1pt,cave,cellars (storerooms),http://vocab.getty.edu/aat/300004759,exact match,exactMatch
PACTOLS,http://ark.frantiq.fr/ark:/26678/pcrtew0pefj7au,caveau,vaults (tomb spaces),http://vocab.getty.edu/aat/300112480,exact match,exactMatch
PACTOLS,http://ark.frantiq.fr/ark:/26678/pcrtkXtNUEj0Mh,ceinture,belts (costume accessories),http://vocab.getty.edu/aat/300210002,exact match,exactMatch
PACTOLS,http://ark.frantiq.fr/ark:/26678/pcrt1cEhO3JsYc,ceinturon,sword belts,http://vocab.getty.edu/aat/300210007,exact match,exactMatch
PACTOLS,http://ark.frantiq.fr/ark:/26678/pcrtSGWOGTgMp8,cella,cellae,http://vocab.getty.edu/aat/300185263,exact match,exactMatch
PACTOLS,http://ark.frantiq.fr/ark:/26678/pcrt21NHh41vsK,cellier,pantries,http://vocab.getty.edu/aat/300004499,exact match,exactMatch
PACTOLS,http://ark.frantiq.fr/ark:/26678/pcrt8eIQ0jLXjo,cénotaphe,cenotaphs,http://vocab.getty.edu/aat/300007027,exact match,exactMatch
PACTOLS,http://ark.frantiq.fr/ark:/26678/pcrtJtBUSJRN9p,centuriation,land subdivision,http://vocab.getty.edu/aat/300055451,broad match,broadMatch
PACTOLS,http://ark.frantiq.fr/ark:/26678/pcrt1DMOWvDF4j,céramique,pottery (visual works),http://vocab.getty.edu/aat/300010666,exact match,exactMatch
PACTOLS,http://ark.frantiq.fr/ark:/26678/pcrtBOEN87D6dV,céramique (style),pottery (visual works),http://vocab.getty.edu/aat/300010666,broad match,broadMatch
PACTOLS,http://ark.frantiq.fr/ark:/26678/pcrt0oF1Z1HbOE,céramique à glaçure plombifère,earthenware,http://vocab.getty.edu/aat/300140803,broad match,broadMatch
PACTOLS,http://ark.frantiq.fr/ark:/26678/pcrtFrREfvh9AM,céramique attique,Attic (Mainland Greek pottery styles),http://vocab.getty.edu/aat/300020118,exact match,exactMatch
PACTOLS,http://ark.frantiq.fr/ark:/26678/pcrtGYSdHhlaLw,céramique campanienne,Campanian (pottery style),http://vocab.getty.edu/aat/300020176,exact match,exactMatch
PACTOLS,http://ark.frantiq.fr/ark:/26678/pcrt5QORNkTKcN,céramique campaniforme,Bell Beaker (culture or style),http://vocab.getty.edu/aat/300106854,broad match,broadMatch
PACTOLS,http://ark.frantiq.fr/ark:/26678/pcrtezbc1vU2xS,céramique cardiale,European Neolithic (culture or period),http://vocab.getty.edu/aat/300019332,broad match,broadMatch
PACTOLS,http://ark.frantiq.fr/ark:/26678/pcrt1DUhJUxESm,céramique carolingienne,Carolingian (culture or style),http://vocab.getty.edu/aat/300020764,broad match,broadMatch
PACTOLS,http://ark.frantiq.fr/ark:/26678/pcrtwXWhESaWWb,céramique celtibérique,Celtiberian (culture or style),http://vocab.getty.edu/aat/300391512,broad match,broadMatch
PACTOLS,http://ark.frantiq.fr/ark:/26678/pcrtSkpgY7gQvj,céramique chalcolithique,Chalcolithic,http://vocab.getty.edu/aat/300019273,broad match,broadMatch
PACTOLS,http://ark.frantiq.fr/ark:/26678/pcrtho8l95no0j,céramique commune,ware,http://vocab.getty.edu/aat/300244578,broad match,broadMatch
PACTOLS,http://ark.frantiq.fr/ark:/26678/pcrt0iMD8sfiqe,céramique de l'Eifel,ware,http://vocab.getty.edu/aat/300244578,broad match,broadMatch
PACTOLS,http://ark.frantiq.fr/ark:/26678/pcrtSp5zYRrOku,céramique du bronze,Bronze Age,http://vocab.getty.edu/aat/300019275,broad match,broadMatch
PACTOLS,http://ark.frantiq.fr/ark:/26678/pcrt6VdPSiSDfs,céramique du fer,Iron Age,http://vocab.getty.edu/aat/300019279,broad match,broadMatch
PACTOLS,http://ark.frantiq.fr/ark:/26678/pcrtu78zgTPSQH,céramique du Hallstatt,Hallstatt (Bronze Age culture or period),http://vocab.getty.edu/aat/300019368,broad match,broadMatch
PACTOLS,http://ark.frantiq.fr/ark:/26678/pcrtksXl4GziNh,céramique engobée,engobe,http://vocab.getty.edu/aat/300015111,broad match,broadMatch
PACTOLS,http://ark.frantiq.fr/ark:/26678/pcrtkfqGqodvJq,céramique gallo- belge,Belgic,http://vocab.getty.edu/aat/300386019,broad match,broadMatch
PACTOLS,http://ark.frantiq.fr/ark:/26678/pcrtRSkVB0xGL9,céramique gallo- romaine,Gallo-Roman,http://vocab.getty.edu/aat/300020580,broad match,broadMatch
PACTOLS,http://ark.frantiq.fr/ark:/26678/pcrt1asKmbn9q8,céramique glaçurée,pottery glazing (process or technique),http://vocab.getty.edu/aat/300195111,broad match,broadMatch
PACTOLS,http://ark.frantiq.fr/ark:/26678/pcrtcowF6f5sa5,céramique grecque,Greek pottery styles,http://vocab.getty.edu/aat/300020113,exact match,exactMatch
PACTOLS,http://ark.frantiq.fr/ark:/26678/pcrtAuIIhy2xSX,céramique grecque orientale,Greek pottery styles,http://vocab.getty.edu/aat/300020113,broad match,broadMatch
PACTOLS,http://ark.frantiq.fr/ark:/26678/pcrt6TSwzVHjnE,céramique ibérique,Iberian,http://vocab.getty.edu/aat/300305500,broad match,broadMatch
PACTOLS,http://ark.frantiq.fr/ark:/26678/pcrtYqRY0jHNjP,céramique médiévale,Medieval (European),http://vocab.getty.edu/aat/300020756,broad match,broadMatch
PACTOLS,http://ark.frantiq.fr/ark:/26678/pcrt1LnRlVnvq5,céramique mérovingienne,Merovingian (culture or style),http://vocab.getty.edu/aat/300019512,broad match,broadMatch
PACTOLS,http://ark.frantiq.fr/ark:/26678/pcrtr8bEOP6Lyh,céramique métallescente,Rhenish,http://vocab.getty.edu/aat/300386511,broad match,broadMatch
PACTOLS,http://ark.frantiq.fr/ark:/26678/pcrtxhiROcXtaM,céramique moderne,modern European ceramics styles,http://vocab.getty.edu/aat/300111457,exact match,exactMatch
PACTOLS,http://ark.frantiq.fr/ark:/26678/pcrtekRzBDVyGa,céramique néolithique,Pottery Neolithic,http://vocab.getty.edu/aat/300263188,exact match,exactMatch
PACTOLS,http://ark.frantiq.fr/ark:/26678/pcrtK43haeM3e3,céramique peinte,pottery paintings (visual works),http://vocab.getty.edu/aat/300387228,broad match,broadMatch
PACTOLS,http://ark.frantiq.fr/ark:/26678/pcrt4StkSBEvk6,céramique protohistorique,protohistoric,http://vocab.getty.edu/aat/300019280,broad match,broadMatch
PACTOLS,http://ark.frantiq.fr/ark:/26678/pcrtB9St4P5oUc,céramique romaine,Roman pottery styles,http://vocab.getty.edu/aat/300107361,exact match,exactMatch
PACTOLS,http://ark.frantiq.fr/ark:/26678/pcrt5duB0NNdN6,céramique rubanée,Linienbandkeramik (Neolithic culture and style),http://vocab.getty.edu/aat/300107826,exact match,exactMatch
PACTOLS,http://ark.frantiq.fr/ark:/26678/pcrt7ON1SbYHuf,céramique sigillée,Terra sigillata (pottery style),http://vocab.getty.edu/aat/300107376,exact match,exactMatch
PACTOLS,http://ark.frantiq.fr/ark:/26678/pcrtXpeIEtqsSk,céramologie,archaeology,http://vocab.getty.edu/aat/300054328,broad match,broadMatch
PACTOLS,http://ark.frantiq.fr/ark:/26678/pcrt1FD59O4eTz,cercle de pierres,cromlechs,http://vocab.getty.edu/aat/300006998,exact match,exactMatch
PACTOLS,http://ark.frantiq.fr/ark:/26678/pcrtrJM9dwVgvI,cercueil,coffins,http://vocab.getty.edu/aat/300197585,exact match,exactMatch
PACTOLS,http://ark.frantiq.fr/ark:/26678/pcrtos8skSB1bj,céréale,Poaceae (family),http://vocab.getty.edu/aat/300343828,broad match,broadMatch
PACTOLS,http://ark.frantiq.fr/ark:/26678/pcrtBWawwFyKfi,cerf,Cervus (genus),http://vocab.getty.edu/aat/300310515,exact match,exactMatch
PACTOLS,http://ark.frantiq.fr/ark:/26678/pcrte3arlcUhzY,cervidé,Cervidae (family),http://vocab.getty.edu/aat/300250308,exact match,exactMatch
PACTOLS,http://ark.frantiq.fr/ark:/26678/pcrt0fd4QNWbYI,chaîne,chains (object genres),http://vocab.getty.edu/aat/300014625,exact match,exactMatch
PACTOLS,http://ark.frantiq.fr/ark:/26678/pcrt0MrE8nfMfq,chaîne opératoire (lithique),manufacturing,http://vocab.getty.edu/aat/300077527,broad match,broadMatch
PACTOLS,http://ark.frantiq.fr/ark:/26678/pcrtWQl17aKWko,chaise curule,curule chairs,http://vocab.getty.edu/aat/300139435,exact match,exactMatch
PACTOLS,http://ark.frantiq.fr/ark:/26678/pcrtbdJZ93Kiii,chambre funéraire,burial chambers,http://vocab.getty.edu/aat/300004088,exact match,exactMatch
PACTOLS,http://ark.frantiq.fr/ark:/26678/pcrtZtKktLIqkU,chamois,Bovidae (family),http://vocab.getty.edu/aat/300310440,broad match,broadMatch
PACTOLS,http://ark.frantiq.fr/ark:/26678/pcrtWv2LKUDyjw,chanvre,hemp (fiber),http://vocab.getty.edu/aat/300014043,exact match,exactMatch
PACTOLS,http://ark.frantiq.fr/ark:/26678/pcrtWAzvDrstom,chapelet,chaplets (rosaries),http://vocab.getty.edu/aat/300264662,exact match,exactMatch
PACTOLS,http://ark.frantiq.fr/ark:/26678/pcrtXbnSYWENsu,chapelle,chapels (rooms or structures),http://vocab.getty.edu/aat/300004590,exact match,exactMatch
PACTOLS,http://ark.frantiq.fr/ark:/26678/pcrtfZeS5mp6jT,chapiteau,capitals (column components),http://vocab.getty.edu/aat/300001662,exact match,exactMatch
PACTOLS,http://ark.frantiq.fr/ark:/26678/pcrtGKX5Bwi4vU,char,chariots (ancient vehicles),http://vocab.getty.edu/aat/300212699,exact match,exactMatch
PACTOLS,http://ark.frantiq.fr/ark:/26678/pcrtsrWeYcRkNg,charbon,coal,http://vocab.getty.edu/aat/300015149,exact match,exactMatch
PACTOLS,http://ark.frantiq.fr/ark:/26678/pcrt4GtjAItlOn,charbon de bois,wood charcoal,http://vocab.getty.edu/aat/300012864,exact match,exactMatch
PACTOLS,http://ark.frantiq.fr/ark:/26678/pcrtS7x7vmVqmp,charbonnière,coal mines,http://vocab.getty.edu/aat/300000396,broad match,broadMatch
PACTOLS,http://ark.frantiq.fr/ark:/26678/pcrtMgKMJJ3DRJ,chariot,chariots (carriages),http://vocab.getty.edu/aat/300219531,exact match,exactMatch
PACTOLS,http://ark.frantiq.fr/ark:/26678/pcrt9iomb1d1EJ,charité,charity (philosophical concept),http://vocab.getty.edu/aat/300379107,exact match,exactMatch
PACTOLS,http://ark.frantiq.fr/ark:/26678/pcrttiIzxZEiqB,charpente,roof frame components,http://vocab.getty.edu/aat/300002382,broad match,broadMatch
PACTOLS,http://ark.frantiq.fr/ark:/26678/pcrtZk4KDjdyYZ,chartreuse,charterhouses,http://vocab.getty.edu/aat/300000650,exact match,exactMatch
PACTOLS,http://ark.frantiq.fr/ark:/26678/pcrtcoV2DHQBSp,chasse,hunting,http://vocab.getty.edu/aat/300239666,exact match,exactMatch
PACTOLS,http://ark.frantiq.fr/ark:/26678/pcrtk8SafaOAjq,chasseur,hunters (people),http://vocab.getty.edu/aat/300025619,exact match,exactMatch
PACTOLS,http://ark.frantiq.fr/ark:/26678/pcrtWt1GTT1T0b,chasseur-cueilleur,hunter-gatherer (early cultures),http://vocab.getty.edu/aat/300391448,exact match,exactMatch
PACTOLS,http://ark.frantiq.fr/ark:/26678/pcrtBEscNJUhBp,chat,Felis domesticus (species),http://vocab.getty.edu/aat/300265960,exact match,exactMatch
PACTOLS,http://ark.frantiq.fr/ark:/26678/pcrtRFSvuXH6BD,château,castles (fortifications),http://vocab.getty.edu/aat/300006891,exact match,exactMatch
PACTOLS,http://ark.frantiq.fr/ark:/26678/pcrtSILWSJO1yW,château d'eau,water towers,http://vocab.getty.edu/aat/300006204,exact match,exactMatch
PACTOLS,http://ark.frantiq.fr/ark:/26678/pcrt8AQJzm2L6E,château-fort,motte-and-bailey castles,http://vocab.getty.edu/aat/300400701,exact match,exactMatch
PACTOLS,http://ark.frantiq.fr/ark:/26678/pcrtMchkJ5TnEz,chaudron,cauldrons,http://vocab.getty.edu/aat/300196395,exact match,exactMatch
PACTOLS,http://ark.frantiq.fr/ark:/26678/pcrtVLnKfPwHqV,chauffage,heating systems,http://vocab.getty.edu/aat/300051479,exact match,exactMatch
PACTOLS,http://ark.frantiq.fr/ark:/26678/pcrt9mMcUmpjLn,chaussée,causeways,http://vocab.getty.edu/aat/300008231,exact match,exactMatch
PACTOLS,http://ark.frantiq.fr/ark:/26678/pcrtnLNKkJozdp,chaussure,shoes (footwear),http://vocab.getty.edu/aat/300046065,exact match,exactMatch
PACTOLS,http://ark.frantiq.fr/ark:/26678/pcrtERMm8Q0wYw,chaux,calcium oxide,http://vocab.getty.edu/aat/300011736,exact match,exactMatch
PACTOLS,http://ark.frantiq.fr/ark:/26678/pcrtijLWlSgWtZ,chemin de fer,railroads (infrastructure),http://vocab.getty.edu/aat/300008591,exact match,exactMatch
PACTOLS,http://ark.frantiq.fr/ark:/26678/pcrt6clF510Il1,cheminée,mantels (fireplace components),http://vocab.getty.edu/aat/300052347,exact match,exactMatch
PACTOLS,http://ark.frantiq.fr/ark:/26678/pcrtRfS52nulqt,chenal,channels (water bodies),http://vocab.getty.edu/aat/300008713,exact match,exactMatch
PACTOLS,http://ark.frantiq.fr/ark:/26678/pcrtviptY11HzO,chenet,andirons,http://vocab.getty.edu/aat/300161848,exact match,exactMatch
PACTOLS,http://ark.frantiq.fr/ark:/26678/pcrt6i8AcPBoY2,cheval,Equus caballus (species),http://vocab.getty.edu/aat/300250148,exact match,exactMatch
PACTOLS,http://ark.frantiq.fr/ark:/26678/pcrt7117G28hkK,chevet,chevets (building spaces),http://vocab.getty.edu/aat/300004606,exact match,exactMatch
PACTOLS,http://ark.frantiq.fr/ark:/26678/pcrt3jcrAaRENB,chèvre,Capra (genus),http://vocab.getty.edu/aat/300250122,exact match,exactMatch
PACTOLS,http://ark.frantiq.fr/ark:/26678/pcrt4v7jKE3TVw,chien,Canis familiaris (species),http://vocab.getty.edu/aat/300250130,exact match,exactMatch
PACTOLS,http://ark.frantiq.fr/ark:/26678/pcrtTsFUpot5O5,chimie,chemistry,http://vocab.getty.edu/aat/300054537,exact match,exactMatch
PACTOLS,http://ark.frantiq.fr/ark:/26678/pcrtWG6u3Ahkgo,choeur,chancels,http://vocab.getty.edu/aat/300004565,exact match,exactMatch
PACTOLS,http://ark.frantiq.fr/ark:/26678/pcrt1zp23TEHfU,chopper,choppers (prehistoric cutting tools),http://vocab.getty.edu/aat/300400610,exact match,exactMatch
PACTOLS,http://ark.frantiq.fr/ark:/26678/pcrtYYTljnV8Gy,chrisme,chrism,http://vocab.getty.edu/aat/300265211,exact match,exactMatch
PACTOLS,http://ark.frantiq.fr/ark:/26678/pcrtzxSy7iiww6,christianisation,Christianity,http://vocab.getty.edu/aat/300073711,broad match,broadMatch
PACTOLS,http://ark.frantiq.fr/ark:/26678/pcrtymoUAauQMy,chronologie,chronology (discipline),http://vocab.getty.edu/aat/300056104,exact match,exactMatch
PACTOLS,http://ark.frantiq.fr/ark:/26678/pcrtNEVqOIPqzo,chronostratigraphie,stratigraphy,http://vocab.getty.edu/aat/300192073,broad match,broadMatch
PACTOLS,http://ark.frantiq.fr/ark:/26678/pcrtsIm3RuNMGu,cimetière,necropolises,http://vocab.getty.edu/aat/300000372,exact match,exactMatch
PACTOLS,http://ark.frantiq.fr/ark:/26678/pcrtSDmqv2zljj,cimetière paroissial,churchyards,http://vocab.getty.edu/aat/300008170,exact match,exactMatch
PACTOLS,http://ark.frantiq.fr/ark:/26678/pcrtZoPEeqKhas,cippe,cippi,http://vocab.getty.edu/aat/300006963,exact match,exactMatch
PACTOLS,http://ark.frantiq.fr/ark:/26678/pcrtmuXmeNbXty,circulation monétaire,money,http://vocab.getty.edu/aat/300037316,broad match,broadMatch
PACTOLS,http://ark.frantiq.fr/ark:/26678/pcrtBo1yLBvJKu,cirque,circuses (Roman arenas),http://vocab.getty.edu/aat/300007255,exact match,exactMatch
PACTOLS,http://ark.frantiq.fr/ark:/26678/pcrt9ftu0VRlXm,ciseau,chisels,http://vocab.getty.edu/aat/300024665,exact match,exactMatch
PACTOLS,http://ark.frantiq.fr/ark:/26678/pcrthX8XjMG2wX,ciste,cistae (toiletry containers),http://vocab.getty.edu/aat/300400723,exact match,exactMatch
PACTOLS,http://ark.frantiq.fr/ark:/26678/pcrtA56TqYxlPi,Cisterciens,Cistercian,http://vocab.getty.edu/aat/300148071,exact match,exactMatch
PACTOLS,http://ark.frantiq.fr/ark:/26678/pcrt6UZ1B610j3,citadelle,citadels,http://vocab.getty.edu/aat/300006902,exact match,exactMatch
PACTOLS,http://ark.frantiq.fr/ark:/26678/pcrtyXVLlmyt3F,citerne,water tanks,http://vocab.getty.edu/aat/300006203,exact match,exactMatch
PACTOLS,http://ark.frantiq.fr/ark:/26678/pcrtvzl3HUp31m,cité-ville,city-states,http://vocab.getty.edu/aat/300234611,exact match,exactMatch
PACTOLS,http://ark.frantiq.fr/ark:/26678/pcrteG5tTLXN3T,clayonnage,wattle (building materials),http://vocab.getty.edu/aat/300011888,exact match,exactMatch
PACTOLS,http://ark.frantiq.fr/ark:/26678/pcrtnDoiMB7bXc,clé,keys (adjusting equipment),http://vocab.getty.edu/aat/300251159,exact match,exactMatch
PACTOLS,http://ark.frantiq.fr/ark:/26678/pcrtr2LIg20u6S,climat,climate,http://vocab.getty.edu/aat/300055322,exact match,exactMatch
PACTOLS,http://ark.frantiq.fr/ark:/26678/pcrtqj3vNw55Df,climatologie,climatology,http://vocab.getty.edu/aat/300379447,exact match,exactMatch
PACTOLS,http://ark.frantiq.fr/ark:/26678/pcrtWNdQjwi6Lv,cloche,bells (idiophones),http://vocab.getty.edu/aat/300041872,exact match,exactMatch
PACTOLS,http://ark.frantiq.fr/ark:/26678/pcrtAeeFSDMwi7,clocher,bell towers,http://vocab.getty.edu/aat/300004848,exact match,exactMatch
PACTOLS,http://ark.frantiq.fr/ark:/26678/pcrtSIJ8VYglZv,cloison,partitions (interior walls),http://vocab.getty.edu/aat/300002538,exact match,exactMatch
PACTOLS,http://ark.frantiq.fr/ark:/26678/pcrtug0BSh8Km8,cloître,cloisters,http://vocab.getty.edu/aat/300007423,exact match,exactMatch
PACTOLS,http://ark.frantiq.fr/ark:/26678/pcrtMbtcPfoUvx,clou,nails (fasteners),http://vocab.getty.edu/aat/300033565,exact match,exactMatch
PACTOLS,http://ark.frantiq.fr/ark:/26678/pcrtRZ0ne3nzWk,coffre,trunks (containers),http://vocab.getty.edu/aat/300215543,exact match,exactMatch
PACTOLS,http://ark.frantiq.fr/ark:/26678/pcrtGxQqPzwTU7,coffre en bois,trunks (containers),http://vocab.getty.edu/aat/300215543,broad match,broadMatch
PACTOLS,http://ark.frantiq.fr/ark:/26678/pcrttj5t8ZRTvk,coffre en pierre,trunks (containers),http://vocab.getty.edu/aat/300215543,broad match,broadMatch
PACTOLS,http://ark.frantiq.fr/ark:/26678/pcrt1ZRzwFzjxD,coffret,coffers (furniture),http://vocab.getty.edu/aat/300039119,exact match,exactMatch
PACTOLS,http://ark.frantiq.fr/ark:/26678/pcrtaOHvUS4rT6,collagène,collagen,http://vocab.getty.edu/aat/300192948,exact match,exactMatch
PACTOLS,http://ark.frantiq.fr/ark:/26678/pcrtgvESXelz5D,collier,necklaces,http://vocab.getty.edu/aat/300046001,exact match,exactMatch
PACTOLS,http://ark.frantiq.fr/ark:/26678/pcrtgg4KWVZk74,colluvion,sediment,http://vocab.getty.edu/aat/300379424,broad match,broadMatch
PACTOLS,http://ark.frantiq.fr/ark:/26678/pcrtayUfKeMPjk,colombage,half-timber construction,http://vocab.getty.edu/aat/300125479,exact match,exactMatch
PACTOLS,http://ark.frantiq.fr/ark:/26678/pcrt5p3bwgIHaR,colonnade,colonnades,http://vocab.getty.edu/aat/300002613,exact match,exactMatch
PACTOLS,http://ark.frantiq.fr/ark:/26678/pcrtbhNbSIzWXG,colonne,columns (architectural elements),http://vocab.getty.edu/aat/300001571,exact match,exactMatch
PACTOLS,http://ark.frantiq.fr/ark:/26678/pcrtHgXylM0gkU,colonne monumentale,memorial columns,http://vocab.getty.edu/aat/300007008,exact match,exactMatch
PACTOLS,http://ark.frantiq.fr/ark:/26678/pcrtJ8FyJDGMvS,colosse,colossi,http://vocab.getty.edu/aat/300047453,exact match,exactMatch
PACTOLS,http://ark.frantiq.fr/ark:/26678/pcrtIlQ85rFA17,columbarium,columbaria (cemeteries),http://vocab.getty.edu/aat/300000370,exact match,exactMatch
PACTOLS,http://ark.frantiq.fr/ark:/26678/pcrt5EjiIPAc1X,combat,battles,http://vocab.getty.edu/aat/300185692,exact match,exactMatch
PACTOLS,http://ark.frantiq.fr/ark:/26678/pcrtO40ZLI4giK,combustible,fuel,http://vocab.getty.edu/aat/300015139,exact match,exactMatch
PACTOLS,http://ark.frantiq.fr/ark:/26678/pcrt7BMlTX2YhF,commanderie,commanderies,http://vocab.getty.edu/aat/300235537,exact match,exactMatch
PACTOLS,http://ark.frantiq.fr/ark:/26678/pcrthOtrQhBIUG,commerce,trade (function),http://vocab.getty.edu/aat/300061886,exact match,exactMatch
PACTOLS,http://ark.frantiq.fr/ark:/26678/pcrtuqSj7zzidD,commerce fluvial,trade (function),http://vocab.getty.edu/aat/300061886,broad match,broadMatch
PACTOLS,http://ark.frantiq.fr/ark:/26678/pcrtKPKSRRMdbB,communauté,groups of people,http://vocab.getty.edu/aat/300192630,broad match,broadMatch
PACTOLS,http://ark.frantiq.fr/ark:/26678/pcrtgJvAbEFhK7,conduite d'eau,conduits (water distribution structures),http://vocab.getty.edu/aat/300006175,exact match,exactMatch
PACTOLS,http://ark.frantiq.fr/ark:/26678/pcrtYz27Ka1xtv,confection des routes,traffic engineering,http://vocab.getty.edu/aat/300054508,broad match,broadMatch
PACTOLS,http://ark.frantiq.fr/ark:/26678/pcrtWe1U0gnsaJ,confort,comfort (sensation),http://vocab.getty.edu/aat/300158836,exact match,exactMatch
PACTOLS,http://ark.frantiq.fr/ark:/26678/pcrtbSfKuoqH7L,conservation d'aliments,preserving,http://vocab.getty.edu/aat/300266154,broad match,broadMatch
PACTOLS,http://ark.frantiq.fr/ark:/26678/pcrtJMg7QSeeGX,conservation de site,site protection,http://vocab.getty.edu/aat/300379385,exact match,exactMatch
PACTOLS,http://ark.frantiq.fr/ark:/26678/pcrtyP7Ep8O22X,conservation des matières végétales,preserving,http://vocab.getty.edu/aat/300266154,broad match,broadMatch
PACTOLS,http://ark.frantiq.fr/ark:/26678/pcrteFHjryOQqT,conservation du bois,preventive conservation,http://vocab.getty.edu/aat/300229399,broad match,broadMatch
PACTOLS,http://ark.frantiq.fr/ark:/26678/pcrtFQKZJWgr7c,conservation du métal,preventive conservation,http://vocab.getty.edu/aat/300229399,broad match,broadMatch
PACTOLS,http://ark.frantiq.fr/ark:/26678/pcrtRXhdi4O5ST,conservation- restauration,conservation (discipline),http://vocab.getty.edu/aat/300054238,close match,closeMatch
PACTOLS,http://ark.frantiq.fr/ark:/26678/pcrtM9HMWQTGJV,construction,construction (assembling),http://vocab.getty.edu/aat/300054608,exact match,exactMatch
PACTOLS,http://ark.frantiq.fr/ark:/26678/pcrt6htVOpKXb1,construction navale,shipbuilding,http://vocab.getty.edu/aat/300247448,exact match,exactMatch
PACTOLS,http://ark.frantiq.fr/ark:/26678/pcrtM9HMWQTGJV,construction technique,construction (assembling),http://vocab.getty.edu/aat/300054608,exact match,exactMatch
PACTOLS,http://ark.frantiq.fr/ark:/26678/pcrt6Bxd07j7Ni,consulat,consuls,http://vocab.getty.edu/aat/300025461,exact match,exactMatch
PACTOLS,http://ark.frantiq.fr/ark:/26678/pcrt0Ffns3pZ28,coprolithe,coprolites,http://vocab.getty.edu/aat/300379448,exact match,exactMatch
PACTOLS,http://ark.frantiq.fr/ark:/26678/pcrtnqXmXqlSQi,coq,cocks (birds),http://vocab.getty.edu/aat/300250039,exact match,exactMatch
PACTOLS,http://ark.frantiq.fr/ark:/26678/pcrt6G1VlWyHN9,coquemar,boilers (vessels),http://vocab.getty.edu/aat/300196368,broad match,broadMatch
PACTOLS,http://ark.frantiq.fr/ark:/26678/pcrtUDM5NvfJZ1,coquillage,shell (animal material),http://vocab.getty.edu/aat/300011829,exact match,exactMatch
PACTOLS,http://ark.frantiq.fr/ark:/26678/pcrt7ySVpWQ2aW,coquille,eggshell (animal material),http://vocab.getty.edu/aat/300191893,exact match,exactMatch
PACTOLS,http://ark.frantiq.fr/ark:/26678/pcrtknhh7n1sa3,corail,coral (material),http://vocab.getty.edu/aat/300011800,exact match,exactMatch
PACTOLS,http://ark.frantiq.fr/ark:/26678/pcrtva7NUywIgB,corbeau,crows (birds),http://vocab.getty.edu/aat/300250041,exact match,exactMatch
PACTOLS,http://ark.frantiq.fr/ark:/26678/pcrtBOi4SRNxSG,corderie,roperies,http://vocab.getty.edu/aat/300006259,exact match,exactMatch
PACTOLS,http://ark.frantiq.fr/ark:/26678/pcrtyBKU8jSiGp,cordonnerie,cobblers,http://vocab.getty.edu/aat/300136719,broad match,broadMatch
PACTOLS,http://ark.frantiq.fr/ark:/26678/pcrtU6YoUalie6,corne,horn (animal material),http://vocab.getty.edu/aat/300011826,exact match,exactMatch
PACTOLS,http://ark.frantiq.fr/ark:/26678/pcrtKoEikI0iIm,corniche,cornices,http://vocab.getty.edu/aat/300001788,exact match,exactMatch
PACTOLS,http://ark.frantiq.fr/ark:/26678/pcrt0SEeMmB4DY,corpus,corpora (writings),http://vocab.getty.edu/aat/300311737,exact match,exactMatch
PACTOLS,http://ark.frantiq.fr/ark:/26678/pcrtyn2aQ6ANE7,cotte de mailles,shirts of mail,http://vocab.getty.edu/aat/300299206,exact match,exactMatch
PACTOLS,http://ark.frantiq.fr/ark:/26678/pcrtu5RUM9S618,couleur,colors (hues or tints),http://vocab.getty.edu/aat/300080438,exact match,exactMatch
PACTOLS,http://ark.frantiq.fr/ark:/26678/pcrt1V2ynr1VqP,coupe,cups (drinking vessels),http://vocab.getty.edu/aat/300043202,exact match,exactMatch
PACTOLS,http://ark.frantiq.fr/ark:/26678/pcrtQrOmSJ1e0j,coupelle,bowls (vessels),http://vocab.getty.edu/aat/300203596,broad match,broadMatch
PACTOLS,http://ark.frantiq.fr/ark:/26678/pcrtbFJDzRUZx0,cour,courtyards,http://vocab.getty.edu/aat/300004095,exact match,exactMatch
PACTOLS,http://ark.frantiq.fr/ark:/26678/pcrtQPGouseprK,couronne,crowns (headdresses),http://vocab.getty.edu/aat/300046020,exact match,exactMatch
PACTOLS,http://ark.frantiq.fr/ark:/26678/pcrtWJqx3qlw07,cours d'eau,watercourses,http://vocab.getty.edu/aat/300387091,exact match,exactMatch
PACTOLS,http://ark.frantiq.fr/ark:/26678/pcrtRV35MASQWr,courtine (fortification elements),curtain walls,http://vocab.getty.edu/aat/300002504,exact match,exactMatch
PACTOLS,http://ark.frantiq.fr/ark:/26678/pcrtSUUdPW04Ht,couteau,knives,http://vocab.getty.edu/aat/300024668,exact match,exactMatch
PACTOLS,http://ark.frantiq.fr/ark:/26678/pcrtiKtUQlaS7p,couteau à dos,knives,http://vocab.getty.edu/aat/300024668,broad match,broadMatch
PACTOLS,http://ark.frantiq.fr/ark:/26678/pcrtqLkW2z3SmU,couvent,convents (built complexes),http://vocab.getty.edu/aat/300000635,exact match,exactMatch
PACTOLS,http://ark.frantiq.fr/ark:/26678/pcrtvVXzQsUsKN,couverture,roofing,http://vocab.getty.edu/aat/300014897,exact match,exactMatch
PACTOLS,http://ark.frantiq.fr/ark:/26678/pcrtc4Qh2dBShL,couvrement,coverings,http://vocab.getty.edu/aat/300205009,exact match,exactMatch
PACTOLS,http://ark.frantiq.fr/ark:/26678/pcrtGAyvyEsZJE,crâne,skulls (skeleton components),http://vocab.getty.edu/aat/300191856,exact match,exactMatch
PACTOLS,http://ark.frantiq.fr/ark:/26678/pcrtMoabnLELjx,cratère,kraters,http://vocab.getty.edu/aat/300198855,exact match,exactMatch
PACTOLS,http://ark.frantiq.fr/ark:/26678/pcrttBIxHKUw54,crémation,cremations,http://vocab.getty.edu/aat/300266356,exact match,exactMatch
PACTOLS,http://ark.frantiq.fr/ark:/26678/pcrtB8TJ1UZKdW,creuset,crucibles,http://vocab.getty.edu/aat/300196462,exact match,exactMatch
PACTOLS,http://ark.frantiq.fr/ark:/26678/pcrtc2SkvG29we,cristal de roche,quartz crystal,http://vocab.getty.edu/aat/300011152,broad match,broadMatch
PACTOLS,http://ark.frantiq.fr/ark:/26678/pcrtHEc4SsdjMV,crochet,hooks (fasteners),http://vocab.getty.edu/aat/300033537,exact match,exactMatch
PACTOLS,http://ark.frantiq.fr/ark:/26678/pcrtPru6hdcx4X,croix,crosses (motifs),http://vocab.getty.edu/aat/300010044,exact match,exactMatch
PACTOLS,http://ark.frantiq.fr/ark:/26678/pcrtq20N5kcw0H,cruche,jugs (vessels),http://vocab.getty.edu/aat/300045685,exact match,exactMatch
PACTOLS,http://ark.frantiq.fr/ark:/26678/pcrtmdJdxASSdo,crucifix,crucifixes,http://vocab.getty.edu/aat/300248835,exact match,exactMatch
PACTOLS,http://ark.frantiq.fr/ark:/26678/pcrtvxa2xrJNyN,crue,floods (natural events),http://vocab.getty.edu/aat/300054731,exact match,exactMatch
PACTOLS,http://ark.frantiq.fr/ark:/26678/pcrtqdEo1gq2xN,crustacé,Crustacea (subphylum),http://vocab.getty.edu/aat/300310469,exact match,exactMatch
PACTOLS,http://ark.frantiq.fr/ark:/26678/pcrtS7gEQ2LkNm,cryoturbation,sedimentology,http://vocab.getty.edu/aat/300379586,broad match,broadMatch
PACTOLS,http://ark.frantiq.fr/ark:/26678/pcrtW9wgN3Gdgb,crypte,crypts,http://vocab.getty.edu/aat/300004618,exact match,exactMatch
PACTOLS,http://ark.frantiq.fr/ark:/26678/pcrte5XIxMr7kD,cryptoportique,cryptoportici,http://vocab.getty.edu/aat/300004295,exact match,exactMatch
PACTOLS,http://ark.frantiq.fr/ark:/26678/pcrttXcbeWGloc,cuiller,spoons,http://vocab.getty.edu/aat/300043149,exact match,exactMatch
PACTOLS,http://ark.frantiq.fr/ark:/26678/pcrtPIeXclbVBy,cuiller à fard,cosmetic spoons,http://vocab.getty.edu/aat/300375704,exact match,exactMatch
PACTOLS,http://ark.frantiq.fr/ark:/26678/pcrttXcbeWGloc,cuillère,spoons,http://vocab.getty.edu/aat/300043149,exact match,exactMatch
PACTOLS,http://ark.frantiq.fr/ark:/26678/pcrtn5zR6bBN39,cuir,leather,http://vocab.getty.edu/aat/300011845,exact match,exactMatch
PACTOLS,http://ark.frantiq.fr/ark:/26678/pcrtAWMnNe4Z2N,cuisine,cooking and heating devices,http://vocab.getty.edu/aat/300200422,close match,closeMatch
PACTOLS,http://ark.frantiq.fr/ark:/26678/pcrtx3wq2lIxhn,cuisson de l'argile,firing (technique),http://vocab.getty.edu/aat/300053887,broad match,broadMatch
PACTOLS,http://ark.frantiq.fr/ark:/26678/pcrt16pnvNar4g,cuivre,copper (metal),http://vocab.getty.edu/aat/300011020,exact match,exactMatch
PACTOLS,http://ark.frantiq.fr/ark:/26678/pcrt16pnvNar4g,cuivre (métal),copper (metal),http://vocab.getty.edu/aat/300011020,exact match,exactMatch
PACTOLS,http://ark.frantiq.fr/ark:/26678/pcrtfvIQbnsSeS,culot,slag,http://vocab.getty.edu/aat/300011790,broad match,broadMatch
PACTOLS,http://ark.frantiq.fr/ark:/26678/pcrtvpycooDOIf,culte domestique,worship,http://vocab.getty.edu/aat/300056005,broad match,broadMatch
PACTOLS,http://ark.frantiq.fr/ark:/26678/pcrttI5ov3DsHu,culte privé,worship,http://vocab.getty.edu/aat/300056005,broad match,broadMatch
PACTOLS,http://ark.frantiq.fr/ark:/26678/pcrtVIebDXVNhS,cultes,cults (group or movement),http://vocab.getty.edu/aat/300251847,exact match,exactMatch
PACTOLS,http://ark.frantiq.fr/ark:/26678/pcrtuQw1K0XBDB,Culture,culture,http://vocab.getty.edu/aat/300055768,exact match,exactMatch
PACTOLS,http://ark.frantiq.fr/ark:/26678/pcrtdBIOgAhPJO,culture en terrasse,agriculture,http://vocab.getty.edu/aat/300054463,broad match,broadMatch
PACTOLS,http://ark.frantiq.fr/ark:/26678/pcrtPgxTqDMay5,culture extensive,agriculture,http://vocab.getty.edu/aat/300054463,broad match,broadMatch
PACTOLS,http://ark.frantiq.fr/ark:/26678/pcrt5xGjt3dGdR,culture fruitière,horticulture,http://vocab.getty.edu/aat/300054512,broad match,broadMatch
PACTOLS,http://ark.frantiq.fr/ark:/26678/pcrtB5MOlwoFbc,cupule,dents (condition),http://vocab.getty.edu/aat/300400799,exact match,exactMatch
PACTOLS,http://ark.frantiq.fr/ark:/26678/pcrt4UwtOmnUDx,cuve,vats (containers),http://vocab.getty.edu/aat/300194541,exact match,exactMatch
PACTOLS,http://ark.frantiq.fr/ark:/26678/pcrtJkLW2h0FJh,cuve (structure),vats (containers),http://vocab.getty.edu/aat/300194541,exact match,exactMatch
PACTOLS,http://ark.frantiq.fr/ark:/26678/pcrtQawWpG1Vw9,cuve à vin,tuns (casks),http://vocab.getty.edu/aat/300206700,exact match,exactMatch
PACTOLS,http://ark.frantiq.fr/ark:/26678/pcrtqGEHFEakqA,dallage,paving,http://vocab.getty.edu/aat/300053677,exact match,exactMatch
PACTOLS,http://ark.frantiq.fr/ark:/26678/pcrtX6hgStZS6S,dalle,flagstone,http://vocab.getty.edu/aat/300011687,exact match,exactMatch
PACTOLS,http://ark.frantiq.fr/ark:/26678/pcrtSZdQ2VTs2k,dalle funéraire,tombstones (sepulchral monuments),http://vocab.getty.edu/aat/300005923,exact match,exactMatch
PACTOLS,http://ark.frantiq.fr/ark:/26678/pcrtySvUnoT58R,damasquinure,damascening,http://vocab.getty.edu/aat/300054019,exact match,exactMatch
PACTOLS,http://ark.frantiq.fr/ark:/26678/pcrtpSis9hZLUb,datation,dating (measuring),http://vocab.getty.edu/aat/300054714,exact match,exactMatch
PACTOLS,http://ark.frantiq.fr/ark:/26678/pcrtTnlurfPgFb,datation isotopique,radioactive dating,http://vocab.getty.edu/aat/300054717,close match,closeMatch
PACTOLS,http://ark.frantiq.fr/ark:/26678/pcrthhW88JhtBR,dé,dice,http://vocab.getty.edu/aat/300211084,exact match,exactMatch
PACTOLS,http://ark.frantiq.fr/ark:/26678/pcrthhW88JhtBR,dé à jouer,dice,http://vocab.getty.edu/aat/300211084,exact match,exactMatch
PACTOLS,http://ark.frantiq.fr/ark:/26678/pcrtz2Jazv9paI,débitage,debitage,http://vocab.getty.edu/aat/300265125,exact match,exactMatch
PACTOLS,http://ark.frantiq.fr/ark:/26678/pcrtyOZbSEvnZv,débitage de l'os,debitage,http://vocab.getty.edu/aat/300265125,broad match,broadMatch
PACTOLS,http://ark.frantiq.fr/ark:/26678/pcrtlpADryiiAo,débitage laminaire,debitage,http://vocab.getty.edu/aat/300265125,broad match,broadMatch
PACTOLS,http://ark.frantiq.fr/ark:/26678/pcrtx7FboGFtuA,décapitation,beheadings,http://vocab.getty.edu/aat/300379186,exact match,exactMatch
PACTOLS,http://ark.frantiq.fr/ark:/26678/pcrtccdy3tjhVx,décharnement,fleshing,http://vocab.getty.edu/aat/300234585,exact match,exactMatch
PACTOLS,http://ark.frantiq.fr/ark:/26678/pcrtOKKafduvWE,décor à la molette,roulettes (engraving tools),http://vocab.getty.edu/aat/300022774,broad match,broadMatch
PACTOLS,http://ark.frantiq.fr/ark:/26678/pcrtd1J2aYQ6GE,décor architectural,architectural elements,http://vocab.getty.edu/aat/300000885,exact match,exactMatch
PACTOLS,http://ark.frantiq.fr/ark:/26678/pcrtcyGHMfulla,décor funéraire,funeral decorations,http://vocab.getty.edu/aat/300378993,broad match,broadMatch
PACTOLS,http://ark.frantiq.fr/ark:/26678/pcrtt6GJP0WaaM,décor incisé,engraving (action),http://vocab.getty.edu/aat/300053829,broad match,broadMatch
PACTOLS,http://ark.frantiq.fr/ark:/26678/pcrtmZ7gZV6UUA,décor peint,painting (image- making),http://vocab.getty.edu/aat/300054216,broad match,broadMatch
PACTOLS,http://ark.frantiq.fr/ark:/26678/pcrtIG9aOhEUaq,découverte ancienne,history (discipline),http://vocab.getty.edu/aat/300054394,broad match,broadMatch
PACTOLS,http://ark.frantiq.fr/ark:/26678/pcrtQKxf8QNzai,decumanus,decumani,http://vocab.getty.edu/aat/300008264,exact match,exactMatch
PACTOLS,http://ark.frantiq.fr/ark:/26678/pcrt58UKFWmOvV,dédicace,inscriptions,http://vocab.getty.edu/aat/300028702,broad match,broadMatch
PACTOLS,http://ark.frantiq.fr/ark:/26678/pcrtKcRc2Lo2d8,déesse-mère,goddesses,http://vocab.getty.edu/aat/300343852,broad match,broadMatch
PACTOLS,http://ark.frantiq.fr/ark:/26678/pcrtoBSSWiOt51,défense,wars,http://vocab.getty.edu/aat/300055314,broad match,broadMatch
PACTOLS,http://ark.frantiq.fr/ark:/26678/pcrtzb0P2rTokq,déforestation,deforestation,http://vocab.getty.edu/aat/300254446,exact match,exactMatch
PACTOLS,http://ark.frantiq.fr/ark:/26678/pcrtn03SMTS5Bw,déformation crânienne,skulls (skeleton components),http://vocab.getty.edu/aat/300191856,broad match,broadMatch
PACTOLS,http://ark.frantiq.fr/ark:/26678/pcrtHrDifszoxy,défrichement,reclamation,http://vocab.getty.edu/aat/300068034,close match,closeMatch
PACTOLS,http://ark.frantiq.fr/ark:/26678/pcrtWANqEEARhN,dégraissant,degreasing,http://vocab.getty.edu/aat/300379577,exact match,exactMatch
PACTOLS,http://ark.frantiq.fr/ark:/26678/pcrtZd0FGOZwl3,démographie,demography,http://vocab.getty.edu/aat/300054357,exact match,exactMatch
PACTOLS,http://ark.frantiq.fr/ark:/26678/pcrtYgu4jWtWru,dendrochronologie,dendrochronology,http://vocab.getty.edu/aat/300054715,exact match,exactMatch
PACTOLS,http://ark.frantiq.fr/ark:/26678/pcrt1SyNG9SDq7,dendrologie,botany,http://vocab.getty.edu/aat/300054467,broad match,broadMatch
PACTOLS,http://ark.frantiq.fr/ark:/26678/pcrtmKHYJPrErU,denier,denarii,http://vocab.getty.edu/aat/300037266,exact match,exactMatch
PACTOLS,http://ark.frantiq.fr/ark:/26678/pcrthA4kIWMu84,dent,teeth (animal components),http://vocab.getty.edu/aat/300400467,exact match,exactMatch
PACTOLS,http://ark.frantiq.fr/ark:/26678/pcrtrXrWfiRYvF,denticulé,denticulates,http://vocab.getty.edu/aat/300400630,exact match,exactMatch
PACTOLS,http://ark.frantiq.fr/ark:/26678/pcrtsfaiAjXLxV,dépendance,dependencies,http://vocab.getty.edu/aat/300235114,exact match,exactMatch
PACTOLS,http://ark.frantiq.fr/ark:/26678/pcrts62Z2hl4ux,dépôt,deposit,http://vocab.getty.edu/aat/300264846,exact match,exactMatch
PACTOLS,http://ark.frantiq.fr/ark:/26678/pcrt9dsMs2oJvc,dépôt funéraire,grave goods,http://vocab.getty.edu/aat/300180706,close match,closeMatch
PACTOLS,http://ark.frantiq.fr/ark:/26678/pcrtFo4Z6QHtST,dépôt sacrificiel,sacrifices,http://vocab.getty.edu/aat/300263243,broad match,broadMatch
PACTOLS,http://ark.frantiq.fr/ark:/26678/pcrteJiI6BxaFN,dépotoir,dumps (refuse areas),http://vocab.getty.edu/aat/300000824,close match,closeMatch
PACTOLS,http://ark.frantiq.fr/ark:/26678/pcrtaBp5noBj31,dérivée de sigillée paléochrétienne,terra sigillata chiara,http://vocab.getty.edu/aat/300387474,broad match,broadMatch
PACTOLS,http://ark.frantiq.fr/ark:/26678/pcrtzmgVgArOJh,dessin,drawings (visual works),http://vocab.getty.edu/aat/300033973,exact match,exactMatch
PACTOLS,http://ark.frantiq.fr/ark:/26678/pcrtcWtmlzv64Z,destruction,destruction,http://vocab.getty.edu/aat/300053087,exact match,exactMatch
PACTOLS,http://ark.frantiq.fr/ark:/26678/pcrtp0Q1N38DIe,détention,imprisonment,http://vocab.getty.edu/aat/300137572,close match,closeMatch
PACTOLS,http://ark.frantiq.fr/ark:/26678/pcrtHOoY2ss1a1,diatomée,diatomaceous earth,http://vocab.getty.edu/aat/300013808,exact match,exactMatch
PACTOLS,http://ark.frantiq.fr/ark:/26678/pcrtGhrS5rJcNl,digue,dikes,http://vocab.getty.edu/aat/300170882,exact match,exactMatch
PACTOLS,http://ark.frantiq.fr/ark:/26678/pcrtSaGSlaA4NM,dîme,tithing,http://vocab.getty.edu/aat/300137858,exact match,exactMatch
PACTOLS,http://ark.frantiq.fr/ark:/26678/pcrtH3R3xTfVO7,disposition du corps,dead (people),http://vocab.getty.edu/aat/300389809,broad match,broadMatch
PACTOLS,http://ark.frantiq.fr/ark:/26678/pcrtrUSkK6SQjU,disque,disks (object genres),http://vocab.getty.edu/aat/300251427,exact match,exactMatch
PACTOLS,http://ark.frantiq.fr/ark:/26678/pcrtOIoML6YqHd,divinités romaines,deities,http://vocab.getty.edu/aat/300343850,broad match,broadMatch
PACTOLS,http://ark.frantiq.fr/ark:/26678/pcrtfcf82N0J8s,division des terres,land subdivision,http://vocab.getty.edu/aat/300055451,exact match,exactMatch
PACTOLS,http://ark.frantiq.fr/ark:/26678/pcrtSKcTSyd4bv,documentation,records (documents),http://vocab.getty.edu/aat/300026685,exact match,exactMatch
PACTOLS,http://ark.frantiq.fr/ark:/26678/pcrt3sb7lFIENf,dodécaèdre,polyhedra,http://vocab.getty.edu/aat/300072513,broad match,broadMatch
PACTOLS,http://ark.frantiq.fr/ark:/26678/pcrtrmZTScioB8,dolium,doliums,http://vocab.getty.edu/aat/300400601,exact match,exactMatch
PACTOLS,http://ark.frantiq.fr/ark:/26678/pcrt0Krn6QJlhU,dolmen,megalithic chamber tombs,http://vocab.getty.edu/aat/300005934,close match,closeMatch
PACTOLS,http://ark.frantiq.fr/ark:/26678/pcrt2JN6b2iw50,domestication,animal husbandry,http://vocab.getty.edu/aat/300254388,broad match,broadMatch
PACTOLS,http://ark.frantiq.fr/ark:/26678/pcrtbNUNRnBldV,Dominicains,Dominican (monastic order),http://vocab.getty.edu/aat/300148084,exact match,exactMatch
PACTOLS,http://ark.frantiq.fr/ark:/26678/pcrtBTWy6SwZAu,domus,domus,http://vocab.getty.edu/aat/300005506,exact match,exactMatch
PACTOLS,http://ark.frantiq.fr/ark:/26678/pcrtOQj6KuEbn2,donjon,keeps,http://vocab.getty.edu/aat/300003694,exact match,exactMatch
PACTOLS,http://ark.frantiq.fr/ark:/26678/pcrtIBBzDtHASy,douane,customhouses,http://vocab.getty.edu/aat/300005998,exact match,exactMatch
PACTOLS,http://ark.frantiq.fr/ark:/26678/pcrtOdfSnOQY3v,douve,moats,http://vocab.getty.edu/aat/300003716,exact match,exactMatch
PACTOLS,http://ark.frantiq.fr/ark:/26678/pcrtVttMRLTroY,dragage,dredging,http://vocab.getty.edu/aat/300053705,exact match,exactMatch
PACTOLS,http://ark.frantiq.fr/ark:/26678/pcrtthlTfnSHQp,drain,drainage piping,http://vocab.getty.edu/aat/300052600,close match,closeMatch
PACTOLS,http://ark.frantiq.fr/ark:/26678/pcrt2WF3gcWDUM,drainage,drainage,http://vocab.getty.edu/aat/300055199,exact match,exactMatch
PACTOLS,http://ark.frantiq.fr/ark:/26678/pcrtJYawSTtElG,eau,water (inorganic material),http://vocab.getty.edu/aat/300011772,exact match,exactMatch
PACTOLS,http://ark.frantiq.fr/ark:/26678/pcrtnnO5LEtmht,ébauche,sketches,http://vocab.getty.edu/aat/300015617,exact match,exactMatch
PACTOLS,http://ark.frantiq.fr/ark:/26678/pcrtZpexgdVakQ,échange,exchange media (objects),http://vocab.getty.edu/aat/300387350,exact match,exactMatch
PACTOLS,http://ark.frantiq.fr/ark:/26678/pcrtdfsZ3abSZh,échantillonnage,sampling,http://vocab.getty.edu/aat/300379429,exact match,exactMatch
PACTOLS,http://ark.frantiq.fr/ark:/26678/pcrt3SWbm6EV00,éclairage,lighting,http://vocab.getty.edu/aat/300051944,exact match,exactMatch
PACTOLS,http://ark.frantiq.fr/ark:/26678/pcrtlm6QHV1rJx,éclat,flakes (object genre),http://vocab.getty.edu/aat/300265137,exact match,exactMatch
PACTOLS,http://ark.frantiq.fr/ark:/26678/pcrthaIQSu4FM1,école,schools (institutions),http://vocab.getty.edu/aat/300266108,exact match,exactMatch
PACTOLS,http://ark.frantiq.fr/ark:/26678/pcrt1urpl6axh0,écologie,ecology,http://vocab.getty.edu/aat/300054468,exact match,exactMatch
PACTOLS,http://ark.frantiq.fr/ark:/26678/pcrtFlZ2UyH7Bb,économie (faits),economy,http://vocab.getty.edu/aat/300389790,exact match,exactMatch
PACTOLS,http://ark.frantiq.fr/ark:/26678/pcrth0UcAMjUf4,économie de subsistance,economy,http://vocab.getty.edu/aat/300389790,broad match,broadMatch
PACTOLS,http://ark.frantiq.fr/ark:/26678/pcrtZM8iFRO4Tu,écuelle,porringers (dishes),http://vocab.getty.edu/aat/300042964,exact match,exactMatch
PACTOLS,http://ark.frantiq.fr/ark:/26678/pcrtBB0V7eYSQ2,écurie,stables (animal housing),http://vocab.getty.edu/aat/300005015,exact match,exactMatch
PACTOLS,http://ark.frantiq.fr/ark:/26678/pcrtc4giwkfkYt,édicule,aedicules,http://vocab.getty.edu/aat/300002574,exact match,exactMatch
PACTOLS,http://ark.frantiq.fr/ark:/26678/pcrtDpSNLz1mSr,édification,construction (assembling),http://vocab.getty.edu/aat/300054608,close match,closeMatch
PACTOLS,http://ark.frantiq.fr/ark:/26678/pcrtDlzbGxWvTo,édifice,buildings (structures),http://vocab.getty.edu/aat/300004792,exact match,exactMatch
PACTOLS,http://ark.frantiq.fr/ark:/26678/pcrtbza1yQv2Rr,édifice funéraire,funerary buildings,http://vocab.getty.edu/aat/300005866,exact match,exactMatch
PACTOLS,http://ark.frantiq.fr/ark:/26678/pcrt4HEc49rMp7,édifice public,public buildings (governmental buildings),http://vocab.getty.edu/aat/300008059,exact match,exactMatch
PACTOLS,http://ark.frantiq.fr/ark:/26678/pcrt30jRVudWjq,édifice religieux,religious buildings,http://vocab.getty.edu/aat/300007391,exact match,exactMatch
PACTOLS,http://ark.frantiq.fr/ark:/26678/pcrtoV7zLJpAfX,église,churches (buildings),http://vocab.getty.edu/aat/300007466,exact match,exactMatch
PACTOLS,http://ark.frantiq.fr/ark:/26678/pcrtyBdN76zI6i,égout,sewers (drainage structures),http://vocab.getty.edu/aat/300006122,exact match,exactMatch
PACTOLS,http://ark.frantiq.fr/ark:/26678/pcrt6d15xRmV8x,électrum,electrum,http://vocab.getty.edu/aat/300010965,exact match,exactMatch
PACTOLS,http://ark.frantiq.fr/ark:/26678/pcrtd1J2aYQ6GE,élément architectural,architectural elements,http://vocab.getty.edu/aat/300000885,exact match,exactMatch
PACTOLS,http://ark.frantiq.fr/ark:/26678/pcrtApx02AU6ap,élément de char,chariots (ancient vehicles),http://vocab.getty.edu/aat/300212699,broad match,broadMatch
PACTOLS,http://ark.frantiq.fr/ark:/26678/pcrth4ik1YqDS1,éléphant,Elephantidae (family),http://vocab.getty.edu/aat/300250160,exact match,exactMatch
PACTOLS,http://ark.frantiq.fr/ark:/26678/pcrtFQ469T1itu,élevage,animal husbandry,http://vocab.getty.edu/aat/300254388,exact match,exactMatch
PACTOLS,http://ark.frantiq.fr/ark:/26678/pcrt2awJbSfO2O,élevage (type),animal husbandry,http://vocab.getty.edu/aat/300254388,broad match,broadMatch
PACTOLS,http://ark.frantiq.fr/ark:/26678/pcrthr1ylBhyBN,empierrement,ballast (aggregate),http://vocab.getty.edu/aat/300014706,close match,closeMatch
PACTOLS,http://ark.frantiq.fr/ark:/26678/pcrthDc9XXlpPU,empreinte animale,ichnology,http://vocab.getty.edu/aat/300380299,broad match,broadMatch
PACTOLS,http://ark.frantiq.fr/ark:/26678/pcrtRshWtjD9Qm,empreinte de pied,footprints (foot impressions),http://vocab.getty.edu/aat/300263476,exact match,exactMatch
PACTOLS,http://ark.frantiq.fr/ark:/26678/pcrtSAoSja0235,empreinte végétale,botany,http://vocab.getty.edu/aat/300054467,broad match,broadMatch
PACTOLS,http://ark.frantiq.fr/ark:/26678/pcrt321qD4sfeM,enceinte,boundary walls,http://vocab.getty.edu/aat/300100558,close match,closeMatch
PACTOLS,http://ark.frantiq.fr/ark:/26678/pcrto2Udjh8XSP,encens,incense,http://vocab.getty.edu/aat/300265591,exact match,exactMatch
PACTOLS,http://ark.frantiq.fr/ark:/26678/pcrtZxVQ2PLkIO,encensoir,censers,http://vocab.getty.edu/aat/300198814,exact match,exactMatch
PACTOLS,http://ark.frantiq.fr/ark:/26678/pcrtKei7jxhn32,enclos,fences (site elements),http://vocab.getty.edu/aat/300005044,exact match,exactMatch
PACTOLS,http://ark.frantiq.fr/ark:/26678/pcrtqXL8V79evX,enclos à bétail,corrals,http://vocab.getty.edu/aat/300004983,exact match,exactMatch
PACTOLS,http://ark.frantiq.fr/ark:/26678/pcrt9gfvI45Kcj,enclos circulaire,corrals,http://vocab.getty.edu/aat/300004983,broad match,broadMatch
PACTOLS,http://ark.frantiq.fr/ark:/26678/pcrt4r4BzEK12w,enclos funéraire,graveyards,http://vocab.getty.edu/aat/300000360,broad match,broadMatch
PACTOLS,http://ark.frantiq.fr/ark:/26678/pcrtfOjLfceAZ0,enclos quadrangulaire,corrals,http://vocab.getty.edu/aat/300004983,broad match,broadMatch
PACTOLS,http://ark.frantiq.fr/ark:/26678/pcrtFoJLRZxYE7,enclos sacré,sacred space,http://vocab.getty.edu/aat/300400518,exact match,exactMatch
PACTOLS,http://ark.frantiq.fr/ark:/26678/pcrtpjw26EaVTa,enclume,anvils (tools),http://vocab.getty.edu/aat/300023119,exact match,exactMatch
PACTOLS,http://ark.frantiq.fr/ark:/26678/pcrtrJuZIg7rGs,encrier,inkwells,http://vocab.getty.edu/aat/300196797,exact match,exactMatch
PACTOLS,http://ark.frantiq.fr/ark:/26678/pcrtFidgusMwk8,enduit peint,frescoes (paintings),http://vocab.getty.edu/aat/300177433,close match,closeMatch
PACTOLS,http://ark.frantiq.fr/ark:/26678/pcrt3OJx1alrMD,enfant,children (people by age group),http://vocab.getty.edu/aat/300025945,exact match,exactMatch
PACTOLS,http://ark.frantiq.fr/ark:/26678/pcrtqWuyjUHSD4,enfeu,burial niches,http://vocab.getty.edu/aat/300400626,exact match,exactMatch
PACTOLS,http://ark.frantiq.fr/ark:/26678/pcrtXgoFDoG7xA,engobe,engobe,http://vocab.getty.edu/aat/300015111,exact match,exactMatch
PACTOLS,http://ark.frantiq.fr/ark:/26678/pcrtjtN6oShkSP,enluminure,illuminations (visual works),http://vocab.getty.edu/aat/300264522,exact match,exactMatch
PACTOLS,http://ark.frantiq.fr/ark:/26678/pcrtJ9V4pxnZoU,enregistrement- diffusion,subject analysis,http://vocab.getty.edu/aat/300155399,broad match,broadMatch
PACTOLS,http://ark.frantiq.fr/ark:/26678/pcrttfsRrzLxgj,entonnoir,funnels,http://vocab.getty.edu/aat/300200490,exact match,exactMatch
PACTOLS,http://ark.frantiq.fr/ark:/26678/pcrtInJjvhZPR6,entrave,shackles,http://vocab.getty.edu/aat/300247514,exact match,exactMatch
PACTOLS,http://ark.frantiq.fr/ark:/26678/pcrtylFLKbzFds,entrée,entrances,http://vocab.getty.edu/aat/300002776,exact match,exactMatch
PACTOLS,http://ark.frantiq.fr/ark:/26678/pcrtpzpA8KI0Tp,entrepôt,warehouses,http://vocab.getty.edu/aat/300007722,exact match,exactMatch
PACTOLS,http://ark.frantiq.fr/ark:/26678/pcrt9Y2UzXnNSo,environnement,environments (object groupings),http://vocab.getty.edu/aat/300055325,exact match,exactMatch
PACTOLS,http://ark.frantiq.fr/ark:/26678/pcrtHIjtOg1P75,épave,shipwrecks,http://vocab.getty.edu/aat/300188746,exact match,exactMatch
PACTOLS,http://ark.frantiq.fr/ark:/26678/pcrtW6OB8LFIkS,épée,swords,http://vocab.getty.edu/aat/300037048,exact match,exactMatch
PACTOLS,http://ark.frantiq.fr/ark:/26678/pcrtDnJG7K8v0p,éperon,spurs (costume accessories),http://vocab.getty.edu/aat/300036923,exact match,exactMatch
PACTOLS,http://ark.frantiq.fr/ark:/26678/pcrt3FTqaIdbpb,éperon barré,promontory forts,http://vocab.getty.edu/aat/300400671,exact match,exactMatch
PACTOLS,http://ark.frantiq.fr/ark:/26678/pcrtQ52vI3duHe,épicurisme,philosophy,http://vocab.getty.edu/aat/300054279,broad match,broadMatch
PACTOLS,http://ark.frantiq.fr/ark:/26678/pcrtMFJP4dYca8,épidémie,plagues,http://vocab.getty.edu/aat/300379833,exact match,exactMatch
PACTOLS,http://ark.frantiq.fr/ark:/26678/pcrtJrInD7k8G1,épigraphie,epigraphy,http://vocab.getty.edu/aat/300138808,exact match,exactMatch
PACTOLS,http://ark.frantiq.fr/ark:/26678/pcrtzSxXtuj98i,épingle,pins (jewelry),http://vocab.getty.edu/aat/300046006,exact match,exactMatch
PACTOLS,http://ark.frantiq.fr/ark:/26678/pcrtmGlRAoyFJ2,épitaphe,epitaphs,http://vocab.getty.edu/aat/300028729,exact match,exactMatch
PACTOLS,http://ark.frantiq.fr/ark:/26678/pcrtscphFlGg1l,équidé,Equidae (family),http://vocab.getty.edu/aat/300265958,exact match,exactMatch
PACTOLS,http://ark.frantiq.fr/ark:/26678/pcrtXO0BnMWg4V,équipement militaire,Weapons and Ammunition (hierarchy name),http://vocab.getty.edu/aat/300036743,broad match,broadMatch
PACTOLS,http://ark.frantiq.fr/ark:/26678/pcrtqw7yj7Uiav,érosion,erosion,http://vocab.getty.edu/aat/300054116,exact match,exactMatch
PACTOLS,http://ark.frantiq.fr/ark:/26678/pcrt9rY1ZcA6mi,escalier,stairs,http://vocab.getty.edu/aat/300003228,exact match,exactMatch
PACTOLS,http://ark.frantiq.fr/ark:/26678/pcrtzr7nbwzqRx,esclave,slaves (people),http://vocab.getty.edu/aat/300230899,exact match,exactMatch
PACTOLS,http://ark.frantiq.fr/ark:/26678/pcrtg00vcKiNAp,espace vert,grounds (open spaces),http://vocab.getty.edu/aat/300008166,close match,closeMatch
PACTOLS,http://ark.frantiq.fr/ark:/26678/pcrtjnV1swPk4K,esplanade,squares (open spaces),http://vocab.getty.edu/aat/300008304,close match,closeMatch
PACTOLS,http://ark.frantiq.fr/ark:/26678/pcrtvKpPe8MSHv,essartage,agriculture,http://vocab.getty.edu/aat/300054463,broad match,broadMatch
PACTOLS,http://ark.frantiq.fr/ark:/26678/pcrtPlSSNwa3hz,estampage,stamping (forming),http://vocab.getty.edu/aat/300053138,exact match,exactMatch
PACTOLS,http://ark.frantiq.fr/ark:/26678/pcrttZ3YcZ8qEj,estampille,factory marks,http://vocab.getty.edu/aat/300028765,close match,closeMatch
PACTOLS,http://ark.frantiq.fr/ark:/26678/pcrtd4GWKaHWOw,étable,cowsheds,http://vocab.getty.edu/aat/300004918,exact match,exactMatch
PACTOLS,http://ark.frantiq.fr/ark:/26678/pcrttKbi4kQsJN,établissement de bain,bathhouses (water recreation structures),http://vocab.getty.edu/aat/300007347,exact match,exactMatch
PACTOLS,http://ark.frantiq.fr/ark:/26678/pcrtGpmPNJ0jRl,étain,tin (metal),http://vocab.getty.edu/aat/300133748,exact match,exactMatch
PACTOLS,http://ark.frantiq.fr/ark:/26678/pcrtSEg0ZTFHts,étang,ponds (water),http://vocab.getty.edu/aat/300008688,exact match,exactMatch
PACTOLS,http://ark.frantiq.fr/ark:/26678/pcrtxMZey15FER,ethnologie,ethnology,http://vocab.getty.edu/aat/300054316,exact match,exactMatch
PACTOLS,http://ark.frantiq.fr/ark:/26678/pcrtzfzsUaVArQ,étrier,stirrups,http://vocab.getty.edu/aat/300255573,exact match,exactMatch
PACTOLS,http://ark.frantiq.fr/ark:/26678/pcrtB6XMjo9qbB,étude du paysage,physical geography,http://vocab.getty.edu/aat/300054389,broad match,broadMatch
PACTOLS,http://ark.frantiq.fr/ark:/26678/pcrtTiTtJfS2XB,évêché,dioceses,http://vocab.getty.edu/aat/300000799,close match,closeMatch
PACTOLS,http://ark.frantiq.fr/ark:/26678/pcrtc8FIfrDV4W,expérimentation,experimental archaeology,http://vocab.getty.edu/aat/300252681,broad match,broadMatch
PACTOLS,http://ark.frantiq.fr/ark:/26678/pcrtXJ9WRlw9GD,exploitation,natural resources,http://vocab.getty.edu/aat/300067987,broad match,broadMatch
PACTOLS,http://ark.frantiq.fr/ark:/26678/pcrt9n2Ts8Ezd2,exploitation agricole,agricultural settlements,http://vocab.getty.edu/aat/300008420,close match,closeMatch
PACTOLS,http://ark.frantiq.fr/ark:/26678/pcrtujj3xLzEqZ,exploitation de la forêt,forestry,http://vocab.getty.edu/aat/300054511,close match,closeMatch
PACTOLS,http://ark.frantiq.fr/ark:/26678/pcrtSPbJxwzVmX,exploitation des données,data management,http://vocab.getty.edu/aat/300379871,exact match,exactMatch
PACTOLS,http://ark.frantiq.fr/ark:/26678/pcrtYHA8kKMYt9,exploitation du sel,saltworks,http://vocab.getty.edu/aat/300045537,close match,closeMatch
PACTOLS,http://ark.frantiq.fr/ark:/26678/pcrtpZqoqAbrdg,extraction de l'argile,clay,http://vocab.getty.edu/aat/300010439,broad match,broadMatch
PACTOLS,http://ark.frantiq.fr/ark:/26678/pcrtGYzRry8HxI,extraction du silex,flint mines,http://vocab.getty.edu/aat/300379357,exact match,exactMatch
PACTOLS,http://ark.frantiq.fr/ark:/26678/pcrth6yZm2rFvQ,ex-voto,ex-votos (religious visual works),http://vocab.getty.edu/aat/300178243,exact match,exactMatch
PACTOLS,http://ark.frantiq.fr/ark:/26678/pcrtAXfdhrm9Q5,ex-voto anatomique,ex-votos (religious visual works),http://vocab.getty.edu/aat/300178243,broad match,broadMatch
PACTOLS,http://ark.frantiq.fr/ark:/26678/pcrt3We1mLOmN0,fabrication des textiles,textile processes and techniques,http://vocab.getty.edu/aat/300239669,close match,closeMatch
PACTOLS,http://ark.frantiq.fr/ark:/26678/pcrtLbjx1LR0E0,façade,façades,http://vocab.getty.edu/aat/300002526,exact match,exactMatch
PACTOLS,http://ark.frantiq.fr/ark:/26678/pcrtHUBxS0zSzD,façonnage de l'argile,modeling clay,http://vocab.getty.edu/aat/300266341,exact match,exactMatch
PACTOLS,http://ark.frantiq.fr/ark:/26678/pcrt10kHDSy3qs,façonnage de l'os,bone (material),http://vocab.getty.edu/aat/300011798,broad match,broadMatch
PACTOLS,http://ark.frantiq.fr/ark:/26678/pcrtqHWkorsw9D,faïence,faience (earthenware),http://vocab.getty.edu/aat/300010668,exact match,exactMatch
PACTOLS,http://ark.frantiq.fr/ark:/26678/pcrtOKLIQiV8vn,faïencerie,faience (earthenware),http://vocab.getty.edu/aat/300010668,broad match,broadMatch
PACTOLS,http://ark.frantiq.fr/ark:/26678/pcrtX1X3PUJHwQ,faisselle,sieves,http://vocab.getty.edu/aat/300201088,exact match,exactMatch
PACTOLS,http://ark.frantiq.fr/ark:/26678/pcrt3P8IPYw9S6,faits de guerre,wars,http://vocab.getty.edu/aat/300055314,broad match,broadMatch
PACTOLS,http://ark.frantiq.fr/ark:/26678/pcrt8sdERP5yOv,fanum,fanums,http://vocab.getty.edu/aat/300400628,exact match,exactMatch
PACTOLS,http://ark.frantiq.fr/ark:/26678/pcrtJfGF3PlIkr,faubourg,suburbs,http://vocab.getty.edu/aat/300000874,exact match,exactMatch
PACTOLS,http://ark.frantiq.fr/ark:/26678/pcrtNLITkP6OLz,faucille,sickles,http://vocab.getty.edu/aat/300264860,exact match,exactMatch
PACTOLS,http://ark.frantiq.fr/ark:/26678/pcrtT2H2KjqBcU,faune,fauna,http://vocab.getty.edu/aat/300310150,exact match,exactMatch
PACTOLS,http://ark.frantiq.fr/ark:/26678/pcrtRFlWnN22Zg,faune domestiquée,domestic animals,http://vocab.getty.edu/aat/300249497,exact match,exactMatch
PACTOLS,http://ark.frantiq.fr/ark:/26678/pcrt6rr9Oa0uMc,faune marine,fauna,http://vocab.getty.edu/aat/300310150,broad match,broadMatch
PACTOLS,http://ark.frantiq.fr/ark:/26678/pcrtfqo3RFoFJ5,faune sauvage,wild animals,http://vocab.getty.edu/aat/300310185,exact match,exactMatch
PACTOLS,http://ark.frantiq.fr/ark:/26678/pcrthVHcfmv1xQ,femme,women (female humans),http://vocab.getty.edu/aat/300025943,exact match,exactMatch
PACTOLS,http://ark.frantiq.fr/ark:/26678/pcrtSR6GJ72lOD,fenêtre,windows,http://vocab.getty.edu/aat/300002944,exact match,exactMatch
PACTOLS,http://ark.frantiq.fr/ark:/26678/pcrtJWWucnutA0,fer,iron (metal),http://vocab.getty.edu/aat/300011002,exact match,exactMatch
PACTOLS,http://ark.frantiq.fr/ark:/26678/pcrt4UE6wMvzwu,fer à cheval,horseshoes (animal equipment),http://vocab.getty.edu/aat/300024400,exact match,exactMatch
PACTOLS,http://ark.frantiq.fr/ark:/26678/pcrt8N9y3ZL4Lh,ferme,homesteads,http://vocab.getty.edu/aat/300000291,exact match,exactMatch
PACTOLS,http://ark.frantiq.fr/ark:/26678/pcrtRV7RNMN07n,ferrier,ironsmiths,http://vocab.getty.edu/aat/300025320,exact match,exactMatch
PACTOLS,http://ark.frantiq.fr/ark:/26678/pcrtqOEaIc05cO,ferrure,furniture hardware,http://vocab.getty.edu/aat/300045374,broad match,broadMatch
PACTOLS,http://ark.frantiq.fr/ark:/26678/pcrtHbFOhUydUz,fertilité,fertility,http://vocab.getty.edu/aat/300379149,exact match,exactMatch
PACTOLS,http://ark.frantiq.fr/ark:/26678/pcrtmhUStm5T6Y,feu,fires (events),http://vocab.getty.edu/aat/300068986,skos:narrowMatch,narrowMatch
PACTOLS,http://ark.frantiq.fr/ark:/26678/pcrt1tSmMf0Tw8,fibule,fibulae,http://vocab.getty.edu/aat/300209303,exact match,exactMatch
PACTOLS,http://ark.frantiq.fr/ark:/26678/pcrtqEWFq9RGda,figurine,terracottas (sculptural works),http://vocab.getty.edu/aat/300047296,exact match,exactMatch
PACTOLS,http://ark.frantiq.fr/ark:/26678/pcrtssUkdoIYx4,filage,spinning (textile process),http://vocab.getty.edu/aat/300053661,exact match,exactMatch
PACTOLS,http://ark.frantiq.fr/ark:/26678/pcrtOSOt2YziXO,filet,nets (objects),http://vocab.getty.edu/aat/300230818,broad match,broadMatch
PACTOLS,http://ark.frantiq.fr/ark:/26678/pcrt83M3AddL5O,finage,parishes (civil divisions),http://vocab.getty.edu/aat/300387092,skos:narrowMatch,narrowMatch
PACTOLS,http://ark.frantiq.fr/ark:/26678/pcrtuzHWMyH3Pr,fiole,vials,http://vocab.getty.edu/aat/300198822,exact match,exactMatch
PACTOLS,http://ark.frantiq.fr/ark:/26678/pcrt9DTr18hBPc,flacon,flasks (bottles),http://vocab.getty.edu/aat/300045671,exact match,exactMatch
PACTOLS,http://ark.frantiq.fr/ark:/26678/pcrtfyWGSYTyS1,flèche,arrows,http://vocab.getty.edu/aat/300036976,exact match,exactMatch
PACTOLS,http://ark.frantiq.fr/ark:/26678/pcrt7VzGc5ZUum,fleuve,rivers,http://vocab.getty.edu/aat/300008707,exact match,exactMatch
PACTOLS,http://ark.frantiq.fr/ark:/26678/pcrtSpZKiFuqSw,flore,flora (plants),http://vocab.getty.edu/aat/300310152,exact match,exactMatch
PACTOLS,http://ark.frantiq.fr/ark:/26678/pcrtxP5I53Pj0s,fluorescence X,x-ray fluorescence,http://vocab.getty.edu/aat/300224161,exact match,exactMatch
PACTOLS,http://ark.frantiq.fr/ark:/26678/pcrtaFgRlZ06fN,foetus,pregnancy,http://vocab.getty.edu/aat/300189669,broad match,broadMatch
PACTOLS,http://ark.frantiq.fr/ark:/26678/pcrt3NS9nZOZK5,fond de cabane,huts (houses),http://vocab.getty.edu/aat/300004824,broad match,broadMatch
PACTOLS,http://ark.frantiq.fr/ark:/26678/pcrtBedPXm0UJJ,fondation de bâtiment,foundations (structural elements),http://vocab.getty.edu/aat/300000919,exact match,exactMatch
PACTOLS,http://ark.frantiq.fr/ark:/26678/pcrtU4olaGc3aI,fondation de ville,foundation (action or condition),http://vocab.getty.edu/aat/300393213,broad match,broadMatch
PACTOLS,http://ark.frantiq.fr/ark:/26678/pcrtA40egcJDkz,fonderie,smelters (metalworking plants),http://vocab.getty.edu/aat/300103997,exact match,exactMatch
PACTOLS,http://ark.frantiq.fr/ark:/26678/pcrtYmIa7MvtLc,fontaine,fountains,http://vocab.getty.edu/aat/300006179,exact match,exactMatch
PACTOLS,http://ark.frantiq.fr/ark:/26678/pcrtTcvLDTNT86,fonte,smelting,http://vocab.getty.edu/aat/300054041,exact match,exactMatch
PACTOLS,http://ark.frantiq.fr/ark:/26678/pcrtA2w22SzLJA,fonte à cire perdue,lost-wax process,http://vocab.getty.edu/aat/300053113,exact match,exactMatch
PACTOLS,http://ark.frantiq.fr/ark:/26678/pcrtLnVNH2ynJc,forêt d'arbres,forests (plant communities),http://vocab.getty.edu/aat/300387598,exact match,exactMatch
PACTOLS,http://ark.frantiq.fr/ark:/26678/pcrt3uOj7GEVaE,forge,forges (machinery),http://vocab.getty.edu/aat/300023137,exact match,exactMatch
PACTOLS,http://ark.frantiq.fr/ark:/26678/pcrthidIN7OmaK,forge hydraulique,forges (machinery),http://vocab.getty.edu/aat/300023137,broad match,broadMatch
PACTOLS,http://ark.frantiq.fr/ark:/26678/pcrt8uSV4Y8Zx3,forteresse,fortresses,http://vocab.getty.edu/aat/300006894,exact match,exactMatch
PACTOLS,http://ark.frantiq.fr/ark:/26678/pcrtaGFcSzXQ5x,fortification,fortifications,http://vocab.getty.edu/aat/300006888,exact match,exactMatch
PACTOLS,http://ark.frantiq.fr/ark:/26678/pcrtqfG1QXGASz,forum,forums (open spaces),http://vocab.getty.edu/aat/300008085,exact match,exactMatch
PACTOLS,http://ark.frantiq.fr/ark:/26678/pcrtms2OAv82PY,fosse,pits (earthworks),http://vocab.getty.edu/aat/300008027,exact match,exactMatch
PACTOLS,http://ark.frantiq.fr/ark:/26678/pcrthcbe2XySTb,fosse cultuelle,ritual pits,http://vocab.getty.edu/aat/300400647,exact match,exactMatch
PACTOLS,http://ark.frantiq.fr/ark:/26678/pcrtSjw3kLPdoh,fossé parcellaire,land subdivision,http://vocab.getty.edu/aat/300055451,broad match,broadMatch
PACTOLS,http://ark.frantiq.fr/ark:/26678/pcrtp5Wcpmp9I3,fosse-dépotoir,dumps (refuse areas),http://vocab.getty.edu/aat/300000824,close match,closeMatch
PACTOLS,http://ark.frantiq.fr/ark:/26678/pcrt8gLHNSozRI,fossile,fossils,http://vocab.getty.edu/aat/300247919,exact match,exactMatch
PACTOLS,http://ark.frantiq.fr/ark:/26678/pcrtb1E0Dz7cSX,fouille,excavations (sites),http://vocab.getty.edu/aat/300266151,exact match,exactMatch
PACTOLS,http://ark.frantiq.fr/ark:/26678/pcrtEekLBvaBPu,foulon,fulling mills,http://vocab.getty.edu/aat/300006324,exact match,exactMatch
PACTOLS,http://ark.frantiq.fr/ark:/26678/pcrtIqEHwJLuq0,four,kilns,http://vocab.getty.edu/aat/300022798,exact match,exactMatch
PACTOLS,http://ark.frantiq.fr/ark:/26678/pcrteATef2dHLg,four à chaux,lime kilns,http://vocab.getty.edu/aat/300006404,exact match,exactMatch
PACTOLS,http://ark.frantiq.fr/ark:/26678/pcrte9b8FrRLiO,four à sel,saltworks,http://vocab.getty.edu/aat/300045537,broad match,broadMatch
PACTOLS,http://ark.frantiq.fr/ark:/26678/pcrtfl2epc7gJw,four de bronzier,kilns,http://vocab.getty.edu/aat/300022798,broad match,broadMatch
PACTOLS,http://ark.frantiq.fr/ark:/26678/pcrtvZeTjQPvtK,four de potier,potteries (manufactories),http://vocab.getty.edu/aat/300006310,broad match,broadMatch
PACTOLS,http://ark.frantiq.fr/ark:/26678/pcrtcV747ESEyl,four de tuilier,tile makers,http://vocab.getty.edu/aat/300386284,broad match,broadMatch
PACTOLS,http://ark.frantiq.fr/ark:/26678/pcrtqx5gLXSqBS,four de verrier,glassmakers,http://vocab.getty.edu/aat/300025285,broad match,broadMatch
PACTOLS,http://ark.frantiq.fr/ark:/26678/pcrtfGIWhvMEJt,four domestique,bake ovens (baking devices),http://vocab.getty.edu/aat/300195511,close match,closeMatch
PACTOLS,http://ark.frantiq.fr/ark:/26678/pcrtoc8yjoUorS,fourneau,furnaces (heating components),http://vocab.getty.edu/aat/300024650,exact match,exactMatch
PACTOLS,http://ark.frantiq.fr/ark:/26678/pcrtnRPlNmeHQA,fourreau,sheaths (cases),http://vocab.getty.edu/aat/300198733,exact match,exactMatch
PACTOLS,http://ark.frantiq.fr/ark:/26678/pcrtJUwAaZ7Nz9,foyer,hearths,http://vocab.getty.edu/aat/300003990,exact match,exactMatch
PACTOLS,http://ark.frantiq.fr/ark:/26678/pcrtcm41DKVMlu,Franciscains,Franciscan,http://vocab.getty.edu/aat/300148096,exact match,exactMatch
PACTOLS,http://ark.frantiq.fr/ark:/26678/pcrt3NvIZz49m6,francisque,throwing axes,http://vocab.getty.edu/aat/300228714,broad match,broadMatch
PACTOLS,http://ark.frantiq.fr/ark:/26678/pcrt4RyXDNkbZ0,fresque,fresco painting (technique),http://vocab.getty.edu/aat/300053357,exact match,exactMatch
PACTOLS,http://ark.frantiq.fr/ark:/26678/pcrtvS2lfiKO1a,frise,friezes (entablature components),http://vocab.getty.edu/aat/300001816,exact match,exactMatch
PACTOLS,http://ark.frantiq.fr/ark:/26678/pcrtSkt1eRlMG2,frontière,frontiers,http://vocab.getty.edu/aat/300387507,exact match,exactMatch
PACTOLS,http://ark.frantiq.fr/ark:/26678/pcrtDFvOrje3j0,fruit,fruit (plant components),http://vocab.getty.edu/aat/300011868,exact match,exactMatch
PACTOLS,http://ark.frantiq.fr/ark:/26678/pcrtnUINrG3Gx0,fruitière,fruit (plant components),http://vocab.getty.edu/aat/300011868,close match,closeMatch
PACTOLS,http://ark.frantiq.fr/ark:/26678/pcrtaYH1KLTwHt,fumage,smoking (preserving),http://vocab.getty.edu/aat/300400675,exact match,exactMatch
PACTOLS,http://ark.frantiq.fr/ark:/26678/pcrtzjREioYILk,fusaïole,whorls,http://vocab.getty.edu/aat/300263796,exact match,exactMatch
PACTOLS,http://ark.frantiq.fr/ark:/26678/pcrtmikMZoV4Hm,fusil,long guns,http://vocab.getty.edu/aat/300222278,broad match,broadMatch
PACTOLS,http://ark.frantiq.fr/ark:/26678/pcrtDISmiAdvys,galène,galena,http://vocab.getty.edu/aat/300266177,exact match,exactMatch
PACTOLS,http://ark.frantiq.fr/ark:/26678/pcrtv3UT59y4b6,galerie,galleries (upper level spaces),http://vocab.getty.edu/aat/300004031,close match,closeMatch
PACTOLS,http://ark.frantiq.fr/ark:/26678/pcrtTgttY2SfBr,galet,pebble (rock),http://vocab.getty.edu/aat/300011691,exact match,exactMatch
PACTOLS,http://ark.frantiq.fr/ark:/26678/pcrta8Bnn8iMwS,galet aménagé,chopping tools (prehistoric cutting tools),http://vocab.getty.edu/aat/300400611,exact match,exactMatch
PACTOLS,http://ark.frantiq.fr/ark:/26678/pcrtmDzYa3dSzv,galet gravé,pebble (rock),http://vocab.getty.edu/aat/300011691,broad match,broadMatch
PACTOLS,http://ark.frantiq.fr/ark:/26678/pcrtwDKITsGcZT,garnison,military bases,http://vocab.getty.edu/aat/300000455,broad match,broadMatch
PACTOLS,http://ark.frantiq.fr/ark:/26678/pcrth6l0mevtSJ,garum,curing (preserving or seasoning),http://vocab.getty.edu/aat/300199704,broad match,broadMatch
PACTOLS,http://ark.frantiq.fr/ark:/26678/pcrtg8ehkPNQXZ,gastéropodes,Gastropoda (class),http://vocab.getty.edu/aat/300249701,exact match,exactMatch
PACTOLS,http://ark.frantiq.fr/ark:/26678/pcrt8yYh5xgMeO,gemme,gemstone,http://vocab.getty.edu/aat/300201964,exact match,exactMatch
PACTOLS,http://ark.frantiq.fr/ark:/26678/pcrtmkRNd3ikl4,géoarchéologie,geoarchaeology,http://vocab.getty.edu/aat/300251618,exact match,exactMatch
PACTOLS,http://ark.frantiq.fr/ark:/26678/pcrtPiWnSsQTNJ,géochimie,geochemistry,http://vocab.getty.edu/aat/300054543,exact match,exactMatch
PACTOLS,http://ark.frantiq.fr/ark:/26678/pcrtdikABwfiMJ,géodynamique,geology,http://vocab.getty.edu/aat/300054546,broad match,broadMatch
PACTOLS,http://ark.frantiq.fr/ark:/26678/pcrtzQcj7ySt1K,géographie,geography,http://vocab.getty.edu/aat/300054388,exact match,exactMatch
PACTOLS,http://ark.frantiq.fr/ark:/26678/pcrt6g3bwHKS6p,géographie physique,physical geography,http://vocab.getty.edu/aat/300054389,exact match,exactMatch
PACTOLS,http://ark.frantiq.fr/ark:/26678/pcrtcMAzwfcMyS,géologie,geology,http://vocab.getty.edu/aat/300054546,exact match,exactMatch
PACTOLS,http://ark.frantiq.fr/ark:/26678/pcrtJHTcW3uQ01,géomorphologie,geomorphology,http://vocab.getty.edu/aat/300054547,exact match,exactMatch
PACTOLS,http://ark.frantiq.fr/ark:/26678/pcrt4kT9Gzua0B,géophysique,geophysics,http://vocab.getty.edu/aat/300054548,exact match,exactMatch
PACTOLS,http://ark.frantiq.fr/ark:/26678/pcrtlEYVJzjAU6,glacière,icehouses,http://vocab.getty.edu/aat/300008004,exact match,exactMatch
PACTOLS,http://ark.frantiq.fr/ark:/26678/pcrt3pmFUqt27w,glaçure,glazing (coating process),http://vocab.getty.edu/aat/300053914,exact match,exactMatch
PACTOLS,http://ark.frantiq.fr/ark:/26678/pcrtdZsvpNrnWI,glaisière,mines (extracting complexes),http://vocab.getty.edu/aat/300000390,broad match,broadMatch
PACTOLS,http://ark.frantiq.fr/ark:/26678/pcrtn0Eluy59dq,glaive,gladii,http://vocab.getty.edu/aat/300213477,exact match,exactMatch
PACTOLS,http://ark.frantiq.fr/ark:/26678/pcrt4pVKLiaB9L,gobelet,beakers (drinking vessels),http://vocab.getty.edu/aat/300043198,exact match,exactMatch
PACTOLS,http://ark.frantiq.fr/ark:/26678/pcrtG1Fn8ELS0P,godet,buckets (vessels),http://vocab.getty.edu/aat/300045651,exact match,exactMatch
PACTOLS,http://ark.frantiq.fr/ark:/26678/pcrtZ1B37tVgAE,gourde,canteens (vessels),http://vocab.getty.edu/aat/300221010,exact match,exactMatch
PACTOLS,http://ark.frantiq.fr/ark:/26678/pcrtbHFvxXkxfD,gouttière,gutters (building drainage components),http://vocab.getty.edu/aat/300052565,exact match,exactMatch
PACTOLS,http://ark.frantiq.fr/ark:/26678/pcrtWSqJyedQws,graffiti,graffiti,http://vocab.getty.edu/aat/300015613,exact match,exactMatch
PACTOLS,http://ark.frantiq.fr/ark:/26678/pcrtjJcpGtmjVe,grange,barns,http://vocab.getty.edu/aat/300004900,exact match,exactMatch
PACTOLS,http://ark.frantiq.fr/ark:/26678/pcrtDnenSUMjFl,granite,granite (rock),http://vocab.getty.edu/aat/300011183,exact match,exactMatch
PACTOLS,http://ark.frantiq.fr/ark:/26678/pcrtAO75iuppgW,granulométrie,granulometry,http://vocab.getty.edu/aat/300380072,exact match,exactMatch
PACTOLS,http://ark.frantiq.fr/ark:/26678/pcrtwZOaTfxE7u,graphisme,graphic arts,http://vocab.getty.edu/aat/300264849,exact match,exactMatch
PACTOLS,http://ark.frantiq.fr/ark:/26678/pcrt1jTyJEx22Y,graphite,graphite (mineral),http://vocab.getty.edu/aat/300011098,exact match,exactMatch
PACTOLS,http://ark.frantiq.fr/ark:/26678/pcrtI2yF9zYsKz,grattoir,scratch tools,http://vocab.getty.edu/aat/300023081,broad match,broadMatch
PACTOLS,http://ark.frantiq.fr/ark:/26678/pcrtgI8DSt7eam,gravure,engravings (prints),http://vocab.getty.edu/aat/300041340,exact match,exactMatch
PACTOLS,http://ark.frantiq.fr/ark:/26678/pcrt2m165SIOlQ,gravure pariétale,engravings (prints),http://vocab.getty.edu/aat/300041340,broad match,broadMatch
PACTOLS,http://ark.frantiq.fr/ark:/26678/pcrt5SSv2BAXbS,grelot,rattles,http://vocab.getty.edu/aat/300041933,exact match,exactMatch
PACTOLS,http://ark.frantiq.fr/ark:/26678/pcrtVLPx3sY5Ku,grenat,garnet (mineral),http://vocab.getty.edu/aat/300011097,exact match,exactMatch
PACTOLS,http://ark.frantiq.fr/ark:/26678/pcrtGBctSVZOBy,grenier,granaries,http://vocab.getty.edu/aat/300004929,exact match,exactMatch
PACTOLS,http://ark.frantiq.fr/ark:/26678/pcrtR1s94Zuaul,grès,sandstone,http://vocab.getty.edu/aat/300011376,exact match,exactMatch
PACTOLS,http://ark.frantiq.fr/ark:/26678/pcrtt7G9pnQlu1,grès (pot),stoneware (pottery),http://vocab.getty.edu/aat/300010672,exact match,exactMatch
PACTOLS,http://ark.frantiq.fr/ark:/26678/pcrtuoBc53ywow,griffon,griffins,http://vocab.getty.edu/aat/300379594,exact match,exactMatch
PACTOLS,http://ark.frantiq.fr/ark:/26678/pcrthS3cPFaIEA,gril,gridirons (culinary tools),http://vocab.getty.edu/aat/300203658,exact match,exactMatch
PACTOLS,http://ark.frantiq.fr/ark:/26678/pcrtxKnfzXYMxK,grotte,caves,http://vocab.getty.edu/aat/300008746,exact match,exactMatch
PACTOLS,http://ark.frantiq.fr/ark:/26678/pcrtiaQHMzQVGS,grotte ornée,cave paintings,http://vocab.getty.edu/aat/300178308,close match,closeMatch
PACTOLS,http://ark.frantiq.fr/ark:/26678/pcrtfUWF9GVr4q,grotte sépulcrale,burial caves,http://vocab.getty.edu/aat/300387008,exact match,exactMatch
PACTOLS,http://ark.frantiq.fr/ark:/26678/pcrtvFjnEwDKOh,groupe de La Graufesenque,south Gallic terra sigillata,http://vocab.getty.edu/aat/300301427,broad match,broadMatch
PACTOLS,http://ark.frantiq.fr/ark:/26678/pcrtlw8IsSn97S,groupe de Lezoux,terra sigillata ware,http://vocab.getty.edu/aat/300387395,broad match,broadMatch
PACTOLS,http://ark.frantiq.fr/ark:/26678/pcrtZnMg1n4t5g,groupe de Montans,south Gallic terra sigillata,http://vocab.getty.edu/aat/300301427,broad match,broadMatch
PACTOLS,http://ark.frantiq.fr/ark:/26678/pcrt2EQPlDtl1H,groupe épiscopal,closes (cathedral),http://vocab.getty.edu/aat/300000802,exact match,exactMatch
PACTOLS,http://ark.frantiq.fr/ark:/26678/pcrtIWeqtc3uKd,gué,fords,http://vocab.getty.edu/aat/300387042,exact match,exactMatch
PACTOLS,http://ark.frantiq.fr/ark:/26678/pcrtf1yEbB24G1,guerre,wars,http://vocab.getty.edu/aat/300055314,exact match,exactMatch
PACTOLS,http://ark.frantiq.fr/ark:/26678/pcrtMlsIEIAdqF,guerre des Gaules,wars,http://vocab.getty.edu/aat/300055314,broad match,broadMatch
PACTOLS,http://ark.frantiq.fr/ark:/26678/pcrtoRerEcO48K,guerrier,warriors,http://vocab.getty.edu/aat/300261945,exact match,exactMatch
PACTOLS,http://ark.frantiq.fr/ark:/26678/pcrtOF9oqZo0Pd,gypse,gypsum,http://vocab.getty.edu/aat/300011099,exact match,exactMatch
PACTOLS,http://ark.frantiq.fr/ark:/26678/pcrt38MzYdpFr4,habillement,clothing,http://vocab.getty.edu/aat/300266639,exact match,exactMatch
PACTOLS,http://ark.frantiq.fr/ark:/26678/pcrtbptj4SOA1W,habitat,inhabited places,http://vocab.getty.edu/aat/300008347,exact match,exactMatch
PACTOLS,http://ark.frantiq.fr/ark:/26678/pcrtERsRub9G3c,habitat de plein air,inhabited places,http://vocab.getty.edu/aat/300008347,broad match,broadMatch
PACTOLS,http://ark.frantiq.fr/ark:/26678/pcrtMVyOncjILc,habitat fortifié,fortified settlements,http://vocab.getty.edu/aat/300387238,exact match,exactMatch
PACTOLS,http://ark.frantiq.fr/ark:/26678/pcrthXosl9QxQ2,habitat groupé,nucleated villages,http://vocab.getty.edu/aat/300389983,exact match,exactMatch
PACTOLS,http://ark.frantiq.fr/ark:/26678/pcrt5uHlswsQmN,habitat ouvert,inhabited places,http://vocab.getty.edu/aat/300008347,broad match,broadMatch
PACTOLS,http://ark.frantiq.fr/ark:/26678/pcrtVnWeKqGpcj,habitat rural,rural areas,http://vocab.getty.edu/aat/300229355,exact match,exactMatch
PACTOLS,http://ark.frantiq.fr/ark:/26678/pcrtSxe2PZMWR8,habitation,dwellings,http://vocab.getty.edu/aat/300005425,exact match,exactMatch
PACTOLS,http://ark.frantiq.fr/ark:/26678/pcrtI9ADjL6wEs,hache,axes (weapons),http://vocab.getty.edu/aat/300036982,exact match,exactMatch
PACTOLS,http://ark.frantiq.fr/ark:/26678/pcrtLqVVcJ93ef,hache à ailerons,winged axes,http://vocab.getty.edu/aat/300400642,exact match,exactMatch
PACTOLS,http://ark.frantiq.fr/ark:/26678/pcrtGFlPsnSIzu,hache à douille,socketed axes,http://vocab.getty.edu/aat/300400605,exact match,exactMatch
PACTOLS,http://ark.frantiq.fr/ark:/26678/pcrtAIb25QSw3s,hache à talon,palstaves,http://vocab.getty.edu/aat/300400602,exact match,exactMatch
PACTOLS,http://ark.frantiq.fr/ark:/26678/pcrtrw55ayOX0s,hache plate,axes (weapons),http://vocab.getty.edu/aat/300036982,broad match,broadMatch
PACTOLS,http://ark.frantiq.fr/ark:/26678/pcrtZo2oV1xEn0,hache polie,axes (weapons),http://vocab.getty.edu/aat/300036982,broad match,broadMatch
PACTOLS,http://ark.frantiq.fr/ark:/26678/pcrtJBBFH9wdOA,hachereau,cleavers (prehistoric cutting tools),http://vocab.getty.edu/aat/300400724,exact match,exactMatch
PACTOLS,http://ark.frantiq.fr/ark:/26678/pcrt5fjWrwW4Kx,halle,markets (structures),http://vocab.getty.edu/aat/300005238,broad match,broadMatch
PACTOLS,http://ark.frantiq.fr/ark:/26678/pcrtxWLeS2I4TG,hameçon,fishhooks,http://vocab.getty.edu/aat/300024418,exact match,exactMatch
PACTOLS,http://ark.frantiq.fr/ark:/26678/pcrtBF6RDKbW6E,harnachement de guerrier,body armor,http://vocab.getty.edu/aat/300036746,exact match,exactMatch
PACTOLS,http://ark.frantiq.fr/ark:/26678/pcrtNtGbI8Rqxi,harnachement du cheval,horse trappings,http://vocab.getty.edu/aat/300265358,exact match,exactMatch
PACTOLS,http://ark.frantiq.fr/ark:/26678/pcrta4RiFzdpuH,harnais,harnesses,http://vocab.getty.edu/aat/300212971,exact match,exactMatch
PACTOLS,http://ark.frantiq.fr/ark:/26678/pcrtyHeYxfQFMo,harpon,harpoons,http://vocab.getty.edu/aat/300037011,exact match,exactMatch
PACTOLS,http://ark.frantiq.fr/ark:/26678/pcrt5FUwwB1A6G,haut-fourneau,blast furnaces,http://vocab.getty.edu/aat/300006438,exact match,exactMatch
PACTOLS,http://ark.frantiq.fr/ark:/26678/pcrtuFMPNUEKWb,hématite,bloodstone,http://vocab.getty.edu/aat/300011138,exact match,exactMatch
PACTOLS,http://ark.frantiq.fr/ark:/26678/pcrtTg7ubUZSuL,herminette,adzes,http://vocab.getty.edu/aat/300023553,exact match,exactMatch
PACTOLS,http://ark.frantiq.fr/ark:/26678/pcrtxTzaEYNSXS,hipposandale,hipposandals,http://vocab.getty.edu/aat/300400634,exact match,exactMatch
PACTOLS,http://ark.frantiq.fr/ark:/26678/pcrtJHV6SKuS8I,histoire,history (discipline),http://vocab.getty.edu/aat/300054394,exact match,exactMatch
PACTOLS,http://ark.frantiq.fr/ark:/26678/pcrtdhYxFrEX6t,histoire agraire,history (discipline),http://vocab.getty.edu/aat/300054394,broad match,broadMatch
PACTOLS,http://ark.frantiq.fr/ark:/26678/pcrtIG9aOhEUaq,histoire des fouilles,history (discipline),http://vocab.getty.edu/aat/300054394,broad match,broadMatch
PACTOLS,http://ark.frantiq.fr/ark:/26678/pcrtiqoxXEO1L0,histoire militaire,military history,http://vocab.getty.edu/aat/300249450,exact match,exactMatch
PACTOLS,http://ark.frantiq.fr/ark:/26678/pcrtAX6tDRzJFl,histoire politique,history (discipline),http://vocab.getty.edu/aat/300054394,broad match,broadMatch
PACTOLS,http://ark.frantiq.fr/ark:/26678/pcrtwSE4xE1XNb,histoire sociale,social history,http://vocab.getty.edu/aat/300054403,exact match,exactMatch
PACTOLS,http://ark.frantiq.fr/ark:/26678/pcrthwxAP9LOxf,historiographie,historiography,http://vocab.getty.edu/aat/300055926,exact match,exactMatch
PACTOLS,http://ark.frantiq.fr/ark:/26678/pcrt6oT1r38cvH,hôpital,hospitals (buildings for health facility),http://vocab.getty.edu/aat/300006676,exact match,exactMatch
PACTOLS,http://ark.frantiq.fr/ark:/26678/pcrt8gP3z538ei,horreum,horrea,http://vocab.getty.edu/aat/300120504,exact match,exactMatch
PACTOLS,http://ark.frantiq.fr/ark:/26678/pcrtSswfqFhJ9S,horticulture,horticulture,http://vocab.getty.edu/aat/300054512,exact match,exactMatch
PACTOLS,http://ark.frantiq.fr/ark:/26678/pcrtfxt1vqyxAp,hospice,hospices (public accomodations),http://vocab.getty.edu/aat/300007160,exact match,exactMatch
PACTOLS,http://ark.frantiq.fr/ark:/26678/pcrtDSibTZMY1O,hôtellerie,hostels,http://vocab.getty.edu/aat/300007162,exact match,exactMatch
PACTOLS,http://ark.frantiq.fr/ark:/26678/pcrtnO3WTHZ2c4,houe,hoes (agricultural tools),http://vocab.getty.edu/aat/300024329,exact match,exactMatch
PACTOLS,http://ark.frantiq.fr/ark:/26678/pcrttvE2YZwZu6,huile,oil (organic material),http://vocab.getty.edu/aat/300014254,exact match,exactMatch
PACTOLS,http://ark.frantiq.fr/ark:/26678/pcrtpJbqFUYwZI,huilerie,oil mills,http://vocab.getty.edu/aat/300248351,exact match,exactMatch
PACTOLS,http://ark.frantiq.fr/ark:/26678/pcrtRKX6aHwyde,huisserie,doorframes,http://vocab.getty.edu/aat/300002785,skos:narrowMatch,narrowMatch
PACTOLS,http://ark.frantiq.fr/ark:/26678/pcrtZig4pNZk7B,hydraulique,hydraulics,http://vocab.getty.edu/aat/300054566,exact match,exactMatch
PACTOLS,http://ark.frantiq.fr/ark:/26678/pcrtqQv1MSIsp0,hydrologie,hydrology,http://vocab.getty.edu/aat/300264403,exact match,exactMatch
PACTOLS,http://ark.frantiq.fr/ark:/26678/pcrtJDKvc5Hsg1,hydronymie,toponymy,http://vocab.getty.edu/aat/300054272,broad match,broadMatch
PACTOLS,http://ark.frantiq.fr/ark:/26678/pcrtXiL6nBw86Y,hygiène,hygiene,http://vocab.getty.edu/aat/300379164,exact match,exactMatch
PACTOLS,http://ark.frantiq.fr/ark:/26678/pcrtwtNyeS0E2v,hypocauste,hypocausts,http://vocab.getty.edu/aat/300004277,exact match,exactMatch
PACTOLS,http://ark.frantiq.fr/ark:/26678/pcrt0McMy0AxE3,hypogée,hypogea,http://vocab.getty.edu/aat/300005931,exact match,exactMatch
PACTOLS,http://ark.frantiq.fr/ark:/26678/pcrtTrt5DQtFIs,ichtyologie,ichthyology,http://vocab.getty.edu/aat/300251965,exact match,exactMatch
PACTOLS,http://ark.frantiq.fr/ark:/26678/pcrtUF6SedpeVv,icône,icons (devotional images),http://vocab.getty.edu/aat/300033945,exact match,exactMatch
PACTOLS,http://ark.frantiq.fr/ark:/26678/pcrtb4M5pvMjvr,iconographie,iconography,http://vocab.getty.edu/aat/300055859,exact match,exactMatch
PACTOLS,http://ark.frantiq.fr/ark:/26678/pcrtmDglThUK8S,île,islands (landforms),http://vocab.getty.edu/aat/300008791,exact match,exactMatch
PACTOLS,http://ark.frantiq.fr/ark:/26678/pcrt2f8QaSD6TS,immeuble,apartment houses,http://vocab.getty.edu/aat/300005707,exact match,exactMatch
PACTOLS,http://ark.frantiq.fr/ark:/26678/pcrtpHtvTOh6g6,importation,imports,http://vocab.getty.edu/aat/300252720,exact match,exactMatch
PACTOLS,http://ark.frantiq.fr/ark:/26678/pcrtpXF9cZA8R4,incendie,fires (events),http://vocab.getty.edu/aat/300068986,exact match,exactMatch
PACTOLS,http://ark.frantiq.fr/ark:/26678/pcrttBIxHKUw54,incinération,cremations,http://vocab.getty.edu/aat/300266356,exact match,exactMatch
PACTOLS,http://ark.frantiq.fr/ark:/26678/pcrt5BkWfWHwDc,industrie,industry (economic concept),http://vocab.getty.edu/aat/300055718,exact match,exactMatch
PACTOLS,http://ark.frantiq.fr/ark:/26678/pcrtbfqVEeganP,industrie lithique,industry (object groupings),http://vocab.getty.edu/aat/300264630,broad match,broadMatch
PACTOLS,http://ark.frantiq.fr/ark:/26678/pcrtpy5s63Sdhx,industrie osseuse,industry (object groupings),http://vocab.getty.edu/aat/300264630,broad match,broadMatch
PACTOLS,http://ark.frantiq.fr/ark:/26678/pcrt80ITkuUvTt,industrie polie,industry (object groupings),http://vocab.getty.edu/aat/300264630,broad match,broadMatch
PACTOLS,http://ark.frantiq.fr/ark:/26678/pcrtTvRl318sqX,industrie sur matière dure animale,industry (object groupings),http://vocab.getty.edu/aat/300264630,broad match,broadMatch
PACTOLS,http://ark.frantiq.fr/ark:/26678/pcrtrZlKwOpIJt,inhumation,burials,http://vocab.getty.edu/aat/300263485,exact match,exactMatch
PACTOLS,http://ark.frantiq.fr/ark:/26678/pcrt9rcnQNYQDI,inondation,floods (natural events),http://vocab.getty.edu/aat/300054731,exact match,exactMatch
PACTOLS,http://ark.frantiq.fr/ark:/26678/pcrtP5iej59Ksf,inscription chrétienne,epigraphs,http://vocab.getty.edu/aat/300028719,broad match,broadMatch
PACTOLS,http://ark.frantiq.fr/ark:/26678/pcrt2hsBAwey2e,inscription contenu,epigraphs,http://vocab.getty.edu/aat/300028719,broad match,broadMatch
PACTOLS,http://ark.frantiq.fr/ark:/26678/pcrtYPpqbYK8AK,inscription de fondation,epigraphs,http://vocab.getty.efondationdu/aat/300028719,broad match,broadMatch
PACTOLS,http://ark.frantiq.fr/ark:/26678/pcrtmGlRAoyFJ2,inscription funéraire,epitaphs,http://vocab.getty.edu/aat/300028729,exact match,exactMatch
PACTOLS,http://ark.frantiq.fr/ark:/26678/pcrtKKStGoKW4A,inscription paléochrétienne,epigraphs,http://vocab.getty.edu/aat/300028719,broad match,broadMatch
PACTOLS,http://ark.frantiq.fr/ark:/26678/pcrtleELPEb7zG,inscription religieuse,epigraphs,http://vocab.getty.edu/aat/300028719,broad match,broadMatch
PACTOLS,http://ark.frantiq.fr/ark:/26678/pcrtk1rnrpxG94,inscription rupestre,epigraphs,http://vocab.getty.edu/aat/300028719,broad match,broadMatch
PACTOLS,http://ark.frantiq.fr/ark:/26678/pcrtN3itnaYUeJ,inscription support,epigraphs,http://vocab.getty.edu/aat/300028719,broad match,broadMatch
PACTOLS,http://ark.frantiq.fr/ark:/26678/pcrti43gSp7SKT,inscription sur vase,epigraphs,http://vocab.getty.edu/aat/300028719,broad match,broadMatch
PACTOLS,http://ark.frantiq.fr/ark:/26678/pcrtBApohOOZ1V,inscription votive,epigraphs,http://vocab.getty.edu/aat/300028719,broad match,broadMatch
PACTOLS,http://ark.frantiq.fr/ark:/26678/pcrtLeJDEv8jY1,insecte,Insecta (class),http://vocab.getty.edu/aat/300310470,exact match,exactMatch
PACTOLS,http://ark.frantiq.fr/ark:/26678/pcrtHIBqP9Wsvy,instrument de musique,musical instruments,http://vocab.getty.edu/aat/300041620,exact match,exactMatch
PACTOLS,http://ark.frantiq.fr/ark:/26678/pcrtEznNgQ3h63,instrumentum,furnishings (artifacts),http://vocab.getty.edu/aat/300037336,exact match,exactMatch
PACTOLS,http://ark.frantiq.fr/ark:/26678/pcrtSmefwuwa97,insula,city blocks,http://vocab.getty.edu/aat/300008077,exact match,exactMatch
PACTOLS,http://ark.frantiq.fr/ark:/26678/pcrt6Ei1oWy7fy,intaille,intaglios (sculptural objects),http://vocab.getty.edu/aat/300047216,exact match,exactMatch
PACTOLS,http://ark.frantiq.fr/ark:/26678/pcrtwRi2ji9ZSA,inventaire,inventories,http://vocab.getty.edu/aat/300027045,exact match,exactMatch
PACTOLS,http://ark.frantiq.fr/ark:/26678/pcrtkhKLXU3mWs,irrigation,irrigation systems,http://vocab.getty.edu/aat/300055262,exact match,exactMatch
PACTOLS,http://ark.frantiq.fr/ark:/26678/pcrtYqQiDynWG8,itinéraire,itineraries,http://vocab.getty.edu/aat/300027086,exact match,exactMatch
PACTOLS,http://ark.frantiq.fr/ark:/26678/pcrt1zVFrqhSh2,ivoire,ivory (material),http://vocab.getty.edu/aat/300011857,exact match,exactMatch
PACTOLS,http://ark.frantiq.fr/ark:/26678/pcrtslVSzVnfeg,jadéite,jadeite,http://vocab.getty.edu/aat/300011121,exact match,exactMatch
PACTOLS,http://ark.frantiq.fr/ark:/26678/pcrtV3BZNic1DR,jais,lignite,http://vocab.getty.edu/aat/300211957,exact match,exactMatch
PACTOLS,http://ark.frantiq.fr/ark:/26678/pcrt7EyA2KZ6XA,jambière,greaves,http://vocab.getty.edu/aat/300036788,exact match,exactMatch
PACTOLS,http://ark.frantiq.fr/ark:/26678/pcrtXhKSYgoqeP,jardin,gardens (open spaces),http://vocab.getty.edu/aat/300008090,exact match,exactMatch
PACTOLS,http://ark.frantiq.fr/ark:/26678/pcrtTS2T8PJDRo,jarre,jars,http://vocab.getty.edu/aat/300195347,exact match,exactMatch
PACTOLS,http://ark.frantiq.fr/ark:/26678/pcrtLuZpaj90t3,jatte,basins (vessels),http://vocab.getty.edu/aat/300045614,exact match,exactMatch
PACTOLS,http://ark.frantiq.fr/ark:/26678/pcrt00ulosY2Lk,javelot,javelins,http://vocab.getty.edu/aat/300037019,exact match,exactMatch
PACTOLS,http://ark.frantiq.fr/ark:/26678/pcrti1hjmzSSeI,jeton,jettons,http://vocab.getty.edu/aat/300191481,exact match,exactMatch
PACTOLS,http://ark.frantiq.fr/ark:/26678/pcrtV3kw2a2i6i,jeu,games,http://vocab.getty.edu/aat/300069657,exact match,exactMatch
PACTOLS,http://ark.frantiq.fr/ark:/26678/pcrtRMYHK2grK0,jouet,toys (recreational artifacts),http://vocab.getty.edu/aat/300211037,exact match,exactMatch
PACTOLS,http://ark.frantiq.fr/ark:/26678/pcrt9Vu0LqJbzT,joug,yokes (animal equipment),http://vocab.getty.edu/aat/300255560,exact match,exactMatch
PACTOLS,http://ark.frantiq.fr/ark:/26678/pcrtRLpzUzUbJP,Juifs,Ancient Jewish,http://vocab.getty.edu/aat/300387749,close match,closeMatch
PACTOLS,http://ark.frantiq.fr/ark:/26678/pcrtcSwGKi6BiS,karst,karst areas,http://vocab.getty.edu/aat/300387344,exact match,exactMatch
PACTOLS,http://ark.frantiq.fr/ark:/26678/pcrtmYSxuly0iQ,labour,arable land,http://vocab.getty.edu/aat/300008649,close match,closeMatch
PACTOLS,http://ark.frantiq.fr/ark:/26678/pcrtFdK3klNna0,lac,lakes (bodies of water),http://vocab.getty.edu/aat/300008680,exact match,exactMatch
PACTOLS,http://ark.frantiq.fr/ark:/26678/pcrtDfHvvnBWz7,laine,wool (textile),http://vocab.getty.edu/aat/300243430,exact match,exactMatch
PACTOLS,http://ark.frantiq.fr/ark:/26678/pcrtAWl3eAUQlA,lait,milk,http://vocab.getty.edu/aat/300191622,exact match,exactMatch
PACTOLS,http://ark.frantiq.fr/ark:/26678/pcrtYdJwXpuL9x,lame,blades (tool and equipment components),http://vocab.getty.edu/aat/300024917,exact match,exactMatch
PACTOLS,http://ark.frantiq.fr/ark:/26678/pcrtrugvfgLj8m,lamelle,lamellae,http://vocab.getty.edu/aat/300213348,exact match,exactMatch
PACTOLS,http://ark.frantiq.fr/ark:/26678/pcrtXhOugVaIb6,lamelle à dos,lamellae,http://vocab.getty.edu/aat/300213348,broad match,broadMatch
PACTOLS,http://ark.frantiq.fr/ark:/26678/pcrtlKNhumKaYq,lampe,lamps (lighting devices),http://vocab.getty.edu/aat/300037592,exact match,exactMatch
PACTOLS,http://ark.frantiq.fr/ark:/26678/pcrtyFu25rKSvF,lampe romaine,oil lamps,http://vocab.getty.edu/aat/300037630,broad match,broadMatch
PACTOLS,http://ark.frantiq.fr/ark:/26678/pcrtLD0BvhDhPz,lance,spears (weapons),http://vocab.getty.edu/aat/300037038,exact match,exactMatch
PACTOLS,http://ark.frantiq.fr/ark:/26678/pcrt4gZUIHTwR0,lanterne,lanterns (lighting devices),http://vocab.getty.edu/aat/300037647,exact match,exactMatch
PACTOLS,http://ark.frantiq.fr/ark:/26678/pcrt62veMzuBwH,lapin,rabbits,http://vocab.getty.edu/aat/300250218,exact match,exactMatch
PACTOLS,http://ark.frantiq.fr/ark:/26678/pcrtoSNocojBlt,laraire,lararia,http://vocab.getty.edu/aat/300400600,exact match,exactMatch
PACTOLS,http://ark.frantiq.fr/ark:/26678/pcrt68T1KcWNtb,latrines,latrines,http://vocab.getty.edu/aat/300007951,exact match,exactMatch
PACTOLS,http://ark.frantiq.fr/ark:/26678/pcrtg2XRmDw4B6,lavoir,washhouses (outbuildings),http://vocab.getty.edu/aat/300008016,exact match,exactMatch
PACTOLS,http://ark.frantiq.fr/ark:/26678/pcrtlp1OFwcxfE,légion,armies,http://vocab.getty.edu/aat/300137542,broad match,broadMatch
PACTOLS,http://ark.frantiq.fr/ark:/26678/pcrtvmAscT0l41,légumineuse,Fabaceae (family),http://vocab.getty.edu/aat/300343861,exact match,exactMatch
PACTOLS,http://ark.frantiq.fr/ark:/26678/pcrtSaNDeLvKzS,levée de terre,banks (landforms),http://vocab.getty.edu/aat/300386970,exact match,exactMatch
PACTOLS,http://ark.frantiq.fr/ark:/26678/pcrtY20DKUZ2AS,lieu de culte,sanctuaries (religious building spaces),http://vocab.getty.edu/aat/300004575,close match,closeMatch
PACTOLS,http://ark.frantiq.fr/ark:/26678/pcrtUjIBD38u8D,lieu sacré,sanctuaries (religious building spaces),http://vocab.getty.edu/aat/300004575,close match,closeMatch
PACTOLS,http://ark.frantiq.fr/ark:/26678/pcrtOl4a3UUtiu,lièvre,hares (Leporidae),http://vocab.getty.edu/aat/300250216,exact match,exactMatch
PACTOLS,http://ark.frantiq.fr/ark:/26678/pcrt9rIFPQ997Q,lignite,lignite,http://vocab.getty.edu/aat/300211957,exact match,exactMatch
PACTOLS,http://ark.frantiq.fr/ark:/26678/pcrtVHSiUuDQVO,limite des terres,land subdivision,http://vocab.getty.edu/aat/300055451,exact match,exactMatch
PACTOLS,http://ark.frantiq.fr/ark:/26678/pcrt2vlSZd64Zk,limon,loam,http://vocab.getty.edu/aat/300014335,exact match,exactMatch
PACTOLS,http://ark.frantiq.fr/ark:/26678/pcrtId0TMGAa0F,lin,flax (fiber),http://vocab.getty.edu/aat/300014041,exact match,exactMatch
PACTOLS,http://ark.frantiq.fr/ark:/26678/pcrtcGVXRJeh6n,linceul,shrouds,http://vocab.getty.edu/aat/300215011,exact match,exactMatch
PACTOLS,http://ark.frantiq.fr/ark:/26678/pcrttLoeMjF22J,lingot,ingot,http://vocab.getty.edu/aat/300137865,exact match,exactMatch
PACTOLS,http://ark.frantiq.fr/ark:/26678/pcrtiNStQWVtFe,linteau,lintels (spanning elements),http://vocab.getty.edu/aat/300003161,exact match,exactMatch
PACTOLS,http://ark.frantiq.fr/ark:/26678/pcrtYEUR76AjnD,lissoir,lissoirs (polishing tools),http://vocab.getty.edu/aat/300400797,exact match,exactMatch
PACTOLS,http://ark.frantiq.fr/ark:/26678/pcrtQYOKHx5tGa,lithologie,lithology,http://vocab.getty.edu/aat/300386791,exact match,exactMatch
PACTOLS,http://ark.frantiq.fr/ark:/26678/pcrtNS4vm5u8xJ,littoral,coastlines,http://vocab.getty.edu/aat/300008734,exact match,exactMatch
PACTOLS,http://ark.frantiq.fr/ark:/26678/pcrtcQviVbRaPn,liturgie,liturgy,http://vocab.getty.edu/aat/300055983,exact match,exactMatch
PACTOLS,http://ark.frantiq.fr/ark:/26678/pcrtSIsVZPQG1t,loess,loess,http://vocab.getty.edu/aat/300014336,exact match,exactMatch
PACTOLS,http://ark.frantiq.fr/ark:/26678/pcrtu7Kn9LSoe6,logement des religieux,clergy houses,http://vocab.getty.edu/aat/300005639,exact match,exactMatch
PACTOLS,http://ark.frantiq.fr/ark:/26678/pcrtelsaPcm6iS,logis,dwellings,http://vocab.getty.edu/aat/300005425,exact match,exactMatch
PACTOLS,http://ark.frantiq.fr/ark:/26678/pcrtajHBJm1GSI,loisirs,leisure,http://vocab.getty.edu/aat/300138173,exact match,exactMatch
PACTOLS,http://ark.frantiq.fr/ark:/26678/pcrtbexIrkxhip,louche,ladles,http://vocab.getty.edu/aat/300200095,exact match,exactMatch
PACTOLS,http://ark.frantiq.fr/ark:/26678/pcrtPfgeWSPnIt,luxe,abundance,http://vocab.getty.edu/aat/300404290,broad match,broadMatch
PACTOLS,http://ark.frantiq.fr/ark:/26678/pcrtOPVlFNlXsv,Lycée,Aristotelianism,http://vocab.getty.edu/aat/300055957,broad match,broadMatch
PACTOLS,http://ark.frantiq.fr/ark:/26678/pcrtzEegseJ5VO,maçonnerie,brickwork (masonry),http://vocab.getty.edu/aat/300015333,exact match,exactMatch
PACTOLS,http://ark.frantiq.fr/ark:/26678/pcrtSE0sKffhOM,macrorestes,botany,http://vocab.getty.edu/aat/300054467,broad match,broadMatch
PACTOLS,http://ark.frantiq.fr/ark:/26678/pcrtYE8gj9Yicf,magie,magic,http://vocab.getty.edu/aat/300054590,exact match,exactMatch
PACTOLS,http://ark.frantiq.fr/ark:/26678/pcrtdP8WBHGn9S,maillet,mallets (striking tools),http://vocab.getty.edu/aat/300024825,exact match,exactMatch
PACTOLS,http://ark.frantiq.fr/ark:/26678/pcrtaGBUR5Ekx1,maison,houses,http://vocab.getty.edu/aat/300005433,exact match,exactMatch
PACTOLS,http://ark.frantiq.fr/ark:/26678/pcrtwvA3rYnUHO,maison à deux nefs,houses,http://vocab.getty.edu/aat/300005433,broad match,broadMatch
PACTOLS,http://ark.frantiq.fr/ark:/26678/pcrtsbWpYsZfe5,maison danubienne,houses,http://vocab.getty.edu/aat/300005433,broad match,broadMatch
PACTOLS,http://ark.frantiq.fr/ark:/26678/pcrtwNsmFD4zxg,maison forte,fortresses,http://vocab.getty.edu/aat/300006894,close match,closeMatch
PACTOLS,http://ark.frantiq.fr/ark:/26678/pcrtx9zrJVsoSO,maison ronde,houses,http://vocab.getty.edu/aat/300005433,broad match,broadMatch
PACTOLS,http://ark.frantiq.fr/ark:/26678/pcrt4jqSXocNLw,malacofaune,Mollusca (phylum),http://vocab.getty.edu/aat/300266510,exact match,exactMatch
PACTOLS,http://ark.frantiq.fr/ark:/26678/pcrt5n86YNsS2H,malacologie,zoology,http://vocab.getty.edu/aat/300054472,broad match,broadMatch
PACTOLS,http://ark.frantiq.fr/ark:/26678/pcrtMY50Z2K4Fh,maladie,disease,http://vocab.getty.edu/aat/300055130,exact match,exactMatch
PACTOLS,http://ark.frantiq.fr/ark:/26678/pcrtvBeQVvSNo8,maladrerie,lazarettos,http://vocab.getty.edu/aat/300006692,exact match,exactMatch
PACTOLS,http://ark.frantiq.fr/ark:/26678/pcrtLvx6qlliRn,mammifère,Mammalia (class),http://vocab.getty.edu/aat/300265707,exact match,exactMatch
PACTOLS,http://ark.frantiq.fr/ark:/26678/pcrtu6kwQxaOeV,mammouth,Mammuthus (genus),http://vocab.getty.edu/aat/300395482,exact match,exactMatch
PACTOLS,http://ark.frantiq.fr/ark:/26678/pcrtg2BN9HYkhf,manipulation d'ossements,skeletons (animal components),http://vocab.getty.edu/aat/300191778,broad match,broadMatch
PACTOLS,http://ark.frantiq.fr/ark:/26678/pcrtP1l7JMuKs6,manoir,manor houses,http://vocab.getty.edu/aat/300005579,exact match,exactMatch
PACTOLS,http://ark.frantiq.fr/ark:/26678/pcrtVauEttfZoe,manufacture,manufacturing,http://vocab.getty.edu/aat/300077527,exact match,exactMatch
PACTOLS,http://ark.frantiq.fr/ark:/26678/pcrt4iNidJ2qfx,maquette,scale models,http://vocab.getty.edu/aat/300266034,exact match,exactMatch
PACTOLS,http://ark.frantiq.fr/ark:/26678/pcrtGKF5TmR5AS,marais,marshes,http://vocab.getty.edu/aat/300008903,exact match,exactMatch
PACTOLS,http://ark.frantiq.fr/ark:/26678/pcrtSkipOsBGML,marbre,marble (rock),http://vocab.getty.edu/aat/300011443,exact match,exactMatch
PACTOLS,http://ark.frantiq.fr/ark:/26678/pcrtTUAqOs2Jxt,marchand,merchants,http://vocab.getty.edu/aat/300025245,exact match,exactMatch
PACTOLS,http://ark.frantiq.fr/ark:/26678/pcrtTVvJEyAnuf,marché,markets (structures),http://vocab.getty.edu/aat/300005238,exact match,exactMatch
PACTOLS,http://ark.frantiq.fr/ark:/26678/pcrtLuPqDA8Zhs,marmite,crockpots,http://vocab.getty.edu/aat/300199857,exact match,exactMatch
PACTOLS,http://ark.frantiq.fr/ark:/26678/pcrtbUunFprb1b,marque,marks (symbols),http://vocab.getty.edu/aat/300028744,exact match,exactMatch
PACTOLS,http://ark.frantiq.fr/ark:/26678/pcrtHFqkS7rixl,marque de carrier,marks (symbols),http://vocab.getty.edu/aat/300028744,broad match,broadMatch
PACTOLS,http://ark.frantiq.fr/ark:/26678/pcrtzohrWZhuOl,marque de tâcheron,marks (symbols),http://vocab.getty.edu/aat/300028744,broad match,broadMatch
PACTOLS,http://ark.frantiq.fr/ark:/26678/pcrt8FNS8EFJ6Q,marque sur amphore,stamps (marks),http://vocab.getty.edu/aat/300262844,broad match,broadMatch
PACTOLS,http://ark.frantiq.fr/ark:/26678/pcrtUxWo09gzB6,marque sur brique,brick stamps,http://vocab.getty.edu/aat/300028783,exact match,exactMatch
PACTOLS,http://ark.frantiq.fr/ark:/26678/pcrtdRWuuqSion,marque sur tuile,stamps (marks),http://vocab.getty.edu/aat/300262844,broad match,broadMatch
PACTOLS,http://ark.frantiq.fr/ark:/26678/pcrtyNQzocZ6T0,marque sur vase,stamps (marks),http://vocab.getty.edu/aat/300262844,broad match,broadMatch
PACTOLS,http://ark.frantiq.fr/ark:/26678/pcrt9oytlSrw3S,marteau,hammers (tools),http://vocab.getty.edu/aat/300024823,exact match,exactMatch
PACTOLS,http://ark.frantiq.fr/ark:/26678/pcrtjYvhMVpH3Q,martelage,hammering (metal finishing),http://vocab.getty.edu/aat/300054098,exact match,exactMatch
PACTOLS,http://ark.frantiq.fr/ark:/26678/pcrt2hndmryMV2,masse d'armes,maces (weapons),http://vocab.getty.edu/aat/300037214,exact match,exactMatch
PACTOLS,http://ark.frantiq.fr/ark:/26678/pcrtIMsuG0RWTs,matériaux,materials (matter),http://vocab.getty.edu/aat/300010358,exact match,exactMatch
PACTOLS,http://ark.frantiq.fr/ark:/26678/pcrtQuZiT5nYY2,matériaux de construction,building materials,http://vocab.getty.edu/aat/300014857,exact match,exactMatch
PACTOLS,http://ark.frantiq.fr/ark:/26678/pcrtXOuO8FKGbe,matériaux de réemploi,adaptive reuse,http://vocab.getty.edu/aat/300056392,exact match,exactMatch
PACTOLS,http://ark.frantiq.fr/ark:/26678/pcrtgsjUNspKtF,matériel de broyage,mortars (grinding tools),http://vocab.getty.edu/aat/300024724,close match,closeMatch
PACTOLS,http://ark.frantiq.fr/ark:/26678/pcrtwvFLgSQRs5,matière organique,organic material,http://vocab.getty.edu/aat/300011792,exact match,exactMatch
PACTOLS,http://ark.frantiq.fr/ark:/26678/pcrtvKH7mF2Oas,matière première,raw material,http://vocab.getty.edu/aat/300015351,exact match,exactMatch
PACTOLS,http://ark.frantiq.fr/ark:/26678/pcrtJdl7n3HRdk,mausolée,mausoleums,http://vocab.getty.edu/aat/300005891,exact match,exactMatch
PACTOLS,http://ark.frantiq.fr/ark:/26678/pcrtSP0dQbsIZo,méandre body components),meanders (water,http://vocab.getty.edu/aat/300008727,exact match,exactMatch
PACTOLS,http://ark.frantiq.fr/ark:/26678/pcrtIvN6VPwMxK,MEB,scanning electron microscopy,http://vocab.getty.edu/aat/300224957,exact match,exactMatch
PACTOLS,http://ark.frantiq.fr/ark:/26678/pcrtc6qIb7UHSQ,médaille,medals,http://vocab.getty.edu/aat/300046025,exact match,exactMatch
PACTOLS,http://ark.frantiq.fr/ark:/26678/pcrtNQL40Ax17n,médaillon,medallions (medals),http://vocab.getty.edu/aat/300077357,exact match,exactMatch
PACTOLS,http://ark.frantiq.fr/ark:/26678/pcrtARiDUn3jr1,médecine,medicine (discipline),http://vocab.getty.edu/aat/300054518,exact match,exactMatch
PACTOLS,http://ark.frantiq.fr/ark:/26678/pcrtjMFrjr1utW,mégalithe,megaliths,http://vocab.getty.edu/aat/300123562,exact match,exactMatch
PACTOLS,http://ark.frantiq.fr/ark:/26678/pcrtQpKQcDolxc,mégalithe complexe,megalithic monuments,http://vocab.getty.edu/aat/300006983,close match,closeMatch
PACTOLS,http://ark.frantiq.fr/ark:/26678/pcrt3S7lIydczN,mégalithisme,megaliths,http://vocab.getty.edu/aat/300123562,broad match,broadMatch
PACTOLS,http://ark.frantiq.fr/ark:/26678/pcrtD19Y1kxWR4,menhir,menhirs,http://vocab.getty.edu/aat/300006985,exact match,exactMatch
PACTOLS,http://ark.frantiq.fr/ark:/26678/pcrtTGfc88uXNW,menuiserie,joinery (woodwork),http://vocab.getty.edu/aat/300054087,exact match,exactMatch
PACTOLS,http://ark.frantiq.fr/ark:/26678/pcrtj7UzwMo9cV,mer,seas,http://vocab.getty.edu/aat/300008694,exact match,exactMatch
PACTOLS,http://ark.frantiq.fr/ark:/26678/pcrt0U973LRsPU,Mercure,gods (dieties),http://vocab.getty.edu/aat/300343851,broad match,broadMatch
PACTOLS,http://ark.frantiq.fr/ark:/26678/pcrtTwPPMSZuiN,mesure de longueur,measuring,http://vocab.getty.edu/aat/300053578,broad match,broadMatch
PACTOLS,http://ark.frantiq.fr/ark:/26678/pcrtjgj46uKdtQ,mesure de volume,measuring,http://vocab.getty.edu/aat/300053578,broad match,broadMatch
PACTOLS,http://ark.frantiq.fr/ark:/26678/pcrtkn1hAXHveS,métal,metal,http://vocab.getty.edu/aat/300010900,exact match,exactMatch
PACTOLS,http://ark.frantiq.fr/ark:/26678/pcrtixGJUknjcq,métallographie,metallography,http://vocab.getty.edu/aat/300226182,exact match,exactMatch
PACTOLS,http://ark.frantiq.fr/ark:/26678/pcrtuf9JSs9vo6,métallurgie,metallurgy,http://vocab.getty.edu/aat/300054499,exact match,exactMatch
PACTOLS,http://ark.frantiq.fr/ark:/26678/pcrtdUvEkSeyqH,méthodologie,methodology,http://vocab.getty.edu/aat/300054676,exact match,exactMatch
PACTOLS,http://ark.frantiq.fr/ark:/26678/pcrt2k7dmQEGsR,métier à tisser,looms (textile tools),http://vocab.getty.edu/aat/300247546,exact match,exactMatch
PACTOLS,http://ark.frantiq.fr/ark:/26678/pcrtaJkXATOYwB,métrologie,metrology,http://vocab.getty.edu/aat/300379443,exact match,exactMatch
PACTOLS,http://ark.frantiq.fr/ark:/26678/pcrtUt7XJjD0Si,meuble,furniture components,http://vocab.getty.edu/aat/300040215,exact match,exactMatch
PACTOLS,http://ark.frantiq.fr/ark:/26678/pcrt1Gqf0UzaZ3,meule,millstones (equipment components),http://vocab.getty.edu/aat/300185256,exact match,exactMatch
PACTOLS,http://ark.frantiq.fr/ark:/26678/pcrt8Kxe3TJcK3,meule rotative,grinding stones,http://vocab.getty.edu/aat/300263933,close match,closeMatch
PACTOLS,http://ark.frantiq.fr/ark:/26678/pcrtc8EgFRyyMq,meunerie,grinding,http://vocab.getty.edu/aat/300053090,exact match,exactMatch
PACTOLS,http://ark.frantiq.fr/ark:/26678/pcrtcz91HmkSSF,microburin,microburins,http://vocab.getty.edu/aat/300400614,exact match,exactMatch
PACTOLS,http://ark.frantiq.fr/ark:/26678/pcrtMPleZ2204X,microfaune,fauna,http://vocab.getty.edu/aat/300310150,broad match,broadMatch
PACTOLS,http://ark.frantiq.fr/ark:/26678/pcrt5dU0qJs5N8,microlithe,microliths,http://vocab.getty.edu/aat/300393267,exact match,exactMatch
PACTOLS,http://ark.frantiq.fr/ark:/26678/pcrt5StlzTk4Vn,micromorphologie,micromorphology,http://vocab.getty.edu/aat/300218793,exact match,exactMatch
PACTOLS,http://ark.frantiq.fr/ark:/26678/pcrtmn4k8f28dv,microrestes,botany,http://vocab.getty.edu/aat/300054467,broad match,broadMatch
PACTOLS,http://ark.frantiq.fr/ark:/26678/pcrtLf3Bt5nKRt,milieu rural,rural life,http://vocab.getty.edu/aat/300380146,close match,closeMatch
PACTOLS,http://ark.frantiq.fr/ark:/26678/pcrtZ1NStSd183,milieu végétal,vegetation,http://vocab.getty.edu/aat/300266061,close match,closeMatch
PACTOLS,http://ark.frantiq.fr/ark:/26678/pcrtoRerEcO48K,militaire,soldiers,http://vocab.getty.edu/aat/300185678,exact match,exactMatch
PACTOLS,http://ark.frantiq.fr/ark:/26678/pcrtkup1vSkwAZ,millet,Millettia (genus),http://vocab.getty.edu/aat/300400462,exact match,exactMatch
PACTOLS,http://ark.frantiq.fr/ark:/26678/pcrtsyYSjFJeJ3,milliaire,milestones,http://vocab.getty.edu/aat/300006973,exact match,exactMatch
PACTOLS,http://ark.frantiq.fr/ark:/26678/pcrtuVBFofOdjD,mine,mines (extracting complexes),http://vocab.getty.edu/aat/300000390,exact match,exactMatch
PACTOLS,http://ark.frantiq.fr/ark:/26678/pcrt5bIL1UtwcT,minerai,ore,http://vocab.getty.edu/aat/300152583,exact match,exactMatch
PACTOLS,http://ark.frantiq.fr/ark:/26678/pcrty2mcsksa6s,minéral,mineral,http://vocab.getty.edu/aat/300011068,exact match,exactMatch
PACTOLS,http://ark.frantiq.fr/ark:/26678/pcrt73IP4tSAfK,Minerve,goddesses,http://vocab.getty.edu/aat/300343852,exact match,exactMatch
PACTOLS,http://ark.frantiq.fr/ark:/26678/pcrtb30B513JzE,miroir,looking glasses,http://vocab.getty.edu/aat/300037690,exact match,exactMatch
PACTOLS,http://ark.frantiq.fr/ark:/26678/pcrtm0wNp3ZYm9,mise en scène,spectacles (performances),http://vocab.getty.edu/aat/300379280,exact match,exactMatch
PACTOLS,http://ark.frantiq.fr/ark:/26678/pcrtEznNgQ3h63,mobilier,furnishings (artifacts),http://vocab.getty.edu/aat/300037336,exact match,exactMatch
PACTOLS,http://ark.frantiq.fr/ark:/26678/pcrtzAt433wDSZ,mobilier funéraire,grave goods,http://vocab.getty.edu/aat/300180706,exact match,exactMatch
PACTOLS,http://ark.frantiq.fr/ark:/26678/pcrtgHrkHykmek,mode de production,economy,http://vocab.getty.edu/aat/300389790,broad match,broadMatch
PACTOLS,http://ark.frantiq.fr/ark:/26678/pcrtIfW45Oj2Fb,mode de résidence,dwellings,http://vocab.getty.edu/aat/300005425,broad match,broadMatch
PACTOLS,http://ark.frantiq.fr/ark:/26678/pcrtUbQwxQM8Q8,modélisation,computer science,http://vocab.getty.edu/aat/300054575,broad match,broadMatch
PACTOLS,http://ark.frantiq.fr/ark:/26678/pcrtEklsyTYoVi,moellon,rubble,http://vocab.getty.edu/aat/300011693,exact match,exactMatch
PACTOLS,http://ark.frantiq.fr/ark:/26678/pcrtTN5hnP2dGJ,molette,roulettes (engraving tools),http://vocab.getty.edu/aat/300022774,exact match,exactMatch
PACTOLS,http://ark.frantiq.fr/ark:/26678/pcrt4jqSXocNLw,mollusque,Mollusca (phylum),http://vocab.getty.edu/aat/300266510,exact match,exactMatch
PACTOLS,http://ark.frantiq.fr/ark:/26678/pcrtxAh3LEGcFT,momie,mummies (bodies),http://vocab.getty.edu/aat/300262951,exact match,exactMatch
PACTOLS,http://ark.frantiq.fr/ark:/26678/pcrtwE5STw4SDe,monastère,monasteries (built complexes),http://vocab.getty.edu/aat/300000641,exact match,exactMatch
PACTOLS,http://ark.frantiq.fr/ark:/26678/pcrtaDZQlTT0S8,monnaie,coins (money),http://vocab.getty.edu/aat/300037222,exact match,exactMatch
PACTOLS,http://ark.frantiq.fr/ark:/26678/pcrtoJNY2x1kSq,monnaie carolingienne,Later Western World coins,http://vocab.getty.edu/aat/300194573,broad match,broadMatch
PACTOLS,http://ark.frantiq.fr/ark:/26678/pcrtU85GM9JnPj,monnaie celtique,Early Western World coins,http://vocab.getty.edu/aat/300194572,broad match,broadMatch
PACTOLS,http://ark.frantiq.fr/ark:/26678/pcrtQ6SIFubMD6,monnaie du Bas- Empire,Early Western World coins,http://vocab.getty.edu/aat/300194572,broad match,broadMatch
PACTOLS,http://ark.frantiq.fr/ark:/26678/pcrtLNs0gPSXrA,monnaie du Haut- Empire,Early Western World coins,http://vocab.getty.edu/aat/300194572,broad match,broadMatch
PACTOLS,http://ark.frantiq.fr/ark:/26678/pcrtb1ZjhINTB9,monnaie gallo-celtique,Early Western World,http://vocab.getty.eceltiquecoinsdu/aat/300194572,broad match,broadMatch
PACTOLS,http://ark.frantiq.fr/ark:/26678/pcrtw8Gr55mWQj,monnaie gauloise,Early Western World coins,http://vocab.getty.edu/aat/300194572,broad match,broadMatch
PACTOLS,http://ark.frantiq.fr/ark:/26678/pcrtROhN84ILNW,monnaie grecque,Early Western World coins,http://vocab.getty.edu/aat/300194572,broad match,broadMatch
PACTOLS,http://ark.frantiq.fr/ark:/26678/pcrtwqW8eGs8Jp,monnaie impériale,Early Western World coins,http://vocab.getty.edu/aat/300194572,broad match,broadMatch
PACTOLS,http://ark.frantiq.fr/ark:/26678/pcrthusOdSrtKO,monnaie médiévale,Later Western World coins,http://vocab.getty.edu/aat/300194573,broad match,broadMatch
PACTOLS,http://ark.frantiq.fr/ark:/26678/pcrtDJJQDtIzgN,monnaie mérovingienne,Later Western World coins,http://vocab.getty.edu/aat/300194573,broad match,broadMatch
PACTOLS,http://ark.frantiq.fr/ark:/26678/pcrtjzkyEUKpHJ,monnaie moderne,Later Western World coins,http://vocab.getty.edu/aat/300194573,broad match,broadMatch
PACTOLS,http://ark.frantiq.fr/ark:/26678/pcrtvtoognkHPG,monnaie punique,Early Western World coins,http://vocab.getty.edu/aat/300194572,broad match,broadMatch
PACTOLS,http://ark.frantiq.fr/ark:/26678/pcrtNv9EEafPRv,monnaie Renaissance,Later Western World coins,http://vocab.getty.edu/aat/300194573,broad match,broadMatch
PACTOLS,http://ark.frantiq.fr/ark:/26678/pcrtsN2awl2Gju,monnaie républicaine,Early Western World coins,http://vocab.getty.edu/aat/300194572,broad match,broadMatch
PACTOLS,http://ark.frantiq.fr/ark:/26678/pcrt2AiEKgttQQ,monnaie romaine,Early Western World coins,http://vocab.getty.edu/aat/300194572,broad match,broadMatch
PACTOLS,http://ark.frantiq.fr/ark:/26678/pcrtA02smYErrV,monnaie wisigothique,Early Western World coins,http://vocab.getty.edu/aat/300194572,broad match,broadMatch
PACTOLS,http://ark.frantiq.fr/ark:/26678/pcrtup4sulBl7v,monnayage,minting,http://vocab.getty.edu/aat/300206581,exact match,exactMatch
PACTOLS,http://ark.frantiq.fr/ark:/26678/pcrt28fUXAVb3Z,montagne,mountains,http://vocab.getty.edu/aat/300008795,exact match,exactMatch
PACTOLS,http://ark.frantiq.fr/ark:/26678/pcrtZQS76tcoZi,mors,bits (bridle components),http://vocab.getty.edu/aat/300248085,exact match,exactMatch
PACTOLS,http://ark.frantiq.fr/ark:/26678/pcrtNb90Egda4H,mort,deaths,http://vocab.getty.edu/aat/300151836,exact match,exactMatch
PACTOLS,http://ark.frantiq.fr/ark:/26678/pcrt5G8Zu1vuaw,mort violente,murders,http://vocab.getty.edu/aat/300069676,close match,closeMatch
PACTOLS,http://ark.frantiq.fr/ark:/26678/pcrtTEWIXPM7Br,mortier (récipient),mortars (grinding tools),http://vocab.getty.edu/aat/300024724,exact match,exactMatch
PACTOLS,http://ark.frantiq.fr/ark:/26678/pcrtEWWJvOVoh5,mortier de chaux,mortar (filler),http://vocab.getty.edu/aat/300014741,exact match,exactMatch
PACTOLS,http://ark.frantiq.fr/ark:/26678/pcrtEWWJvOVoh5,mortier de construction,mortar (filler),http://vocab.getty.edu/aat/300014741,exact match,exactMatch
PACTOLS,http://ark.frantiq.fr/ark:/26678/pcrtUxTj7SSjjU,mortier peint,mortar (filler),http://vocab.getty.edu/aat/300014741,broad match,broadMatch
PACTOLS,http://ark.frantiq.fr/ark:/26678/pcrtUcrzzSFY50,mosaïque,mosaics (visual works),http://vocab.getty.edu/aat/300015342,exact match,exactMatch
PACTOLS,http://ark.frantiq.fr/ark:/26678/pcrtLZ1el2MnOP,mosaïque géométrique,mosaics (visual works),http://vocab.getty.edu/aat/300015342,broad match,broadMatch
PACTOLS,http://ark.frantiq.fr/ark:/26678/pcrtFPA0Zqg3Yz,motif décoratif,motifs,http://vocab.getty.edu/aat/300009700,exact match,exactMatch
PACTOLS,http://ark.frantiq.fr/ark:/26678/pcrtUWW1jdmNbs,motif géométrique,geometric motifs,http://vocab.getty.edu/aat/300009764,exact match,exactMatch
PACTOLS,http://ark.frantiq.fr/ark:/26678/pcrtBDFoDRAo75,motif végétal,plant-derived motifs,http://vocab.getty.edu/aat/300164599,exact match,exactMatch
PACTOLS,http://ark.frantiq.fr/ark:/26678/pcrt5nrxWObFLg,motte,mottes,http://vocab.getty.edu/aat/300175482,exact match,exactMatch
PACTOLS,http://ark.frantiq.fr/ark:/26678/pcrtw9lK8RSghm,mouillage,berths (waterfront spaces),http://vocab.getty.edu/aat/300007927,exact match,exactMatch
PACTOLS,http://ark.frantiq.fr/ark:/26678/pcrtIqlYdSxj6I,moule de potier,molds (shaping tools),http://vocab.getty.edu/aat/300024814,broad match,broadMatch
PACTOLS,http://ark.frantiq.fr/ark:/26678/pcrtnfa1jFbfKD,moule monétaire,molds (shaping tools),http://vocab.getty.edu/aat/300024814,broad match,broadMatch
PACTOLS,http://ark.frantiq.fr/ark:/26678/pcrtLSXO163Odc,moule pour métal,molds (shaping tools),http://vocab.getty.edu/aat/300024814,broad match,broadMatch
PACTOLS,http://ark.frantiq.fr/ark:/26678/pcrtZpxVcg7sSA,moulin,mills (buildings),http://vocab.getty.edu/aat/300264626,exact match,exactMatch
PACTOLS,http://ark.frantiq.fr/ark:/26678/pcrt6oKbFdZxqF,moulin à eau,water mills,http://vocab.getty.edu/aat/300006270,exact match,exactMatch
PACTOLS,http://ark.frantiq.fr/ark:/26678/pcrtLuTRnnPFJp,moulin à vent,windmills,http://vocab.getty.edu/aat/300006273,exact match,exactMatch
PACTOLS,http://ark.frantiq.fr/ark:/26678/pcrt98n6h95hof,moulure,molding (forming),http://vocab.getty.edu/aat/300053134,exact match,exactMatch
PACTOLS,http://ark.frantiq.fr/ark:/26678/pcrtDtJwUVaZ0I,mouton,Ovis aries (species),http://vocab.getty.edu/aat/300404156,exact match,exactMatch
PACTOLS,http://ark.frantiq.fr/ark:/26678/pcrtbxdVAk7uVQ,mouture,milling (metalworking),http://vocab.getty.edu/aat/300053155,exact match,exactMatch
PACTOLS,http://ark.frantiq.fr/ark:/26678/pcrtTPJFzJTZNm,mouvement de population,migrations (events),http://vocab.getty.edu/aat/300263931,skos:narrowMatch,narrowMatch
PACTOLS,http://ark.frantiq.fr/ark:/26678/pcrtIxHmbVwDYW,mur,walls,http://vocab.getty.edu/aat/300002469,exact match,exactMatch
PACTOLS,http://ark.frantiq.fr/ark:/26678/pcrtKABRRvuwRJ,mur d'enceinte,ramparts,http://vocab.getty.edu/aat/300002505,exact match,exactMatch
PACTOLS,http://ark.frantiq.fr/ark:/26678/pcrtdKYAov6rPY,muraille,defensive walls,http://vocab.getty.edu/aat/300002485,exact match,exactMatch
PACTOLS,http://ark.frantiq.fr/ark:/26678/pcrtADTnt0nqjr,murus gallicus,murus gallicus,http://vocab.getty.edu/aat/300247580,exact match,exactMatch
PACTOLS,http://ark.frantiq.fr/ark:/26678/pcrthoMrS3qnLo,musée,museums (institutions),http://vocab.getty.edu/aat/300312281,exact match,exactMatch
PACTOLS,http://ark.frantiq.fr/ark:/26678/pcrtmoM3SzhDcB,nacre,mother of pearl,http://vocab.getty.edu/aat/300011835,exact match,exactMatch
PACTOLS,http://ark.frantiq.fr/ark:/26678/pcrtheTIyQA4MB,narthex,narthexes,http://vocab.getty.edu/aat/300004624,exact match,exactMatch
PACTOLS,http://ark.frantiq.fr/ark:/26678/pcrtiWWfFSvcjn,nasse,fykes,http://vocab.getty.edu/aat/300263216,exact match,exactMatch
PACTOLS,http://ark.frantiq.fr/ark:/26678/pcrtM1Jed0bHvM,navette,shuttles (textile tools),http://vocab.getty.edu/aat/300247548,exact match,exactMatch
PACTOLS,http://ark.frantiq.fr/ark:/26678/pcrt7T8PlSbmnN,navigation fluviale,water transport,http://vocab.getty.edu/aat/300068773,broad match,broadMatch
PACTOLS,http://ark.frantiq.fr/ark:/26678/pcrtsIm3RuNMGu,nécropole,necropolises,http://vocab.getty.edu/aat/300000372,exact match,exactMatch
PACTOLS,http://ark.frantiq.fr/ark:/26678/pcrtBTt3dH8T7s,nécropole à incinération,necropolises,http://vocab.getty.edu/aat/300000372,broad match,broadMatch
PACTOLS,http://ark.frantiq.fr/ark:/26678/pcrtjurU41z1VA,nécropole à rangées,necropolises,http://vocab.getty.edu/aat/300000372,broad match,broadMatch
PACTOLS,http://ark.frantiq.fr/ark:/26678/pcrtjurU41z1VA,nécropole en plein champ,necropolises,http://vocab.getty.edu/aat/300000372,broad match,broadMatch
PACTOLS,http://ark.frantiq.fr/ark:/26678/pcrtVUHISri9uE,nef,naves,http://vocab.getty.edu/aat/300004627,exact match,exactMatch
PACTOLS,http://ark.frantiq.fr/ark:/26678/pcrthbreFd57Bs,niche,niches,http://vocab.getty.edu/aat/300002704,exact match,exactMatch
PACTOLS,http://ark.frantiq.fr/ark:/26678/pcrtvF6NR3LjxS,notation musicale,music (performing arts),http://vocab.getty.edu/aat/300054146,broad match,broadMatch
PACTOLS,http://ark.frantiq.fr/ark:/26678/pcrtQthmFXKZvt,nourrisson,infants,http://vocab.getty.edu/aat/300189561,exact match,exactMatch
PACTOLS,http://ark.frantiq.fr/ark:/26678/pcrtY8tYVGcqWv,nouveau-né,infants,http://vocab.getty.edu/aat/300189561,broad match,broadMatch
PACTOLS,http://ark.frantiq.fr/ark:/26678/pcrtRrjLKroLLU,nucleus,cores (object genres),http://vocab.getty.edu/aat/300265134,exact match,exactMatch
PACTOLS,http://ark.frantiq.fr/ark:/26678/pcrtaEf2wWY07i,numismatique,numismatics,http://vocab.getty.edu/aat/300054419,exact match,exactMatch
PACTOLS,http://ark.frantiq.fr/ark:/26678/pcrtNb6b1FbpBU,nymphée,nymphaea (garden structures),http://vocab.getty.edu/aat/300006809,exact match,exactMatch
PACTOLS,http://ark.frantiq.fr/ark:/26678/pcrtZhnbHzuSzG,objet,objects,http://vocab.getty.edu/aat/300311889,exact match,exactMatch
PACTOLS,http://ark.frantiq.fr/ark:/26678/pcrtWB9n8gkPsO,objet de libation,libation vessels,http://vocab.getty.edu/aat/300404019,close match,closeMatch
PACTOLS,http://ark.frantiq.fr/ark:/26678/pcrtWJ6Lelvm6J,objet de toilette,toilet sets (dresser sets),http://vocab.getty.edu/aat/300236191,close match,closeMatch
PACTOLS,http://ark.frantiq.fr/ark:/26678/pcrt4OanARQmgf,objet en bois,woodwork,http://vocab.getty.edu/aat/300015348,close match,closeMatch
PACTOLS,http://ark.frantiq.fr/ark:/26678/pcrt39PRSHHxPD,objet liturgique,liturgical objects,http://vocab.getty.edu/aat/300234147,exact match,exactMatch
PACTOLS,http://ark.frantiq.fr/ark:/26678/pcrtf8SaMYKckm,objet métallique,metalwork (visual works),http://vocab.getty.edu/aat/300015336,broad match,broadMatch
PACTOLS,http://ark.frantiq.fr/ark:/26678/pcrta4TfENEoJy,objet religieux,religious objects,http://vocab.getty.edu/aat/300234098,exact match,exactMatch
PACTOLS,http://ark.frantiq.fr/ark:/26678/pcrtgefwJa13yZ,obsidienne,obsidian,http://vocab.getty.edu/aat/300011254,exact match,exactMatch
PACTOLS,http://ark.frantiq.fr/ark:/26678/pcrtUu5zfknZ1x,occupation du sol,land use,http://vocab.getty.edu/aat/300055399,exact match,exactMatch
PACTOLS,http://ark.frantiq.fr/ark:/26678/pcrttnySGIGsj6,ocre,ocher (inorganic material),http://vocab.getty.edu/aat/300013951,exact match,exactMatch
PACTOLS,http://ark.frantiq.fr/ark:/26678/pcrtjLErxnSQev,oenochoé,oinochoai,http://vocab.getty.edu/aat/300198866,exact match,exactMatch
PACTOLS,http://ark.frantiq.fr/ark:/26678/pcrtfUZSMbifle,officine,potteries (manufactories),http://vocab.getty.edu/aat/300006310,exact match,exactMatch
PACTOLS,http://ark.frantiq.fr/ark:/26678/pcrt7aZQYTcLGF,offrande,votive offerings,http://vocab.getty.edu/aat/300178244,exact match,exactMatch
PACTOLS,http://ark.frantiq.fr/ark:/26678/pcrttz2ScynGZv,offrande alimentaire,votive offerings,http://vocab.getty.edu/aat/300178244,broad match,broadMatch
PACTOLS,http://ark.frantiq.fr/ark:/26678/pcrtqbh6Y1DsXN,oiseau,Aves (class),http://vocab.getty.edu/aat/300266506,exact match,exactMatch
PACTOLS,http://ark.frantiq.fr/ark:/26678/pcrttmOlgrdf6f,oléiculture,arboriculture,http://vocab.getty.edu/aat/300178563,broad match,broadMatch
PACTOLS,http://ark.frantiq.fr/ark:/26678/pcrteZDglJiqWF,olivier,Olea europaea (species),http://vocab.getty.edu/aat/300311369,exact match,exactMatch
PACTOLS,http://ark.frantiq.fr/ark:/26678/pcrtWKhW99XX8F,onomastique,linguistics,http://vocab.getty.edu/aat/300054245,broad match,broadMatch
PACTOLS,http://ark.frantiq.fr/ark:/26678/pcrtroIpDW7j36,oppidum,oppida,http://vocab.getty.edu/aat/300008396,exact match,exactMatch
PACTOLS,http://ark.frantiq.fr/ark:/26678/pcrtoz5WZxu4iz,optoluminescence,optically stimulated luminescence dating,http://vocab.getty.edu/aat/300266050,exact match,exactMatch
PACTOLS,http://ark.frantiq.fr/ark:/26678/pcrt039bGXIj6t,opus reticulatum,opus reticulatum,http://vocab.getty.edu/aat/300262690,exact match,exactMatch
PACTOLS,http://ark.frantiq.fr/ark:/26678/pcrtSNta3G6E6g,opus sectile,opus sectile (visual works),http://vocab.getty.edu/aat/300254462,exact match,exactMatch
PACTOLS,http://ark.frantiq.fr/ark:/26678/pcrtE6otPtwi8P,opus signinum,opus signinum,http://vocab.getty.edu/aat/300379969,exact match,exactMatch
PACTOLS,http://ark.frantiq.fr/ark:/26678/pcrtuihSl3eSnW,or,gold (metal),http://vocab.getty.edu/aat/300011021,exact match,exactMatch
PACTOLS,http://ark.frantiq.fr/ark:/26678/pcrttmPpnMmB2t,oratoire,oratories,http://vocab.getty.edu/aat/300007459,exact match,exactMatch
PACTOLS,http://ark.frantiq.fr/ark:/26678/pcrtSIkOA9h9ld,orfèvrerie,goldsmithing,http://vocab.getty.edu/aat/300054048,close match,closeMatch
PACTOLS,http://ark.frantiq.fr/ark:/26678/pcrtZ50m7faghJ,organisation de la recherche,research (function),http://vocab.getty.edu/aat/300054687,broad match,broadMatch
PACTOLS,http://ark.frantiq.fr/ark:/26678/pcrt3mBlLdPeGK,organisation de l'espace,space planning,http://vocab.getty.edu/aat/300054188,exact match,exactMatch
PACTOLS,http://ark.frantiq.fr/ark:/26678/pcrtckTraG5aXX,organisation sociale,social structure,http://vocab.getty.edu/aat/300055473,exact match,exactMatch
PACTOLS,http://ark.frantiq.fr/ark:/26678/pcrt4vKMQQ6elk,orge,Hordeum (genus),http://vocab.getty.edu/aat/300343826,exact match,exactMatch
PACTOLS,http://ark.frantiq.fr/ark:/26678/pcrt448yYmVDuT,os,bone (material),http://vocab.getty.edu/aat/300011798,exact match,exactMatch
PACTOLS,http://ark.frantiq.fr/ark:/26678/pcrtoz5WZxu4iz,OSL,optically stimulated luminescence dating,http://vocab.getty.edu/aat/300266050,exact match,exactMatch
PACTOLS,http://ark.frantiq.fr/ark:/26678/pcrtEfcf8rSZvm,ossement,bone (material),http://vocab.getty.edu/aat/300011798,close match,closeMatch
PACTOLS,http://ark.frantiq.fr/ark:/26678/pcrtxaAvFeoE3Z,ossements animaux,skeleton components (animal components),http://vocab.getty.edu/aat/300191781,close match,closeMatch
PACTOLS,http://ark.frantiq.fr/ark:/26678/pcrtf0jhaoDXkJ,ossements humains,skeleton components (animal components),http://vocab.getty.edu/aat/300191781,close match,closeMatch
PACTOLS,http://ark.frantiq.fr/ark:/26678/pcrt0YYwncvlpV,ossuaire,ossuaries (buildings),http://vocab.getty.edu/aat/300005897,exact match,exactMatch
PACTOLS,http://ark.frantiq.fr/ark:/26678/pcrtaI2EMYnfOm,ostéologie,osteology,http://vocab.getty.edu/aat/300379771,exact match,exactMatch
PACTOLS,http://ark.frantiq.fr/ark:/26678/pcrtS56SLxiSsp,ostéométrie,osteology,http://vocab.getty.edu/aat/300379771,broad match,broadMatch
PACTOLS,http://ark.frantiq.fr/ark:/26678/pcrtgEDZEUxU7l,oule,ollas,http://vocab.getty.edu/aat/300199780,exact match,exactMatch
PACTOLS,http://ark.frantiq.fr/ark:/26678/pcrtxs8Kml8jLw,outil,tools,http://vocab.getty.edu/aat/300024841,exact match,exactMatch
PACTOLS,http://ark.frantiq.fr/ark:/26678/pcrtgi6nA8qPOv,outil agricole,agricultural equipment,http://vocab.getty.edu/aat/300233315,exact match,exactMatch
PACTOLS,http://ark.frantiq.fr/ark:/26678/pcrtx72BOMXZ2d,ouverture,openings (architectural elements),http://vocab.getty.edu/aat/300002765,exact match,exactMatch
PACTOLS,http://ark.frantiq.fr/ark:/26678/pcrt6j9PdPG70O,ouvrage avancé,outworks,http://vocab.getty.edu/aat/300003701,exact match,exactMatch
PACTOLS,http://ark.frantiq.fr/ark:/26678/pcrtq3R2kFrtAu,ovi-capridé,Bovidae (family),http://vocab.getty.edu/aat/300310440,broad match,broadMatch
PACTOLS,http://ark.frantiq.fr/ark:/26678/pcrtaNAa6VITc0,ovinés,Ovis (genus),http://vocab.getty.edu/aat/300250284,exact match,exactMatch
PACTOLS,http://ark.frantiq.fr/ark:/26678/pcrtDr6Oi6lHM6,pain,bread,http://vocab.getty.edu/aat/300262820,exact match,exactMatch
PACTOLS,http://ark.frantiq.fr/ark:/26678/pcrtISZAuzsISK,palais,palaces,http://vocab.getty.edu/aat/300005734,exact match,exactMatch
PACTOLS,http://ark.frantiq.fr/ark:/26678/pcrtDfFRaHdgV8,palais épiscopal,palaces,http://vocab.getty.edu/aat/300005734,broad match,broadMatch
PACTOLS,http://ark.frantiq.fr/ark:/26678/pcrtfRsB7bzupa,Paléochrétiens,Early Christian,http://vocab.getty.edu/aat/300020665,exact match,exactMatch
PACTOLS,http://ark.frantiq.fr/ark:/26678/pcrtkilSDZLAlV,paléoenvironnement,paleoenvironments,http://vocab.getty.edu/aat/300379410,exact match,exactMatch
PACTOLS,http://ark.frantiq.fr/ark:/26678/pcrtvun1g7PPLq,paléographie,paleography,http://vocab.getty.edu/aat/300054420,exact match,exactMatch
PACTOLS,http://ark.frantiq.fr/ark:/26678/pcrtD9ainKPnan,paléolac,hydrogeology,http://vocab.getty.edu/aat/300379576,broad match,broadMatch
PACTOLS,http://ark.frantiq.fr/ark:/26678/pcrt16K8Z22Yox,paléontologie animale,paleontology,http://vocab.getty.edu/aat/300054555,close match,closeMatch
PACTOLS,http://ark.frantiq.fr/ark:/26678/pcrtZpkoQ0bXdY,paléontologie des invertébrés,paleontology,http://vocab.getty.edu/aat/300054555,close match,closeMatch
PACTOLS,http://ark.frantiq.fr/ark:/26678/pcrtGqf4ieHiSY,paléontologie humaine,paleoanthropology,http://vocab.getty.edu/aat/300054326,close match,closeMatch
PACTOLS,http://ark.frantiq.fr/ark:/26678/pcrtslhJM0KfQ3,paléopathologie,pathology,http://vocab.getty.edu/aat/300379436,exact match,exactMatch
PACTOLS,http://ark.frantiq.fr/ark:/26678/pcrtYEBzGKTPit,paléosol,sedimentology,http://vocab.getty.edu/aat/300379586,broad match,broadMatch
PACTOLS,http://ark.frantiq.fr/ark:/26678/pcrtu1Srs8qhIX,palestre,palaestrae,http://vocab.getty.edu/aat/300007301,exact match,exactMatch
PACTOLS,http://ark.frantiq.fr/ark:/26678/pcrt97cSBJyoxI,palette à fard,cosmetic palettes,http://vocab.getty.edu/aat/300375707,close match,closeMatch
PACTOLS,http://ark.frantiq.fr/ark:/26678/pcrt0zYTSW9UyI,palissade,palisades (outworks),http://vocab.getty.edu/aat/300003717,exact match,exactMatch
PACTOLS,http://ark.frantiq.fr/ark:/26678/pcrt1vSh3lIhHm,palynologie,palynology,http://vocab.getty.edu/aat/300251145,exact match,exactMatch
PACTOLS,http://ark.frantiq.fr/ark:/26678/pcrtcJFj5LxGDG,pan de bois,partridgewood (wood),http://vocab.getty.edu/aat/300012336,exact match,exactMatch
PACTOLS,http://ark.frantiq.fr/ark:/26678/pcrt0IUiakkwSx,parasitologie,biology,http://vocab.getty.edu/aat/300054466,broad match,broadMatch
PACTOLS,http://ark.frantiq.fr/ark:/26678/pcrt3G8RooGUeu,parcellaire,plats (maps),http://vocab.getty.edu/aat/300028125,exact match,exactMatch
PACTOLS,http://ark.frantiq.fr/ark:/26678/pcrthTAMawVNg8,parement,facing (material),http://vocab.getty.edu/aat/300386688,exact match,exactMatch
PACTOLS,http://ark.frantiq.fr/ark:/26678/pcrtS1LzpAWeT2,paroisse,parishes (religious divisions),http://vocab.getty.edu/aat/300000773,exact match,exactMatch
PACTOLS,http://ark.frantiq.fr/ark:/26678/pcrtRtxV7z0lyE,partie de maison,rooms and spaces,http://vocab.getty.edu/aat/300133704,close match,closeMatch
PACTOLS,http://ark.frantiq.fr/ark:/26678/pcrtoTxSI7RoF4,partie de monastère,monastic churches (buildings),http://vocab.getty.edu/aat/300004560,close match,closeMatch
PACTOLS,http://ark.frantiq.fr/ark:/26678/pcrt53FsGe90uG,partie de monument,monuments,http://vocab.getty.edu/aat/300006958,broad match,broadMatch
PACTOLS,http://ark.frantiq.fr/ark:/26678/pcrtEA7Zm6T4zu,partie d'église,churches (buildings),http://vocab.getty.edu/aat/300007466,broad match,broadMatch
PACTOLS,http://ark.frantiq.fr/ark:/26678/pcrtNBrnOdttU9,parure,jewelry,http://vocab.getty.edu/aat/300209286,exact match,exactMatch
PACTOLS,http://ark.frantiq.fr/ark:/26678/pcrth2K8oV7jvr,passoire,strainers (culinary tools),http://vocab.getty.edu/aat/300201087,exact match,exactMatch
PACTOLS,http://ark.frantiq.fr/ark:/26678/pcrt5u9tMfcVa9,pastoralisme,rural life,http://vocab.getty.edu/aat/300380146,broad match,broadMatch
PACTOLS,http://ark.frantiq.fr/ark:/26678/pcrtZETJwE7RTQ,pâte,slip (clay),http://vocab.getty.edu/aat/300010459,exact match,exactMatch
PACTOLS,http://ark.frantiq.fr/ark:/26678/pcrtSmefwuwa97,pâté de maisons,city blocks,http://vocab.getty.edu/aat/300008077,exact match,exactMatch
PACTOLS,http://ark.frantiq.fr/ark:/26678/pcrtBoASrkiQOc,patène,patens (liturgical vessels),http://vocab.getty.edu/aat/300198942,exact match,exactMatch
PACTOLS,http://ark.frantiq.fr/ark:/26678/pcrth768oLavp9,patère,paterae (containers),http://vocab.getty.edu/aat/300260178,exact match,exactMatch
PACTOLS,http://ark.frantiq.fr/ark:/26678/pcrtslhJM0KfQ3,pathologie,pathology,http://vocab.getty.edu/aat/300379436,exact match,exactMatch
PACTOLS,http://ark.frantiq.fr/ark:/26678/pcrtDAGnvZa9az,pâturage,grazing areas,http://vocab.getty.edu/aat/300386990,exact match,exactMatch
PACTOLS,http://ark.frantiq.fr/ark:/26678/pcrt3mGRLwEneh,pavé,paving stone,http://vocab.getty.edu/aat/300011718,exact match,exactMatch
PACTOLS,http://ark.frantiq.fr/ark:/26678/pcrtI57XGm8k1D,pavement,pavements (surface elements),http://vocab.getty.edu/aat/300002088,exact match,exactMatch
PACTOLS,http://ark.frantiq.fr/ark:/26678/pcrtKlvalAWQ4B,péage,toll-collection structures,http://vocab.getty.edu/aat/300007820,broad match,broadMatch
PACTOLS,http://ark.frantiq.fr/ark:/26678/pcrtmSImgZOUQg,pêche,fishing,http://vocab.getty.edu/aat/300239470,exact match,exactMatch
PACTOLS,http://ark.frantiq.fr/ark:/26678/pcrtLKK8DqqSAb,pédogenèse,soil science,http://vocab.getty.edu/aat/300054557,broad match,broadMatch
PACTOLS,http://ark.frantiq.fr/ark:/26678/pcrts8Sij9iWxU,pédologie,soil science,http://vocab.getty.edu/aat/300054557,exact match,exactMatch
PACTOLS,http://ark.frantiq.fr/ark:/26678/pcrtevVY2zQola,pégau,jugs (vessels),http://vocab.getty.edu/aat/300045685,broad match,broadMatch
PACTOLS,http://ark.frantiq.fr/ark:/26678/pcrtwS1o3yfK4q,peigne,combs (grooming tools),http://vocab.getty.edu/aat/300236397,exact match,exactMatch
PACTOLS,http://ark.frantiq.fr/ark:/26678/pcrtvsFBSmOKN2,peinture,painting (image- making),http://vocab.getty.edu/aat/300054216,exact match,exactMatch
PACTOLS,http://ark.frantiq.fr/ark:/26678/pcrtXnnrd43yND,peinture murale,mural painting (image-making),http://vocab.getty.edu/aat/300178677,exact match,exactMatch
PACTOLS,http://ark.frantiq.fr/ark:/26678/pcrtTcw1EjNRjc,peinture pariétale,cave paintings,http://vocab.getty.edu/aat/300178308,exact match,exactMatch
PACTOLS,http://ark.frantiq.fr/ark:/26678/pcrtlnO5p7I8Do,pelle,shovels,http://vocab.getty.edu/aat/300024300,exact match,exactMatch
PACTOLS,http://ark.frantiq.fr/ark:/26678/pcrtWjl7XVHb31,pelleterie,fur (hair material),http://vocab.getty.edu/aat/300011811,broad match,broadMatch
PACTOLS,http://ark.frantiq.fr/ark:/26678/pcrt1y72wtlJiM,pendeloque,pendants (jewelry),http://vocab.getty.edu/aat/300046002,exact match,exactMatch
PACTOLS,http://ark.frantiq.fr/ark:/26678/pcrtyhGhA0pEmo,pendentif,pendants (jewelry),http://vocab.getty.edu/aat/300046002,exact match,exactMatch
PACTOLS,http://ark.frantiq.fr/ark:/26678/pcrtkKW8tQKUQe,perçoir,borers (tools),http://vocab.getty.edu/aat/300389694,exact match,exactMatch
PACTOLS,http://ark.frantiq.fr/ark:/26678/pcrtSOib7pkuVY,percuteur,hammerstones,http://vocab.getty.edu/aat/300024854,exact match,exactMatch
PACTOLS,http://ark.frantiq.fr/ark:/26678/pcrtMyNWcemJmF,pergélisol,sedimentology,http://vocab.getty.edu/aat/300379586,broad match,broadMatch
PACTOLS,http://ark.frantiq.fr/ark:/26678/pcrtdzyBHnXaL5,péristyle,peristyles (colonnades),http://vocab.getty.edu/aat/300004029,exact match,exactMatch
PACTOLS,http://ark.frantiq.fr/ark:/26678/pcrtcOdrZSUYkk,perle,beads (pierced objects),http://vocab.getty.edu/aat/300234006,exact match,exactMatch
PACTOLS,http://ark.frantiq.fr/ark:/26678/pcrtt4zLcbgpbm,peson,spindles (textile working equipment),http://vocab.getty.edu/aat/300265738,exact match,exactMatch
PACTOLS,http://ark.frantiq.fr/ark:/26678/pcrthnT1nxnGPl,peson de filet de pêche,sinkers (fishing),http://vocab.getty.edu/aat/300266727,exact match,exactMatch
PACTOLS,http://ark.frantiq.fr/ark:/26678/pcrtvKEYQjSSlI,peste,plagues,http://vocab.getty.edu/aat/300379833,exact match,exactMatch
PACTOLS,http://ark.frantiq.fr/ark:/26678/pcrtuObVSkeViP,petit appareil,brickwork (masonry),http://vocab.getty.edu/aat/300015333,close match,closeMatch
PACTOLS,http://ark.frantiq.fr/ark:/26678/pcrtiiGa8GYBlS,pétrographie,petrography,http://vocab.getty.edu/aat/300379416,exact match,exactMatch
PACTOLS,http://ark.frantiq.fr/ark:/26678/pcrtk0qX6lHZeu,peuplement,population change,http://vocab.getty.edu/aat/300055418,close match,closeMatch
PACTOLS,http://ark.frantiq.fr/ark:/26678/pcrtP5AK6MqaZy,phalères,phalerae,http://vocab.getty.edu/aat/300261080,exact match,exactMatch
PACTOLS,http://ark.frantiq.fr/ark:/26678/pcrtuWZ3xzYnjx,phare,lighthouses,http://vocab.getty.edu/aat/300007741,exact match,exactMatch
PACTOLS,http://ark.frantiq.fr/ark:/26678/pcrtOUkmlGSESJ,phonétique,phonetics,http://vocab.getty.edu/aat/300054262,exact match,exactMatch
PACTOLS,http://ark.frantiq.fr/ark:/26678/pcrt2nbSAPPSwB,phosphate,phosphate,http://vocab.getty.edu/aat/300379779,exact match,exactMatch
PACTOLS,http://ark.frantiq.fr/ark:/26678/pcrtIRVfnRRfuP,photogrammétrie,photogrammetry,http://vocab.getty.edu/aat/300053580,exact match,exactMatch
PACTOLS,http://ark.frantiq.fr/ark:/26678/pcrtDnXil6KFZm,photographie,photography (process),http://vocab.getty.edu/aat/300054225,exact match,exactMatch
PACTOLS,http://ark.frantiq.fr/ark:/26678/pcrtJlb73k6yKX,photographie aérienne,aerial photography,http://vocab.getty.edu/aat/300053443,exact match,exactMatch
PACTOLS,http://ark.frantiq.fr/ark:/26678/pcrtkyIAFWLoSn,physico-chimie,physical chemistry,http://vocab.getty.edu/aat/300224431,exact match,exactMatch
PACTOLS,http://ark.frantiq.fr/ark:/26678/pcrt5Bet7kzAgJ,phytolithe,phytoliths,http://vocab.getty.edu/aat/300379628,exact match,exactMatch
PACTOLS,http://ark.frantiq.fr/ark:/26678/pcrtwmwJw6xguE,pic,picks (tools),http://vocab.getty.edu/aat/300024830,exact match,exactMatch
PACTOLS,http://ark.frantiq.fr/ark:/26678/pcrtJakeAnrd68,pichet,pitchers (vessels),http://vocab.getty.edu/aat/300194765,exact match,exactMatch
PACTOLS,http://ark.frantiq.fr/ark:/26678/pcrthJ0dPo1nlZ,piège,traps (trapping equipment),http://vocab.getty.edu/aat/300247420,exact match,exactMatch
PACTOLS,http://ark.frantiq.fr/ark:/26678/pcrtnlpDSw0du4,pierre ollaire,soapstone (metamorphic rock),http://vocab.getty.edu/aat/300011665,exact match,exactMatch
PACTOLS,http://ark.frantiq.fr/ark:/26678/pcrtkzqjsdoWsv,pierre sèche,dry walls (masonry),http://vocab.getty.edu/aat/300070971,exact match,exactMatch
PACTOLS,http://ark.frantiq.fr/ark:/26678/pcrtSZdQ2VTs2k,pierre tombale,tombstones (sepulchral monuments),http://vocab.getty.edu/aat/300005923,exact match,exactMatch
PACTOLS,http://ark.frantiq.fr/ark:/26678/pcrtL3WSQJjK9w,pieu,stakes (pointed objects),http://vocab.getty.edu/aat/300247473,exact match,exactMatch
PACTOLS,http://ark.frantiq.fr/ark:/26678/pcrtVJZca9L0GP,pigeonnier,dovecotes,http://vocab.getty.edu/aat/300004975,exact match,exactMatch
PACTOLS,http://ark.frantiq.fr/ark:/26678/pcrtGzQPnntJa1,pigment,pigment,http://vocab.getty.edu/aat/300013109,exact match,exactMatch
PACTOLS,http://ark.frantiq.fr/ark:/26678/pcrtPFlqRPxAw0,pilastre,pilasters,http://vocab.getty.edu/aat/300002737,exact match,exactMatch
PACTOLS,http://ark.frantiq.fr/ark:/26678/pcrttV8cp3mWYM,pile funéraire,pillar tombs,http://vocab.getty.edu/aat/300263483,exact match,exactMatch
PACTOLS,http://ark.frantiq.fr/ark:/26678/pcrtUR3VSyzS1r,pilier,pillars,http://vocab.getty.edu/aat/300264605,exact match,exactMatch
PACTOLS,http://ark.frantiq.fr/ark:/26678/pcrt7Kgm9TTHgF,pillage,looting,http://vocab.getty.edu/aat/300379554,exact match,exactMatch
PACTOLS,http://ark.frantiq.fr/ark:/26678/pcrtL9O7cXfFQc,pilon,pestles,http://vocab.getty.edu/aat/300024725,exact match,exactMatch
PACTOLS,http://ark.frantiq.fr/ark:/26678/pcrt2Li4dQSq4u,pilum,pila (javelins),http://vocab.getty.edu/aat/300213510,exact match,exactMatch
PACTOLS,http://ark.frantiq.fr/ark:/26678/pcrtWcHt5Idk5X,pince à épiler,tweezers,http://vocab.getty.edu/aat/300024749,exact match,exactMatch
PACTOLS,http://ark.frantiq.fr/ark:/26678/pcrtN0rNrP54Qt,pipe,pipes (smoking equipment),http://vocab.getty.edu/aat/300248067,exact match,exactMatch
PACTOLS,http://ark.frantiq.fr/ark:/26678/pcrtU7MKwduVZI,pisciculture,fish hatcheries,http://vocab.getty.edu/aat/300000228,close match,closeMatch
PACTOLS,http://ark.frantiq.fr/ark:/26678/pcrtWeehA5itZ7,pisé,pisé,http://vocab.getty.edu/aat/300014362,exact match,exactMatch
PACTOLS,http://ark.frantiq.fr/ark:/26678/pcrtVJoK8AR7B6,pistolet,pistols,http://vocab.getty.edu/aat/300037160,exact match,exactMatch
PACTOLS,http://ark.frantiq.fr/ark:/26678/pcrtw4WU5RpLdF,place,squares (open spaces),http://vocab.getty.edu/aat/300008304,exact match,exactMatch
PACTOLS,http://ark.frantiq.fr/ark:/26678/pcrtSqZrIUtWgv,plafond,ceilings,http://vocab.getty.edu/aat/300002031,exact match,exactMatch
PACTOLS,http://ark.frantiq.fr/ark:/26678/pcrtSKri8bFtmn,plan,floor plans,http://vocab.getty.edu/aat/300034158,exact match,exactMatch
PACTOLS,http://ark.frantiq.fr/ark:/26678/pcrtUIbdZmT2P6,plancher,floors (surface elements),http://vocab.getty.edu/aat/300002060,exact match,exactMatch
PACTOLS,http://ark.frantiq.fr/ark:/26678/pcrtNQhoS8U7Ve,plante à textile,plant fiber,http://vocab.getty.edu/aat/300014031,exact match,exactMatch
PACTOLS,http://ark.frantiq.fr/ark:/26678/pcrtATL3ZnpSP5,plante alimentaire,vegetables,http://vocab.getty.edu/aat/300380162,close match,closeMatch
PACTOLS,http://ark.frantiq.fr/ark:/26678/pcrt7HbtemJhVu,plaque,plaques (flat objects),http://vocab.getty.edu/aat/300010262,exact match,exactMatch
PACTOLS,http://ark.frantiq.fr/ark:/26678/pcrtbPJTIhNh6t,plaque de ceinture,belt buckles,http://vocab.getty.edu/aat/300375281,exact match,exactMatch
PACTOLS,http://ark.frantiq.fr/ark:/26678/pcrtGNV7vBYjjg,plaque décorée,printing plates,http://vocab.getty.edu/aat/300022755,exact match,exactMatch
PACTOLS,http://ark.frantiq.fr/ark:/26678/pcrtBcnnbWFksB,plaque-boucle,belt buckles,http://vocab.getty.edu/aat/300375281,exact match,exactMatch
PACTOLS,http://ark.frantiq.fr/ark:/26678/pcrtlZ7VYeGKO3,plaquette,plaques (flat objects),http://vocab.getty.edu/aat/300010262,exact match,exactMatch
PACTOLS,http://ark.frantiq.fr/ark:/26678/pcrtdt7TJtiVvO,plaquette décorée,plaquettes (sculptures),http://vocab.getty.edu/aat/300190507,close match,closeMatch
PACTOLS,http://ark.frantiq.fr/ark:/26678/pcrt7TXrgFrBy7,plaquette gravée,plaquettes (sculptures),http://vocab.getty.edu/aat/300190507,close match,closeMatch
PACTOLS,http://ark.frantiq.fr/ark:/26678/pcrtbrRG0zkqH0,plat,dishes (vessels),http://vocab.getty.edu/aat/300042973,exact match,exactMatch
PACTOLS,http://ark.frantiq.fr/ark:/26678/pcrt0cXwJQ0m88,plat à pain,bread pans,http://vocab.getty.edu/aat/300196376,exact match,exactMatch
PACTOLS,http://ark.frantiq.fr/ark:/26678/pcrtxVPISFTEr6,plâtre,gypsum,http://vocab.getty.edu/aat/300011099,exact match,exactMatch
PACTOLS,http://ark.frantiq.fr/ark:/26678/pcrtEpGlZykUTy,plomb,lead (metal),http://vocab.getty.edu/aat/300011022,exact match,exactMatch
PACTOLS,http://ark.frantiq.fr/ark:/26678/pcrtQIoupOcrjR,plomb inscrit,inscriptions,http://vocab.getty.edu/aat/300028702,broad match,broadMatch
PACTOLS,http://ark.frantiq.fr/ark:/26678/pcrtR02lm9id5t,podium,podiums (platforms),http://vocab.getty.edu/aat/300249278,exact match,exactMatch
PACTOLS,http://ark.frantiq.fr/ark:/26678/pcrt6x9uf6RKNp,poêle,pans (containers),http://vocab.getty.edu/aat/300042983,exact match,exactMatch
PACTOLS,http://ark.frantiq.fr/ark:/26678/pcrthHJV1reScS,poêlon,saucepans,http://vocab.getty.edu/aat/300042987,exact match,exactMatch
PACTOLS,http://ark.frantiq.fr/ark:/26678/pcrtV5hROSW9aQ,poids,weights (object genres),http://vocab.getty.edu/aat/300343371,exact match,exactMatch
PACTOLS,http://ark.frantiq.fr/ark:/26678/pcrt61TDW4zbkB,poids monétaire,coin weights,http://vocab.getty.edu/aat/300254280,exact match,exactMatch
PACTOLS,http://ark.frantiq.fr/ark:/26678/pcrtGwTuoUH3BY,poignard,daggers (weapons),http://vocab.getty.edu/aat/300037058,exact match,exactMatch
PACTOLS,http://ark.frantiq.fr/ark:/26678/pcrthN2iV93TG4,poignée,handles,http://vocab.getty.edu/aat/300024927,exact match,exactMatch
PACTOLS,http://ark.frantiq.fr/ark:/26678/pcrtMAvA0cek91,poinçon,bodkins (tools),http://vocab.getty.edu/aat/300023486,exact match,exactMatch
PACTOLS,http://ark.frantiq.fr/ark:/26678/pcrtmDqe8H6RNF,pointe,ends (object portions),http://vocab.getty.edu/aat/300190701,exact match,exactMatch
PACTOLS,http://ark.frantiq.fr/ark:/26678/pcrtd79H4ej2zN,pointe de flèche,arrowheads,http://vocab.getty.edu/aat/300024861,exact match,exactMatch
PACTOLS,http://ark.frantiq.fr/ark:/26678/pcrt8WJQ9WYnAG,pointe de lance,spearheads,http://vocab.getty.edu/aat/300037118,exact match,exactMatch
PACTOLS,http://ark.frantiq.fr/ark:/26678/pcrt3u1amrctOl,pointe de Palmela,Palmela points,http://vocab.getty.edu/aat/300400682,exact match,exactMatch
PACTOLS,http://ark.frantiq.fr/ark:/26678/pcrts48isTYuSt,pointe foliacée,foliate points,http://vocab.getty.edu/aat/300400609,exact match,exactMatch
PACTOLS,http://ark.frantiq.fr/ark:/26678/pcrtWzsaEhKlzd,poisson,fish (animals),http://vocab.getty.edu/aat/300266085,exact match,exactMatch
PACTOLS,http://ark.frantiq.fr/ark:/26678/pcrtc6RmFQxFuS,poix,pitch (tar),http://vocab.getty.edu/aat/300012949,exact match,exactMatch
PACTOLS,http://ark.frantiq.fr/ark:/26678/pcrtwS8B9AqhuJ,polissage,polishing,http://vocab.getty.edu/aat/300053867,exact match,exactMatch
PACTOLS,http://ark.frantiq.fr/ark:/26678/pcrtswvHAQS08J,polissoir,buffers (surface working tools),http://vocab.getty.edu/aat/300236674,exact match,exactMatch
PACTOLS,http://ark.frantiq.fr/ark:/26678/pcrtVgXu5JJGUg,polissoir à rainures,grooved rocks,http://vocab.getty.edu/aat/300400637,close match,closeMatch
PACTOLS,http://ark.frantiq.fr/ark:/26678/pcrtfvFEM5jWpL,polychromie,polychromy,http://vocab.getty.edu/aat/300247962,exact match,exactMatch
PACTOLS,http://ark.frantiq.fr/ark:/26678/pcrttcSF6qn4l3,pont,bridges (built works),http://vocab.getty.edu/aat/300007836,exact match,exactMatch
PACTOLS,http://ark.frantiq.fr/ark:/26678/pcrtQ9YJIfA1mQ,pont-levis,drawbridges,http://vocab.getty.edu/aat/300007858,exact match,exactMatch
PACTOLS,http://ark.frantiq.fr/ark:/26678/pcrtamWjqMqPWT,porc,Sus (genus),http://vocab.getty.edu/aat/300250114,exact match,exactMatch
PACTOLS,http://ark.frantiq.fr/ark:/26678/pcrtPEGVkSl8Hk,porcelaine,porcelain (visual works),http://vocab.getty.edu/aat/300386874,exact match,exactMatch
PACTOLS,http://ark.frantiq.fr/ark:/26678/pcrtPIyie0O35K,porcelaine chinoise,Chinese export porcelain,http://vocab.getty.edu/aat/300387409,skos:narrowMatch,narrowMatch
PACTOLS,http://ark.frantiq.fr/ark:/26678/pcrt3EJjtWAVjc,porche,porches,http://vocab.getty.edu/aat/300004132,exact match,exactMatch
PACTOLS,http://ark.frantiq.fr/ark:/26678/pcrtp45jEJloXR,porphyre,porphyry,http://vocab.getty.edu/aat/300011232,exact match,exactMatch
PACTOLS,http://ark.frantiq.fr/ark:/26678/pcrtVemT6o6YVG,port,harbors,http://vocab.getty.edu/aat/300008678,exact match,exactMatch
PACTOLS,http://ark.frantiq.fr/ark:/26678/pcrtwh5icnwutJ,port maritime,seaports,http://vocab.getty.edu/aat/300387511,exact match,exactMatch
PACTOLS,http://ark.frantiq.fr/ark:/26678/pcrt4otVkR3bqD,porte,doors,http://vocab.getty.edu/aat/300002803,exact match,exactMatch
PACTOLS,http://ark.frantiq.fr/ark:/26678/pcrtVeZQVh7enW,porte monumentale,portals,http://vocab.getty.edu/aat/300076641,close match,closeMatch
PACTOLS,http://ark.frantiq.fr/ark:/26678/pcrt3JJD9yzFE8,porte urbaine,city gates,http://vocab.getty.edu/aat/300005080,exact match,exactMatch
PACTOLS,http://ark.frantiq.fr/ark:/26678/pcrtYvFTIy7qRD,portique,porticoes,http://vocab.getty.edu/aat/300004145,exact match,exactMatch
PACTOLS,http://ark.frantiq.fr/ark:/26678/pcrtwv8hEQphcZ,pot à cuire,stockpots,http://vocab.getty.edu/aat/300198953,close match,closeMatch
PACTOLS,http://ark.frantiq.fr/ark:/26678/pcrtxsAscs897u,poteau,posts (structural elements),http://vocab.getty.edu/aat/300001609,exact match,exactMatch
PACTOLS,http://ark.frantiq.fr/ark:/26678/pcrt1DMOWvDF4j,poterie,pottery (visual works),http://vocab.getty.edu/aat/300010666,exact match,exactMatch
PACTOLS,http://ark.frantiq.fr/ark:/26678/pcrtNHs49sqYDW,poterne,posterns,http://vocab.getty.edu/aat/300002932,exact match,exactMatch
PACTOLS,http://ark.frantiq.fr/ark:/26678/pcrtvzUoe0N6qk,potier,potters,http://vocab.getty.edu/aat/300025414,exact match,exactMatch
PACTOLS,http://ark.frantiq.fr/ark:/26678/pcrtkbJMkYrMF6,potin,pewter (tin alloy),http://vocab.getty.edu/aat/300010979,exact match,exactMatch
PACTOLS,http://ark.frantiq.fr/ark:/26678/pcrtEBpIym4SMO,pourpre,crimson (color),http://vocab.getty.edu/aat/300311345,exact match,exactMatch
PACTOLS,http://ark.frantiq.fr/ark:/26678/pcrtacve3pNckc,pourrissoir,retting,http://vocab.getty.edu/aat/300265605,broad match,broadMatch
PACTOLS,http://ark.frantiq.fr/ark:/26678/pcrtMw5xXEAy1F,pratique funéraire,burials,http://vocab.getty.edu/aat/300263485,close match,closeMatch
PACTOLS,http://ark.frantiq.fr/ark:/26678/pcrtiSegPnzgXc,pratique religieuse,worship,http://vocab.getty.edu/aat/300056005,close match,closeMatch
PACTOLS,http://ark.frantiq.fr/ark:/26678/pcrtHlxwv11rUT,presbytère,presbyteries,http://vocab.getty.edu/aat/300005648,exact match,exactMatch
PACTOLS,http://ark.frantiq.fr/ark:/26678/pcrtwSX1mPDm02,pressoir à huile,oil presses,http://vocab.getty.edu/aat/300121802,exact match,exactMatch
PACTOLS,http://ark.frantiq.fr/ark:/26678/pcrtX6i6y3KIsv,pressoir à vin,wine presses,http://vocab.getty.edu/aat/300203675,exact match,exactMatch
PACTOLS,http://ark.frantiq.fr/ark:/26678/pcrtbrO7H4lPWM,prieuré,priories,http://vocab.getty.edu/aat/300000645,exact match,exactMatch
PACTOLS,http://ark.frantiq.fr/ark:/26678/pcrtGfuuHTbwsI,prison,prisons (buildings),http://vocab.getty.edu/aat/300006460,exact match,exactMatch
PACTOLS,http://ark.frantiq.fr/ark:/26678/pcrtbXaQ5mO06W,prisonnier,prisoners,http://vocab.getty.edu/aat/300025933,exact match,exactMatch
PACTOLS,http://ark.frantiq.fr/ark:/26678/pcrtg9XR0wFYKT,production,production,http://vocab.getty.edu/aat/300054713,exact match,exactMatch
PACTOLS,http://ark.frantiq.fr/ark:/26678/pcrtDffxD420gS,produit agricole,agriculture,http://vocab.getty.edu/aat/300054463,broad match,broadMatch
PACTOLS,http://ark.frantiq.fr/ark:/26678/pcrt5L4aRNkptl,projectile,projectile points,http://vocab.getty.edu/aat/300024860,exact match,exactMatch
PACTOLS,http://ark.frantiq.fr/ark:/26678/pcrtA03yShas9H,pronaos,pronaoi,http://vocab.getty.edu/aat/300004670,exact match,exactMatch
PACTOLS,http://ark.frantiq.fr/ark:/26678/pcrtsBlSwTs097,prophylaxie,preventing,http://vocab.getty.edu/aat/300189129,broad match,broadMatch
PACTOLS,http://ark.frantiq.fr/ark:/26678/pcrtM6WKp5XFlj,prospection,surveys (documents),http://vocab.getty.edu/aat/300226986,exact match,exactMatch
PACTOLS,http://ark.frantiq.fr/ark:/26678/pcrtD900pLBG6t,prospection géophysique,geophysical surveys,http://vocab.getty.edu/aat/300379907,exact match,exactMatch
PACTOLS,http://ark.frantiq.fr/ark:/26678/pcrtTxG9hMhZd7,provenance,provenance,http://vocab.getty.edu/aat/300055863,exact match,exactMatch
PACTOLS,http://ark.frantiq.fr/ark:/26678/pcrt6FVY044DB8,publication,publications (documents),http://vocab.getty.edu/aat/300111999,exact match,exactMatch
PACTOLS,http://ark.frantiq.fr/ark:/26678/pcrtiS8Ollckzn,puits,wells (structures),http://vocab.getty.edu/aat/300006207,exact match,exactMatch
PACTOLS,http://ark.frantiq.fr/ark:/26678/pcrtSp0Bn88zX1,puits d'extraction,pits (earthworks),http://vocab.getty.edu/aat/300008027,close match,closeMatch
PACTOLS,http://ark.frantiq.fr/ark:/26678/pcrtwVyNg0yMfv,puits funéraire,shaft graves (tombs),http://vocab.getty.edu/aat/300005951,exact match,exactMatch
PACTOLS,http://ark.frantiq.fr/ark:/26678/pcrtKRoPbSDJ9I,pyramidion,pyramidions,http://vocab.getty.edu/aat/300400646,exact match,exactMatch
PACTOLS,http://ark.frantiq.fr/ark:/26678/pcrtBnFSZZpTMl,pyxide,pyxes,http://vocab.getty.edu/aat/300083008,exact match,exactMatch
PACTOLS,http://ark.frantiq.fr/ark:/26678/pcrtrMs1qgrvxu,quai,quays,http://vocab.getty.edu/aat/300120782,exact match,exactMatch
PACTOLS,http://ark.frantiq.fr/ark:/26678/pcrt0dhrbSWbZw,quartier,quarters (districts),http://vocab.getty.edu/aat/300000762,exact match,exactMatch
PACTOLS,http://ark.frantiq.fr/ark:/26678/pcrtW7v3csyt1b,quartier artisanal,industrial districts,http://vocab.getty.edu/aat/300000739,close match,closeMatch
PACTOLS,http://ark.frantiq.fr/ark:/26678/pcrtBXP12Vm0e7,quartier résidentiel,residential districts,http://vocab.getty.edu/aat/300000742,exact match,exactMatch
PACTOLS,http://ark.frantiq.fr/ark:/26678/pcrtfdjrKksfEZ,quartier spécial,land use districts,http://vocab.getty.edu/aat/300000724,exact match,exactMatch
PACTOLS,http://ark.frantiq.fr/ark:/26678/pcrtDwe0cp16nl,quartz,quartz (mineral),http://vocab.getty.edu/aat/300011132,exact match,exactMatch
PACTOLS,http://ark.frantiq.fr/ark:/26678/pcrtLgpv98vu4P,quartzite,quartzite,http://vocab.getty.edu/aat/300011623,exact match,exactMatch
PACTOLS,http://ark.frantiq.fr/ark:/26678/pcrtRNmXmLw95p,racloir,scrapers (finishing tools),http://vocab.getty.edu/aat/300024836,exact match,exactMatch
PACTOLS,http://ark.frantiq.fr/ark:/26678/pcrtThu8wInkhJ,radiocarbone,radiocarbon dating,http://vocab.getty.edu/aat/300054717,exact match,exactMatch
PACTOLS,http://ark.frantiq.fr/ark:/26678/pcrt6LWkykxIa8,radiographie,radiography,http://vocab.getty.edu/aat/300053450,exact match,exactMatch
PACTOLS,http://ark.frantiq.fr/ark:/26678/pcrtEZtdnlGSe0,rame,oars,http://vocab.getty.edu/aat/300213077,exact match,exactMatch
PACTOLS,http://ark.frantiq.fr/ark:/26678/pcrtk1diUAx3s7,rasoir,razors,http://vocab.getty.edu/aat/300236438,exact match,exactMatch
PACTOLS,http://ark.frantiq.fr/ark:/26678/pcrtolrabjfp2T,raté de cuisson,firing (technique),http://vocab.getty.edu/aat/300053887,broad match,broadMatch
PACTOLS,http://ark.frantiq.fr/ark:/26678/pcrttEGd8ZYxey,recensement,censusing,http://vocab.getty.edu/aat/300393181,exact match,exactMatch
PACTOLS,http://ark.frantiq.fr/ark:/26678/pcrtGuNNWYMcIA,réchaud,"braziers (cooking, heating equipment)",http://vocab.getty.edu/aat/300198452,exact match,exactMatch
PACTOLS,http://ark.frantiq.fr/ark:/26678/pcrtdJAt9nhHcl,récipient (fonction),vessels (containers),http://vocab.getty.edu/aat/300193015,close match,closeMatch
PACTOLS,http://ark.frantiq.fr/ark:/26678/pcrtrKe2HqRZl4,récipient (typologie),vessels (containers),http://vocab.getty.edu/aat/300193015,close match,closeMatch
PACTOLS,http://ark.frantiq.fr/ark:/26678/pcrt4AGeTNVEJs,récipient de stockage,containers (receptacles),http://vocab.getty.edu/aat/300197197,exact match,exactMatch
PACTOLS,http://ark.frantiq.fr/ark:/26678/pcrtrybRSZB1lH,récipient non céramique,containers (receptacles),http://vocab.getty.edu/aat/300197197,broad match,broadMatch
PACTOLS,http://ark.frantiq.fr/ark:/26678/pcrtc2ZnwiAPpd,récipient ouvert,vessels (containers),http://vocab.getty.edu/aat/300193015,broad match,broadMatch
PACTOLS,http://ark.frantiq.fr/ark:/26678/pcrtTPNhTpHiLB,récipient rituel,ritual vessels,http://vocab.getty.edu/aat/300265801,exact match,exactMatch
PACTOLS,http://ark.frantiq.fr/ark:/26678/pcrtfv4IrNiWE8,récipients,vessels (containers),http://vocab.getty.edu/aat/300193015,exact match,exactMatch
PACTOLS,http://ark.frantiq.fr/ark:/26678/pcrtPc80oZfofd,récolte,farming (function),http://vocab.getty.edu/aat/300192802,broad match,broadMatch
PACTOLS,http://ark.frantiq.fr/ark:/26678/pcrtBdx2xbw5L8,reconstitution,restoration (process),http://vocab.getty.edu/aat/300053742,close match,closeMatch
PACTOLS,http://ark.frantiq.fr/ark:/26678/pcrtBx4xajlIjR,reconstruction,reconstruction (process ),http://vocab.getty.edu/aat/300053744,exact match,exactMatch
PACTOLS,http://ark.frantiq.fr/ark:/26678/pcrt6GM1L0NKd4,réfrigération,refrigeration (process),http://vocab.getty.edu/aat/300053882,exact match,exactMatch
PACTOLS,http://ark.frantiq.fr/ark:/26678/pcrtfijMya7ARK,régime alimentaire,diet,http://vocab.getty.edu/aat/300379463,exact match,exactMatch
PACTOLS,http://ark.frantiq.fr/ark:/26678/pcrtSQMQgJGzx3,relais,roadhouses,http://vocab.getty.edu/aat/300005206,close match,closeMatch
PACTOLS,http://ark.frantiq.fr/ark:/26678/pcrt1PtSvqzeS0,relief,relief (sculpture techniques),http://vocab.getty.edu/aat/300053622,exact match,exactMatch
PACTOLS,http://ark.frantiq.fr/ark:/26678/pcrtybZfQyGGDM,religion,"religions (belief systems, cultures)",http://vocab.getty.edu/aat/300073708,exact match,exactMatch
PACTOLS,http://ark.frantiq.fr/ark:/26678/pcrt3qfpcjQejP,reliquaire,reliquaries,http://vocab.getty.edu/aat/300187549,exact match,exactMatch
PACTOLS,http://ark.frantiq.fr/ark:/26678/pcrt9M0SrAITut,remblai,embankments,http://vocab.getty.edu/aat/300008023,exact match,exactMatch
PACTOLS,http://ark.frantiq.fr/ark:/26678/pcrtSy10ihyt5s,remontage,refitting,http://vocab.getty.edu/aat/300400678,exact match,exactMatch
PACTOLS,http://ark.frantiq.fr/ark:/26678/pcrtMmh3cNfKb3,rempart,bulwarks,http://vocab.getty.edu/aat/300387515,exact match,exactMatch
PACTOLS,http://ark.frantiq.fr/ark:/26678/pcrtXOuO8FKGbe,remploi,adaptive reuse,http://vocab.getty.edu/aat/300056392,exact match,exactMatch
PACTOLS,http://ark.frantiq.fr/ark:/26678/pcrtSGYXpNbhwF,renard,foxes (animals),http://vocab.getty.edu/aat/300266520,exact match,exactMatch
PACTOLS,http://ark.frantiq.fr/ark:/26678/pcrthEe9BJru6v,rendement,capacity,http://vocab.getty.edu/aat/300220066,broad match,broadMatch
PACTOLS,http://ark.frantiq.fr/ark:/26678/pcrtjuRb0UXSPh,renne,Rangifer tarandus (species),http://vocab.getty.edu/aat/300253843,exact match,exactMatch
PACTOLS,http://ark.frantiq.fr/ark:/26678/pcrtDm4SzIGTiV,repas,"meals (eating, event)",http://vocab.getty.edu/aat/300379053,exact match,exactMatch
PACTOLS,http://ark.frantiq.fr/ark:/26678/pcrtkSnboosslY,repas funéraire,funerals,http://vocab.getty.edu/aat/300069162,broad match,broadMatch
PACTOLS,http://ark.frantiq.fr/ark:/26678/pcrtV3IEHqowSP,repas rituel,rituals (events),http://vocab.getty.edu/aat/300065284,broad match,broadMatch
PACTOLS,http://ark.frantiq.fr/ark:/26678/pcrtRnZm96c6HF,représentation architecturale,architectural drawings (visual works),http://vocab.getty.edu/aat/300034787,exact match,exactMatch
PACTOLS,http://ark.frantiq.fr/ark:/26678/pcrtZKVsvkIvmO,représentation de partie humaine,human figures (visual works),http://vocab.getty.edu/aat/300404114,close match,closeMatch
PACTOLS,http://ark.frantiq.fr/ark:/26678/pcrt9PXeW1n9Wv,représentation de paysage,landscapes (representations),http://vocab.getty.edu/aat/300015636,exact match,exactMatch
PACTOLS,http://ark.frantiq.fr/ark:/26678/pcrt55D1AwT1kg,reptile,Reptilia (class),http://vocab.getty.edu/aat/300265956,exact match,exactMatch
PACTOLS,http://ark.frantiq.fr/ark:/26678/pcrti29g0mB5JT,réseau routier,roads,http://vocab.getty.edu/aat/300008217,exact match,exactMatch
PACTOLS,http://ark.frantiq.fr/ark:/26678/pcrti29g0mB5JT,réseau viaire,roads,http://vocab.getty.edu/aat/300008217,exact match,exactMatch
PACTOLS,http://ark.frantiq.fr/ark:/26678/pcrtamDrEz9F4I,réservoir,reservoirs (water distribution structures),http://vocab.getty.edu/aat/300006191,exact match,exactMatch
PACTOLS,http://ark.frantiq.fr/ark:/26678/pcrtT7xkUlGGbB,résidence aristocratique,mansions,http://vocab.getty.edu/aat/300071272,close match,closeMatch
PACTOLS,http://ark.frantiq.fr/ark:/26678/pcrtrxL50B7yNx,résine,resin (organic material),http://vocab.getty.edu/aat/300012882,exact match,exactMatch
PACTOLS,http://ark.frantiq.fr/ark:/26678/pcrtWTK3DeulF7,résonance de spin électronique,electron spin resonance,http://vocab.getty.edu/aat/300220387,exact match,exactMatch
PACTOLS,http://ark.frantiq.fr/ark:/26678/pcrtMSRKVDdz7Z,restitution,reproductions,http://vocab.getty.edu/aat/300015643,exact match,exactMatch
PACTOLS,http://ark.frantiq.fr/ark:/26678/pcrthmS86NawNU,retable,retables (altar appendage),http://vocab.getty.edu/aat/300076035,exact match,exactMatch
PACTOLS,http://ark.frantiq.fr/ark:/26678/pcrtTxljL0MI61,retouche,retouch (archaeological concept),http://vocab.getty.edu/aat/300400661,exact match,exactMatch
PACTOLS,http://ark.frantiq.fr/ark:/26678/pcrtosJq8KFgDB,retouchoir,retouch (archaeological concept),http://vocab.getty.edu/aat/300400661,broad match,broadMatch
PACTOLS,http://ark.frantiq.fr/ark:/26678/pcrt0uGqGRYcaL,rhinocéros,Rhinocerotidae (family),http://vocab.getty.edu/aat/300250315,exact match,exactMatch
PACTOLS,http://ark.frantiq.fr/ark:/26678/pcrtXVZBob53by,rhyolite,rhyolite,http://vocab.getty.edu/aat/300011211,exact match,exactMatch
PACTOLS,http://ark.frantiq.fr/ark:/26678/pcrtZ9GDySg7pm,rite funéraire,funerals,http://vocab.getty.edu/aat/300069162,close match,closeMatch
PACTOLS,http://ark.frantiq.fr/ark:/26678/pcrtoyqcfQUVMK,rites,rites,http://vocab.getty.edu/aat/300312160,exact match,exactMatch
PACTOLS,http://ark.frantiq.fr/ark:/26678/pcrthBOo082xvY,rituel,rituals (events),http://vocab.getty.edu/aat/300065284,exact match,exactMatch
PACTOLS,http://ark.frantiq.fr/ark:/26678/pcrtZ9GDySg7pm,rituel funéraire,funerals,http://vocab.getty.edu/aat/300069162,close match,closeMatch
PACTOLS,http://ark.frantiq.fr/ark:/26678/pcrtHj8OIOOjJe,rivet,rivets,http://vocab.getty.edu/aat/300036425,exact match,exactMatch
PACTOLS,http://ark.frantiq.fr/ark:/26678/pcrttDG0oSwLVJ,rivière,rivers,http://vocab.getty.edu/aat/300008707,exact match,exactMatch
PACTOLS,http://ark.frantiq.fr/ark:/26678/pcrtSVdwKcS3MI,roche,rock (inorganic material),http://vocab.getty.edu/aat/300011692,exact match,exactMatch
PACTOLS,http://ark.frantiq.fr/ark:/26678/pcrtDhZmKFAlZa,roche magmatique,igneous rock,http://vocab.getty.edu/aat/300011178,exact match,exactMatch
PACTOLS,http://ark.frantiq.fr/ark:/26678/pcrtj3ZcwkArSR,roche sédimentaire,sedimentary rock,http://vocab.getty.edu/aat/300011273,exact match,exactMatch
PACTOLS,http://ark.frantiq.fr/ark:/26678/pcrtmxvuuXHSTS,roche volcanique,igneous rock,http://vocab.getty.edu/aat/300011178,exact match,exactMatch
PACTOLS,http://ark.frantiq.fr/ark:/26678/pcrtXklWBqN8mN,romanisation,colonization,http://vocab.getty.edu/aat/300055402,broad match,broadMatch
PACTOLS,http://ark.frantiq.fr/ark:/26678/pcrtAUJf7Z2DsS,rondelle,washers (fasteners),http://vocab.getty.edu/aat/300036432,exact match,exactMatch
PACTOLS,http://ark.frantiq.fr/ark:/26678/pcrtFl3pmSnGsQ,roue,wheels (components),http://vocab.getty.edu/aat/300024976,exact match,exactMatch
PACTOLS,http://ark.frantiq.fr/ark:/26678/pcrtDFgBQSnOH0,roue à aube,water mills,http://vocab.getty.edu/aat/300006270,broad match,broadMatch
PACTOLS,http://ark.frantiq.fr/ark:/26678/pcrt5xX0ZtiV67,rouelle,votive offerings,http://vocab.getty.edu/aat/300178244,broad match,broadMatch
PACTOLS,http://ark.frantiq.fr/ark:/26678/pcrt9tOSfBmNuc,route,roads,http://vocab.getty.edu/aat/300008217,exact match,exactMatch
PACTOLS,http://ark.frantiq.fr/ark:/26678/pcrt2SY3ROHAYV,rue,streets,http://vocab.getty.edu/aat/300008247,exact match,exactMatch
PACTOLS,http://ark.frantiq.fr/ark:/26678/pcrtav4GgUBmvU,rural,rural,http://vocab.getty.edu/aat/300379516,exact match,exactMatch
PACTOLS,http://ark.frantiq.fr/ark:/26678/pcrt0HFzFNNK1N,sable,sand,http://vocab.getty.edu/aat/300014341,exact match,exactMatch
PACTOLS,http://ark.frantiq.fr/ark:/26678/pcrtz0w6vUsuRQ,sabre,sabers,http://vocab.getty.edu/aat/300037086,exact match,exactMatch
PACTOLS,http://ark.frantiq.fr/ark:/26678/pcrt1N8tL35oBg,sacrifice,sacrifices,http://vocab.getty.edu/aat/300263243,exact match,exactMatch
PACTOLS,http://ark.frantiq.fr/ark:/26678/pcrtWWZemZd9gj,sacristie,sacristies (religious spaces),http://vocab.getty.edu/aat/300004631,exact match,exactMatch
PACTOLS,http://ark.frantiq.fr/ark:/26678/pcrtPD5wyQH2wG,sagaie,assegais,http://vocab.getty.edu/aat/300251704,exact match,exactMatch
PACTOLS,http://ark.frantiq.fr/ark:/26678/pcrtQyHiirB1US,saisonnier,migrant workers,http://vocab.getty.edu/aat/300025891,close match,closeMatch
PACTOLS,http://ark.frantiq.fr/ark:/26678/pcrtVRGDeMZs50,saline,salt marshes,http://vocab.getty.edu/aat/300387003,exact match,exactMatch
PACTOLS,http://ark.frantiq.fr/ark:/26678/pcrtbwGuSAPKld,salle capitulaire,chapter houses,http://vocab.getty.edu/aat/300007418,exact match,exactMatch
PACTOLS,http://ark.frantiq.fr/ark:/26678/pcrtF9P4mbuyGk,sanctuaire,sanctuaries (religious building spaces),http://vocab.getty.edu/aat/300004575,exact match,exactMatch
PACTOLS,http://ark.frantiq.fr/ark:/26678/pcrtXxzPt5omn1,sandale,sandals,http://vocab.getty.edu/aat/300046077,exact match,exactMatch
PACTOLS,http://ark.frantiq.fr/ark:/26678/pcrtzpthHxgRWY,sarcophage,sarcophagi (coffins),http://vocab.getty.edu/aat/300005947,exact match,exactMatch
PACTOLS,http://ark.frantiq.fr/ark:/26678/pcrt82lj1bBlxj,saumure,salting (preserving),http://vocab.getty.edu/aat/300400676,broad match,broadMatch
PACTOLS,http://ark.frantiq.fr/ark:/26678/pcrtXOgVOi2Rbt,saunerie,saltworks,http://vocab.getty.edu/aat/300045537,exact match,exactMatch
PACTOLS,http://ark.frantiq.fr/ark:/26678/pcrtxB7AK7LSTp,savane,savannas,http://vocab.getty.edu/aat/300008881,exact match,exactMatch
PACTOLS,http://ark.frantiq.fr/ark:/26678/pcrtwUh0y59kD4,scalptorium,scratch tools,http://vocab.getty.edu/aat/300023081,broad match,broadMatch
PACTOLS,http://ark.frantiq.fr/ark:/26678/pcrtZS6oum6Xwy,sceau,seals (artifacts),http://vocab.getty.edu/aat/300028877,exact match,exactMatch
PACTOLS,http://ark.frantiq.fr/ark:/26678/pcrtUtYOn0siqy,sceau-cylindre,cylinder seals,http://vocab.getty.edu/aat/300195841,exact match,exactMatch
PACTOLS,http://ark.frantiq.fr/ark:/26678/pcrtJfSVQroYis,scellement,sealing (process),http://vocab.getty.edu/aat/300053822,exact match,exactMatch
PACTOLS,http://ark.frantiq.fr/ark:/26678/pcrtImRXTwOx0B,schiste,schist,http://vocab.getty.edu/aat/300011626,exact match,exactMatch
PACTOLS,http://ark.frantiq.fr/ark:/26678/pcrtLnUS9cADfI,scie,saws,http://vocab.getty.edu/aat/300024671,exact match,exactMatch
PACTOLS,http://ark.frantiq.fr/ark:/26678/pcrtzh0WTynBny,scories,scoria,http://vocab.getty.edu/aat/300137730,exact match,exactMatch
PACTOLS,http://ark.frantiq.fr/ark:/26678/pcrt9qyM2vyJd6,scramasaxe,saxes (edged weapons),http://vocab.getty.edu/aat/300400650,exact match,exactMatch
PACTOLS,http://ark.frantiq.fr/ark:/26678/pcrt4rR2kyMQuW,sculpture,sculpture (visual works),http://vocab.getty.edu/aat/300047090,exact match,exactMatch
PACTOLS,http://ark.frantiq.fr/ark:/26678/pcrtBWujheDk6Z,sculpture funéraire,funerary sculpture,http://vocab.getty.edu/aat/300184644,exact match,exactMatch
PACTOLS,http://ark.frantiq.fr/ark:/26678/pcrt3Y24BzzYhk,seau,buckets (vessels),http://vocab.getty.edu/aat/300045651,exact match,exactMatch
PACTOLS,http://ark.frantiq.fr/ark:/26678/pcrtmFiiOHIboO,séchage,drying,http://vocab.getty.edu/aat/300053758,exact match,exactMatch
PACTOLS,http://ark.frantiq.fr/ark:/26678/pcrtT7StpJd3ye,sédentarisation,land settlement,http://vocab.getty.edu/aat/300055401,close match,closeMatch
PACTOLS,http://ark.frantiq.fr/ark:/26678/pcrt8JpPBNyUGO,sédimentation,sediment,http://vocab.getty.edu/aat/300379424,close match,closeMatch
PACTOLS,http://ark.frantiq.fr/ark:/26678/pcrt4vmcwIU4yP,sédimentologie,sedimentology,http://vocab.getty.edu/aat/300379586,exact match,exactMatch
PACTOLS,http://ark.frantiq.fr/ark:/26678/pcrtT35kYh63Ey,seigle,Elymus (genus),http://vocab.getty.edu/aat/300375489,broad match,broadMatch
PACTOLS,http://ark.frantiq.fr/ark:/26678/pcrthmVBQESXy2,sel,salt (inorganic material),http://vocab.getty.edu/aat/300183627,exact match,exactMatch
PACTOLS,http://ark.frantiq.fr/ark:/26678/pcrt795b632nWw,sépulture,graves,http://vocab.getty.edu/aat/300005907,exact match,exactMatch
PACTOLS,http://ark.frantiq.fr/ark:/26678/pcrt5JabTE2S1y,sépulture collective,graves,http://vocab.getty.edu/aat/300005907,broad match,broadMatch
PACTOLS,http://ark.frantiq.fr/ark:/26678/pcrtu9IVkMoqZH,sépulture d'animaux,graves,http://vocab.getty.edu/aat/300005907,broad match,broadMatch
PACTOLS,http://ark.frantiq.fr/ark:/26678/pcrtVjzPFoOkpk,sépulture d'enfant,graves,http://vocab.getty.edu/aat/300005907,broad match,broadMatch
PACTOLS,http://ark.frantiq.fr/ark:/26678/pcrtUTIawFdJyT,sépulture double,double burials,http://vocab.getty.edu/aat/300400606,exact match,exactMatch
PACTOLS,http://ark.frantiq.fr/ark:/26678/pcrtaYjSmbqgpE,sépulture féminine,graves,http://vocab.getty.edu/aat/300005907,broad match,broadMatch
PACTOLS,http://ark.frantiq.fr/ark:/26678/pcrt3u4zAuShTw,sépulture masculine,graves,http://vocab.getty.edu/aat/300005907,broad match,broadMatch
PACTOLS,http://ark.frantiq.fr/ark:/26678/pcrtqdNtRi9Tsb,sépulture secondaire,reburial,http://vocab.getty.edu/aat/300379368,close match,closeMatch
PACTOLS,http://ark.frantiq.fr/ark:/26678/pcrtz3X7k2pIel,serpette,billhooks,http://vocab.getty.edu/aat/300265636,exact match,exactMatch
PACTOLS,http://ark.frantiq.fr/ark:/26678/pcrtdSroJ7S1Yi,serrure,locks (securing devices),http://vocab.getty.edu/aat/300033407,exact match,exactMatch
PACTOLS,http://ark.frantiq.fr/ark:/26678/pcrtuq4lc43JjB,serrurerie,locksmiths,http://vocab.getty.edu/aat/300025336,close match,closeMatch
PACTOLS,http://ark.frantiq.fr/ark:/26678/pcrt0dHwUvhWqv,sesterce,sestertii,http://vocab.getty.edu/aat/300037270,exact match,exactMatch
PACTOLS,http://ark.frantiq.fr/ark:/26678/pcrt2vSqFSVOQc,sidérurgie,ironworking,http://vocab.getty.edu/aat/300054049,exact match,exactMatch
PACTOLS,http://ark.frantiq.fr/ark:/26678/pcrtlBLY2zwdxi,sifflet,whistles,http://vocab.getty.edu/aat/300042706,exact match,exactMatch
PACTOLS,http://ark.frantiq.fr/ark:/26678/pcrtTGYtROASZW,SIG,geographic information systems,http://vocab.getty.edu/aat/300263887,exact match,exactMatch
PACTOLS,http://ark.frantiq.fr/ark:/26678/pcrt7ON1SbYHuf,sigillée,Terra sigillata (pottery style),http://vocab.getty.edu/aat/300107376,exact match,exactMatch
PACTOLS,http://ark.frantiq.fr/ark:/26678/pcrtASNSSVPKAu,sigillée africaine,African terra sigillata,http://vocab.getty.edu/aat/300301393,exact match,exactMatch
PACTOLS,http://ark.frantiq.fr/ark:/26678/pcrtl5ONg8O33B,sigillée claire,terra sigillata chiara,http://vocab.getty.edu/aat/300387474,exact match,exactMatch
PACTOLS,http://ark.frantiq.fr/ark:/26678/pcrtOmp3tcFarb,sigillée d'Argonne,terra sigillata ware,http://vocab.getty.edu/aat/300387395,broad match,broadMatch
PACTOLS,http://ark.frantiq.fr/ark:/26678/pcrt9EYVyoaeDN,sigillée de Gaule de l'Est,terra sigillata ware,http://vocab.getty.edu/aat/300387395,broad match,broadMatch
PACTOLS,http://ark.frantiq.fr/ark:/26678/pcrtglvJ4bEDjY,sigillée de Gaule du Centre,terra sigillata ware,http://vocab.getty.edu/aat/300387395,broad match,broadMatch
PACTOLS,http://ark.frantiq.fr/ark:/26678/pcrt7rXE1Lln5j,sigillée gallo-romaine,terra sigillata ware,http://vocab.getty.edu/aat/300387395,broad match,broadMatch
PACTOLS,http://ark.frantiq.fr/ark:/26678/pcrt7rXE1Lln5j,sigillée gauloise,terra sigillata ware,http://vocab.getty.edu/aat/300387395,broad match,broadMatch
PACTOLS,http://ark.frantiq.fr/ark:/26678/pcrt5vXubUfqPO,sigillée italique,Italic terra sigillata,http://vocab.getty.edu/aat/300301418,exact match,exactMatch
PACTOLS,http://ark.frantiq.fr/ark:/26678/pcrtLRidhSkMsE,sigillée sud-gauloise,south Gallic terra sigillata,http://vocab.getty.edu/aat/300301427,exact match,exactMatch
PACTOLS,http://ark.frantiq.fr/ark:/26678/pcrtTd6K5orhOr,signe gravé,engraving (action),http://vocab.getty.edu/aat/300053829,broad match,broadMatch
PACTOLS,http://ark.frantiq.fr/ark:/26678/pcrtIzSUofuocv,silex,flint (rock),http://vocab.getty.edu/aat/300011143,exact match,exactMatch
PACTOLS,http://ark.frantiq.fr/ark:/26678/pcrtF8Wf7AekK2,silice,silica (mineral),http://vocab.getty.edu/aat/300011131,exact match,exactMatch
PACTOLS,http://ark.frantiq.fr/ark:/26678/pcrtdgALrHBSlv,silo,silos (agricultural structures),http://vocab.getty.edu/aat/300005024,exact match,exactMatch
PACTOLS,http://ark.frantiq.fr/ark:/26678/pcrt9PJh9aTXv4,site archéologique,archaeological sites,http://vocab.getty.edu/aat/300000810,exact match,exactMatch
PACTOLS,http://ark.frantiq.fr/ark:/26678/pcrt7XYoF5la6b,site de plaine,archaeological sites,http://vocab.getty.edu/aat/300000810,broad match,broadMatch
PACTOLS,http://ark.frantiq.fr/ark:/26678/pcrtSu7E2Qh0Xv,site d'extraction,archaeological sites,http://vocab.getty.edu/aat/300000810,broad match,broadMatch
PACTOLS,http://ark.frantiq.fr/ark:/26678/pcrtU0zgrbMIHE,situle,situlae,http://vocab.getty.edu/aat/300198870,exact match,exactMatch
PACTOLS,http://ark.frantiq.fr/ark:/26678/pcrta4xHmtEUeL,soc d'araire,plowshares,http://vocab.getty.edu/aat/300400665,exact match,exactMatch
PACTOLS,http://ark.frantiq.fr/ark:/26678/pcrtYRywMlAUGn,soc de charrue,plowshares,http://vocab.getty.edu/aat/300400665,exact match,exactMatch
PACTOLS,http://ark.frantiq.fr/ark:/26678/pcrt5Vyzd3D9vw,société,social functions,http://vocab.getty.edu/aat/300138065,close match,closeMatch
PACTOLS,http://ark.frantiq.fr/ark:/26678/pcrtjyu8fGvM12,socle-piédestal,pedestals,http://vocab.getty.edu/aat/300001744,exact match,exactMatch
PACTOLS,http://ark.frantiq.fr/ark:/26678/pcrthQAINOX0GB,sol,soil,http://vocab.getty.edu/aat/300014330,exact match,exactMatch
PACTOLS,http://ark.frantiq.fr/ark:/26678/pcrtvRM2ZVPsLA,sol terrazzo,terrazzo,http://vocab.getty.edu/aat/300011696,exact match,exactMatch
PACTOLS,http://ark.frantiq.fr/ark:/26678/pcrtWWQS75V5Bc,sondage,trenches,http://vocab.getty.edu/aat/300008022,broad match,broadMatch
PACTOLS,http://ark.frantiq.fr/ark:/26678/pcrtAIrNT67ovS,soubassement,substructures,http://vocab.getty.edu/aat/300001955,exact match,exactMatch
PACTOLS,http://ark.frantiq.fr/ark:/26678/pcrtSKvPhI0dHJ,source,springs (bodies of water),http://vocab.getty.edu/aat/300008697,exact match,exactMatch
PACTOLS,http://ark.frantiq.fr/ark:/26678/pcrtAZBmluawuf,sources archéologiques,reference sources,http://vocab.getty.edu/aat/300163404,broad match,broadMatch
PACTOLS,http://ark.frantiq.fr/ark:/26678/pcrtyGBKSdgbDj,sources cartographiques,reference sources,http://vocab.getty.edu/aat/300163404,broad match,broadMatch
PACTOLS,http://ark.frantiq.fr/ark:/26678/pcrtEIoHXm4ThB,sources de l'histoire,reference sources,http://vocab.getty.edu/aat/300163404,broad match,broadMatch
PACTOLS,http://ark.frantiq.fr/ark:/26678/pcrtvskf7FZVME,sources écrites,reference sources,http://vocab.getty.edu/aat/300163404,broad match,broadMatch
PACTOLS,http://ark.frantiq.fr/ark:/26678/pcrtkrTq5JRzvf,sources iconographiques,reference sources,http://vocab.getty.edu/aat/300163404,broad match,broadMatch
PACTOLS,http://ark.frantiq.fr/ark:/26678/pcrtShO3h4Ldmk,sources littéraires,reference sources,http://vocab.getty.edu/aat/300163404,broad match,broadMatch
PACTOLS,http://ark.frantiq.fr/ark:/26678/pcrtYDw1DVDUXe,soutènement,supporting,http://vocab.getty.edu/aat/300053768,exact match,exactMatch
PACTOLS,http://ark.frantiq.fr/ark:/26678/pcrtNU9yWjKe6U,souterrain,souterrains (passages),http://vocab.getty.edu/aat/300004779,exact match,exactMatch
PACTOLS,http://ark.frantiq.fr/ark:/26678/pcrtiZVgpwZxxt,spatule,spatulas (artists' tools),http://vocab.getty.edu/aat/300193195,close match,closeMatch
PACTOLS,http://ark.frantiq.fr/ark:/26678/pcrtJM6rFSQ84T,spectrométrie de masse par accélérateur,mass spectrometers,http://vocab.getty.edu/aat/300198980,exact match,exactMatch
PACTOLS,http://ark.frantiq.fr/ark:/26678/pcrtPIaKhMk2ks,spéculation,speculating,http://vocab.getty.edu/aat/300121807,exact match,exactMatch
PACTOLS,http://ark.frantiq.fr/ark:/26678/pcrtcS3oJgVjRu,sport,sports,http://vocab.getty.edu/aat/300222725,exact match,exactMatch
PACTOLS,http://ark.frantiq.fr/ark:/26678/pcrtQjFLxSMhNs,sports,sports,http://vocab.getty.edu/aat/300222725,exact match,exactMatch
PACTOLS,http://ark.frantiq.fr/ark:/26678/pcrtWGHXhdG8Xy,squelette,skeletons (animal components),http://vocab.getty.edu/aat/300191778,exact match,exactMatch
PACTOLS,http://ark.frantiq.fr/ark:/26678/pcrtUqG1cmRahD,statère,staters,http://vocab.getty.edu/aat/300191666,exact match,exactMatch
PACTOLS,http://ark.frantiq.fr/ark:/26678/pcrtFJ1mxd5cGS,statistique,statistics,http://vocab.getty.edu/aat/300026924,exact match,exactMatch
PACTOLS,http://ark.frantiq.fr/ark:/26678/pcrt89cX9Z01xr,statuaire,statues,http://vocab.getty.edu/aat/300047600,close match,closeMatch
PACTOLS,http://ark.frantiq.fr/ark:/26678/pcrtI1R2oldVZn,statue,statues,http://vocab.getty.edu/aat/300047600,exact match,exactMatch
PACTOLS,http://ark.frantiq.fr/ark:/26678/pcrtQPAuiNqSdy,statuette,statuettes (statues),http://vocab.getty.edu/aat/300312262,exact match,exactMatch
PACTOLS,http://ark.frantiq.fr/ark:/26678/pcrtvpHLEemb4v,stèle,stelae,http://vocab.getty.edu/aat/300007023,exact match,exactMatch
PACTOLS,http://ark.frantiq.fr/ark:/26678/pcrt6FJgRdSUXx,stèle funéraire,stelae,http://vocab.getty.edu/aat/300007023,broad match,broadMatch
PACTOLS,http://ark.frantiq.fr/ark:/26678/pcrt4csug8yYED,stèle funéraire décorée,stelae,http://vocab.getty.edu/aat/300007023,broad match,broadMatch
PACTOLS,http://ark.frantiq.fr/ark:/26678/pcrt0fEFHq0Qcm,steppe,steppes,http://vocab.getty.edu/aat/300386995,exact match,exactMatch
PACTOLS,http://ark.frantiq.fr/ark:/26678/pcrto3fB02OhuY,stockage,storage,http://vocab.getty.edu/aat/300056390,exact match,exactMatch
PACTOLS,http://ark.frantiq.fr/ark:/26678/pcrtG6GAQWGerl,stratégie,wars,http://vocab.getty.edu/aat/300055314,broad match,broadMatch
PACTOLS,http://ark.frantiq.fr/ark:/26678/pcrt6TSfpXkNW6,strates géologiques,geological formations,http://vocab.getty.edu/aat/300387100,close match,closeMatch
PACTOLS,http://ark.frantiq.fr/ark:/26678/pcrtAyr2cM5Yf0,stratigraphie,stratigraphy,http://vocab.getty.edu/aat/300192073,exact match,exactMatch
PACTOLS,http://ark.frantiq.fr/ark:/26678/pcrtXkBDk8keXY,strigile,strigils,http://vocab.getty.edu/aat/300343767,exact match,exactMatch
PACTOLS,http://ark.frantiq.fr/ark:/26678/pcrtHBU3mnn3DF,structure agraire,agriculture,http://vocab.getty.edu/aat/300054463,broad match,broadMatch
PACTOLS,http://ark.frantiq.fr/ark:/26678/pcrtKfL11q1qOk,structure annexe,outbuildings,http://vocab.getty.edu/aat/300008001,exact match,exactMatch
PACTOLS,http://ark.frantiq.fr/ark:/26678/pcrtjMViY6Mka1,structure de combustion,fireplaces,http://vocab.getty.edu/aat/300052267,exact match,exactMatch
PACTOLS,http://ark.frantiq.fr/ark:/26678/pcrtux8pUagmKL,structure urbaine,urbanization,http://vocab.getty.edu/aat/300055460,broad match,broadMatch
PACTOLS,http://ark.frantiq.fr/ark:/26678/pcrtsIGcaQ8O7x,stuc,stucco,http://vocab.getty.edu/aat/300014966,exact match,exactMatch
PACTOLS,http://ark.frantiq.fr/ark:/26678/pcrt9SkpOgSbXw,stuc peint,frescoes (paintings),http://vocab.getty.edu/aat/300177433,close match,closeMatch
PACTOLS,http://ark.frantiq.fr/ark:/26678/pcrtSgJdONpbqW,style à paroi fine,Roman pottery styles,http://vocab.getty.edu/aat/300107361,broad match,broadMatch
PACTOLS,http://ark.frantiq.fr/ark:/26678/pcrttDPhmeXlJn,style corinthien,Corinthian (pottery style),http://vocab.getty.edu/aat/300020133,exact match,exactMatch
PACTOLS,http://ark.frantiq.fr/ark:/26678/pcrtIqu9Z939hh,style d'architecture (discipline),architecture,http://vocab.getty.edu/aat/300054156,broad match,broadMatch
PACTOLS,http://ark.frantiq.fr/ark:/26678/pcrtJxXUPZ76vw,style protoattique,Proto-Attic,http://vocab.getty.edu/aat/300265031,exact match,exactMatch
PACTOLS,http://ark.frantiq.fr/ark:/26678/pcrtYwa01IgGQF,stylistique,iconography,http://vocab.getty.edu/aat/300055859,broad match,broadMatch
PACTOLS,http://ark.frantiq.fr/ark:/26678/pcrtwIptMTwKjR,stylobate,stylobates,http://vocab.getty.edu/aat/300000986,exact match,exactMatch
PACTOLS,http://ark.frantiq.fr/ark:/26678/pcrta3PzVQ4Hnu,sucrerie,sugar houses,http://vocab.getty.edu/aat/300004958,exact match,exactMatch
PACTOLS,http://ark.frantiq.fr/ark:/26678/pcrt7qUGPzSAnk,suidé,Suidae (family),http://vocab.getty.edu/aat/300310427,exact match,exactMatch
PACTOLS,http://ark.frantiq.fr/ark:/26678/pcrtEnDi29BSEv,supplice,torturing,http://vocab.getty.edu/aat/300260428,close match,closeMatch
PACTOLS,http://ark.frantiq.fr/ark:/26678/pcrtjU6tklpIsW,sylviculture,silviculture,http://vocab.getty.edu/aat/300179397,exact match,exactMatch
PACTOLS,http://ark.frantiq.fr/ark:/26678/pcrtI3GLtDKz2W,synagogue,synagogues (buildings),http://vocab.getty.edu/aat/300007590,exact match,exactMatch
PACTOLS,http://ark.frantiq.fr/ark:/26678/pcrtXLoNEjBvnw,tabac,tobacco (material),http://vocab.getty.edu/aat/300011896,exact match,exactMatch
PACTOLS,http://ark.frantiq.fr/ark:/26678/pcrtGuSnDZ85Ta,table,tables (support furniture),http://vocab.getty.edu/aat/300039548,exact match,exactMatch
PACTOLS,http://ark.frantiq.fr/ark:/26678/pcrtJkiAM9JJEl,tablette,tablets (information artifacts),http://vocab.getty.edu/aat/300028879,exact match,exactMatch
PACTOLS,http://ark.frantiq.fr/ark:/26678/pcrtEaFZFvpInN,tabletterie,inlay (process),http://vocab.getty.edu/aat/300053850,exact match,exactMatch
PACTOLS,http://ark.frantiq.fr/ark:/26678/pcrt5RnB4V844h,taille,knapping,http://vocab.getty.edu/aat/300380037,exact match,exactMatch
PACTOLS,http://ark.frantiq.fr/ark:/26678/pcrtbNJR98Fv1A,tailleur,stonecutters,http://vocab.getty.edu/aat/300025039,exact match,exactMatch
PACTOLS,http://ark.frantiq.fr/ark:/26678/pcrt6RVUI8RJMJ,tannerie,tanneries,http://vocab.getty.edu/aat/300006302,exact match,exactMatch
PACTOLS,http://ark.frantiq.fr/ark:/26678/pcrtjpqBTfmY7d,taphonomie,taphonomy,http://vocab.getty.edu/aat/300379641,exact match,exactMatch
PACTOLS,http://ark.frantiq.fr/ark:/26678/pcrtLhbOznwGk6,tapisserie,tapestries,http://vocab.getty.edu/aat/300205002,exact match,exactMatch
PACTOLS,http://ark.frantiq.fr/ark:/26678/pcrtKG1x4JyOvt,tasse,cups (drinking vessels),http://vocab.getty.edu/aat/300043202,exact match,exactMatch
PACTOLS,http://ark.frantiq.fr/ark:/26678/pcrtVibtZJlA99,taureau,bulls (animals),http://vocab.getty.edu/aat/300250117,exact match,exactMatch
PACTOLS,http://ark.frantiq.fr/ark:/26678/pcrtetfU0AS8HI,taxinomie,taxonomies (documents),http://vocab.getty.edu/aat/300252046,exact match,exactMatch
PACTOLS,http://ark.frantiq.fr/ark:/26678/pcrt60dIUSvnUm,technique (lithique),lithics,http://vocab.getty.edu/aat/300379567,broad match,broadMatch
PACTOLS,http://ark.frantiq.fr/ark:/26678/pcrtG18U79Wbsv,technique (os),bone (material),http://vocab.getty.edu/aat/300011798,broad match,broadMatch
PACTOLS,http://ark.frantiq.fr/ark:/26678/pcrtPMnyBFScKQ,technique agricole,agricultural functions,http://vocab.getty.edu/aat/300192637,close match,closeMatch
PACTOLS,http://ark.frantiq.fr/ark:/26678/pcrtQNxYz6P6Mh,technique de construction,construction (discipline),http://vocab.getty.edu/aat/300389791,close match,closeMatch
PACTOLS,http://ark.frantiq.fr/ark:/26678/pcrtpn66h6MkcD,technique Levallois,Levallois technique,http://vocab.getty.edu/aat/300400619,exact match,exactMatch
PACTOLS,http://ark.frantiq.fr/ark:/26678/pcrtQNxYz6P6Mh,techniques de construction,construction (discipline),http://vocab.getty.edu/aat/300389791,close match,closeMatch
PACTOLS,http://ark.frantiq.fr/ark:/26678/pcrttrEq4Rcpkr,technologie,technology (general associated concept),http://vocab.getty.edu/aat/300056069,exact match,exactMatch
PACTOLS,http://ark.frantiq.fr/ark:/26678/pcrtYPpmkDk2rS,technologie de l'argile,pottery techniques,http://vocab.getty.edu/aat/300053901,close match,closeMatch
PACTOLS,http://ark.frantiq.fr/ark:/26678/pcrtlflojXmhAi,technologie de l'os,techniques (processes),http://vocab.getty.edu/aat/300138082,broad match,broadMatch
PACTOLS,http://ark.frantiq.fr/ark:/26678/pcrtD8bo5lH0H4,technologie du métal,metalworking,http://vocab.getty.edu/aat/300053946,close match,closeMatch
PACTOLS,http://ark.frantiq.fr/ark:/26678/pcrt125sJ3jsbN,technologie du verre,glassworking,http://vocab.getty.edu/aat/300053929,close match,closeMatch
PACTOLS,http://ark.frantiq.fr/ark:/26678/pcrtoPowqxFzs7,technologie lithique,techniques (processes),http://vocab.getty.edu/aat/300138082,broad match,broadMatch
PACTOLS,http://ark.frantiq.fr/ark:/26678/pcrtEYqI4kLNb3,teinturerie,dyeing,http://vocab.getty.edu/aat/300053049,exact match,exactMatch
PACTOLS,http://ark.frantiq.fr/ark:/26678/pcrtDUuxi4zDjo,téménos,temene,http://vocab.getty.edu/aat/300000805,exact match,exactMatch
PACTOLS,http://ark.frantiq.fr/ark:/26678/pcrtYhYMiLwDUr,temple,temples (buildings),http://vocab.getty.edu/aat/300007595,exact match,exactMatch
PACTOLS,http://ark.frantiq.fr/ark:/26678/pcrtwqiJgMNHzm,terrasse,terraces (landscaped-site elements),http://vocab.getty.edu/aat/300004182,exact match,exactMatch
PACTOLS,http://ark.frantiq.fr/ark:/26678/pcrt8WIZYG4YAf,terrasse alluviale,fluvial landforms,http://vocab.getty.edu/aat/300132328,broad match,broadMatch
PACTOLS,http://ark.frantiq.fr/ark:/26678/pcrtKYUiLbGDYc,terrasse fluviatile,fluvial landforms,http://vocab.getty.edu/aat/300132328,broad match,broadMatch
PACTOLS,http://ark.frantiq.fr/ark:/26678/pcrtfx4s0yvSLj,terre cuite,terracotta (day material),http://vocab.getty.edu/aat/300010669,exact match,exactMatch
PACTOLS,http://ark.frantiq.fr/ark:/26678/pcrtbAJrlqK7Lc,terre cuite architecturale,architectural terracotta,http://vocab.getty.edu/aat/300010670,exact match,exactMatch
PACTOLS,http://ark.frantiq.fr/ark:/26678/pcrtPLs10mF9zI,terre cuite blanche,terracotta (day material),http://vocab.getty.edu/aat/300010669,broad match,broadMatch
PACTOLS,http://ark.frantiq.fr/ark:/26678/pcrtfx4s0yvSLj,terres cuites,terracotta (day material),http://vocab.getty.edu/aat/300010669,exact match,exactMatch
PACTOLS,http://ark.frantiq.fr/ark:/26678/pcrtIMLF0zrBUu,territoire,territories,http://vocab.getty.edu/aat/300135982,exact match,exactMatch
PACTOLS,http://ark.frantiq.fr/ark:/26678/pcrt10h3IcGtc8,terroir,regions (geographic),http://vocab.getty.edu/aat/300182722,close match,closeMatch
PACTOLS,http://ark.frantiq.fr/ark:/26678/pcrtKYQSidPt75,tertre funéraire,burial mounds,http://vocab.getty.edu/aat/300005903,exact match,exactMatch
PACTOLS,http://ark.frantiq.fr/ark:/26678/pcrtls0q0Keyyz,tête,heads (animal components),http://vocab.getty.edu/aat/300375054,exact match,exactMatch
PACTOLS,http://ark.frantiq.fr/ark:/26678/pcrthAOjGBEfZk,textile,textile materials,http://vocab.getty.edu/aat/300231565,exact match,exactMatch
PACTOLS,http://ark.frantiq.fr/ark:/26678/pcrtU6s8jjsWol,théâtre,theaters (buildings),http://vocab.getty.edu/aat/300007117,exact match,exactMatch
PACTOLS,http://ark.frantiq.fr/ark:/26678/pcrtU6s8jjsWol,théâtre (édifice),theaters (buildings),http://vocab.getty.edu/aat/300007117,exact match,exactMatch
PACTOLS,http://ark.frantiq.fr/ark:/26678/pcrte0Wtwmldeh,thermes,thermae,http://vocab.getty.edu/aat/300007364,exact match,exactMatch
PACTOLS,http://ark.frantiq.fr/ark:/26678/pcrtD0oRTnKoRb,thermes privés,thermae,http://vocab.getty.edu/aat/300007364,close match,closeMatch
PACTOLS,http://ark.frantiq.fr/ark:/26678/pcrtVPxBxiVqMy,thermoluminescence,thermoluminescence dating,http://vocab.getty.edu/aat/300054718,exact match,exactMatch
PACTOLS,http://ark.frantiq.fr/ark:/26678/pcrtzB5uqSB4bZ,thésaurisation,hoards (groupings),http://vocab.getty.edu/aat/300195474,exact match,exactMatch
PACTOLS,http://ark.frantiq.fr/ark:/26678/pcrtBUIxwNlS4X,tholos,tholoi,http://vocab.getty.edu/aat/300121227,exact match,exactMatch
PACTOLS,http://ark.frantiq.fr/ark:/26678/pcrtTsp6zXaTwQ,tintinnabulum,tintinnabulos,http://vocab.getty.edu/aat/300301443,exact match,exactMatch
PACTOLS,http://ark.frantiq.fr/ark:/26678/pcrtR1mzakcqfp,tissage,weaving,http://vocab.getty.edu/aat/300053642,exact match,exactMatch
PACTOLS,http://ark.frantiq.fr/ark:/26678/pcrtqGQOorLDxx,tissu,cloth,http://vocab.getty.edu/aat/300162391,exact match,exactMatch
PACTOLS,http://ark.frantiq.fr/ark:/26678/pcrtXBwEwXhHkX,toilette,toilette (activity),http://vocab.getty.edu/aat/300379165,exact match,exactMatch
PACTOLS,http://ark.frantiq.fr/ark:/26678/pcrthcTW4t0cvN,toiture,roofing,http://vocab.getty.edu/aat/300014897,exact match,exactMatch
PACTOLS,http://ark.frantiq.fr/ark:/26678/pcrt517D9bhI6v,tombe à char,chariot burials,http://vocab.getty.edu/aat/300400657,exact match,exactMatch
PACTOLS,http://ark.frantiq.fr/ark:/26678/pcrtKm7j4sf5fd,tombe à ciste,cist graves,http://vocab.getty.edu/aat/300005941,exact match,exactMatch
PACTOLS,http://ark.frantiq.fr/ark:/26678/pcrtKLAHnzsSXq,tombe en coffre,sepulcral chest,http://vocab.getty.edu/aat/300298862,exact match,exactMatch
PACTOLS,http://ark.frantiq.fr/ark:/26678/pcrtKsjk6BZvmn,tombe en fosse,graves,http://vocab.getty.edu/aat/300005907,broad match,broadMatch
PACTOLS,http://ark.frantiq.fr/ark:/26678/pcrta3pG2SUSbG,tombe en pleine terre,graves,http://vocab.getty.edu/aat/300005907,close match,closeMatch
PACTOLS,http://ark.frantiq.fr/ark:/26678/pcrtOjL41tGiRu,tombe rupestre,rock-cut tombs,http://vocab.getty.edu/aat/300120624,exact match,exactMatch
PACTOLS,http://ark.frantiq.fr/ark:/26678/pcrthimvauXNFz,tombe sous tuile,tile graves,http://vocab.getty.edu/aat/300400653,exact match,exactMatch
PACTOLS,http://ark.frantiq.fr/ark:/26678/pcrtrU7ImEVbLP,tombeau,royal tombs,http://vocab.getty.edu/aat/300005946,exact match,exactMatch
PACTOLS,http://ark.frantiq.fr/ark:/26678/pcrtvlIe8e74Nq,tonneau,cask,http://vocab.getty.edu/aat/300194515,exact match,exactMatch
PACTOLS,http://ark.frantiq.fr/ark:/26678/pcrtvlIe8e74Nq,tonnelet,cask,http://vocab.getty.edu/aat/300194515,exact match,exactMatch
PACTOLS,http://ark.frantiq.fr/ark:/26678/pcrtSJlHFFua75,topographie,topography (image- making),http://vocab.getty.edu/aat/300256273,exact match,exactMatch
PACTOLS,http://ark.frantiq.fr/ark:/26678/pcrtxirQzRy18W,toponymie,toponymy,http://vocab.getty.edu/aat/300054272,exact match,exactMatch
PACTOLS,http://ark.frantiq.fr/ark:/26678/pcrtK8tO0rlQlM,torchis,daub,http://vocab.getty.edu/aat/300163933,exact match,exactMatch
PACTOLS,http://ark.frantiq.fr/ark:/26678/pcrt694BdPU8No,torque,torques (necklaces),http://vocab.getty.edu/aat/300263462,exact match,exactMatch
PACTOLS,http://ark.frantiq.fr/ark:/26678/pcrtQY3u48DUrQ,torra,megalithic monuments,http://vocab.getty.edu/aat/300006983,broad match,broadMatch
PACTOLS,http://ark.frantiq.fr/ark:/26678/pcrtslAx38Lp91,tour,towers (single built works),http://vocab.getty.edu/aat/300004847,skos:narrowMatch,narrowMatch
PACTOLS,http://ark.frantiq.fr/ark:/26678/pcrtwh11nA4w5F,tour de guet,watchtowers,http://vocab.getty.edu/aat/300134522,exact match,exactMatch
PACTOLS,http://ark.frantiq.fr/ark:/26678/pcrtFngGoA2jsH,tour de potier,potter's wheels,http://vocab.getty.edu/aat/300022820,exact match,exactMatch
PACTOLS,http://ark.frantiq.fr/ark:/26678/pcrtMvZR1GMyI3,tour défensive,defensive towers,http://vocab.getty.edu/aat/300004862,exact match,exactMatch
PACTOLS,http://ark.frantiq.fr/ark:/26678/pcrtzDfVNkD5St,tourbière,peat bogs,http://vocab.getty.edu/aat/300008902,exact match,exactMatch
PACTOLS,http://ark.frantiq.fr/ark:/26678/pcrtNbDnMejMkR,tracé,roads,http://vocab.getty.edu/aat/300008217,broad match,broadMatch
PACTOLS,http://ark.frantiq.fr/ark:/26678/pcrtbaGcexuM67,trace de découpe,butchering,http://vocab.getty.edu/aat/300379670,broad match,broadMatch
PACTOLS,http://ark.frantiq.fr/ark:/26678/pcrttfGiJWaY3o,trace d'usage (lithique),use-wear analysis,http://vocab.getty.edu/aat/300249135,close match,closeMatch
PACTOLS,http://ark.frantiq.fr/ark:/26678/pcrt4h8W1jSj3k,trace d'usage (os),bone (material),http://vocab.getty.edu/aat/300011798,broad match,broadMatch
PACTOLS,http://ark.frantiq.fr/ark:/26678/pcrtKvWKvwdYPk,tracéologie,microwear analysis,http://vocab.getty.edu/aat/300249137,exact match,exactMatch
PACTOLS,http://ark.frantiq.fr/ark:/26678/pcrtn6j4Z5qxV9,tranchet,leather cutters,http://vocab.getty.edu/aat/300022890,close match,closeMatch
PACTOLS,http://ark.frantiq.fr/ark:/26678/pcrtsRdSxSAHjb,transept,transepts,http://vocab.getty.edu/aat/300004645,exact match,exactMatch
PACTOLS,http://ark.frantiq.fr/ark:/26678/pcrtgAenxM25f3,translation,reburial,http://vocab.getty.edu/aat/300379368,close match,closeMatch
PACTOLS,http://ark.frantiq.fr/ark:/26678/pcrt45NtAFS36q,transport,transportation,http://vocab.getty.edu/aat/300055244,exact match,exactMatch
PACTOLS,http://ark.frantiq.fr/ark:/26678/pcrtNjfX50bXbv,transport sur eau,water transport,http://vocab.getty.edu/aat/300068773,exact match,exactMatch
PACTOLS,http://ark.frantiq.fr/ark:/26678/pcrtnvdQmt8WEf,travail des peaux,hide and skin processing,http://vocab.getty.edu/aat/300229483,exact match,exactMatch
PACTOLS,http://ark.frantiq.fr/ark:/26678/pcrtUdAqTSVpc7,travail du bois,woodworking,http://vocab.getty.edu/aat/300054083,exact match,exactMatch
PACTOLS,http://ark.frantiq.fr/ark:/26678/pcrtjbX1Zygs38,travaux publics,public works,http://vocab.getty.edu/aat/300008554,exact match,exactMatch
PACTOLS,http://ark.frantiq.fr/ark:/26678/pcrt91HwcveBqQ,trépanation,health sciences,http://vocab.getty.edu/aat/300054515,broad match,broadMatch
PACTOLS,http://ark.frantiq.fr/ark:/26678/pcrtaFscj0mIjr,trésor,hoards,http://vocab.getty.edu/aat/300195474,exact match,exactMatch
PACTOLS,http://ark.frantiq.fr/ark:/26678/pcrtvXy2Xmowve,trésor monétaire,hoards,http://vocab.getty.edu/aat/300195474,broad match,broadMatch
PACTOLS,http://ark.frantiq.fr/ark:/26678/pcrtFoO4fLvQDw,tribunal,courts (judicial bodies),http://vocab.getty.edu/aat/300252735,exact match,exactMatch
PACTOLS,http://ark.frantiq.fr/ark:/26678/pcrtXL9v9A4Djb,trompette,trumpets (aerophones),http://vocab.getty.edu/aat/300042339,exact match,exactMatch
PACTOLS,http://ark.frantiq.fr/ark:/26678/pcrtMZaJOuxhdE,trottoir,sidewalks,http://vocab.getty.edu/aat/300003893,exact match,exactMatch
PACTOLS,http://ark.frantiq.fr/ark:/26678/pcrtFnKonRZjWY,trou de poteau,postholes,http://vocab.getty.edu/aat/300400666,exact match,exactMatch
PACTOLS,http://ark.frantiq.fr/ark:/26678/pcrtQRW7L4bOiT,trou d'obus,shells (ammunition),http://vocab.getty.edu/aat/300204078,broad match,broadMatch
PACTOLS,http://ark.frantiq.fr/ark:/26678/pcrtfx2fwztQ8p,tuf,tuff,http://vocab.getty.edu/aat/300011264,exact match,exactMatch
PACTOLS,http://ark.frantiq.fr/ark:/26678/pcrttqRMDTN4VE,tuile,roofing tile,http://vocab.getty.edu/aat/300010699,exact match,exactMatch
PACTOLS,http://ark.frantiq.fr/ark:/26678/pcrtvLkK6N8Qni,tuilerie,tileries,http://vocab.getty.edu/aat/300248627,exact match,exactMatch
PACTOLS,http://ark.frantiq.fr/ark:/26678/pcrtjt6fT6tah9,tumulus,tumuli,http://vocab.getty.edu/aat/300391495,exact match,exactMatch
PACTOLS,http://ark.frantiq.fr/ark:/26678/pcrtpM2GTDhoRh,tuyau de plomb,sewers (drainage structures),http://vocab.getty.edu/aat/300006122,broad match,broadMatch
PACTOLS,http://ark.frantiq.fr/ark:/26678/pcrtwJqetoWYz9,tuyère,tuyeres,http://vocab.getty.edu/aat/300380255,exact match,exactMatch
PACTOLS,http://ark.frantiq.fr/ark:/26678/pcrtWOrwXjvsa3,typologie,typology,http://vocab.getty.edu/aat/300067209,exact match,exactMatch
PACTOLS,http://ark.frantiq.fr/ark:/26678/pcrtmnVinujIdx,typologie lithique,lithics,http://vocab.getty.edu/aat/300379567,broad match,broadMatch
PACTOLS,http://ark.frantiq.fr/ark:/26678/pcrtw3N8SoEL3q,typologie métallique,metalwork (visual works),http://vocab.getty.edu/aat/300015336,broad match,broadMatch
PACTOLS,http://ark.frantiq.fr/ark:/26678/pcrtbbOKgxaFFc,umbo,umbos,http://vocab.getty.edu/aat/300222460,exact match,exactMatch
PACTOLS,http://ark.frantiq.fr/ark:/26678/pcrt0mjELsY3mi,uranium-thorium,uranium-thorium dating,http://vocab.getty.edu/aat/300386639,exact match,exactMatch
PACTOLS,http://ark.frantiq.fr/ark:/26678/pcrtPPPS9ErMrW,urbanisation,urbanization,http://vocab.getty.edu/aat/300055460,exact match,exactMatch
PACTOLS,http://ark.frantiq.fr/ark:/26678/pcrthT7f96LxBR,urbanisme,urban design,http://vocab.getty.edu/aat/300189645,exact match,exactMatch
PACTOLS,http://ark.frantiq.fr/ark:/26678/pcrtt5JlTMM6i9,urne,urns,http://vocab.getty.edu/aat/300129425,exact match,exactMatch
PACTOLS,http://ark.frantiq.fr/ark:/26678/pcrtt5JlTMM6i9,urne funéraire,urns,http://vocab.getty.edu/aat/300129425,exact match,exactMatch
PACTOLS,http://ark.frantiq.fr/ark:/26678/pcrtTQjmm8BnWW,ustensile,utensils,http://vocab.getty.edu/aat/300241917,exact match,exactMatch
PACTOLS,http://ark.frantiq.fr/ark:/26678/pcrtcg7XX1LdjY,ustrinum,ustrina,http://vocab.getty.edu/aat/300005876,exact match,exactMatch
PACTOLS,http://ark.frantiq.fr/ark:/26678/pcrtM4tR8ZGTvw,vaisselle,ware,http://vocab.getty.edu/aat/300244578,exact match,exactMatch
PACTOLS,http://ark.frantiq.fr/ark:/26678/pcrtqiiVth9tfA,vaisselle de bronze,bronzes (visual works),http://vocab.getty.edu/aat/300047333,exact match,exactMatch
PACTOLS,http://ark.frantiq.fr/ark:/26678/pcrtZSSTfT3iW8,vaisselle de métal,metalware,http://vocab.getty.edu/aat/300265121,exact match,exactMatch
PACTOLS,http://ark.frantiq.fr/ark:/26678/pcrtySs2lWdI4z,vallée,valleys (Landforms),http://vocab.getty.edu/aat/300008761,exact match,exactMatch
PACTOLS,http://ark.frantiq.fr/ark:/26678/pcrt2o4bOY3kIh,vannerie,wickerwork (visual works),http://vocab.getty.edu/aat/300044074,exact match,exactMatch
PACTOLS,http://ark.frantiq.fr/ark:/26678/pcrtfv4IrNiWE8,vase,vessels (containers),http://vocab.getty.edu/aat/300193015,exact match,exactMatch
PACTOLS,http://ark.frantiq.fr/ark:/26678/pcrtE3TkiyYR8i,vase à parfum,perfume bottles,http://vocab.getty.edu/aat/300197635,broad match,broadMatch
PACTOLS,http://ark.frantiq.fr/ark:/26678/pcrt2WTqu2BkNA,vase de libation,libation vessels,http://vocab.getty.edu/aat/300404019,exact match,exactMatch
PACTOLS,http://ark.frantiq.fr/ark:/26678/pcrtOd6LMcoTMh,vase de pierre,vases,http://vocab.getty.edu/aat/300132254,broad match,broadMatch
PACTOLS,http://ark.frantiq.fr/ark:/26678/pcrtPsfSZ5o6f9,vase funéraire,grave vases,http://vocab.getty.edu/aat/300379340,exact match,exactMatch
PACTOLS,http://ark.frantiq.fr/ark:/26678/pcrtIl6yx3IDBZ,vase miniature,vases,http://vocab.getty.edu/aat/300132254,broad match,broadMatch
PACTOLS,http://ark.frantiq.fr/ark:/26678/pcrt3tBXWyzuAv,véhicule,vehicles (transportation),http://vocab.getty.edu/aat/300219258,exact match,exactMatch
PACTOLS,http://ark.frantiq.fr/ark:/26678/pcrtbhGMomQMIF,Vénus,goddesses,http://vocab.getty.edu/aat/300343852,broad match,broadMatch
PACTOLS,http://ark.frantiq.fr/ark:/26678/pcrtNkl2f86Opk,verger,orchards,http://vocab.getty.edu/aat/300008890,exact match,exactMatch
PACTOLS,http://ark.frantiq.fr/ark:/26678/pcrttS4bFv2ezb,vernis,glaze,http://vocab.getty.edu/aat/300015091,exact match,exactMatch
PACTOLS,http://ark.frantiq.fr/ark:/26678/pcrt4GqimUgoOq,verre,glass (material),http://vocab.getty.edu/aat/300010797,exact match,exactMatch
PACTOLS,http://ark.frantiq.fr/ark:/26678/pcrtEWwc0xZbrH,verre typologie,glass (material),http://vocab.getty.edu/aat/300010797,broad match,broadMatch
PACTOLS,http://ark.frantiq.fr/ark:/26678/pcrtpYS4ijo0m2,verrerie,glassware,http://vocab.getty.edu/aat/300010898,exact match,exactMatch
PACTOLS,http://ark.frantiq.fr/ark:/26678/pcrtu4Do7EDGDg,vêtement,clothing,http://vocab.getty.edu/aat/300266639,exact match,exactMatch
PACTOLS,http://ark.frantiq.fr/ark:/26678/pcrtOPqdpwj043,viande,meat,http://vocab.getty.edu/aat/300389813,exact match,exactMatch
PACTOLS,http://ark.frantiq.fr/ark:/26678/pcrtQNRRYhNKP5,vicus,vici,http://vocab.getty.edu/aat/300000754,exact match,exactMatch
PACTOLS,http://ark.frantiq.fr/ark:/26678/pcrtafV5Xq6zoY,vie économique,economy,http://vocab.getty.edu/aat/300389790,close match,closeMatch
PACTOLS,http://ark.frantiq.fr/ark:/26678/pcrtubcbbalocA,vie financière,finance,http://vocab.getty.edu/aat/300055715,close match,closeMatch
PACTOLS,http://ark.frantiq.fr/ark:/26678/pcrttV6XwP4wBv,vie militaire,wars,http://vocab.getty.edu/aat/300055314,broad match,broadMatch
PACTOLS,http://ark.frantiq.fr/ark:/26678/pcrtvWHPMsEEqO,vie quotidienne,ways of life,http://vocab.getty.edu/aat/300252897,close match,closeMatch
PACTOLS,http://ark.frantiq.fr/ark:/26678/pcrtJBpSsfiAq9,vie rurale,rural life,http://vocab.getty.edu/aat/300380146,exact match,exactMatch
PACTOLS,http://ark.frantiq.fr/ark:/26678/pcrtPXdPqLtW6N,vie sociale,societies,http://vocab.getty.edu/aat/300026009,broad match,broadMatch
PACTOLS,http://ark.frantiq.fr/ark:/26678/pcrtihlJWfvH4v,vigne,vineyards,http://vocab.getty.edu/aat/300000248,exact match,exactMatch
PACTOLS,http://ark.frantiq.fr/ark:/26678/pcrtLEIWWX4Z3O,villa,villas,http://vocab.getty.edu/aat/300005517,exact match,exactMatch
PACTOLS,http://ark.frantiq.fr/ark:/26678/pcrtLEIWWX4Z3O,villa romaine,villas,http://vocab.getty.edu/aat/300005517,exact match,exactMatch
PACTOLS,http://ark.frantiq.fr/ark:/26678/pcrtLEIWWX4Z3O,villa rustica,villas,http://vocab.getty.edu/aat/300005517,exact match,exactMatch
PACTOLS,http://ark.frantiq.fr/ark:/26678/pcrtfhnY18Qz3w,village,villages,http://vocab.getty.edu/aat/300008372,exact match,exactMatch
PACTOLS,http://ark.frantiq.fr/ark:/26678/pcrtN5zGcqx0YR,ville,towns,http://vocab.getty.edu/aat/300008375,exact match,exactMatch
PACTOLS,http://ark.frantiq.fr/ark:/26678/pcrtDPHSnUSk0Y,ville/campagne,urban fringes,http://vocab.getty.edu/aat/300154319,close match,closeMatch
PACTOLS,http://ark.frantiq.fr/ark:/26678/pcrt3mTg9h3RFE,vin,wine,http://vocab.getty.edu/aat/300379442,exact match,exactMatch
PACTOLS,http://ark.frantiq.fr/ark:/26678/pcrtKpR47IIaTn,vinification,wine making (process),http://vocab.getty.edu/aat/300265204,exact match,exactMatch
PACTOLS,http://ark.frantiq.fr/ark:/26678/pcrtELg38f2qtV,violation de sépulture,vandalism,http://vocab.getty.edu/aat/300055299,broad match,broadMatch
PACTOLS,http://ark.frantiq.fr/ark:/26678/pcrtaXHZy6qadS,violence,violence,http://vocab.getty.edu/aat/300192799,exact match,exactMatch
PACTOLS,http://ark.frantiq.fr/ark:/26678/pcrtDrDBcuUmry,viticulture,viticulture,http://vocab.getty.edu/aat/300389852,exact match,exactMatch
PACTOLS,http://ark.frantiq.fr/ark:/26678/pcrtfiKSZUXfxE,vitrail,stained glass (visual works),http://vocab.getty.edu/aat/300263722,exact match,exactMatch
PACTOLS,http://ark.frantiq.fr/ark:/26678/pcrt1eKrSANesO,voie,routes,http://vocab.getty.edu/aat/300265365,exact match,exactMatch
PACTOLS,http://ark.frantiq.fr/ark:/26678/pcrtuzoS9dkkXV,voie aurélienne,cultural routes,http://vocab.getty.edu/aat/300386595,broad match,broadMatch
PACTOLS,http://ark.frantiq.fr/ark:/26678/pcrt1eKrSANesO,voie de communication,routes,http://vocab.getty.edu/aat/300265365,exact match,exactMatch
PACTOLS,http://ark.frantiq.fr/ark:/26678/pcrtLkyNSuKk3k,voie domitienne,cultural routes,http://vocab.getty.edu/aat/300386595,broad match,broadMatch
PACTOLS,http://ark.frantiq.fr/ark:/26678/pcrt0x8JTHPWol,voie ferrée,railroads (infrastructure),http://vocab.getty.edu/aat/300008592,broad match,broadMatch
PACTOLS,http://ark.frantiq.fr/ark:/26678/pcrt43czK1VuWx,voie romaine,cultural routes,http://vocab.getty.edu/aat/300386595,broad match,broadMatch
PACTOLS,http://ark.frantiq.fr/ark:/26678/pcrtjclbYvph1S,voirie,roads,http://vocab.getty.edu/aat/300008217,broad match,broadMatch
PACTOLS,http://ark.frantiq.fr/ark:/26678/pcrtLSWHK2XwbK,volcanologie,volcanoes,http://vocab.getty.edu/aat/300132325,broad match,broadMatch
PACTOLS,http://ark.frantiq.fr/ark:/26678/pcrtNSNYxrQDas,voûte,vaults (structural element),http://vocab.getty.edu/aat/300001324,exact match,exactMatch
PACTOLS,http://ark.frantiq.fr/ark:/26678/pcrtSE0sKffhOM,xylologie,botany,http://vocab.getty.edu/aat/300054467,broad match,broadMatch
PACTOLS,http://ark.frantiq.fr/ark:/26678/pcrtAhu8O29Xb2,zinc,zinc,http://vocab.getty.edu/aat/300011037,exact match,exactMatch
PACTOLS,http://ark.frantiq.fr/ark:/26678/pcrtakKD2YPOgU,zone humide,wetlands,http://vocab.getty.edu/aat/300008899,exact match,exactMatch
PACTOLS,http://ark.frantiq.fr/ark:/26678/pcrt3qpYFnIQFm,zoologie,zoology,http://vocab.getty.edu/aat/300054472,exact match,exactMatch
PACTOLS,http://ark.frantiq.fr/ark:/26678/pcrtTyrrYeD26R,zoomorphe,zoomorphic,http://vocab.getty.edu/aat/300010338,exact match,exactMatch
