TH_T_U_UID,TERM,CLA_GR_UID,BROAD_TERM_U_UID,TOP_TERM_U_UID
131528,DOMESTIC,1,,131528
131530,KITCHEN,1,131528,131528
131532,ABBOTS SUMMER PALACE,1,134998,131528
131533,ADULTERINE CASTLE,1,131576,143383
131534,AGGREGATE VILLAGE,1,131673,131528
131535,FARM LABOURERS COTTAGE,1,135169,131528
131536,AISLED HALL HOUSE,1,131655,131528
131537,AISLED HOUSE,1,131655,131528
131538,APARTMENT,1,134997,131528
131540,ARCHBISHOPS PALACE,1,134998,131528
131541,ARCHDEACONRY,1,131574,131528
131542,STUDIO HOUSE,1,135169,131528
131543,ASH PIT,1,135300,135088
131544,TOPSHOP,1,135392,132062
131546,BACK TO BACK HOUSE,1,131754,131528
131547,BACK TO BACK TERRACE,1,131753,131528
131548,BACK TO EARTH TERRACE,1,131753,131528
131549,BANJO ENCLOSURE,1,134003,134003
131550,BARK PEELERS HUT,1,131554,131528
131551,FARMHOUSE,1,135169,131528
131552,BASE CRUCK HOUSE,1,131613,131528
131553,BASTLE,1,131637,131528
131554,HUT,1,134997,131528
131556,BISHOPS PALACE,1,134998,131528
131557,BISHOPS SUMMER PALACE,1,131556,131528
131558,BIVALLATE HILLFORT,1,131601,131528
131559,SMITHS COTTAGE,1,134971,131528
131560,BLIND BACK HOUSE,1,131754,131528
131561,BLIND BACK TERRACE,1,131753,131528
131563,BURNT MOUND,1,131528,131528
131564,BOTHY,1,135011,131528
131565,BOX FRAME HOUSE,1,131756,131528
131566,WORKERS COTTAGE,1,134971,131528
131567,BRIDGE KEEPERS COTTAGE,1,135112,131528
131568,BUNGALOW,1,135169,131528
131569,BURH,1,131625,131528
131570,LONGHOUSE,1,135169,131528
131571,CANAL WORKERS COTTAGE,1,135112,131528
131572,LOCK KEEPERS COTTAGE,1,135112,131528
131573,TOLL HOUSE,1,135112,131528
131574,CLERGY HOUSE,1,131585,131528
131576,CASTLE,1,143383,143383
131577,KEEP,1,131576,143383
131578,MOTTE,1,131576,143383
131579,CHALET,1,135169,131528
131580,CHARCOAL BURNERS HUT,1,131554,131528
131581,CHARTIST COLONY HOUSE,1,135169,131528
131582,CHARTIST LAND COLONY,1,135007,131528
131584,CIVITAS CAPITAL,1,131760,131528
131585,CLERICAL DWELLING,1,135169,131528
131586,CLIFF CASTLE,1,131718,131528
131587,CLOTHES LINE ENCLOSURE,1,131625,131528
131588,CLOTHIERS HOUSE,1,134971,131528
131589,CLUSTER BLOCK,1,134996,131528
131590,CLUSTER HOUSE,1,134996,131528
131591,COACHMANS COTTAGE,1,135112,131528
131592,WORKERS VILLAGE,1,131673,131528
131593,COAL SHED,1,135522,135088
131594,COLONIA,1,131760,131528
131597,COMMUNAL BAKEHOUSE,1,135275,131528
131598,CONCENTRIC CASTLE,1,131576,143383
131599,CONSTRUCTION CAMP,1,131653,131528
131600,CONTINUOUS JETTY HOUSE,1,131676,131528
131601,HILLFORT,1,131625,131528
131604,COTTAGE ORNEE,1,131811,131783
131605,COUNCIL HOUSE,1,135169,131528
131606,COUNCIL FLATS,1,131782,131528
131607,COUNTRY HOUSE,1,135169,131528
131608,COURTYARD HOUSE,1,135169,131528
131609,CRANNOG,1,131653,131528
131610,CROSS PASSAGE HOUSE,1,135169,131528
131611,CROSS WING HOUSE,1,131655,131528
131612,CROSSING KEEPERS COTTAGE,1,135112,131528
131613,CRUCK HOUSE,1,131756,131528
131615,DEANERY,1,131574,131528
131616,LARDER,1,131528,131528
131617,DETACHED HOUSE,1,135169,131528
131618,KENNELS,1,131528,131528
131619,SEMI DETACHED HOUSE,1,135169,131528
131620,DOUBLE ENDED HALL HOUSE,1,131655,131528
131621,DOWER HOUSE,1,135169,131528
131622,ENCLOSED HUT CIRCLE SETTLEMENT,1,131625,131528
131625,ENCLOSED SETTLEMENT,1,131653,131528
131627,END GABLED HOUSE,1,131641,131528
131629,END JETTY HOUSE,1,131676,131528
131630,ESTATE COTTAGE,1,135169,131528
131631,ESTATE LAUNDRY,1,135878,131528
131632,ESTATE VILLAGE,1,135007,131528
131634,FERRYKEEPERS COTTAGE,1,135112,131528
131635,FIRST FLOOR HALL HOUSE,1,131655,131528
131636,FISH HOUSE,1,135098,134003
131637,FORTIFIED HOUSE,1,135169,131528
131638,FORTIFIED MANOR HOUSE,1,131637,131528
131639,FRAMEWORK KNITTERS COTTAGE,1,134971,131528
131640,FRONT GABLED HOUSE,1,131641,131528
131641,GABLED HOUSE,1,135169,131528
131642,GALLERIED ROW,1,131730,131528
131643,GALLERIED ROW HOUSE,1,131731,131528
131644,GAME LARDER,1,131616,131528
131645,GARDEN SUBURB,1,202709,131528
131646,GARDEN VILLAGE,1,131673,131528
131647,GRADUATE HOUSE,1,133472,131528
131648,GREAT HOUSE,1,135169,131528
131650,GRUBENHAUS,1,131528,131528
131651,GUEST COTTAGE,1,135169,131528
131652,GUEST HOUSE,1,135011,131528
131653,SETTLEMENT,1,131528,131528
131654,SINGLE ENDED WEALDEN HOUSE,1,131773,131528
131655,HALL HOUSE,1,135169,131528
131658,HAMLET,1,131653,131528
131660,HILLTOP ENCLOSURE,1,131625,131528
131661,MOAT,1,131528,131528
131662,HOSIERS COTTAGE,1,134971,131528
131664,HOUSING ESTATE,1,131653,131528
131665,HOVEL,1,134997,131528
131666,HUNTING LODGE,1,131528,131528
131667,HUT CIRCLE,1,131554,131528
131668,HUT CIRCLE SETTLEMENT,1,131653,131528
131669,HUT PLATFORM,1,135291,143383
131670,HYPOCAUST,1,131528,131528
131671,ICEHOUSE,1,131528,131528
131672,INCLINE KEEPERS COTTAGE,1,135112,131528
131673,VILLAGE,1,131653,131528
131674,DESERTED SETTLEMENT,1,131653,131528
131675,KEEP AND BAILEY CASTLE,1,131576,143383
131676,JETTIED HOUSE,1,131756,131528
131677,LACEMAKERS COTTAGE,1,135392,132062
131678,LAITHE HOUSE,1,135169,131528
131679,LAKE VILLAGE,1,131653,131528
131680,MULTIVALLATE HILLFORT,1,131601,131528
131681,UNIVALLATE HILLFORT,1,131601,131528
131682,LENGTHMANS COTTAGE,1,135112,131528
131683,LINEAR SETTLEMENT,1,131653,131528
131684,LOG CABIN,1,134997,131528
131685,MAISONETTE,1,134997,131528
131687,MANOR HOUSE,1,135169,131528
131688,MANSE,1,131574,131528
131689,MANSION FLATS,1,131782,131528
131691,MERCHANTS HOUSE,1,135169,131528
131692,MEWS,1,134996,131528
131693,MIDDEN,1,131528,131528
131694,MIGRATED VILLAGE,1,131673,131528
131696,MORAVIAN SETTLEMENT,1,135007,131528
131697,MOTTE AND BAILEY,1,131576,143383
131698,MUNICIPIUM,1,131760,131528
131699,NAILERS ROW,1,144943,132062
131701,OPEN HALL HOUSE,1,131655,131528
131702,UNENCLOSED SETTLEMENT,1,131653,131528
131703,OPEN SITE,1,131653,131528
131706,PALISADED SETTLEMENT,1,131625,131528
131708,PELE TOWER,1,131637,131528
131709,PILE DWELLING,1,134997,131528
131711,PORTERS LODGE,1,135290,135088
131714,PRIESTS HOUSE,1,131574,131528
131717,PRISON GOVERNORS HOUSE,1,135169,131528
131718,PROMONTORY FORT,1,131625,131528
131719,PROVOSTS HOUSE,1,131585,131528
131720,RAILWAY WORKERS COTTAGE,1,135112,131528
131721,RANGERS HOUSE,1,135169,131528
131723,RUBBISH PIT,1,131528,131528
131724,RESORT VILLAGE,1,131673,131528
131725,RINGWORK,1,131576,143383
131726,RINGWORK AND BAILEY,1,131576,143383
131727,ROCK CUT DWELLING,1,134997,131528
131728,ROCK SHELTER,1,135509,143383
131729,ROUND,1,131625,131528
131730,ROW,1,134996,131528
131731,ROW HOUSE,1,135169,131528
131732,ROYAL PALACE,1,134998,131528
131733,TEACHERS HOUSE,1,135169,131528
131734,SCOOPED SETTLEMENT,1,131653,131528
131735,SHIELING,1,131528,131528
131736,SHELL MIDDEN,1,131693,131528
131737,SHEPHERDS HUT,1,131554,131528
131738,SHIFTED VILLAGE,1,131673,131528
131739,SHRUNKEN VILLAGE,1,131673,131528
131740,SINGLE AISLED HOUSE,1,131537,131528
131741,SINGLE ENDED HALL HOUSE,1,131655,131528
131742,WASH HOUSE,1,131528,131528
131743,SOUTERRAIN,1,131528,131528
131745,SQUATTER SETTLEMENT,1,131653,131528
131746,STATION MASTERS HOUSE,1,135112,131528
131747,STEPPED TERRACE,1,131753,131528
131748,STILLING HOUSE,1,131528,131528
131750,TACK ROOM,1,134003,134003
131751,TENANTS HALL,1,135011,131528
131752,TENEMENT,1,131653,131528
131753,TERRACE,1,134996,131528
131754,TERRACED HOUSE,1,135169,131528
131755,THROUGH BY LIGHT,1,131546,131528
131756,TIMBER FRAMED HOUSE,1,135169,131528
131757,TOFT,1,135169,131528
131758,UTOPIAN COMMUNITY VILLAGE,1,131673,131528
131759,TOWER HOUSE,1,131637,131528
131760,TOWN,1,131653,131528
131761,TOWN HOUSE,1,135169,131528
131763,TREASURERS HOUSE,1,135169,131528
131764,UNENCLOSED HUT CIRCLE SETTLEMENT,1,131668,131528
131767,VERDERERS COTTAGE,1,135169,131528
131769,VICARAGE,1,131574,131528
131770,VICUS,1,131653,131528
131771,VILL,1,131653,131528
131772,WATERWORKS COTTAGE,1,135169,131528
131773,WEALDEN HOUSE,1,131655,131528
131774,WEALDEN TERRACE,1,131753,131528
131775,WEAVERS COTTAGE,1,134971,131528
131776,WHARFINGERS COTTAGE,1,134691,131528
131777,WOOD SHED,1,135101,135088
131778,MODEL DWELLING,1,134997,131528
131779,TENEMENT BLOCK,1,134996,131528
131780,TENEMENT HOUSE,1,134996,131528
131781,COUNCIL FLAT,1,214398,131528
131782,FLATS,1,134996,131528
131783,GARDENS PARKS AND URBAN SPACES,1,,131783
131784,ALLOTMENT,1,131783,131783
131785,COMMON LAND,1,131783,131783
131786,BALUSTRADE,1,131783,131783
131787,FENCE,1,143803,143383
131788,KISSING GATE,1,131783,131783
131789,GATE PIER,1,135088,135088
131790,GRILLE,1,131783,131783
131791,HA HA,1,131783,131783
131792,PALISSADE,1,131783,131783
131793,PARK PALE,1,131783,131783
131794,PATIO,1,131783,131783
131795,BOUNDARY WALL,1,135295,143383
131796,GARDEN WALL,1,131783,131783
131797,PARK WALL,1,131783,131783
131798,SERPENTINE WALL,1,131796,131783
131799,WALLED GARDEN,1,131898,131783
131800,BANQUETING HOUSE,1,131811,131783
131801,BELVEDERE,1,131811,131783
131802,BOAT HOUSE,1,131811,131783
131803,ROCK BRIDGE,1,135934,131783
131804,SHELL BRIDGE,1,135934,131783
131805,CASCADE HOUSE,1,131811,131783
131806,CASINO,1,135324,133551
131807,COLONNADE,1,143763,135088
131808,COLUMN,1,143763,135088
131809,EXEDRA,1,131811,131783
131810,FOUNTAIN HOUSE,1,131811,131783
131811,GARDEN BUILDING,1,131783,131783
131812,GARDEN HOUSE,1,131811,131783
131813,GARDEN RETREAT,1,131783,131783
131814,GARDEN SHED,1,131811,131783
131815,GARDEN TEMPLE,1,131811,131783
131816,DORIC TEMPLE,1,131815,131783
131817,IONIC TEMPLE,1,131815,131783
131818,OCTAGONAL TEMPLE,1,131815,131783
131819,GAZEBO,1,131811,131783
131820,GLASSHOUSE,1,131811,131783
131821,CAMELLIA HOUSE,1,131820,131783
131822,CONSERVATORY,1,131820,131783
131823,FERNERY (GLASSHOUSE),1,131820,131783
131824,HOTHOUSE,1,131820,131783
131825,ORANGERY,1,131820,131783
131826,PALM HOUSE,1,131820,131783
131827,PINERY,1,131820,131783
131828,TEMPERATE HOUSE,1,131820,131783
131829,VINERY,1,131820,131783
131830,WATER LILY HOUSE,1,131820,131783
131831,GROTTO,1,131783,131783
131832,SHELL GROTTO,1,131831,131783
131833,HERBARIUM,1,131811,131783
131834,ICEHOUSE,1,131811,131783
131835,FISHING LODGE,1,131811,131783
131836,GATE LODGE,1,131811,131783
131837,LOGGIA,1,131811,131783
131838,ORCHARD HOUSE,1,131820,131783
131839,PAGODA,1,131811,131783
131840,PAVILION,1,131783,131783
131842,CHINESE PAVILION,1,131840,131783
131843,FISHING PAVILION,1,131840,131783
131844,MOORISH PAVILION,1,131840,131783
131845,REFRESHMENT PAVILION,1,131840,131783
131846,WATER PAVILION,1,131840,131783
131847,POTTING SHED,1,131811,131783
131848,PROSPECT TOWER,1,131811,131783
131849,ROTUNDA,1,131811,131783
131851,FERME ORNEE,1,131811,131783
131853,LAITERIE,1,131811,131783
131854,MOSS HOUSE,1,131811,131783
131855,ROOT HOUSE,1,131811,131783
131856,SWISS COTTAGE,1,131811,131783
131857,TREE HOUSE,1,131811,131783
131858,SHELTER,1,143383,143383
131859,PARK SHELTER,1,131783,131783
131860,SUMMERHOUSE,1,131811,131783
131861,DRIVE,1,131783,131783
131862,GARDEN PATH,1,131783,131783
131863,GRAVEL PATH,1,134325,134198
131864,SERPENTINE PATH,1,131869,131783
131865,PROMENADE,1,131869,131783
131866,STEPS,1,135363,134198
131867,GARDEN STEPS,1,131783,131783
131868,TURFED STEPS,1,131867,131783
131869,WALK,1,131783,131783
131870,ALLEE,1,131869,131783
131872,LIME WALK,1,131869,131783
131873,SERPENTINE WALK,1,131869,131783
131874,TERRACED WALK,1,131869,131783
131875,YEW WALK,1,131869,131783
131876,AVIARY,1,131783,131783
131877,BANDSTAND,1,131783,131783
131878,BIRD BATH,1,135170,131783
131879,BUST,1,131890,131783
131880,GARDEN SEAT,1,135170,131783
131881,CAMOMILE SEAT,1,131880,131783
131882,TURFED SEAT,1,131880,131783
131883,HERM,1,135170,131783
131884,OBELISK,1,135170,131783
131885,ARBOUR,1,131813,131783
131886,TUNNEL ARBOUR,1,131885,131783
131887,PERGOLA,1,131783,131783
131888,TRELLIS,1,131783,131783
131889,BERCEAU,1,131888,131783
131890,SCULPTURE,1,135170,131783
131891,SPHINX,1,135170,131783
131892,STATUE,1,131890,131783
131893,URN,1,135170,131783
131894,VASE,1,135170,131783
131895,SUNDIAL,1,135170,131783
131896,SUNSHINE RECORDER,1,135170,131783
131898,GARDEN,1,131783,131783
131899,ALPINE GARDEN,1,131898,131783
131900,AMERICAN GARDEN,1,131898,131783
131902,BOG GARDEN,1,131898,131783
131903,BOTANIC GARDEN,1,131898,131783
131904,CHINESE GARDEN,1,131898,131783
131905,COLLEGE GARDEN,1,131898,131783
131906,COMMUNITY GARDEN,1,131898,131783
131907,COTTAGE GARDEN,1,131898,131783
131908,DUTCH GARDEN,1,131898,131783
131909,EGYPTIAN GARDEN,1,131898,131783
131910,FLOWER GARDEN,1,131898,131783
131911,ROSE GARDEN,1,131910,131783
131912,FORMAL GARDEN,1,131898,131783
131913,FRAGRANCE GARDEN,1,131898,131783
131914,HEATHER GARDEN,1,131898,131783
131915,HERB GARDEN,1,131898,131783
131916,ITALIAN GARDEN,1,131898,131783
131917,JAPANESE GARDEN,1,131898,131783
131918,KITCHEN GARDEN,1,131898,131783
131919,KNOT GARDEN,1,131898,131783
131920,MOORISH GARDEN,1,131898,131783
131921,NURSERY GARDEN,1,134133,134003
131922,PHYSIC GARDEN,1,131898,131783
131923,ROCK GARDEN,1,131898,131783
131924,SCULPTURE GARDEN,1,131898,131783
131925,SUNKEN GARDEN,1,131898,131783
131926,SWISS GARDEN,1,131898,131783
131927,TERRACED GARDEN,1,131898,131783
131928,TOPIARY GARDEN,1,131898,131783
131929,TUDOR GARDEN,1,131898,131783
131930,VEGETABLE GARDEN,1,131898,131783
131931,WATER GARDEN,1,131898,131783
131932,WHITE GARDEN,1,131898,131783
131933,WILD GARDEN,1,131898,131783
131934,YEW GARDEN,1,131898,131783
131935,ARTIFICIAL MOUND,1,131783,131783
131936,PROSPECT MOUND,1,131935,131783
131937,BANK (EARTHWORK),1,135305,143383
131938,EMBANKMENT,1,143383,143383
131939,ISLAND,1,131783,131783
131940,MEADOW,1,134133,134003
131941,PARK,1,131783,131783
131942,DEER PARK,1,131941,131783
131943,HUNTING PARK,1,131941,131783
131944,LANDSCAPE PARK,1,131941,131783
131945,ROYAL PARK,1,131941,131783
131946,ARBORETUM,1,131898,131783
131947,PINETUM,1,131898,131783
131948,CARPET BED,1,131949,131783
131949,FLOWER BED,1,202812,131783
131950,RAISED BED,1,131949,131783
131952,BORDER,1,131783,131783
131953,HERBACEOUS BORDER,1,131952,131783
131954,MIXED BORDER,1,131952,131783
131955,ROSE BORDER,1,131952,131783
131956,SHRUB BORDER,1,131952,131783
131957,BOSQUET,1,131970,131783
131958,CABINET,1,131898,131783
131961,HEDGE,1,143803,143383
131962,LAWN,1,131783,131783
131963,CAMOMILE LAWN,1,131962,131783
131964,TERRACED LAWN,1,131962,131783
131965,MAZE,1,131783,131783
131966,HEDGE MAZE,1,131965,131783
131967,ORCHARD,1,131976,131783
131968,PARTERRE,1,131898,131783
131969,PERCEE,1,131869,131783
131970,SHRUBBERY,1,131783,131783
131971,TREE ENCLOSURE RING,1,131783,131783
131973,TREE MOUND,1,131783,131783
131974,TREE RING,1,131783,131783
131976,MANAGED WOODLAND,1,131783,131783
131980,CROQUET LAWN,1,131962,131783
131981,BENCH,1,135171,131783
131982,BOLLARD,1,135171,131783
131983,CANNON BOLLARD,1,135171,131783
131984,BOOT SCRAPER,1,135171,131783
131986,BOUNDARY MARKER,1,135295,143383
131987,BOUNDARY PLATE,1,131986,143383
131988,BOUNDARY POST,1,131986,143383
131989,BOUNDARY STONE,1,131986,143383
131990,CANNON,1,135171,131783
131991,COAL HOLE COVER,1,135171,131783
131993,FIRE HYDRANT,1,135171,131783
131994,FLAGPOLE,1,135171,131783
131995,FOUNTAIN,1,202809,131783
131997,HOARDING (FENCING),1,135171,131783
131998,STREET LAMP,1,135171,131783
131999,GAS LAMP,1,131998,131783
132000,LAMP BRACKET,1,135171,131783
132001,LAMP POST,1,135171,131783
132002,LETTER BOX,1,135171,131783
132004,MILEPOST,1,135171,131783
132005,MILESTONE,1,135171,131783
132006,MOUNTING BLOCK,1,135171,131783
132007,PARKING METER,1,135171,131783
132008,PEDESTRIAN CROSSING,1,135171,131783
132010,PLAGUE STONE,1,135171,131783
132011,POLICE BOX,1,135171,131783
132012,POLICE TELEPHONE PILLAR,1,135171,131783
132013,PORTERS REST,1,131783,131783
132014,WAYSIDE PUMP,1,134457,134417
132015,ROADSIDE LIGHTHOUSE,1,135171,131783
132016,SEDAN CHAIR LIFT,1,135171,131783
132017,BUS SHELTER,1,135171,131783
132018,INN SIGN,1,135171,131783
132019,ROAD SIGN,1,135171,131783
132021,TELEGRAPH POLE,1,135171,131783
132022,TELEPHONE BOX,1,135171,131783
132024,TETHERING POST,1,135171,131783
132025,TRAFFIC LIGHTS,1,135171,131783
132026,TROUGH,1,135171,131783
132027,DOG TROUGH,1,132026,131783
132028,HORSE TROUGH,1,132026,131783
132029,WATCHMANS BOX,1,135171,131783
132030,WEIGHING MACHINE,1,135171,131783
132031,ZEBRA CROSSING,1,132008,131783
132032,CATHEDRAL CLOSE,1,131783,131783
132033,CIRCUS (URBAN),1,135172,131783
132034,COURTYARD,1,131783,131783
132035,CRESCENT,1,131783,131783
132036,CUL DE SAC,1,131783,131783
132037,MARKET PLACE,1,135172,131783
132038,SQUARE,1,135172,131783
132039,SHOPPING PRECINCT,1,135172,131783
132040,ROND POINT,1,135647,131783
132041,PRIVATE SQUARE,1,132038,131783
132042,PUBLIC SQUARE,1,132038,131783
132043,VILLAGE GREEN,1,131783,131783
132044,LAKE,1,202809,131783
132045,BOATING LAKE,1,132044,131783
132047,LILY POND,1,134441,134417
132048,SWANNERY POND,1,134441,134417
132049,POOL,1,131783,131783
132050,SWIMMING POOL,1,132049,131783
132051,SPRING,1,144723,134417
132052,STREAM,1,134476,134417
132053,CASCADE,1,202809,131783
132054,DIPPING WELL,1,134477,134417
132055,SHELL FOUNTAIN,1,131995,131783
132056,NYMPHAEUM,1,131831,131783
132057,TRICK FOUNTAIN,1,131995,131783
132058,AQUEDUCT,1,134476,134417
132059,GARDEN BASIN,1,135170,131783
132060,CANAL,1,134476,134417
132061,CONDUIT,1,134476,134417
132062,INDUSTRIAL,1,,132062
132063,ARCHITECTURAL ORNAMENT WORKSHOP,1,135392,132062
132064,BUILDERS YARD,1,135392,132062
132065,BLUNGING PIT,1,135451,132062
132066,BRICK DRYING SHED,1,135451,132062
132068,BRICKEARTH PIT,1,132073,132062
132069,BRICKFIELD,1,135451,132062
132070,BRICKWORKS,1,135451,132062
132071,BRICKYARD,1,135451,132062
132072,CLAY MILL,1,135451,132062
132073,CLAY PIT,1,135451,132062
132074,CLAY PUDDLING PIT,1,135451,132062
132075,FIRE CLAY WORKS,1,135451,132062
132076,KILN,1,132062,132062
132078,BRICK KILN,1,132076,132062
132079,LIME KILN,1,132076,132062
132080,TILE KILN,1,132428,132062
132082,MOULDING HOUSE,1,135451,132062
132083,PUG MILL,1,135451,132062
132084,TILE WORKS,1,135451,132062
132085,CEMENT KILN,1,135426,132062
132086,CEMENT SILO,1,135426,132062
132087,CEMENT WORKS,1,135426,132062
132088,MORTAR MILL,1,135428,132062
132089,PLASTER MILL,1,135428,132062
132090,PLASTER WORKS,1,135428,132062
132091,ROTARY KILN,1,135428,132062
132092,GRAVEL PIT,1,135417,132062
132093,SAND PIT,1,135417,132062
132094,DRESSING SHED,1,132062,132062
132095,QUARRY,1,135418,132062
132096,GRANITE QUARRY,1,135480,132062
132097,GYPSUM QUARRY,1,135480,132062
132098,LIMESTONE QUARRY,1,135480,132062
132099,MARBLE QUARRY,1,135480,132062
132100,SANDSTONE QUARRY,1,135480,132062
132101,SHALE QUARRY,1,135480,132062
132102,SLATE QUARRY,1,135480,132062
132103,QUARRY HOIST,1,132062,132062
132104,STONE CRUSHING PLANT,1,132835,132062
132105,STONE DISPATCH BUILDING,1,135418,132062
132106,STONE DRESSING FLOOR,1,132835,132062
132108,CASTING HOUSE,1,135410,132062
132109,GLASS CONE,1,135427,132062
132110,GLASS WORKING SITE,1,135427,132062
132111,GLASS WORKS,1,135427,132062
132112,PLATE GLASS WORKS,1,132111,132062
132113,STAINED GLASS WORKSHOP,1,135427,132062
132115,BALL CLAY WORKS,1,135429,132062
132116,BLUNGING PIT,1,135429,132062
132117,CHINA CLAY WORKS,1,135429,132062
132118,CLAY TOBACCO PIPE FACTORY,1,135429,132062
132119,CLAY PIPE KILN,1,135429,132062
132120,CLAY PIT,1,135429,132062
132121,CLAY PUDDLING PIT,1,135429,132062
132122,COLOUR MILL,1,135386,132062
132123,CRATEMAKERS SHOP,1,144983,132062
132124,DECORATING SHOP,1,135429,132062
132125,DIPPING HOUSE,1,135429,132062
132126,FIRE CLAY WORKS,1,135429,132062
132127,FLINT MILL,1,135429,132062
132128,HANDLING HOUSE,1,135429,132062
132129,MOULD STORE,1,135429,132062
132130,MOULDMAKERS SHOP,1,135429,132062
132131,MUFFLE KILN,1,135429,132062
132132,MUG HOUSE,1,135429,132062
132133,PACKING HOUSE,1,132062,132062
132134,PIPE WORKSHOP,1,135429,132062
132136,POTTERY KILN,1,135429,132062
132137,POTTERY WORKS,1,135429,132062
132138,POTTERY WORKSHOP,1,135429,132062
132139,PUG MILL,1,135429,132062
132140,SAGGAR MAKERS WORKSHOP,1,135429,132062
132142,THROWING HOUSE,1,135429,132062
132143,TILEMAKING WORKSHOP,1,135451,132062
132144,CRAFT CENTRE,1,135392,132062
132146,CLOTH DRY HOUSE,1,135443,132062
132147,FLAX DRY HOUSE,1,135441,132062
132148,WOOL DRY HOUSE,1,132888,132062
132149,YARN DRY HOUSE,1,135438,132062
132150,DRYING HOUSE,1,132062,132062
132151,EXTRACTIVE PIT,1,132062,132062
132152,BALL CLAY WORKS,1,135416,132062
132153,BELL PIT,1,132168,132062
132155,BRICKEARTH PIT,1,132158,132062
132156,BRINE PIT,1,135415,132062
132157,CHALK PIT,1,135415,132062
132158,CLAY PIT,1,135416,132062
132159,COAL WORKINGS,1,132168,132062
132161,COPPER WORKINGS,1,132151,132062
132162,DENE HOLE,1,132151,132062
132163,FULLERS EARTH PIT,1,132151,132062
132164,GRAVEL PIT,1,132151,132062
132165,JET WORKINGS,1,135415,132062
132166,LEAD WORKINGS,1,132151,132062
132167,MARL PIT,1,132151,132062
132168,MINERAL PIT,1,132151,132062
132169,OCHRE PIT,1,135415,132062
132170,SAND PIT,1,132151,132062
132171,STONE AXE FACTORY,1,136809,132062
132172,STREAMWORK,1,135412,132062
132173,FACTORY,1,132388,132062
132174,AIRCRAFT FACTORY,1,132988,132062
132175,BICYCLE FACTORY,1,135396,132062
132177,BLACKING FACTORY,1,132173,132062
132178,BRUSH FACTORY,1,132173,132062
132179,CANDLE FACTORY,1,132173,132062
132180,CANNING FACTORY,1,132190,132062
132181,CAR FACTORY,1,135397,132062
132182,CARRIAGE WORKS,1,135397,132062
132183,CHEESE FACTORY,1,132190,132062
132184,CHINA FACTORY,1,135429,132062
132185,CHOCOLATE FACTORY,1,132190,132062
132186,CLOTHING FACTORY,1,132173,132062
132187,COACH WORKS,1,135397,132062
132188,FISH PROCESSING FACTORY,1,132190,132062
132189,FLOORCLOTH FACTORY,1,132173,132062
132190,FOOD PROCESSING PLANT,1,132173,132062
132191,FURNITURE FACTORY,1,132173,132062
132192,GLOVE FACTORY,1,132186,132062
132193,GLUE FACTORY,1,135380,132062
132194,HAT FACTORY,1,135516,132062
132195,HORSEHAIR FACTORY,1,202776,132062
132196,HOSIERY FACTORY,1,135516,132062
132197,LEATHER FACTORY,1,132846,132062
132198,LINOLEUM FACTORY,1,132173,132062
132199,LORRY FACTORY,1,135397,132062
132200,MATCH FACTORY,1,132173,132062
132202,MODEL FACTORY,1,132173,132062
132203,MOTOR CYCLE FACTORY,1,135397,132062
132204,MUNITIONS FACTORY,1,132173,132062
132205,MUSICAL INSTRUMENT FACTORY,1,132173,132062
132206,NAIL FACTORY,1,132173,132062
132208,ORDNANCE FACTORY,1,132173,132062
132209,ORGAN FACTORY,1,132205,132062
132210,PAINT FACTORY,1,132173,132062
132211,PIANO FACTORY,1,132205,132062
132212,PIN FACTORY,1,132173,132062
132213,RAILWAY CARRIAGE WORKS,1,135395,132062
132215,SHOE FACTORY,1,132186,132062
132216,SOAP FACTORY,1,135380,132062
132217,SUPERPHOSPHATE FACTORY,1,145643,132062
132218,SWORD FACTORY,1,132173,132062
132219,TENEMENT FACTORY,1,132173,132062
132220,TOBACCO FACTORY,1,132173,132062
132221,TOY FACTORY,1,132173,132062
132222,WALLPAPER FACTORY,1,132173,132062
132223,WAX FACTORY,1,132173,132062
132225,FIREPROOF FACTORY,1,132173,132062
132226,NORTH LIGHT FACTORY,1,132173,132062
132227,FACTORY UNIT,1,132173,132062
132228,ALE STORE,1,135399,132062
132229,BREWERY,1,135399,132062
132230,COOLING ROOM,1,135399,132062
132231,COOPERAGE,1,135399,132062
132232,COPPER ROOM,1,135399,132062
132233,FERMENTING BLOCK,1,135399,132062
132234,HOP KILN,1,135399,132062
132235,HOP STORE,1,135399,132062
132236,MALT HOUSE,1,135399,132062
132237,MALT KILN,1,135399,132062
132238,MALTINGS,1,135399,132062
132239,OASTHOUSE,1,135399,132062
132240,RACKING ROOM,1,135399,132062
132241,UNION ROOM,1,135399,132062
132242,VAT HALL,1,135399,132062
132243,DISTILLERY,1,135400,132062
132244,DISTILLATION BLOCK,1,135400,132062
132245,MASH HOUSE,1,135399,132062
132246,STILL HOUSE,1,135400,132062
132247,BAKERY,1,135402,132062
132248,BOTTLING PLANT,1,135401,132062
132249,CANNING FACTORY,1,135401,132062
132251,CHICORY KILN,1,132257,132062
132253,COLD STORE,1,135401,132062
132254,CONDENSERY,1,135402,132062
132256,CURING HOUSE,1,135401,132062
132257,FOOD DRYING KILN,1,135401,132062
132258,FOOD PROCESSING PLANT,1,135402,132062
132259,FLOUR MILL,1,135402,132062
132260,ICE WORKS,1,135401,132062
132262,MUSTARD MILL,1,132190,132062
132263,OIL MILL,1,135402,132062
132264,REFRIGERATED STORE,1,135401,132062
132265,SMOKE HOUSE,1,135401,132062
132266,SUGAR HOUSE,1,135402,132062
132267,SUGAR REFINERY,1,135402,132062
132268,VINEGAR BREWERY,1,132229,132062
132269,CIDER FACTORY,1,135404,132062
132270,CIDER HOUSE,1,135404,132062
132271,CIDER MILL,1,135404,132062
132272,CIDER PRESS,1,135404,132062
132273,CIDER VAULT,1,135404,132062
132274,WINE PRESS,1,135404,132062
132275,WINERY,1,135404,132062
132276,ACID TOWER,1,135384,132062
132277,FERTILIZER WORKS,1,135385,132062
132278,FERTILIZER STOREHOUSE,1,135385,132062
132279,LIME KILN,1,135385,132062
132280,LIME WORKS,1,132285,132062
132282,SUPERPHOSPHATE FACTORY,1,132277,132062
132283,POTASH KILN,1,135385,132062
132285,CHEMICAL WORKS,1,135384,132062
132286,DISTILLATION PLANT,1,132285,132062
132287,ALUM WORKS,1,135386,132062
132288,ALUM HOUSE,1,145515,132062
132289,ALUM QUARRY,1,135415,132062
132290,STEEPING TANK,1,132287,132062
132291,ARTIFICIAL DYE WORKS,1,132294,132062
132292,COLOUR HOUSE,1,135386,132062
132293,COPPERAS WORKS,1,135386,132062
132294,DYE WORKS,1,135386,132062
132295,FULLERS EARTH PIT,1,135386,132062
132296,MARL PIT,1,135386,132062
132297,OCHRE PIT,1,135386,132062
132298,PAINT FACTORY,1,135386,132062
132299,ACID WORKS,1,132285,132062
132300,GUNPOWDER WORKS,1,140634,132062
132301,CHARCOAL STORE,1,132062,132062
132302,CORNING HOUSE,1,140634,132062
132303,GLAZE AND REEL HOUSE,1,140634,132062
132305,GUNPOWDER DRYING HOUSE,1,140634,132062
132306,INCORPORATING MILL,1,140634,132062
132307,POWDER MAGAZINE,1,136723,132062
132310,SALTPETRE STORE,1,140634,132062
132311,SULPHUR STORE,1,135384,132062
132312,TESTING RANGE,1,140635,132062
132313,NITROGLYCERINE WORKS,1,140637,132062
132315,ALKALI WORKS,1,132285,132062
132316,ARSENIC WORKS,1,132285,132062
132317,BLEACH WORKS,1,132285,132062
132318,CHINA CLAY WORKS,1,135416,132062
132319,SOAP FACTORY,1,135390,132062
132320,SODA KILN,1,135384,132062
132321,SODA WORKS,1,132285,132062
132322,HERB DISTILLERY,1,135388,132062
132323,PHARMACEUTICAL WORKS,1,135388,132062
132324,PIPE BRIDGE,1,135384,132062
132325,ARTIFICIAL TEXTILE FACTORY,1,135391,132062
132326,ETHER PLANT,1,135389,132062
132328,OIL DISTILLERY,1,135389,132062
132329,PLASTICS FACTORY,1,135389,132062
132330,PLASTICS FACTORY,1,132173,132062
132331,RUBBER WORKS,1,135390,132062
132332,TALLOW FACTORY,1,132173,132062
132333,TALLOW FACTORY,1,135380,132062
132334,TAR WORKS,1,135390,132062
132336,WOOD CHEMICAL WORKS,1,132285,132062
132338,COAL WORKINGS,1,135407,132062
132339,COKE OVEN,1,135405,132062
132340,COLLIERY,1,135407,132062
132341,COAL CLEANING PLANT,1,135407,132062
132342,COLLIERY RAILWAY,1,135407,132062
132343,DUST EXTRACTION PLANT,1,135407,132062
132344,PITHEAD BATHS,1,132696,132062
132345,SCREENING PLANT,1,135407,132062
132346,OIL DISTILLERY,1,135408,132062
132347,OIL PUMP,1,135408,132062
132348,OIL REFINERY,1,135408,132062
132349,OIL RIG,1,135408,132062
132350,OIL SILO,1,135408,132062
132351,OIL WELL,1,135408,132062
132352,PEAT CUTTING,1,135409,132062
132353,PEAT STAND,1,135409,132062
132354,CHARCOAL BURNERS SITE,1,135406,132062
132356,GRAPHITE MINE,1,132676,132062
132357,FURNACE,1,132062,132062
132358,GLASS FURNACE,1,132357,132062
132359,ANNEALING FURNACE,1,132357,132062
132360,FRITTING FURNACE,1,132358,132062
132361,REVERBERATORY FURNACE,1,132357,132062
132362,TANK FURNACE,1,132361,132062
132363,METAL PRODUCTION FURNACE,1,132357,132062
132364,BLAST FURNACE,1,132363,132062
132365,BOLEHILL,1,132363,132062
132366,BOWL FURNACE,1,132363,132062
132367,CEMENTATION FURNACE,1,135414,132062
132368,CRUCIBLE FURNACE,1,132363,132062
132370,CUPELLATION FURNACE,1,132363,132062
132371,ELECTRIC ARC FURNACE,1,132363,132062
132372,ELLING HEARTH,1,132076,132062
132373,OPEN HEARTH FURNACE,1,132363,132062
132374,ORE HEARTH,1,132363,132062
132375,PUDDLING FURNACE,1,132361,132062
132376,ROASTING HEARTH,1,132363,132062
132377,SHAFT FURNACE,1,132363,132062
132378,BLOOMERY,1,132377,132062
132379,SILVER HEARTH,1,132363,132062
132380,SLAG HEARTH,1,132363,132062
132381,VENTILATION FURNACE,1,132357,132062
132382,GRINDSTONE,1,132062,132062
132383,HAMMER,1,135797,132062
132384,HELVE HAMMER,1,132383,132062
132385,TILT HAMMER,1,132383,132062
132386,HORN WORKING SITE,1,135380,132062
132387,HORNCORE PIT,1,132386,132062
132388,INDUSTRIAL BUILDING,1,132062,132062
132389,FIREPROOF BUILDING,1,143383,143383
132390,INDUSTRIAL ESTATE,1,132062,132062
132391,INDUSTRIAL SITE,1,132062,132062
132392,JEWELLERY WORKSHOP,1,144943,132062
132394,BRICK KILN,1,135451,132062
132396,BOTTLE KILN,1,132428,132062
132397,CLAMP KILN,1,132076,132062
132398,CIRCULAR KILN,1,132078,132062
132399,COCKLE KILN,1,132076,132062
132400,DOWNDRAUGHT KILN,1,132428,132062
132401,HOFFMANN KILN,1,132078,132062
132402,HORIZONTAL KILN,1,132076,132062
132403,OCTAGONAL KILN,1,132076,132062
132406,SCOTCH KILN,1,132076,132062
132407,SHAFT KILN,1,132076,132062
132408,SPLIT SHAFT KILN,1,132407,132062
132410,TUNNEL KILN,1,132076,132062
132411,UPDRAUGHT KILN,1,132428,132062
132412,CALCINER,1,132076,132062
132413,ARSENIC CALCINER,1,132412,132062
132414,IRON ORE CALCINER,1,135414,132062
132415,CALCINING KILN,1,132076,132062
132417,CLAY PIPE KILN,1,132076,132062
132418,COKE OVEN,1,132076,132062
132419,CORN DRYING KILN,1,132420,132062
132420,DRYING KILN,1,132076,132062
132421,ENAMELLING KILN,1,132428,132062
132422,FOOD DRYING KILN,1,132420,132062
132423,GYPSUM DRYING KILN,1,132420,132062
132424,HOP KILN,1,132076,132062
132425,MALT KILN,1,132076,132062
132426,OASTHOUSE,1,132076,132062
132427,POTASH KILN,1,132076,132062
132428,POTTERY KILN,1,132076,132062
132429,ROTARY KILN,1,132076,132062
132430,SODA KILN,1,132076,132062
132431,MARINE CONSTRUCTION SITE,1,132062,132062
132432,BOAT YARD,1,135136,133420
132433,BOILER SHOP,1,135393,132062
132434,CAPSTAN,1,135242,134198
132436,CAPSTAN HOUSE,1,134198,134198
132437,CHAIN PROVING HOUSE,1,132943,132062
132438,CHAIN WORKS,1,132431,132062
132439,DRY DOCK,1,132431,132062
132440,WET DOCK,1,132431,132062
132441,DOCKYARD,1,132431,132062
132442,NAVAL DOCKYARD,1,132441,132062
132443,ENGINEERING WORKSHOP,1,135393,132062
132444,FABRICATION SHED,1,132448,132062
132445,FITTERS WORKSHOP,1,132443,132062
132446,FOUNDRY,1,135393,132062
132447,GRIDIRON,1,132448,132062
132448,MARINE ENGINEERING WORKS,1,132431,132062
132449,MARINE WORKSHOP,1,132431,132062
132450,MAST HOUSE,1,132449,132062
132451,MAST POND,1,134441,134417
132452,MOULD LOFT,1,132449,132062
132453,PLATE RACK,1,132448,132062
132456,HATCHELLING HOUSE,1,132431,132062
132457,RIGGING HOUSE,1,134679,133420
132458,ROPERY,1,135446,132062
132459,ROPEWALK,1,135446,132062
132460,TAR HOUSE,1,135446,132062
132461,YARN HOUSE,1,135446,132062
132462,SAIL LOFT,1,132449,132062
132463,SHIP REPAIR WORKS,1,132431,132062
132464,FAIRBAIRN JIB CRANE,1,134641,134198
132467,SHEER HULK,1,132431,132062
132468,SHEER LEGS,1,132431,132062
132469,SHIPHOUSE FRAME,1,132448,132062
132470,SHIPWRIGHTS WORKSHOP,1,132449,132062
132471,SHIPYARD,1,132431,132062
132472,SLIP SHED,1,132449,132062
132473,ASSEMBLY PLANT,1,135393,132062
132475,BICYCLE FACTORY,1,144903,132062
132476,CAR FACTORY,1,144903,132062
132477,ELECTRICAL ENGINEERING WORKS,1,135473,132062
132478,RAILWAY ENGINEERING WORKS,1,135395,132062
132479,MACHINE SHOP,1,135393,132062
132480,PAINT SHOP,1,135393,132062
132481,PATTERN SHOP,1,135393,132062
132482,RAILWAY ENGINEERING WORKSHOP,1,135395,132062
132483,RAILWAY WAGON WORKS,1,135395,132062
132484,RAILWAY WORKS,1,135395,132062
132485,RAILWAY WORKSHOP,1,135395,132062
132486,TURNING SHOP,1,135393,132062
132487,FORGE,1,135393,132062
132488,BELL FOUNDRY,1,132446,132062
132489,BRONZE FOUNDRY,1,135423,132062
132490,IRON FOUNDRY,1,135423,132062
132491,GOLDSMITHS WORKSHOP,1,132392,132062
132492,LOCKSMITHS WORKSHOP,1,144943,132062
132493,ARSENAL,1,135382,132062
132494,CANNON BORING MILL,1,135382,132062
132495,GUN TESTING SHOP,1,135382,132062
132496,MUNITIONS FACTORY,1,135382,132062
132497,ORDNANCE FACTORY,1,135382,132062
132498,PROVING HOUSE,1,135382,132062
132499,SHOT TOWER,1,135382,132062
132500,POLISHING SHOP,1,135393,132062
132501,SPRING SHOP,1,135393,132062
132502,WHITESMITHS WORKSHOP,1,144943,132062
132503,IRONSTONE WORKINGS,1,135412,132062
132505,IRONSTONE MINE,1,132503,132062
132506,ARSENIC MINE,1,135412,132062
132507,BOUSE TEAM,1,135413,132062
132508,BUDDLE,1,135413,132062
132509,BUDDLE HOUSE,1,135413,132062
132510,COPPER MINE,1,135412,132062
132511,COPPER WORKINGS,1,135412,132062
132512,CRAZING MILL,1,132515,132062
132513,CRUSHING CIRCLE,1,135413,132062
132514,CRUSHING FLOOR,1,135413,132062
132515,CRUSHING MILL,1,135413,132062
132516,DRESSING FLOOR,1,132062,132062
132518,GOLD MINE,1,135412,132062
132519,HUSH,1,135412,132062
132520,KNOCK STONE,1,135413,132062
132521,LEAD MINE,1,135412,132062
132522,LEAD WORKINGS,1,135412,132062
132523,MANGANESE MINE,1,135412,132062
132524,PROSPECTING PIT,1,135412,132062
132526,SETTLING PIT,1,135413,132062
132527,SILVER MINE,1,135412,132062
132529,STAMPS,1,135413,132062
132531,TIN WORK,1,135413,132062
132532,STREAMWORK,1,132531,132062
132533,TINNERS CACHE,1,135413,132062
132534,TINNERS HUT,1,135413,132062
132535,TUNGSTEN MINE,1,135412,132062
132536,WASH KILN,1,135413,132062
132537,WASHING FLOOR,1,135413,132062
132538,ORE WASHING PLANT,1,135413,132062
132539,ZINC MINE,1,135412,132062
132540,BELLOWS HOUSE,1,135414,132062
132541,IRON ORE CALCINER,1,132412,132062
132542,CASTING FLOOR,1,135410,132062
132543,CEMENTATION STEEL WORKS,1,132557,132062
132544,CRUCIBLE STEEL WORKS,1,132557,132062
132545,FORGE,1,135414,132062
132546,CHAFERY,1,132545,132062
132547,FINERY,1,132545,132062
132548,FURNACE POND,1,134441,134417
132549,HAMMER POND,1,134441,134417
132550,IRON WORKING SITE,1,135414,132062
132551,IRON WORKS,1,135414,132062
132554,ORE STORE,1,135410,132062
132555,PEN POND,1,134441,134417
132556,SLAG HEAP,1,135414,132062
132557,STEEL WORKS,1,135423,132062
132558,BLOWING HOUSE,1,135414,132062
132559,BRASS WORKS,1,135414,132062
132560,BRONZE WORKING SITE,1,135414,132062
132561,ARSENIC CALCINER,1,135414,132062
132562,CONDENSING CHIMNEY,1,135414,132062
132563,CONDENSING FLUE,1,135414,132062
132564,COPPER WORKING SITE,1,135414,132062
132565,COPPER WORKS,1,135414,132062
132566,LEAD WORKING SITE,1,135414,132062
132567,LEAD WORKS,1,135414,132062
132569,ELLING HEARTH,1,135384,132062
132570,SILVER HEARTH,1,135414,132062
132571,SLAG HEARTH,1,135414,132062
132572,PEAT STORE,1,135522,135088
132573,SILVER WORKING SITE,1,135414,132062
132574,SMELT MILL,1,135414,132062
132576,ALUMINIUM SMELTER,1,135746,132062
132577,SMELTING HOUSE,1,135746,132062
132578,ZINC WORKS,1,135414,132062
132579,MILL,1,132388,132062
132580,PUG MILL,1,132579,132062
132581,MORTAR MILL,1,132579,132062
132582,PLASTER MILL,1,132579,132062
132583,BONE MILL,1,135380,132062
132584,COLOUR MILL,1,135443,132062
132585,FLINT MILL,1,132601,132062
132586,FEED MILL,1,132579,132062
132587,CORN MILL,1,132579,132062
132588,FLOUR MILL,1,132579,132062
132589,STARCH MILL,1,132579,132062
132590,MUSTARD MILL,1,132579,132062
132591,OIL MILL,1,132579,132062
132592,INCORPORATING MILL,1,132579,132062
132593,BATTERY MILL,1,132579,132062
132594,COMB MILL,1,132599,132062
132595,NEEDLE MILL,1,132579,132062
132596,CANNON BORING MILL,1,145283,132062
132597,SCYTHE MILL,1,132579,132062
132598,TUBE MILL,1,132579,132062
132599,WIRE MILL,1,132579,132062
132600,CRAZING MILL,1,132601,132062
132601,CRUSHING MILL,1,132579,132062
132602,DRESSING MILL,1,133017,132062
132605,ROLLING MILL,1,132579,132062
132606,SLITTING MILL,1,132579,132062
132607,SMELT MILL,1,132579,132062
132608,BARK MILL,1,145303,132062
132609,BOARD MILL,1,135450,132062
132610,BOBBIN MILL,1,132579,132062
132611,BUTTON MILL,1,135391,132062
132612,CLAY MILL,1,132579,132062
132613,CLOG MILL,1,135516,132062
132614,DRAINAGE MILL,1,135436,132062
132615,HEMP MILL,1,132625,132062
132616,JUTE MILL,1,132625,132062
132617,LOGWOOD MILL,1,145303,132062
132618,FLOCK MILL,1,132625,132062
132620,PAPER MILL,1,132579,132062
132621,PLANING MILL,1,145303,132062
132622,PULP MILL,1,135450,132062
132623,SAW MILL,1,145303,132062
132624,SNUFF MILL,1,132579,132062
132625,TEXTILE MILL,1,135438,132062
132626,STEAM MILL,1,132579,132062
132627,ALPACA MILL,1,132625,132062
132628,ARTIFICIAL TEXTILE FACTORY,1,132625,132062
132629,BEETLING MILL,1,132625,132062
132630,BLANKET MILL,1,132625,132062
132631,BOMBASINE MILL,1,132625,132062
132632,CALENDER MILL,1,132625,132062
132633,CALICO MILL,1,177414,132062
132634,CALICO PRINTING WORKS,1,132625,132062
132635,CANVAS WORKS,1,132625,132062
132636,CARDING MILL,1,132625,132062
132637,CARPET MILL,1,132625,132062
132638,CLOTH DRESSING MILL,1,132625,132062
132640,COTTON MILL,1,132625,132062
132641,CREPE MILL,1,132625,132062
132642,DOUBLING MILL,1,132625,132062
132643,DRABBET FACTORY,1,132625,132062
132644,FELT MILL,1,132625,132062
132645,FINISHING WORKS,1,132625,132062
132646,FLAX DRESSING SHOP,1,132625,132062
132647,FLAX MILL,1,132625,132062
132648,FULLING MILL,1,132625,132062
132649,LACE FACTORY,1,132625,132062
132650,LINEN MILL,1,132625,132062
132651,MUNGO MILL,1,132625,132062
132652,RAG GRINDING MILL,1,132625,132062
132653,RIBBON FACTORY,1,132173,132062
132654,SAILMAKING WORKS,1,132625,132062
132655,SCRIBBLING MILL,1,132625,132062
132656,SCUTCHING MILL,1,132625,132062
132657,SERGE FACTORY,1,132625,132062
132658,SHODDY MILL,1,132625,132062
132659,SILK MILL,1,132625,132062
132660,SPINNING MILL,1,132625,132062
132661,TAPESTRY MILL,1,132625,132062
132662,THROWING MILL,1,132625,132062
132663,TWEED MILL,1,132625,132062
132665,WEAVING MILL,1,132625,132062
132666,WOOLLEN MILL,1,132625,132062
132667,WORSTED MILL,1,132625,132062
132668,YARN MILL,1,132625,132062
132669,THRESHING MILL,1,132579,132062
132670,TIDE MILL,1,132579,132062
132671,TURBINE MILL,1,135436,132062
132674,MINING INDUSTRY SITE,1,132062,132062
132675,LAMPHOUSE,1,132696,132062
132676,MINE,1,132674,132062
132677,POTASH MINE,1,135415,132062
132678,GRAPHITE MINE,1,135415,132062
132679,IRONSTONE MINE,1,132676,132062
132680,ARSENIC MINE,1,132676,132062
132681,CALAMINE MINE,1,132676,132062
132682,COPPER MINE,1,132676,132062
132683,GOLD MINE,1,132676,132062
132684,LEAD MINE,1,132676,132062
132685,MANGANESE MINE,1,132676,132062
132686,NICKEL MINE,1,132676,132062
132687,SILVER MINE,1,132676,132062
132688,TUNGSTEN MINE,1,132676,132062
132689,ZINC MINE,1,132676,132062
132690,COLLIERY,1,132676,132062
132691,DRIFT MINE,1,132676,132062
132692,FLINT MINE,1,132676,132062
132693,OPEN CAST MINE,1,132676,132062
132694,SALT MINE,1,135415,132062
132695,TIN MINE,1,132676,132062
132696,MINE BUILDING,1,132674,132062
132697,MINE DRAINAGE AND VENTILATION SITE,1,132674,132062
132700,MINE SHAFT,1,132697,132062
132701,TUNNEL CHAMBER,1,134402,134198
132702,VENTILATION CHIMNEY,1,135476,132062
132703,VENTILATION SHAFT,1,135545,135088
132704,MINE LIFTING AND WINDING STRUCTURE,1,132674,132062
132705,HAULAGE ENGINE HOUSE,1,132704,132062
132707,MAN ENGINE,1,132704,132062
132708,STEAM WINDER,1,132704,132062
132709,STOWE,1,132704,132062
132710,WINDER HOUSE,1,132704,132062
132711,WINDING CIRCLE,1,132704,132062
132712,WINDLASS,1,132704,132062
132713,WINDING GEAR,1,132704,132062
132715,MINERS CHANGING HOUSE,1,132696,132062
132716,PAPER INDUSTRY SITE,1,132062,132062
132717,BOARD MILL,1,132716,132062
132718,PAPER MILL,1,132716,132062
132719,BINDERY,1,135392,132062
132720,PRINT SHOP,1,135430,132062
132721,PRINTING WORKS,1,135430,132062
132722,PULP MILL,1,132716,132062
132723,WALLPAPER FACTORY,1,132716,132062
132724,POWER GENERATION SITE,1,132062,132062
132725,CRANEWHEEL,1,135431,132062
132726,DONKEY WHEEL,1,135431,132062
132727,HORSE ENGINE HOUSE,1,135431,132062
132728,HORSE WHEEL,1,135431,132062
132729,HORSE WHIM,1,135431,132062
132730,HORSE WHIM,1,132704,132062
132731,PRISON TREADMILL,1,132732,132062
132732,TREADMILL,1,135431,132062
132733,TREADWHEEL,1,135431,132062
132734,WINDLASS,1,135431,132062
132735,ACCUMULATOR HOUSE,1,135433,132062
132736,COOLING TOWER,1,135433,132062
132737,ELECTRICITY SUB STATION,1,135433,132062
132738,POWER STATION,1,135433,132062
132739,COAL FIRED POWER STATION,1,132738,132062
132740,GAS FIRED POWER STATION,1,132738,132062
132741,HYDROELECTRIC POWER STATION,1,132738,132062
132742,NUCLEAR POWER STATION,1,132738,132062
132743,OIL FIRED POWER STATION,1,132738,132062
132744,STEAM TURBINE POWER STATION,1,132738,132062
132745,ELECTRICITY PYLON,1,135433,132062
132746,SWITCH HOUSE,1,135433,132062
132747,TRANSFORMER STATION,1,135433,132062
132748,TRAM TRANSFORMER STATION,1,132747,132062
132749,ENGINE,1,135797,132062
132750,GAS ENGINE,1,132749,132062
132751,OIL ENGINE,1,132749,132062
132752,STEAM ENGINE,1,132749,132062
132753,TURBINE,1,132749,132062
132754,GAS TURBINE,1,132753,132062
132755,STEAM TURBINE,1,132753,132062
132756,ENGINE HOUSE,1,132724,132062
132757,ATMOSPHERIC ENGINE HOUSE,1,132756,132062
132758,ATMOSPHERIC RAILWAY ENGINE HOUSE,1,132756,132062
132759,BLOWING ENGINE HOUSE,1,132756,132062
132760,GAS ENGINE HOUSE,1,132756,132062
132761,HAULAGE ENGINE HOUSE,1,132756,132062
132762,HORSE ENGINE HOUSE,1,132756,132062
132763,HYDRAULIC ENGINE HOUSE,1,132756,132062
132764,STEAM ENGINE HOUSE,1,132756,132062
132765,TURBINE HOUSE,1,132756,132062
132766,GAS HOLDER,1,132768,132062
132767,GAS HOUSE,1,135432,132062
132768,GAS STORAGE TANK,1,135432,132062
132770,PRODUCER GAS HOUSE,1,135432,132062
132771,PURIFIER HOUSE,1,135432,132062
132772,RETORT HOUSE,1,135432,132062
132773,HYDRAULIC ACCUMULATOR TOWER,1,135434,132062
132774,HYDRAULIC CRANE,1,135434,132062
132775,HYDRAULIC BOX CRANE,1,132774,132062
132776,HYDRAULIC PILLAR CRANE,1,132774,132062
132777,HYDRAULIC ENGINE HOUSE,1,135434,132062
132778,HYDRAULIC JIGGER,1,135434,132062
132779,HYDRAULIC PUMPING STATION,1,135434,132062
132780,HYDRAULIC RAM,1,135434,132062
132781,HYDRAULIC TIPPLER,1,135599,132062
132782,COMPRESSOR HOUSE,1,135435,132062
132783,STEAM ENGINE,1,135435,132062
132784,BEAM ENGINE,1,132783,132062
132785,ROTATIVE BEAM ENGINE,1,132784,132062
132786,COMPOUND STEAM ENGINE,1,132783,132062
132787,HORIZONTAL STEAM ENGINE,1,132783,132062
132788,TRACTION STEAM ENGINE,1,132783,132062
132789,VERTICAL STEAM ENGINE,1,132783,132062
132790,BEAM ENGINE HOUSE,1,132764,132062
132791,STEAM MILL,1,135435,132062
132792,STEAM PLANT,1,135435,132062
132793,STEAM PUMP,1,135435,132062
132794,STEAM TURBINE,1,135435,132062
132795,STEAM WHIM,1,135435,132062
132796,STEAM WHIM HOUSE,1,135435,132062
132797,STEAM WINDER,1,135435,132062
132798,TURBINE HOUSE,1,135435,132062
132799,DAM,1,135436,132062
132800,MILL DAM,1,132799,132062
132801,HAMMER POND,1,135436,132062
132802,LEAT,1,134429,134417
132803,MILL POND,1,134441,134417
132804,MILL RACE,1,132811,132062
132805,HEAD RACE,1,134450,134417
132806,TAIL RACE,1,134450,134417
132807,PEN POND,1,135436,132062
132808,PUMP HOUSE,1,135436,132062
132809,TIDE MILL,1,135436,132062
132810,WATER TURBINE,1,135436,132062
132811,WATERCOURSE,1,135436,132062
132812,WATERMILL,1,135436,132062
132813,WATER WHEEL,1,135436,132062
132814,BREASTSHOT WHEEL,1,132813,132062
132815,HIGH BREASTSHOT WHEEL,1,132814,132062
132816,LOW BREASTSHOT WHEEL,1,132814,132062
132817,OVERSHOT WHEEL,1,132813,132062
132818,PITCHBACK WHEEL,1,132813,132062
132819,SCOOP WHEEL,1,132813,132062
132820,UNDERSHOT WHEEL,1,132813,132062
132821,WEIR,1,132799,132062
132822,TUMBLING WEIR,1,132821,132062
132823,WHEEL HOUSE,1,135436,132062
132824,WHEEL PIT,1,135436,132062
132825,WIND PUMP,1,134457,134417
132826,WINDMILL,1,135437,132062
132827,POST MILL,1,132826,132062
132828,SMOCK MILL,1,132826,132062
132829,TOWER MILL,1,132826,132062
132830,WINDMILL MOUND,1,135437,132062
132831,REFUSE DEPOT,1,135629,132062
132832,REFUSE DISPOSAL PLANT,1,135629,132062
132833,REFUSE TRANSFER DEPOT,1,132831,132062
132834,SPOIL HEAP,1,132674,132062
132835,STONE WORKING SITE,1,132062,132062
132837,JET WORKING SITE,1,132062,132062
132838,MILLSTONE WORKING SITE,1,132835,132062
132839,QUERN WORKING SITE,1,132835,132062
132840,SHALE WORKING SITE,1,132835,132062
132842,STONEMASONS YARD,1,132835,132062
132843,COBBLERS WORKSHOP,1,133036,132062
132844,GLOVE FACTORY,1,135516,132062
132845,LEATHER FACTORY,1,132173,132062
132846,LEATHER WORKING SITE,1,135381,132062
132847,LEATHER WORKERS SHOP,1,132846,132062
132848,SHOE FACTORY,1,135516,132062
132849,CURRIERY,1,132846,132062
132850,FLEECING SHOP,1,135380,132062
132851,LEATHER DRYING SHED,1,135381,132062
132852,SOAKING PIT,1,132357,132062
132853,STEEPING PIT,1,135381,132062
132854,TANNERY,1,135381,132062
132855,TANNING PIT,1,135381,132062
132856,WASHING PIT,1,135381,132062
132857,CARPET MILL,1,135445,132062
132858,CARPET WEAVERS WORKSHOP,1,135445,132062
132859,FLOORCLOTH FACTORY,1,135445,132062
132860,LINOLEUM FACTORY,1,135445,132062
132861,BEETLING MILL,1,135443,132062
132862,CALENDER MILL,1,135443,132062
132863,DRABBET FACTORY,1,135441,132062
132864,FLAX BEATING STONE,1,135441,132062
132865,FLAX DRESSING SHOP,1,135441,132062
132866,FLAX MILL,1,135441,132062
132868,LINEN MILL,1,135441,132062
132870,LOOMSHOP,1,135438,132062
132871,PICKER HOUSE,1,135438,132062
132872,RAG MILL,1,135438,132062
132873,SPINNING MILL,1,133017,132062
132874,SPINNING SHED,1,135438,132062
132875,SPINNING SHOP,1,135438,132062
132876,TEXTILE CONDITIONING HOUSE,1,135443,132062
132877,BLEACHERY,1,135443,132062
132878,BLEACHFIELD,1,135443,132062
132880,CLOTH DRESSING MILL,1,135443,132062
132881,COLOUR HOUSE,1,135443,132062
132882,DYE WORKS,1,135443,132062
132883,DYE HOUSE,1,135443,132062
132884,FINISHING WORKS,1,135443,132062
132885,FINISHING HOUSE,1,135443,132062
132886,PRINTING SHOP,1,135443,132062
132887,WILLEY SHED,1,135438,132062
132888,WOOL MANUFACTURING SITE,1,135438,132062
132889,ALPACA MILL,1,132888,132062
132890,BOMBASINE MILL,1,132888,132062
132891,COMBING SHED,1,135438,132062
132892,COMBING WORKS,1,132625,132062
132893,FELT MILL,1,132888,132062
132894,GREASE WORKS,1,132888,132062
132895,FULLING MILL,1,132888,132062
132896,FULLING STOCKS,1,132888,132062
132898,MUNGO MILL,1,132888,132062
132900,SERGE FACTORY,1,132888,132062
132901,SHODDY MILL,1,132888,132062
132902,TEAZLE SHOP,1,132888,132062
132903,TENTER GROUND,1,135438,132062
132904,TENTER POST,1,135438,132062
132905,TWEED MILL,1,132888,132062
132906,WOOL BARN,1,132888,132062
132907,WOOLCOMBERS SHOP,1,132888,132062
132908,WOOL STOVE,1,132888,132062
132909,WOOL WALL,1,132888,132062
132910,WOOLLEN MILL,1,132888,132062
132911,WORSTED MILL,1,132888,132062
132912,PLANING MILL,1,145304,132062
132914,SAW MILL,1,145304,132062
132915,SAW PIT,1,135448,132062
132916,TIMBER POND,1,134441,134417
132917,TIMBER SEASONING SHED,1,135448,132062
132918,BASKET MAKERS WORKSHOP,1,135450,132062
132919,WITHY BOILER,1,135450,132062
132920,BOBBIN MILL,1,135449,132062
132921,BRUSH FACTORY,1,135450,132062
132922,BRUSHMAKERS WORKSHOP,1,144983,132062
132923,CLOG MILL,1,135449,132062
132924,COOPERAGE,1,135449,132062
132925,FURNITURE FACTORY,1,135449,132062
132926,LOGWOOD MILL,1,135450,132062
132927,MATCH FACTORY,1,135449,132062
132928,SHIPYARD,1,135449,132062
132929,TIMBER YARD,1,135448,132062
132930,WHEELWRIGHTS WORKSHOP,1,135392,132062
132931,WOOD CHEMICAL WORKS,1,135450,132062
132932,BARK HOUSE,1,135450,132062
132933,BARK MILL,1,135450,132062
132934,CHAIN PROVING HOUSE,1,132438,132062
132935,BLOCK MILL,1,135449,132062
132936,CARPENTERS WORKSHOP,1,144983,132062
132937,COPPICE BARN,1,135450,132062
132938,JOINERS SHOP,1,144983,132062
132939,WOODWORKERS HUT,1,135450,132062
132940,WOODWORKING SITE,1,135450,132062
132942,WHEEL MOULD,1,135449,132062
132943,CHAIN WORKS,1,135423,132062
132946,NAIL FACTORY,1,135423,132062
132947,NEEDLE MILL,1,135423,132062
132948,ROLLING MILL,1,135410,132062
132950,SCYTHE MILL,1,133057,132062
132951,SLITTING MILL,1,135410,132062
132952,SPRING SHOP,1,135423,132062
132954,SWORD FACTORY,1,135423,132062
132955,TUBE MILL,1,135423,132062
132956,WIRE MILL,1,135410,132062
132957,ALUMINIUM SMELTER,1,135423,132062
132958,BATTERY MILL,1,135423,132062
132959,BRASS WORKS,1,135423,132062
132960,BRONZE WORKING SITE,1,135423,132062
132961,WATCHMAKERS WORKSHOP,1,144943,132062
132963,STATUE FOUNDRY,1,132446,132062
132965,CLAY WORKINGS,1,135416,132062
132966,IRONSTONE WORKINGS,1,132151,132062
132967,IRONSTONE PIT,1,132966,132062
132968,JET WORKINGS,1,132151,132062
132969,OCHRE PIT,1,132151,132062
132971,CHINA FACTORY,1,132173,132062
132972,GLUE FACTORY,1,132173,132062
132973,HAT FACTORY,1,132186,132062
132974,HORSEHAIR FACTORY,1,132173,132062
132975,HOSIERY FACTORY,1,132186,132062
132976,LORRY FACTORY,1,144903,132062
132977,MOTOR CYCLE FACTORY,1,144903,132062
132978,SOAP FACTORY,1,132173,132062
132979,TRAVELLING OVERHEAD CRANE,1,134650,134198
132981,POTASH MINE,1,132676,132062
132982,SALT MINE,1,132676,132062
132983,TAIL RACE,1,132804,132062
132984,HORIZONTAL AIR MILL,1,132826,132062
132985,BARK PEELERS HUT,1,135450,132062
132986,WORKS,1,132388,132062
132988,AIRCRAFT ENGINEERING SITE,1,135396,132062
132989,AIRCRAFT ENGINE FACTORY,1,132988,132062
132990,ROCKET MOTOR FACTORY,1,132988,132062
132991,FOOD PRESERVING FACTORY,1,135401,132062
132992,SCREW MILL,1,135423,132062
132993,SCREW MILL,1,132579,132062
132994,ANTIMONY MINE,1,135412,132062
132995,ANTIMONY MINE,1,132676,132062
132996,MINE PUMPING WORKS,1,132697,132062
132997,MINE PUMPING SHAFT,1,132697,132062
132999,TAPE MILL,1,132625,132062
133001,PEWTER WORKS,1,135423,132062
133002,PLATING WORKS,1,135423,132062
133004,RAG GRINDING SHED,1,135438,132062
133007,ABRASIVES MANUFACTURING SITE,1,135425,132062
133008,TERRACOTTA WORKS,1,132137,132062
133009,CARPENTERS WORKSHOP,1,135449,132062
133017,TEXTILE MILL,1,132579,132062
133018,HALF TIDE DOCK,1,132431,132062
133019,CLAY MINE,1,132676,132062
133020,FLUORSPAR MINE,1,132676,132062
133021,GYPSUM MINE,1,132676,132062
133022,WITHERITE MINE,1,132676,132062
133023,BASKET MAKERS WORKSHOP,1,135392,132062
133024,BRUSHMAKERS WORKSHOP,1,135450,132062
133026,BINDERY,1,135430,132062
133028,BOMB CRATER,1,135088,135088
133029,BOUNDARY BANK,1,135295,143383
133030,BOUNDARY DITCH,1,135295,143383
133031,CLOTH CUTTERS WORKSHOP,1,135392,132062
133032,BOUNDARY MOUND,1,131986,143383
133033,OUTBUILDING,1,135290,135088
133034,CLOCK TOWER,1,133414,135088
133036,CLOTHING WORKSHOP,1,135391,132062
133037,CRATEMAKERS SHOP,1,135429,132062
133038,TOPSHOP,1,135443,132062
133039,COPPER WORKING SITE,1,135423,132062
133040,COPPER WORKS,1,135423,132062
133041,JOINERS SHOP,1,135449,132062
133043,ERECTING SHOP,1,135393,132062
133046,LEAD WORKS,1,135423,132062
133047,MINT,1,135423,132062
133048,POLISHING SHOP,1,135423,132062
133049,SHOT TOWER,1,135423,132062
133051,TIN WORK,1,135423,132062
133052,WATCHMAKERS WORKSHOP,1,135423,132062
133053,WHITESMITHS WORKSHOP,1,154163,132062
133054,ZINC WORKS,1,135423,132062
133055,CHAIN SHOP,1,132943,132062
133056,CUTLERY WORKS,1,135423,132062
133057,EDGE TOOL WORKS,1,135423,132062
133059,HOSIERY WORKSHOP,1,133036,132062
133060,LEATHER WORKERS SHOP,1,135392,132062
133061,NAIL SHOP,1,135423,132062
133062,PIN MILL,1,135423,132062
133063,SCRAP YARD,1,135423,132062
133064,SHEET METAL WORKS,1,135423,132062
133065,CIVIL,1,,133065
133066,GOVERNMENT OFFICE,1,133065,133065
133067,SPRING WORKS,1,135423,132062
133068,BELL CASTING PIT,1,135423,132062
133069,ASSIZE COURT,1,133095,133065
133070,LEGAL OFFICE,1,135164,133065
133071,BASILICA,1,133065,133065
133072,OPPIDUM,1,133065,133065
133073,BRITANNIA METAL WORKS,1,135423,132062
133074,GALVANIZING WORKSHOP,1,135423,132062
133075,PRISON,1,135164,133065
133076,BURH,1,133065,133065
133077,CELL BLOCK,1,133075,133065
133078,CONSTABLES OFFICE,1,133065,133065
133079,CHURCH HALL,1,135120,133065
133080,CHURCH HOUSE,1,135120,133065
133081,LOCAL GOVERNMENT OFFICE,1,133066,133065
133082,CIVIC CENTRE,1,133065,133065
133083,CIVITAS CAPITAL,1,133136,133065
133084,COASTGUARD STATION,1,133065,133065
133085,COINAGE HALL,1,133065,133065
133086,COLONIA,1,133136,133065
133089,CONSISTORY COURT,1,133667,133667
133090,CORONERS COURT,1,133095,133065
133091,COUNTY COURT,1,133095,133065
133092,COUNTY HALL,1,133081,133065
133093,COURT HOUSE,1,133095,133065
133094,COURT ROOM,1,133095,133065
133095,LAW COURT,1,135164,133065
133096,CROWN COURT,1,133095,133065
133097,DUCKING STOOL,1,135119,133065
133098,CUSTOM HOUSE,1,133065,133065
133099,CUSTOMS LOOKOUT,1,133065,133065
133100,DEBTORS COURT,1,133095,133065
133101,WATCH HOUSE,1,133065,133065
133102,DUCKING POND,1,135119,133065
133103,DEBTORS PRISON,1,133075,133065
133104,EMBASSY,1,133065,133065
133105,ENCLOSED OPPIDUM,1,133072,133065
133106,EXECUTION SITE,1,135119,133065
133107,FIRE STATION,1,133065,133065
133108,MOOT,1,133065,133065
133109,FORUM,1,133065,133065
133110,GALLOWS,1,133106,133065
133111,GALLOWS MOUND,1,133106,133065
133112,GIBBET,1,133106,133065
133113,GUILDHALL,1,135120,133065
133114,HIGH SECURITY PRISON,1,133075,133065
133115,HOSE TOWER,1,133065,133065
133116,HOUSE OF DETENTION,1,133075,133065
133118,PILLORY,1,135119,133065
133119,JUDGES LODGINGS,1,135035,131528
133120,JUVENILE COURT,1,133095,133065
133121,JUVENILE PRISON,1,133075,133065
133122,LABOUR EXCHANGE,1,133065,133065
133123,LEET HALL,1,135120,133065
133124,LEGAL CHAMBERS,1,135164,133065
133125,LIFEBOAT STATION,1,133065,133065
133126,MAGISTRATES COURT,1,133095,133065
133127,MANSIO,1,133065,133065
133128,MARKET HOUSE,1,133139,133065
133129,MARRIAGE FEAST HOUSE,1,135120,133065
133130,MINT,1,133065,133065
133131,MOOT HALL,1,135120,133065
133132,MUNICIPIUM,1,133136,133065
133133,MUNIMENT HOUSE,1,133065,133065
133135,PARISH BOUNDARY,1,133065,133065
133136,TOWN,1,133065,133065
133137,POLICE STATION,1,135164,133065
133138,PRISON TREADMILL,1,135119,133065
133139,PUBLIC BUILDING,1,133065,133065
133140,PUBLIC HALL,1,135120,133065
133141,RECORD OFFICE,1,133139,133065
133142,REGISTER OFFICE,1,133065,133065
133143,REGISTRARS HOUSE,1,135169,131528
133144,SCAFFOLD,1,133106,133065
133145,SHIRE HALL,1,135120,133065
133146,STANNARY COURT,1,133095,133065
133147,STOCKS,1,135119,133065
133148,TOWN HALL,1,135120,133065
133150,VERDERERS HALL,1,135120,133065
133151,VICUS,1,133065,133065
133152,VILLAGE HALL,1,135120,133065
133153,WHIPPING POST,1,135119,133065
133154,COMMERCIAL,1,,133154
133155,AGRICULTURAL HALL,1,134966,133154
133156,AUCTION HOUSE,1,133154,133154
133157,ANTIQUE MARKET,1,133236,133154
133158,DRAWING OFFICE,1,133160,133154
133159,ASSAY OFFICE,1,133160,133154
133160,COMMERCIAL OFFICE,1,133154,133154
133162,BAKERY,1,133154,133154
133163,BARBERS SHOP,1,133254,133154
133164,LEGAL OFFICE,1,133160,133154
133166,MEAT MARKET,1,133236,133154
133167,BEER SHOP,1,133254,133154
133168,BOOKING OFFICE,1,133160,133154
133171,RESTAURANT,1,134946,133154
133172,BUFFET,1,134946,133154
133173,BUTCHERS SHOP,1,133254,133154
133174,BUTTER MARKET,1,133236,133154
133175,CAFE,1,134946,133154
133176,LIVESTOCK MARKET,1,133236,133154
133177,CHAMBER OF COMMERCE,1,133154,133154
133178,CHANDLERY,1,133254,133154
133179,CHEESE MARKET,1,133236,133154
133180,CHEMISTS SHOP,1,133254,133154
133181,CHOCOLATE HOUSE,1,134946,133154
133182,CLEARING HOUSE,1,133154,133154
133183,CLOCK SHOP,1,133254,133154
133184,CLOTH HALL,1,133201,133154
133185,CLOTH MARKET,1,133236,133154
133186,COAL EXCHANGE,1,134944,133154
133187,COBBLERS STALL,1,133154,133154
133188,TEMPERANCE PUBLIC HOUSE,1,134946,133154
133189,COFFEE BAR,1,134946,133154
133190,COFFEE HOUSE,1,134946,133154
133191,COINAGE HALL,1,133154,133154
133192,COMMERCIAL ART GALLERY,1,133154,133154
133193,LIVERY HALL,1,133154,133154
133194,CONFECTIONERS SHOP,1,133254,133154
133195,CONFERENCE CENTRE,1,133154,133154
133197,COOPERATIVE STORE,1,133254,133154
133198,CORN EXCHANGE,1,134944,133154
133199,COTTON EXCHANGE,1,134944,133154
133200,COUNTING HOUSE,1,133154,133154
133201,MARKET HALL,1,133236,133154
133203,DEPARTMENT STORE,1,133254,133154
133205,NEWSPAPER OFFICE,1,133160,133154
133206,PIE AND MASH SHOP,1,134946,133154
133207,EEL STALL,1,133154,133154
133208,PETROL STATION,1,133154,133154
133209,FISH MARKET,1,133236,133154
133210,FISH STONE,1,133154,133154
133211,FISHMONGERS SHOP,1,133254,133154
133213,FLOWER MARKET,1,133236,133154
133215,FORUM,1,133154,133154
133216,FRUIT AND VEGETABLE MARKET,1,133236,133154
133217,POST OFFICE,1,133154,133154
133218,GENERAL STORE,1,133254,133154
133219,GRAND HOTEL,1,133228,133154
133220,GREENGROCERS SHOP,1,133254,133154
133221,GROCERS SHOP,1,133254,133154
133222,GUILDHALL,1,133154,133154
133223,HAIRDRESSERS SALON,1,133254,133154
133224,HARDWARE SHOP,1,133254,133154
133225,HOP EXCHANGE,1,134944,133154
133226,HORTICULTURAL HALL,1,134966,133154
133227,INN,1,133154,133154
133228,HOTEL,1,133154,133154
133229,KIOSK,1,133154,133154
133230,LAUNDRETTE,1,133154,133154
133231,LAUNDRY,1,133154,133154
133232,LEATHER MARKET,1,133236,133154
133233,LEGAL CHAMBERS,1,133154,133154
133234,LIVERY STABLE,1,134371,134198
133235,MANSIO,1,133154,133154
133236,MARKET,1,133154,133154
133237,MARKET HOUSE,1,133236,133154
133238,MARKET PLACE,1,133236,133154
133239,MARKET STALL,1,133236,133154
133241,MILK DEPOT,1,133154,133154
133243,MOTEL,1,133228,133154
133244,PAWNSHOP,1,133154,133154
133245,SERVICE STATION,1,133154,133154
133246,PHOTOGRAPHIC GALLERY,1,133154,133154
133247,PLEDGE DEPOT,1,133244,133154
133249,PUBLIC HOUSE,1,134963,133154
133250,RAILWAY BUFFET,1,133172,133154
133251,RAILWAY HOTEL,1,133228,133154
133252,REFRESHMENT ROOMS,1,134946,133154
133253,SHAMBLES,1,133154,133154
133254,SHOP,1,133154,133154
133255,SHOPPING ARCADE,1,133154,133154
133256,SHOPPING CENTRE,1,133154,133154
133257,SHOPPING PRECINCT,1,133154,133154
133258,SHOWROOM,1,133154,133154
133259,SMUGGLERS CACHE,1,133154,133154
133260,SPA HOTEL,1,133228,133154
133261,STEELYARD,1,133154,133154
133262,STOCK EXCHANGE,1,134944,133154
133263,SUPERMARKET,1,133254,133154
133265,TEMPERANCE HOTEL,1,133228,133154
133266,TIMBER MARKET,1,133236,133154
133268,WAREHOUSE,1,133154,133154
133269,WHOLESALE MARKET,1,133236,133154
133270,WIGMAKERS SHOP,1,133254,133154
133271,WOOL EXCHANGE,1,134944,133154
133272,COMMUNICATIONS,1,,133272
133274,BROADCASTING TRANSMITTER,1,141400,133272
133275,CABLE REPEATER OFFICE,1,133287,133272
133276,EARLY WARNING STATION,1,204110,133297
133277,FILM STUDIO,1,133272,133272
133278,RADAR BEACON,1,135178,133272
133279,RADIO BROADCASTING STUDIO,1,135185,133272
133280,RAILWAY LOOKOUT TOWER,1,133272,133272
133281,RECORDING STUDIO,1,133272,133272
133283,SATELLITE DISH,1,135185,133272
133286,SHUTTER TELEGRAPH STATION,1,135195,133272
133287,TELEGRAPH OFFICE,1,135641,133272
133288,TELEGRAPH POLE,1,135185,133272
133289,TELEGRAPH STATION,1,135641,133272
133291,TELEPHONE BOX,1,135185,133272
133292,TELEPHONE EXCHANGE,1,135641,133272
133294,TELESCOPE DOME,1,133422,133422
133295,TELEVISION STUDIO,1,135185,133272
133296,TIMEBALL TOWER,1,135196,133272
133297,DEFENCE,1,,133297
133298,ADULTERINE CASTLE,1,133331,133297
133300,AIR RAID SHELTER,1,136813,133297
133301,ANTI AIRCRAFT BATTERY,1,136812,133297
133302,TANK TRAP,1,136815,133297
133303,ARCHERY BUTTS,1,135059,133297
133306,ARMOURY,1,135063,133297
133307,ARMY CAMP,1,133373,133297
133308,ARMY OFFICE,1,204831,135088
133309,ARSENAL,1,135063,133297
133310,ARTILLERY CASTLE,1,133331,133297
133311,ARTILLERY FORT,1,133348,133297
133312,ARTILLERY GROUND,1,136820,133297
133313,SCONCE,1,133355,133297
133314,ARTILLERY SCHOOL,1,136820,133297
133315,ARTILLERY TOWER,1,133355,133297
133316,AUXILIARY FORT,1,133348,133297
133317,BAILEY,1,133355,133297
133318,BARBICAN,1,133355,133297
133319,BARMKIN,1,133355,133297
133320,BASTLE,1,133356,133297
133321,BASTION,1,133355,133297
133322,BASTION TRACE FORT,1,133348,133297
133323,BATTERY,1,133297,133297
133324,BATTLEFIELD,1,133297,133297
133326,OPPIDUM,1,133349,133297
133327,BIVALLATE HILLFORT,1,133341,133297
133328,BLOCKHOUSE,1,133355,133297
133329,UNDERGROUND MILITARY HEADQUARTERS,1,135886,133297
133330,BURH,1,133349,133297
133331,CASTLE,1,133297,133297
133332,KEEP,1,133331,133297
133334,CHEMISE,1,133355,133297
133335,CHEVAUX DE FRISE,1,136815,133297
133336,SIEGEWORK,1,133351,133297
133337,TOWN DEFENCES,1,133297,133297
133338,CLIFF CASTLE,1,133392,133297
133339,COASTAL BATTERY,1,133323,133297
133340,CONCENTRIC CASTLE,1,133331,133297
133341,HILLFORT,1,133349,133297
133342,CROSS DYKE,1,133345,133297
133343,CURTAIN WALL,1,133355,133297
133344,FRONTIER DEFENCE,1,133297,133297
133345,DYKE (DEFENCE),1,133351,133297
133346,DOME TRAINER,1,136820,133297
133347,DRILL HALL,1,136820,133297
133348,FORT,1,133297,133297
133349,ENCLOSED SETTLEMENT,1,133297,133297
133350,TRENCH,1,133351,133297
133351,FIELDWORK,1,133297,133297
133352,FIRING RANGE,1,204800,133297
133353,RETENTURA,1,133297,133297
133354,FORT ANNEXE,1,133348,133297
133355,FORTIFICATION,1,133297,133297
133356,FORTIFIED HOUSE,1,133297,133297
133357,FORTIFIED MANOR HOUSE,1,133356,133297
133358,FORTLET,1,133348,133297
133359,GUARDHOUSE,1,136819,133297
133360,GUN EMPLACEMENT,1,133355,133297
133361,GUNPOST,1,136812,133297
133362,GYRUS,1,136820,133297
133363,MULTIVALLATE HILLFORT,1,133341,133297
133364,UNIVALLATE HILLFORT,1,133341,133297
133365,LEGIONARY FORTRESS,1,135051,133297
133366,LINEAR EARTHWORK,1,135305,143383
133368,MAGAZINE,1,135063,133297
133370,MILECASTLE,1,133358,133297
133371,MILEFORTLET,1,133358,133297
133372,MILITARY BASE,1,176417,133297
133373,MILITARY CAMP,1,133372,133297
133374,MILITARY CANAL,1,136821,133297
133375,MISSILE BASE,1,133297,133297
133376,MOTTE AND BAILEY,1,133331,133297
133377,MULTIPLE DITCH SYSTEM,1,133366,143383
133378,MUNITION HOUSE,1,135063,133297
133379,NUCLEAR BUNKER,1,136813,133297
133380,OFFICERS MESS,1,182062,133297
133381,ORDNANCE STORE,1,133297,133297
133382,PALISADE,1,143383,143383
133383,PALISADED HILLTOP ENCLOSURE,1,135049,133297
133384,PARADE GROUND,1,136820,133297
133385,PELE TOWER,1,133356,133297
133386,PILLBOX,1,133328,133297
133387,POSTERN,1,133355,133297
133388,POWDER MAGAZINE,1,133368,133297
133390,SLIT TRENCH,1,133350,133297
133391,PRISONER OF WAR CAMP,1,133373,133297
133392,PROMONTORY FORT,1,133349,133297
133393,RADAR STATION,1,136817,133297
133394,RAMPART,1,133355,133297
133395,RECRUITING STATION,1,136819,133297
133396,REGIMENTAL DEPOT,1,139312,133297
133397,RIFLE BUTTS,1,135059,133297
133398,RINGWORK,1,133331,133297
133399,RINGWORK AND BAILEY,1,133331,133297
133400,TEMPORARY CAMP,1,133373,133297
133401,ROUND,1,133349,133297
133403,SAP,1,133336,133297
133404,SAXON SHORE FORT,1,133348,133297
133405,SCARP,1,133355,133297
133406,SEARCHLIGHT BATTERY,1,133323,133297
133407,SENTRY BOX,1,133297,133297
133408,SERGEANTS MESS,1,182062,133297
133409,SHELL KEEP,1,133332,133297
133410,SHIFTING HOUSE,1,134600,133420
133411,SIEGE CASTLE,1,133331,133297
133412,SIGNAL STATION,1,136818,133297
133413,STAR FORT,1,133348,133297
133414,TOWER,1,135290,135088
133415,TOWER KEEP,1,133332,133297
133416,TURRET,1,133344,133297
133417,VALLUM,1,133394,133297
133418,WATCH TOWER,1,136817,133297
133419,WATER GATE,1,133297,133297
133420,MARITIME,1,,133420
133422,EDUCATION,1,,133422
133423,SCHOOL,1,133422,133422
133424,ART SCHOOL,1,135189,133422
133425,MUSIC SCHOOL,1,135189,133422
133426,AGRICULTURAL COLLEGE,1,135188,133422
133427,RESEARCH STATION,1,133422,133422
133428,THEOLOGICAL COLLEGE,1,135188,133422
133429,CHURCH SCHOOL,1,133423,133422
133430,ARCHITECTURE SCHOOL,1,135189,133422
133431,ART GALLERY,1,133422,133422
133432,ATHENAEUM,1,133484,133422
133433,BALLET SCHOOL,1,135189,133422
133435,SCHOOL FOR THE BLIND,1,135845,133422
133436,CHARITY SCHOOL,1,133467,133422
133437,BOARD SCHOOL,1,133423,133422
133438,BOARDING SCHOOL,1,133423,133422
133439,PUBLIC LIBRARY,1,133483,133422
133440,CHARTIST COLONY SCHOOL,1,133423,133422
133441,CHOIR SCHOOL,1,135189,133422
133442,CHURCH INSTITUTE,1,133480,133422
133443,CLASSROOM,1,133511,133422
133444,COLLIERY INSTITUTE,1,133480,133422
133445,COMMERCIAL COLLEGE,1,135188,133422
133447,COMPREHENSIVE SCHOOL,1,133474,133422
133448,UNIVERSITY ADMINISTRATION OFFICE,1,133422,133422
133449,CONVENT SCHOOL,1,133423,133422
133451,CRAFT CENTRE,1,133422,133422
133453,DAME SCHOOL,1,133459,133422
133455,DENTAL SCHOOL,1,135189,133422
133456,DIVINITY SCHOOL,1,135189,133422
133458,DRAMA SCHOOL,1,135189,133422
133459,ELEMENTARY SCHOOL,1,133423,133422
133460,GRAMMAR SCHOOL,1,133474,133422
133461,TECHNICAL COLLEGE,1,135188,133422
133462,EXAMINATION HALL,1,133422,133422
133464,EXHIBITION HALL,1,133422,133422
133465,FACULTY BUILDING,1,133422,133422
133466,FOREIGN LANGUAGE INSTITUTE,1,133480,133422
133467,FREE SCHOOL,1,133459,133422
133468,FURTHER EDUCATION COLLEGE,1,173865,133422
133469,LENDING LIBRARY,1,133483,133422
133470,GRADUATE HOUSE,1,133422,133422
133472,HALL OF RESIDENCE,1,135011,131528
133474,SECONDARY SCHOOL,1,133423,133422
133476,HORTICULTURAL COLLEGE,1,135188,133422
133477,HOSPITAL SCHOOL,1,133467,133422
133478,INDUSTRIAL SCHOOL,1,135189,133422
133479,MILITARY COLLEGE,1,135188,133422
133480,INSTITUTE,1,133422,133422
133481,LABORATORY,1,133422,133422
133482,LADIES COLLEGE,1,173865,133422
133483,LIBRARY,1,133422,133422
133484,LITERARY AND SCIENTIFIC INSTITUTE,1,133480,133422
133485,MARINE LABORATORY,1,133481,133422
133486,MATHEMATICAL INSTITUTE,1,133480,133422
133487,MECHANICS INSTITUTE,1,133480,133422
133488,MEDICAL COLLEGE,1,135188,133422
133489,MINERS READING ROOM,1,133506,133422
133490,NURSERY SCHOOL,1,133459,133422
133491,MUSEUM,1,133422,133422
133492,NAVAL COLLEGE,1,135188,133422
133493,OBSERVATORY,1,133422,133422
133494,ORIENTAL INSTITUTE,1,133480,133422
133495,ORPHAN SCHOOL,1,133467,133422
133496,PARISH SCHOOL,1,133423,133422
133497,PAUPER SCHOOL,1,133467,133422
133498,PEOPLES COLLEGE,1,173865,133422
133499,PHILOLOGICAL SCHOOL,1,135189,133422
133500,POLYTECHNIC,1,133422,133422
133501,PREPARATORY SCHOOL,1,133502,133422
133502,PRIVATE SCHOOL,1,133423,133422
133503,PROPRIETARY SCHOOL,1,133502,133422
133504,PUBLIC SCHOOL,1,133502,133422
133505,RAGGED SCHOOL,1,133467,133422
133506,READING ROOM,1,133422,133422
133507,REFERENCE LIBRARY,1,133483,133422
133508,RIDING SCHOOL,1,135189,133422
133510,SCHOOL HOUSE,1,133422,133422
133511,SCHOOLROOM,1,133422,133422
133512,SCIENTIFIC INSTITUTE,1,133484,133422
133513,SECONDARY MODERN SCHOOL,1,133474,133422
133514,STUDENTS UNION,1,133422,133422
133515,VOLUNTARY SCHOOL,1,133423,133422
133516,SUNDAY SCHOOL,1,133423,133422
133517,TEACHER TRAINING COLLEGE,1,135188,133422
133518,TECHNICAL SCHOOL,1,135189,133422
133519,TECHNOLOGY INSTITUTE,1,133480,133422
133520,THEOSOPHICAL COLLEGE,1,135188,133422
133521,TRADE SCHOOL,1,135189,133422
133522,TRAINING CENTRE,1,133422,133422
133523,UNIVERSITY,1,133422,133422
133524,UNIVERSITY COLLEGE,1,173865,133422
133525,VILLAGE COLLEGE,1,173865,133422
133526,WORKING MENS COLLEGE,1,173865,133422
133527,WORKING MENS INSTITUTE,1,133480,133422
133530,BRITISH LEGION HALL,1,133542,133551
133533,TRADES UNION HALL,1,133542,133551
133535,POLITICAL CLUB,1,135177,133551
133537,FREEMASONS HALL,1,133542,133551
133542,MEETING HALL,1,135160,133551
133543,ODDFELLOWS HALL,1,133542,133551
133544,SOCIAL CLUB,1,135177,133551
133545,TEMPERANCE HALL,1,133542,133551
133546,TRADES UNION BUILDING,1,134482,134482
133547,WORKING MENS CLUB,1,135177,133551
133549,YOUTH CLUB,1,135177,133551
133550,TEACHERS CENTRE,1,133422,133422
133551,RECREATIONAL,1,,133551
133553,AMPHITHEATRE,1,133551,133551
133554,AMUSEMENT ARCADE,1,135324,133551
133555,ANIMAL HOUSE,1,135726,133551
133556,AQUARIUM,1,133555,133551
133557,ART GALLERY,1,135322,133551
133558,ARTS CENTRE,1,135322,133551
133559,AVIARY,1,133555,133551
133560,BADGER PIT,1,133561,133551
133561,BAITING PLACE,1,133551,133551
133562,BANDSTAND,1,135326,133551
133563,BANQUETING HOUSE,1,135323,133551
133564,BEACH HUT,1,133551,133551
133565,BINGO HALL,1,135324,133551
133566,BOATING LAKE,1,133551,133551
133567,BOWLING CLUB,1,144464,133551
133568,BOWLING GREEN PAVILION,1,133613,133551
133569,BOXING ARENA,1,133658,133551
133571,BULLRING,1,133561,133551
133572,CAMERA OBSCURA,1,135322,133551
133573,TILTYARD,1,135327,133551
133574,RIDING SCHOOL,1,135327,133551
133575,CHANGING ROOMS,1,135327,133551
133576,HUNTING FOREST,1,135328,133551
133577,CINEMA,1,133551,133551
133578,CIRCUS (RECREATIONAL),1,133551,133551
133579,CLUBHOUSE,1,133551,133551
133580,COCKPIT,1,133561,133551
133581,CONCERT HALL,1,135326,133551
133582,CROQUET SHED,1,133658,133551
133583,GENTLEMENS CLUB,1,135177,133551
133584,CRICKET PAVILION,1,133613,133551
133585,GRANDSTAND,1,133658,133551
133586,CROQUET LAWN,1,144464,133551
133587,DANCE HALL,1,135326,133551
133588,DANCE STUDIO,1,135326,133551
133589,DECOY POND,1,134441,134417
133590,DEER PARK,1,135328,133551
133591,DEER SHELTER,1,135328,133551
133592,DIORAMA,1,135322,133551
133593,DISCOTHEQUE,1,135326,133551
133594,KENNELS,1,133555,133551
133595,DOLPHINARIUM,1,133555,133551
133596,ELEPHANT HOUSE,1,133555,133551
133597,EXHIBITION HALL,1,135322,133551
133598,EXHIBITION PAVILION,1,135322,133551
133599,FAIR,1,133551,133551
133600,FALCONRY,1,135328,133551
133601,FENCING SCHOOL,1,133658,133551
133602,FIRING RANGE,1,135327,133551
133603,FISHERY,1,133551,133551
133604,FISHING LODGE,1,133551,133551
133605,FIVES COURT,1,144464,133551
133606,ALL WEATHER PITCH,1,133610,133551
133608,CHILDRENS PLAYGROUND,1,133610,133551
133609,PLAYING FIELD,1,133610,133551
133610,RECREATION GROUND,1,135327,133551
133611,STADIUM,1,135327,133551
133612,FOOTBALL TERRACE,1,144464,133551
133613,SPORTS PAVILION,1,133658,133551
133614,GAMING HOUSE,1,135324,133551
133615,GIRAFFE HOUSE,1,133555,133551
133616,GOLF CLUB,1,135177,133551
133617,GYMNASIUM (SPORTS),1,133658,133551
133618,HOPSCOTCH COURT,1,135327,133551
133619,HUNTING LODGE,1,135328,133551
133620,HUNTING CLUB,1,135328,133551
133621,SKATING RINK,1,133658,133551
133622,JAZZ CLUB,1,135326,133551
133623,KURSAAL,1,135325,133551
133624,LIBRARY,1,135322,133551
133625,MINIATURE GARDEN,1,131898,131783
133626,PRIMATE HOUSE,1,133555,133551
133627,RACING CIRCUIT,1,144465,133551
133628,MUSEUM,1,135322,133551
133629,MUSIC HALL,1,135326,133551
133630,OPERA HOUSE,1,135326,133551
133631,PANORAMA,1,135322,133551
133632,PARROT HOUSE,1,133555,133551
133633,PENGUIN POOL,1,133555,133551
133634,PHOTOGRAPHIC GALLERY,1,135322,133551
133635,PIER PAVILION,1,133551,133551
133636,PLAIN AN GWARRY,1,133551,133551
133637,PLANETARIUM,1,135322,133551
133638,PLEASURE PIER,1,133551,133551
133639,PLAYGROUND SHELTER,1,133551,133551
133640,THEATRE,1,135326,133551
133641,PUBLIC HOUSE,1,191947,133551
133642,PUMP ROOMS,1,135325,133551
133643,QUINTAIN,1,135327,133551
133644,RACECOURSE,1,144465,133551
133645,RACECOURSE PAVILION,1,133658,133551
133646,RACING STABLE,1,144465,133551
133647,REFRESHMENT PAVILION,1,135323,133551
133648,REPTILE HOUSE,1,133555,133551
133649,ROWING CLUB,1,135177,133551
133651,SCOUT HUT,1,133551,133551
133652,SEA LION POOL,1,133555,133551
133653,SEASIDE PAVILION,1,133551,133551
133654,SHOOTING STAND,1,135328,133551
133656,SPA PAVILION,1,135325,133551
133657,SPORTS CENTRE,1,133658,133551
133658,SPORTS BUILDING,1,135327,133551
133659,SQUASH COURT,1,144463,133551
133660,TEA HOUSE,1,135323,133551
133661,TELESCOPE (CELESTIAL),1,133493,133422
133662,TENNIS CLUB,1,135177,133551
133663,TILTYARD TOWER,1,133658,133551
133664,WATER CHUTE,1,135327,133551
133666,YOUTH HOSTEL,1,213316,133551
133667,RELIGIOUS RITUAL AND FUNERARY,1,,133667
133668,ALMONRY,1,133667,133667
133669,ALMSHOUSE,1,133667,133667
133670,ALTAR,1,133667,133667
133671,AMPHITHEATRE,1,133667,133667
133672,ANCHORITE CELL,1,133911,133667
133673,BAPTISTERY,1,133667,133667
133674,BELL TOWER,1,133667,133667
133675,CURFEW BELL TOWER,1,133674,133667
133676,BIER HOUSE,1,133667,133667
133677,CALVARY,1,133667,133667
133678,CATHEDRAL PRECINCT,1,133667,133667
133679,CAUSEWAYED ENCLOSURE,1,135304,143383
133680,CAUSEWAYED RING DITCH,1,133667,133667
133681,CEMETERY LODGE,1,133667,133667
133682,CHAPTER HOUSE,1,133667,133667
133683,CHURCH,1,134740,133667
133684,ANGLICAN CHURCH,1,133683,133667
133685,ANGLICAN CATHEDRAL,1,133732,133667
133686,EASTERN ORTHODOX CATHEDRAL,1,133732,133667
133687,ROMAN CATHOLIC CATHEDRAL,1,133732,133667
133688,CHAPEL OF EASE,1,133734,133667
133689,CHRISTIAN SCIENCE CHURCH,1,140633,133667
133690,COLLEGIATE CHURCH,1,133683,133667
133692,EASTERN ORTHODOX CHURCH,1,192479,133667
133693,FORTIFIED CHURCH,1,133683,133667
133695,MINSTER,1,134740,133667
133696,MISSION CHURCH,1,133683,133667
133697,NONCONFORMIST CHAPEL,1,133734,133667
133698,BAPTIST CHAPEL,1,133697,133667
133699,GENERAL BAPTIST CHAPEL,1,133698,133667
133700,PARTICULAR BAPTIST CHAPEL,1,133698,133667
133702,STRICT BAPTIST CHAPEL,1,133700,133667
133703,CONGREGATIONAL CHAPEL,1,133697,133667
133705,METHODIST CHAPEL,1,133697,133667
133706,BIBLE CHRISTIAN CHAPEL,1,133705,133667
133707,CALVINISTIC METHODIST CHAPEL,1,133705,133667
133708,COUNTESS OF HUNTINGDONS CHAPEL,1,133705,133667
133710,METHODIST NEW CONNEXION CHAPEL,1,133705,133667
133711,PRIMITIVE METHODIST CHAPEL,1,133705,133667
133712,WESLEYAN METHODIST CHAPEL,1,133705,133667
133713,MORAVIAN CHAPEL,1,133697,133667
133714,PRESBYTERIAN CHAPEL,1,133697,133667
133715,SCOTTISH PRESBYTERIAN CHAPEL,1,133714,133667
133717,UNITARIAN CHAPEL,1,133697,133667
133718,NONCONFORMIST MEETING HOUSE,1,134740,133667
133719,BRETHREN MEETING HOUSE,1,133718,133667
133720,FRIENDS MEETING HOUSE,1,133718,133667
133722,PARISH CHURCH,1,133683,133667
133723,PENTECOSTALIST CHURCH,1,133683,133667
133724,SEAMENS CHURCH,1,133683,133667
133725,SERBIAN ORTHODOX CHURCH,1,133692,133667
133726,SEVENTH DAY ADVENTISTS CHAPEL,1,140633,133667
133727,SWEDENBORGIAN CHAPEL,1,133697,133667
133730,ROMAN CATHOLIC CHURCH,1,133683,133667
133732,CATHEDRAL,1,134740,133667
133733,SECULAR CATHEDRAL,1,133732,133667
133734,CHAPEL,1,134740,133667
133735,BRIDGE CHAPEL,1,133734,133667
133736,CAUSEWAY CHAPEL,1,133734,133667
133737,CEMETERY CHAPEL,1,133734,133667
133738,CHANTRY CHAPEL,1,133734,133667
133739,COLLEGIATE CHAPEL,1,133734,133667
133740,DOMESTIC CHAPEL,1,133734,133667
133741,GUILD CHAPEL,1,133734,133667
133742,LADY CHAPEL,1,133734,133667
133743,MILITARY CHAPEL,1,133734,133667
133744,MORTUARY CHAPEL,1,133734,133667
133745,PRIVATE CHAPEL,1,133734,133667
133746,ROMAN CATHOLIC CHAPEL,1,133734,133667
133747,ROYAL CHAPEL,1,133745,133667
133748,HOSPITALLERS CHURCH,1,133683,133667
133749,TEMPLARS CHURCH,1,133683,133667
133750,CLOISTER,1,133667,133667
133752,CLOISTER GARTH,1,133667,133667
133753,COLLEGE OF SECULAR PRIESTS,1,133667,133667
133754,COLLEGE OF THE VICARS CHORAL,1,133753,133667
133755,CROSS,1,133667,133667
133756,BOUNDARY CROSS,1,133755,133667
133757,MARKET CROSS,1,133755,133667
133758,PREACHING CROSS,1,133755,133667
133759,TOWN CROSS,1,133755,133667
133760,VILLAGE CROSS,1,133755,133667
133761,WAYSIDE CROSS,1,133755,133667
133762,CROSS INCISED STONE,1,133667,133667
133763,CUP AND RING MARKED STONE,1,133971,133667
133764,CUP MARKED STONE,1,133971,133667
133765,CURSUS,1,133667,133667
133766,FONT,1,133667,133667
133767,FUNERARY SITE,1,133667,133667
133768,BARROW,1,133767,133667
133769,BANK BARROW,1,133768,133667
133770,CHAMBERED BARROW,1,133768,133667
133771,CHAMBERED ROUND BARROW,1,133770,133667
133772,D SHAPED BARROW,1,133768,133667
133773,LONG BARROW,1,133768,133667
133774,CHAMBERED LONG BARROW,1,133773,133667
133775,OVAL BARROW,1,133773,133667
133776,POND BARROW,1,133768,133667
133777,RING BARROW,1,133768,133667
133778,ROUND BARROW,1,133768,133667
133779,BELL BARROW,1,133778,133667
133780,CHAMBERED ROUND BARROW,1,133778,133667
133782,BELL DISC BARROW,1,133778,133667
133783,DISC BARROW,1,133778,133667
133784,SAUCER BARROW,1,133778,133667
133785,SQUARE BARROW,1,133768,133667
133786,BURIAL,1,133767,133667
133787,ANIMAL BURIAL,1,133786,133667
133792,BOG BURIAL,1,133786,133667
133794,CART BURIAL,1,133786,133667
133795,CHARCOAL BURIAL,1,133786,133667
133796,CREMATION,1,133767,133667
133797,CINERARY URN,1,133796,133667
133798,GYPSUM BURIAL,1,133786,133667
133799,INHUMATION,1,133786,133667
133800,CONTRACTED INHUMATION,1,133799,133667
133801,CROUCHED INHUMATION,1,133799,133667
133802,EXTENDED INHUMATION,1,133799,133667
133803,FLEXED INHUMATION,1,133799,133667
133804,SHIP BURIAL,1,133786,133667
133805,TILE BURIAL,1,133786,133667
133806,BURIAL PIT,1,133767,133667
133807,CHARNEL PIT,1,133806,133667
133808,CREMATION PIT,1,133806,133667
133809,PLAGUE PIT,1,133806,133667
133810,BURIAL VAULT,1,133767,133667
133811,FAMILY VAULT,1,133810,133667
133812,CAIRN,1,143383,143383
133823,TOR CAIRN,1,133667,133667
133824,CATACOMB (FUNERARY),1,133767,133667
133825,CEMETERY,1,133767,133667
133826,BARROW CEMETERY,1,133825,133667
133827,CAIRN CEMETERY,1,133825,133667
133828,CREMATION CEMETERY,1,133825,133667
133829,ENCLOSED CREMATION CEMETERY,1,133828,133667
133830,URNFIELD,1,133828,133667
133832,INHUMATION CEMETERY,1,133825,133667
133833,ANIMAL CEMETERY,1,133832,133667
133834,BAPTIST BURIAL GROUND,1,202678,133667
133835,CHURCHYARD,1,143262,133667
133836,CIST GRAVE CEMETERY,1,133832,133667
133837,EASTERN ORTHODOX CEMETERY,1,133832,133667
133838,FRIENDS BURIAL GROUND,1,202678,133667
133839,JEWISH CEMETERY,1,133832,133667
133840,MILITARY CEMETERY,1,133832,133667
133841,PLAGUE CEMETERY,1,133832,133667
133843,CHAMBERED TOMB,1,133767,133667
133844,CHAMBERED BARROW,1,133843,133667
133845,CHAMBERED LONG BARROW,1,133844,133667
133846,CHAMBERED ROUND BARROW,1,133844,133667
133847,CHAMBERED CAIRN,1,133843,133667
133848,ENTRANCE GRAVE,1,133843,133667
133849,CHAMBERED LONG CAIRN,1,133847,133667
133850,CHAMBERED ROUND CAIRN,1,133847,133667
133853,PASSAGE GRAVE,1,133843,133667
133854,PORTAL DOLMEN,1,133843,133667
133855,CHARNEL HOUSE,1,202705,133667
133856,CIST,1,133767,133667
133857,LINTEL GRAVE,1,133856,133667
133859,COFFIN,1,133767,133667
133860,TREE TRUNK COFFIN,1,133859,133667
133861,SARCOPHAGUS,1,133859,133667
133862,COLUMBARIUM,1,133767,133667
133863,CREMATORIUM,1,133767,133667
133864,CRYPT,1,133767,133667
133865,GRAVE,1,133767,133667
133866,GRAVE SLAB,1,144563,133667
133867,CROSS SLAB,1,133866,133667
133868,GRAVESTONE,1,144563,133667
133869,PILLOW STONE,1,133865,133667
133870,HOGBACK STONE,1,144563,133667
133871,HOLY WELL,1,133667,133667
133872,HUMAN REMAINS,1,133767,133667
133873,LONG MOUND,1,133767,133667
133874,MORT SAFE,1,133767,133667
133875,MORTUARY,1,134531,134482
133876,MORTUARY ENCLOSURE,1,133767,133667
133877,MORTUARY HOUSE,1,133767,133667
133878,OSSUARY,1,133767,133667
133879,TOMB,1,133767,133667
133880,ALTAR TOMB,1,133879,133667
133881,CHEST TOMB,1,133879,133667
133882,TABLE TOMB,1,133879,133667
133883,TOMBSTONE,1,133879,133667
133884,WALL MONUMENT,1,135067,135065
133885,GRAVESIDE SHELTER,1,133667,133667
133886,HENGE ENCLOSURE,1,135753,133667
133887,HENGIFORM MONUMENT,1,135753,133667
133888,HERMITAGE (RELIGIOUS),1,133667,133667
133889,HILL FIGURE,1,133667,133667
133890,INSCRIBED STONE,1,133667,133667
133891,KERBED BOULDER,1,133667,133667
133892,LYCH GATE,1,133667,133667
133893,MAYPOLE,1,133667,133667
133894,MAZE,1,133667,133667
133896,MONUMENTAL MOUND,1,135357,143383
133897,MOSQUE,1,134740,133667
133898,OGHAM STONE,1,133667,133667
133899,PIT CIRCLE,1,133667,133667
133900,PLAIN AN GWARRY,1,133667,133667
133901,POOR SOULS LIGHT,1,133767,133667
133902,PREACHING PIT,1,134740,133667
133903,PRECINCT WALL,1,135299,143383
133904,PRIEST HOLE,1,133667,133667
133905,RECUMBENT STONE,1,133667,133667
133906,RELIGIOUS HOUSE,1,133667,133667
133907,ABBEY,1,133906,133667
133908,CAMERA,1,133906,133667
133909,HOSPITALLERS CAMERA,1,133908,133667
133910,TEMPLARS CAMERA,1,133908,133667
133911,CELL,1,133906,133667
133912,ALIEN CELL,1,133911,133667
133913,AUGUSTINIAN ALIEN CELL,1,133912,133667
133914,BENEDICTINE ALIEN CELL,1,133912,133667
133915,CISTERCIAN ALIEN CELL,1,133912,133667
133916,PREMONSTRATENSIAN ALIEN CELL,1,133912,133667
133917,TIRONIAN ALIEN CELL,1,133912,133667
133918,BENEDICTINE CELL,1,133911,133667
133919,CISTERCIAN CELL,1,133911,133667
133920,CLUNIAC CELL,1,133911,133667
133921,GILBERTINE CELL,1,133911,133667
133922,PREMONSTRATENSIAN CELL,1,133911,133667
133923,DOUBLE HOUSE,1,133906,133667
133924,FRIARY,1,133906,133667
133925,BRIDGETTINE DOUBLE HOUSE,1,133923,133667
133926,FONTEVRAULTINE DOUBLE HOUSE,1,133923,133667
133927,GILBERTINE DOUBLE HOUSE,1,133923,133667
133929,CARMELITE FRIARY,1,133924,133667
133930,DOMINICAN FRIARY,1,133924,133667
133931,FRANCISCAN FRIARY,1,133924,133667
133932,FRIARY OF CRUTCHED FRIARS,1,133924,133667
133933,FRIARY OF FRIARS OF THE SACK,1,133924,133667
133934,FRIARY OF PIED FRIARS,1,133924,133667
133935,GRANGE,1,133906,133667
133936,BENEDICTINE GRANGE,1,133935,133667
133937,CARTHUSIAN GRANGE,1,133935,133667
133938,CISTERCIAN GRANGE,1,133935,133667
133939,CLUNIAC GRANGE,1,133935,133667
133940,COURERY,1,133906,133667
133941,MONASTERY,1,133906,133667
133942,AUGUSTINIAN MONASTERY,1,133941,133667
133943,BENEDICTINE MONASTERY,1,133941,133667
133944,BONHOMMES MONASTERY,1,133941,133667
133945,CARTHUSIAN MONASTERY,1,133941,133667
133946,CISTERCIAN MONASTERY,1,133941,133667
133947,CLUNIAC MONASTERY,1,133941,133667
133948,GILBERTINE MONASTERY,1,133941,133667
133949,GRANDMONTINE MONASTERY,1,133941,133667
133950,PREMONSTRATENSIAN MONASTERY,1,133941,133667
133951,SAVIGNIAC MONASTERY,1,133941,133667
133952,TIRONIAN MONASTERY,1,133941,133667
133953,TRINITARIAN MONASTERY,1,133941,133667
133954,NUNNERY,1,133906,133667
133955,ANGLICAN NUNNERY,1,133954,133667
133956,AUGUSTINIAN NUNNERY,1,133954,133667
133957,BENEDICTINE NUNNERY,1,133954,133667
133958,CISTERCIAN NUNNERY,1,133954,133667
133959,CLUNIAC NUNNERY,1,133954,133667
133960,DOMINICAN NUNNERY,1,133954,133667
133961,FRANCISCAN NUNNERY,1,133954,133667
133962,PREMONSTRATENSIAN NUNNERY,1,133954,133667
133963,SISTERS OF ST JOHN NUNNERY,1,133954,133667
133964,PRECEPTORY,1,133906,133667
133965,HOSPITALLERS PRECEPTORY,1,133964,133667
133966,TEMPLARS PRECEPTORY,1,133964,133667
133967,PRIORY,1,133906,133667
133968,ALIEN PRIORY,1,133967,133667
133969,RITUAL PIT,1,133667,133667
133970,RITUAL SHAFT,1,133667,133667
133971,ROCK CARVING,1,183871,133667
133972,RUNE STONE,1,133667,133667
133973,SACRISTY,1,133667,133667
133974,SANCTUARY,1,133667,133667
133975,SHEILA NA GIG,1,133667,133667
133976,SHRINE,1,133667,133667
133977,STANDING STONE,1,133667,133667
133978,STATIONAL MONUMENT,1,133667,133667
133979,STOCKADED ENCLOSURE,1,133667,133667
133980,STONE ALIGNMENT,1,133667,133667
133981,STONE AVENUE,1,136639,143383
133982,STONE CIRCLE,1,133667,133667
133983,EMBANKED STONE CIRCLE,1,133982,133667
133984,RECUMBENT STONE CIRCLE,1,133982,133667
133985,STONE SETTING,1,133667,133667
133986,SYNAGOGUE,1,134740,133667
133987,SYNODAL HALL,1,133667,133667
133988,TEMPLE,1,134740,133667
133989,BUDDHIST TEMPLE,1,133988,133667
133990,MITHRAEUM,1,133988,133667
133991,TIMBER CIRCLE,1,133667,133667
133992,VESTRY,1,133667,133667
133997,CHANTRY COLLEGE,1,133753,133667
133998,AUGUSTINIAN CELL,1,133911,133667
133999,CANOPIED TOMB,1,133879,133667
134000,GALILEE,1,133734,133667
134001,HUGUENOT BURIAL GROUND,1,133832,133667
134002,HUGUENOT CHURCH,1,140633,133667
134003,AGRICULTURE AND SUBSISTENCE,1,,134003
134004,ABATTOIR,1,135402,132062
134005,AGGREGATE FIELD SYSTEM,1,134095,134003
134006,AGRICULTURAL BUILDING,1,134003,134003
134007,GRANGE,1,134133,134003
134008,BENEDICTINE GRANGE,1,134007,134003
134009,CARTHUSIAN GRANGE,1,134007,134003
134010,CISTERCIAN GRANGE,1,134007,134003
134011,CLUNIAC GRANGE,1,134007,134003
134012,ALLOTMENT,1,134133,134003
134013,POUND,1,135092,134003
134014,ANIMAL SHED,1,135100,134003
134015,ANIMAL WASH,1,134003,134003
134016,APIARY,1,134006,134003
134017,CIDER MILL,1,135098,134003
134018,PLOUGH MARKS,1,134070,134003
134019,ASH HOUSE,1,134006,134003
134020,BARK HOUSE,1,134006,134003
134021,BANK BARN,1,134023,134003
134022,BARK PEELERS HUT,1,134006,134003
134023,BARN,1,135100,134003
134024,BARN PLATFORM,1,135291,143383
134025,HEN BATTERY,1,134006,134003
134026,BEE BOLE,1,134003,134003
134027,BEE GARDEN,1,131898,131783
134028,BEE SKEP,1,134029,134003
134029,BEEHIVE,1,134003,134003
134030,BOAR PEN,1,135092,134003
134031,BREWHOUSE,1,135098,134003
134032,HOP GARDEN,1,134133,134003
134033,BROAD RIDGE AND FURROW,1,134165,134003
134034,DEER POUND,1,134125,134003
134035,BULL PEN,1,135092,134003
134036,COW HOUSE,1,134014,134003
134037,CATTLE SHELTER,1,134014,134003
134038,TROUGH,1,134003,134003
134039,CATTLE TROUGH,1,134038,134003
134040,HORSE TROUGH,1,134038,134003
134043,CELTIC FIELD SYSTEM,1,134095,134003
134044,CENTURIATED AREA,1,134095,134003
134045,CHAFF HOUSE,1,135100,134003
134046,HUNTING FOREST,1,134125,134003
134047,POULTRY HOUSE,1,134006,134003
134048,CHITTING HOUSE,1,135100,134003
134049,CHURN STAND,1,134003,134003
134050,CIDER PRESS,1,135098,134003
134051,CIDER VAULT,1,135098,134003
134052,COASTAL FISH WEIR,1,134101,134003
134053,COAXIAL FIELD SYSTEM,1,134095,134003
134054,HORSE ENGINE,1,135431,132062
134055,COMBINATION BARN,1,134023,134003
134056,COMBINATION FARM BUILDING,1,135100,134003
134057,COMMON LAND,1,134133,134003
134058,RABBIT WARREN,1,134003,134003
134059,REAVE,1,135299,143383
134061,COPPICE BARN,1,134023,134003
134062,CORD RIG,1,134070,134003
134063,CORN DRYING KILN,1,135402,132062
134064,CORN DRYING OVEN,1,135402,132062
134065,CORN MILL,1,135402,132062
134067,DAIRY,1,135098,134003
134068,CROFT,1,134133,134003
134069,CURING HOUSE,1,135402,132062
134070,CULTIVATION MARKS,1,134003,134003
134071,CULTIVATION TERRACE,1,134133,134003
134072,DECOY POND,1,134125,134003
134073,DEER HOUSE,1,134125,134003
134074,DEER PARK,1,134125,134003
134075,DEER LEAP,1,134125,134003
134076,DEER SHELTER,1,134125,134003
134077,LONGHOUSE,1,135100,134003
134078,DONKEY HOUSE,1,134014,134003
134079,DOVECOTE,1,134006,134003
134081,DUCK HOUSE,1,134006,134003
134082,EEL TRAP,1,135102,134003
134083,ENCLOSED FIELD SYSTEM,1,134095,134003
134084,FALCONRY,1,134125,134003
134085,FARM,1,134133,134003
134086,FARMSTEAD,1,134085,134003
134087,FARMYARD,1,134003,134003
134088,FARMYARD CAUSEWAY,1,134003,134003
134089,FATTENING HOUSE,1,134014,134003
134090,FERME ORNEE,1,134085,134003
134091,FIELD,1,134133,134003
134092,FIELD BARN,1,134023,134003
134093,FIELD BOUNDARY,1,135295,143383
134094,FIELD DRAIN,1,134430,134417
134095,FIELD SYSTEM,1,134133,134003
134096,FISH FARM,1,135102,134003
134097,FISH GARTH,1,134102,134003
134098,FISH LADDER,1,134102,134003
134099,FISH LOCK,1,134102,134003
134100,FISH TRAP,1,134102,134003
134101,FISH WEIR,1,134100,134003
134102,FISHERY,1,135102,134003
134103,FISHERY MOUND,1,134102,134003
134105,FODDER STORE,1,135100,134003
134106,GRAIN DRIER,1,135100,134003
134107,GRANGE BARN,1,134023,134003
134109,GRAIN SILO,1,135100,134003
134110,GRAIN STORAGE PIT,1,134182,134003
134111,GRANARY,1,135098,134003
134112,GRASS DRYING SHED,1,135100,134003
134114,HAY BARN,1,134023,134003
134115,HAYLOFT,1,135100,134003
134116,HILLTOP ENCLOSURE,1,134003,134003
134117,HOGGERY,1,134003,134003
134118,HOP BARN,1,134023,134003
134120,HOP KILN,1,135098,134003
134121,HOP STORE,1,135098,134003
134122,HORSE HOSPITAL,1,134594,134482
134123,HUNGER HOUSE,1,134014,134003
134124,HUNTING LODGE,1,134125,134003
134125,HUNTING SITE,1,134003,134003
134126,OPEN FIELD,1,134095,134003
134127,KELP PIT,1,134003,134003
134128,KENNELS,1,134125,134003
134129,KILL SITE,1,134003,134003
134131,LAITHE,1,135100,134003
134132,LAITHE HOUSE,1,135100,134003
134133,LAND USE SITE,1,134003,134003
134134,LAZY BEDS,1,134133,134003
134135,LYNCHET,1,134070,134003
134136,LINHAY,1,135100,134003
134137,MALT HOUSE,1,135098,134003
134138,MALT KILN,1,135098,134003
134139,MANOR,1,134133,134003
134140,MANOR FARM,1,134085,134003
134141,MESSUAGE,1,134133,134003
134142,MARKET GARDEN,1,134133,134003
134143,MILKING PARLOUR,1,135098,134003
134144,MILKING SHED,1,135098,134003
134145,MIXING HOUSE BARN,1,134023,134003
134146,MODEL FARM,1,134085,134003
134147,NARROW RIDGE AND FURROW,1,134165,134003
134148,NET HOUSE,1,135102,134003
134149,NET LOFT,1,135102,134003
134151,OASTHOUSE,1,135098,134003
134152,ORCHARD,1,135681,134003
134153,OUTFARM,1,135100,134003
134154,OX BOW STONE,1,134003,134003
134155,OXHOUSE,1,134014,134003
134156,OYSTER BEDS,1,135102,134003
134157,PARK PALE,1,134125,134003
134158,CALF HOUSE,1,134014,134003
134159,PIGSTY,1,134014,134003
134160,BOILING HOUSE,1,135100,134003
134161,PILLOW MOUND,1,134003,134003
134162,PLANTATION BANK,1,134133,134003
134163,PLOUGH HEADLAND,1,134091,134003
134164,RANCH BOUNDARY,1,135295,143383
134165,RIDGE AND FURROW,1,134070,134003
134166,STACK STAND,1,134003,134003
134167,SHEEP HOUSE,1,134014,134003
134168,SHEEP DIP,1,134015,134003
134169,SHEEP FOLD,1,134003,134003
134170,SHEEP SHEARING SHED,1,135100,134003
134171,SHELL MIDDEN,1,135725,134003
134172,SHELTER SHED,1,134014,134003
134173,SHEPHERDS HUT,1,134006,134003
134174,SHOOTING STAND,1,134125,134003
134175,SILKWORM FARM,1,134085,134003
134176,SMALLHOLDING,1,134133,134003
134177,STABLE,1,134014,134003
134178,STACK YARD,1,134003,134003
134179,STADDLE STONE,1,134003,134003
134180,STALLION HOUSE,1,134014,134003
134181,STOCK ENCLOSURE,1,134003,134003
134182,STORAGE PIT,1,134003,134003
134183,STOREHOUSE,1,135290,135088
134184,STEAM PLOUGHED RIG,1,134165,134003
134185,STRIP LYNCHET,1,134135,134003
134186,SWANNERY,1,134003,134003
134187,THRESHING BARN,1,134023,134003
134188,THRESHING FLOOR,1,134003,134003
134189,TITHE BARN,1,134023,134003
134190,TURF STACK,1,134003,134003
134191,VACCARY,1,134003,134003
134192,VERMIN TRAP,1,134003,134003
134193,VINEYARD,1,134133,134003
134194,WASHFOLD,1,134015,134003
134195,WATER MEADOW,1,134095,134003
134196,WATERCRESS BED,1,134133,134003
134197,WOOD BANK,1,134133,134003
134198,TRANSPORT,1,,134198
134199,ACCOMMODATION BRIDGE,1,135240,134198
134200,AIRFIELD,1,135239,134198
134201,AIR TERMINAL,1,135239,134198
134202,CONTROL TOWER,1,135239,134198
134203,AIRCRAFT,1,135239,134198
134204,AIRCRAFT HANGAR,1,134276,134198
134205,AIRPORT,1,135239,134198
134206,TEST HOUSE,1,135239,134198
134207,AIRSHIP HANGAR,1,134276,134198
134209,HARBOUR,1,135265,134198
134210,APPROACH ROAD,1,134220,134198
134211,AQUEDUCT,1,135265,134198
134212,ATMOSPHERIC RAILWAY ENGINE HOUSE,1,135244,134198
134213,ATMOSPHERIC RAILWAY,1,134330,134198
134214,BALANCE BEAM,1,135265,134198
134217,BOAT HOUSE,1,135265,134198
134218,BOAT LIFT,1,135241,134198
134219,BOAT YARD,1,135265,134198
134220,ROAD,1,135247,134198
134221,BRIDLEWAY,1,134222,134198
134222,TRACKWAY,1,134220,134198
134223,BUS DEPOT,1,135247,134198
134224,BUS SHELTER,1,135247,134198
134225,BUS STATION,1,135247,134198
134226,CABMENS SHELTER,1,135247,134198
134227,CANAL,1,134241,134198
134228,CANAL BASIN,1,134241,134198
134229,CANAL BOAT YARD,1,134241,134198
134230,CANAL BRIDGE,1,135240,134198
134231,CANAL OFFICE,1,134241,134198
134232,CANAL DOCK,1,134264,134198
134234,CANAL FEEDER,1,134241,134198
134235,CANAL GATEHOUSE,1,134241,134198
134236,CANAL LIFT,1,135241,134198
134237,CANAL LOCK,1,135243,134198
134238,CANAL MILEPOST,1,134313,134198
134239,CANAL RESERVOIR,1,134463,134417
134240,CANAL SLUICE,1,134241,134198
134241,CANAL TRANSPORT SITE,1,135265,134198
134242,CANAL TUNNEL,1,135377,134198
134243,CANAL TUNNEL PORTAL,1,134403,134198
134244,CANAL WHARF,1,134292,134198
134245,CAR PARK,1,135247,134198
134246,CAR RAMP,1,134353,134198
134247,CARRIAGE HOUSE,1,135247,134198
134248,CARRIAGE RAMP,1,134353,134198
134249,CARRIAGEWAY,1,202691,134198
134250,CART SHED,1,135247,134198
134251,CATTLE DOCKS,1,134198,134198
134252,CAUSEWAY,1,134198,134198
134253,SUSPENSION BRIDGE,1,135240,134198
134254,CIVIL AIRPORT,1,134205,134198
134255,CLAPPER BRIDGE,1,166364,143383
134257,CLIFF RAILWAY,1,134330,134198
134258,COACH HOUSE,1,135247,134198
134259,COACHING INN STABLE,1,135247,134198
134260,COAL JETTY,1,134300,134198
134261,COBBLED ROAD,1,134220,134198
134262,COLLIERY RAILWAY,1,134330,134198
134263,DIRECTION STONE,1,135247,134198
134264,DOCK,1,135265,134198
134265,DOCKYARD,1,135265,134198
134266,DOCKYARD RAILWAY,1,134330,134198
134267,DRY DOCK,1,134264,134198
134269,ENGINE SHED,1,135244,134198
134270,PETROL STATION,1,135247,134198
134271,SIGNPOST,1,135247,134198
134272,FIRE ENGINE HOUSE,1,134198,134198
134274,FLASH LOCK,1,135243,134198
134275,FLOOD LOCK,1,135243,134198
134276,HANGAR,1,182740,134198
134277,FLYOVER,1,135247,134198
134278,FOG DISPERSAL PLANT,1,135239,134198
134279,FOOTBRIDGE,1,135240,134198
134280,PEDESTRIAN TUNNEL,1,135363,134198
134281,FOOTPATH,1,134325,134198
134282,FORD,1,135247,134198
134283,FUNICULAR RAILWAY,1,134330,134198
134284,GARAGE,1,135247,134198
134285,GAUGE HOUSE,1,135265,134198
134286,GOODS CLEARING HOUSE,1,135247,134198
134287,GOODS YARD,1,135244,134198
134288,GOODS SHED,1,135244,134198
134289,GOODS STATION,1,135244,134198
134290,RAILWAY OFFICE,1,135244,134198
134291,GUILLOTINE LOCK,1,135243,134198
134292,WHARF,1,135265,134198
134293,HACKNEY STABLE,1,135247,134198
134294,RAILWAY STATION,1,135244,134198
134295,INCLINED PLANE,1,134198,134198
134296,HOLDING SHED,1,135244,134198
134297,HORSE TROUGH,1,135247,134198
134298,HORSE TUNNEL,1,135377,134198
134299,INCLINE WINDING ENGINE,1,134414,134198
134300,JETTY,1,135265,134198
134301,STAITHE,1,135265,134198
134302,JUNCTION LOCK,1,135243,134198
134303,QUAY,1,135265,134198
134304,LANDING PIER,1,135265,134198
134305,LANDING STAGE,1,135265,134198
134306,RUNWAY,1,135239,134198
134307,LEVEL CROSSING,1,135244,134198
134308,LEVEL CROSSING GATE,1,135244,134198
134309,MARSHALLING YARD,1,135244,134198
134310,MAIL BAG NET,1,135244,134198
134311,MEWS,1,135247,134198
134312,MILESTONE,1,134198,134198
134313,MILEPOST,1,134198,134198
134314,MILITARY CANAL,1,134227,134198
134315,MILK DEPOT,1,134198,134198
134316,MINERAL RAILWAY,1,134330,134198
134317,MINIATURE RAILWAY,1,134330,134198
134319,MOORING BOLLARD,1,135265,134198
134320,MOUNTING BLOCK,1,135247,134198
134321,MULTI STOREY CAR PARK,1,134245,134198
134323,PACKHORSE BRIDGE,1,135240,134198
134324,PARKING METER,1,135247,134198
134325,PATH,1,135363,134198
134326,PAVEMENT,1,135363,134198
134327,PETROL PUMP,1,135247,134198
134328,PEDESTRIAN CROSSING,1,135363,134198
134329,POUND LOCK,1,135243,134198
134330,RAILWAY,1,135244,134198
134331,RAILWAY BRIDGE,1,135240,134198
134332,RAILWAY BUFFET,1,135244,134198
134334,RAILWAY EMBANKMENT,1,135244,134198
134335,RAILWAY HOTEL,1,135244,134198
134336,RAILWAY JUNCTION,1,135244,134198
134337,RAILWAY LIFT,1,135241,134198
134338,RAILWAY LOOKOUT TOWER,1,135244,134198
134339,RAILWAY PLATFORM,1,135244,134198
134340,RAILWAY STOREHOUSE,1,135244,134198
134342,RAILWAY SIDING,1,135244,134198
134343,RAILWAY SIGNAL,1,135244,134198
134344,RAILWAY STABLE,1,135244,134198
134345,SIGNAL BOX,1,135244,134198
134346,RAILWAY TUNNEL,1,135244,134198
134347,RAILWAY TUNNEL PORTAL,1,134403,134198
134348,RAILWAY TURNTABLE,1,135244,134198
134349,RAILWAY VIADUCT,1,135244,134198
134350,WATER POINT,1,144724,134417
134351,RAILWAY WORKS,1,135244,134198
134352,RAISED PAVEMENT,1,134326,134198
134353,RAMP,1,135247,134198
134354,REFUSE TRANSFER DEPOT,1,134198,134198
134355,RIDGEWAY,1,135363,134198
134357,RIVER INTAKE GAUGE,1,144764,134417
134358,RIVER LOCK,1,135243,134198
134359,RIVER NAVIGATION,1,135265,134198
134360,RIVER WHARF,1,134292,134198
134361,ROAD BRIDGE,1,135240,134198
134362,ROAD JUNCTION,1,135247,134198
134363,ROAD TUNNEL,1,135247,134198
134364,ROAD TUNNEL PORTAL,1,134403,134198
134365,ROAD VIADUCT,1,135247,134198
134366,ROADSIDE LIGHTHOUSE,1,135247,134198
134367,ROVING BRIDGE,1,135240,134198
134368,SHIP CANAL,1,134227,134198
134369,SLIPWAY,1,135265,134198
134370,SLUICE GATE,1,144764,134417
134371,STABLE,1,134198,134198
134372,STAUNCH,1,135265,134198
134373,STEPPING STONES,1,135363,134198
134374,STILE,1,135363,134198
134375,STOP LOCK,1,135243,134198
134376,SUBWAY,1,135363,134198
134377,SURVEY TOWER,1,134198,134198
134378,SWING BRIDGE,1,136734,134198
134379,TERMINUS STONE,1,135247,134198
134380,TETHERING POST,1,135247,134198
134381,TIDAL LOCK,1,135243,134198
134382,TIDAL DOOR,1,135265,134198
134383,TIDE GAUGE,1,135265,134198
134384,TOLL HOUSE,1,135247,134198
134385,TOLL BOARD,1,135247,134198
134386,TOLL BOUNDARY MARKER,1,135247,134198
134387,TOLL BRIDGE,1,135240,134198
134388,TOLL GATE,1,135247,134198
134389,TOLLBOOTH,1,133154,133154
134390,TOLL ROAD,1,134220,134198
134391,TOW PATH,1,135265,134198
134392,TOWING PATH BRIDGE,1,135240,134198
134393,TRAIN SHED,1,135244,134198
134394,TRAMWAY BRIDGE,1,135240,134198
134395,TRAMWAY TUNNEL PORTAL,1,134403,134198
134396,TRANSIT SHED,1,135244,134198
134397,TRANSPORTER BRIDGE,1,136734,134198
134398,TRAP HOUSE,1,135247,134198
134399,UNDERGROUND RAILWAY STATION,1,134294,134198
134400,UNDERGROUND RAILWAY TUNNEL,1,134346,134198
134402,TUNNEL,1,134198,134198
134403,TUNNEL PORTAL,1,134198,134198
134404,UNDERGROUND CAR PARK,1,134245,134198
134405,UNDERGROUND RAILWAY,1,134330,134198
134406,UNDERPASS,1,135247,134198
134407,VIADUCT,1,134198,134198
134408,WAGON SHED,1,135244,134198
134409,WAITING ROOM,1,134198,134198
134410,WATER GATE,1,135265,134198
134411,WEIGHBRIDGE,1,134198,134198
134412,WEIGH HOUSE,1,134198,134198
134414,WINDING ENGINE,1,135242,134198
134415,WOODEN ROAD,1,134220,134198
134416,ZEBRA CROSSING,1,134328,134198
134417,WATER SUPPLY AND DRAINAGE,1,,134417
134418,BATH HOUSE,1,134417,134417
134419,CESS PIT,1,144725,134417
134420,CESS POOL,1,134419,134417
134421,CISTERN,1,134473,134417
134422,SLUICE,1,144764,134417
134423,CONDUIT HEAD,1,144764,134417
134424,CONDUIT HOUSE,1,144764,134417
134425,CULVERT,1,134430,134417
134426,DAM,1,144764,134417
134427,DEWPOND,1,134441,134417
134428,FLOOD DEFENCES,1,144764,134417
134429,WATER CHANNEL,1,134476,134417
134430,DRAIN,1,134476,134417
134431,DRAINAGE DITCH,1,134430,134417
134432,DRAINAGE LEVEL,1,134430,134417
134433,DRAINAGE MILL,1,144764,134417
134434,DRAINAGE SYSTEM,1,144764,134417
134435,TROUGH,1,144724,134417
134436,CATTLE TROUGH,1,134435,134417
134437,DOG TROUGH,1,134435,134417
134438,HORSE TROUGH,1,134435,134417
134439,DUCKING POND,1,134441,134417
134440,FILTER BED,1,144725,134417
134441,POND,1,134417,134417
134442,FLOOD RELIEF CANAL,1,134428,134417
134445,GULLY,1,134429,134417
134446,HAND PUMP,1,134457,134417
134447,WATER PUMP,1,134457,134417
134449,MILL DAM,1,134426,134417
134450,MILL RACE,1,134476,134417
134453,ORNAMENTAL POND,1,134441,134417
134454,OUTFALL SEWER,1,134469,134417
134455,POND BAY,1,134417,134417
134456,PUBLIC CONVENIENCE,1,144725,134417
134457,PUMP,1,144723,134417
134458,PUMP HOUSE,1,144723,134417
134459,PUMP ROOM,1,134458,134417
134460,PUMPING STATION,1,144764,134417
134461,PURIFIER,1,135797,132062
134462,RAINWATER HEAD,1,134417,134417
134463,RESERVOIR,1,144724,134417
134464,RESERVOIR INSPECTION CHAMBER,1,144724,134417
134465,WEIR,1,134426,134417
134466,SCREENS HOUSE,1,144725,134417
134467,SEPTIC TANK,1,144725,134417
134468,SEWAGE WORKS,1,144725,134417
134469,SEWER,1,134476,134417
134470,SPA,1,134417,134417
134471,WATER PIPE,1,134476,134417
134472,WATERWORKS,1,144723,134417
134473,WATER TANK,1,144724,134417
134474,WATER TOWER,1,144724,134417
134475,WATER TUNNEL,1,134476,134417
134476,WATERCOURSE,1,134417,134417
134477,WELL,1,144724,134417
134478,WELL COVER,1,144724,134417
134479,WELL HEAD,1,144724,134417
134480,WELL HOUSE,1,144724,134417
134482,HEALTH AND WELFARE,1,,134482
134483,ACCIDENT HOSPITAL,1,134530,134482
134484,ADMISSION HOSPITAL,1,134530,134482
134485,EXERCISE YARD,1,134482,134482
134486,ALMSHOUSE,1,134482,134482
134487,AMBULANCE GARAGE,1,134482,134482
134488,AMBULANCE STATION,1,134482,134482
134489,ANTENATAL BLOCK,1,135138,134482
134490,MILITARY HOSPITAL,1,134530,134482
134492,PSYCHIATRIC HOSPITAL,1,135140,134482
134493,CANCER HOSPITAL,1,135140,134482
134494,CASUAL WARD BLOCK,1,135138,134482
134495,CASUALTY DEPARTMENT,1,135139,134482
134496,CHEST HOSPITAL,1,135140,134482
134497,CHILDRENS HOME,1,134482,134482
134498,CHILDRENS HOSPITAL,1,135140,134482
134499,CHILDRENS WARD,1,144183,134482
134500,CLINIC,1,134482,134482
134501,CONVALESCENT HOME,1,134482,134482
134502,CONVALESCENT HOSPITAL,1,134530,134482
134504,COTTAGE HOSPITAL,1,134530,134482
134505,CUBICLE BLOCK,1,135138,134482
134506,DAY HOSPITAL,1,134530,134482
134507,DAYROOM BLOCK,1,135138,134482
134509,DENTAL DEPARTMENT,1,135139,134482
134510,DENTAL HOSPITAL,1,135140,134482
134511,DISCHARGE BLOCK,1,135138,134482
134512,DISINFECTOR HOUSE,1,134482,134482
134513,DISPENSARY,1,134482,134482
134515,EAR HOSPITAL,1,135140,134482
134516,EAR NOSE AND THROAT DEPARTMENT,1,135139,134482
134517,EAR NOSE AND THROAT HOSPITAL,1,135140,134482
134518,EMERGENCY WARD BLOCK,1,135138,134482
134519,HOSPITAL FOR EPILEPTICS,1,135140,134482
134520,EYE DEPARTMENT,1,135139,134482
134521,EYE HOSPITAL,1,135140,134482
134522,EYE AND EAR HOSPITAL,1,135140,134482
134523,FOOT HOSPITAL,1,135140,134482
134524,ORPHANAGE,1,134497,134482
134525,GENERAL HOSPITAL,1,134530,134482
134526,GERIATRIC HOSPITAL,1,135140,134482
134528,HEART HOSPITAL,1,135140,134482
134529,HOMOEOPATHIC HOSPITAL,1,135140,134482
134530,HOSPITAL,1,134482,134482
134531,HOSPITAL BUILDING,1,134482,134482
134532,HOSPITAL FOR FISTULA AND RECTAL DISEASES,1,135140,134482
134534,HOSPITAL FOR URINARY DISEASES,1,135140,134482
134535,WORKHOUSE,1,134482,134482
134536,HYDROPATHIC INSTITUTE,1,134530,134482
134537,INCURABLES HOSPITAL,1,134530,134482
134538,INFIRMARY,1,134482,134482
134539,ISOLATION BLOCK,1,135138,134482
134540,LEPER HOSPITAL,1,135140,134482
134541,MATERNITY HOSPITAL,1,135140,134482
134542,MATERNITY BLOCK,1,135138,134482
134543,MATERNITY CLINIC,1,134500,134482
134544,MINERAL WATER HOSPITAL,1,135140,134482
134546,NEPHROLOGY HOSPITAL,1,135140,134482
134548,NEUROLOGY HOSPITAL,1,135140,134482
134549,NURSERY,1,134482,134482
134550,NURSES TRAINING SCHOOL,1,134482,134482
134551,MEDICAL COLLEGE,1,134482,134482
134552,NURSING HOME,1,134482,134482
134553,OCCUPATIONAL THERAPY UNIT,1,134482,134482
134554,OPERATING THEATRE,1,134482,134482
134555,ORTHODONTICS DEPARTMENT,1,135139,134482
134556,ORTHOPAEDIC DEPARTMENT,1,135139,134482
134557,ORTHOPAEDIC HOSPITAL,1,135140,134482
134558,OUTPATIENTS DEPARTMENT,1,135139,134482
134559,PATHOLOGY DEPARTMENT,1,135139,134482
134560,PATIENTS VILLA,1,134482,134482
134561,PAVILION WARD BLOCK,1,135138,134482
134562,PHYSIOTHERAPY DEPARTMENT,1,135139,134482
134565,RADIUM INSTITUTE,1,134482,134482
134566,RECEIVING BLOCK,1,134482,134482
134567,ROYAL AIR FORCE HOSPITAL,1,134530,134482
134568,SANATORIUM,1,134530,134482
134569,SEA BATHING HOSPITAL,1,135140,134482
134570,SKIN DISEASE HOSPITAL,1,135140,134482
134571,STONE BREAKING YARD,1,133065,133065
134572,TEACHING HOSPITAL,1,134530,134482
134573,TUBERCULOSIS CHALET,1,134482,134482
134574,VENEREAL DISEASE UNIT,1,134482,134482
134575,WARD BLOCK,1,135138,134482
134576,WOMENS HOSPITAL,1,135140,134482
134577,WOMEN AND CHILDRENS HOSPITAL,1,135140,134482
134578,BATH HOUSE,1,134482,134482
134579,COMMUNITY CENTRE,1,133065,133065
134580,CRECHE,1,134549,134482
134581,DOGS HOME,1,135141,134482
134582,HOMELESS HOSTEL,1,134482,134482
134583,LEECH HOUSE,1,134482,134482
134584,PHARMACY,1,134482,134482
134585,PLAGUE STONE,1,134482,134482
134586,PUBLIC CONVENIENCE,1,134482,134482
134587,PUMP ROOMS,1,134482,134482
134588,SCHOOL CLINIC,1,134500,134482
134589,WASH HOUSE,1,134482,134482
134590,SOUP KITCHEN,1,134482,134482
134591,SPA HOTEL,1,134482,134482
134592,SPA PAVILION,1,134482,134482
134593,SPA,1,134482,134482
134594,VETERINARY HOSPITAL,1,135141,134482
134595,SEA DEFENCES,1,133420,133420
134596,BREAKWATER,1,134595,133420
134598,GROYNE,1,134595,133420
134599,MOLE,1,134595,133420
134600,DOCK AND HARBOUR INSTALLATION,1,133420,133420
134601,BUOY STORE,1,134600,133420
134602,CAMBER,1,134264,134198
134603,COAL DROP,1,135242,134198
134604,GRAIN ELEVATOR,1,135242,134198
134607,CUSTOMS LOOKOUT,1,134600,133420
134609,DOCK,1,134600,133420
134610,DRY DOCK,1,134609,133420
134611,WET DOCK,1,134609,133420
134613,DRAW DOCK,1,134609,133420
134614,FLOATING DOCK,1,134609,133420
134615,HALF TIDE DOCK,1,134609,133420
134616,DOCKYARD RAILWAY,1,134600,133420
134617,DOCK BASIN,1,134600,133420
134618,DOCK FLOOR,1,134600,133420
134620,DOCK SILL,1,134600,133420
134621,GATEMANS HUT,1,135290,135088
134622,HARBOUR,1,134600,133420
134623,FLOATING HARBOUR,1,134622,133420
134624,KEEL BLOCK,1,134600,133420
134625,LABOURERS SHELTER,1,131858,143383
134626,MARINA,1,134600,133420
134627,PORT,1,134600,133420
134628,CANAL PORT,1,134627,133420
134629,RIVER PORT,1,134627,133420
134630,SEAPORT,1,134627,133420
134631,PROMENADE,1,134600,133420
134632,SEA TERMINAL,1,134600,133420
134633,FERRY TERMINAL,1,134632,133420
134634,HOVERCRAFT TERMINAL,1,134632,133420
134635,OCEAN LINER TERMINAL,1,134632,133420
134636,STEAM CRANE,1,135507,134198
134637,COALING CRANE,1,135507,134198
134638,TREADWHEEL CRANE,1,135507,134198
134639,GANTRY CRANE,1,135507,134198
134640,HAND CRANE,1,135507,134198
134641,JIB CRANE,1,135507,134198
134642,LUFFING CRANE,1,135507,134198
134643,MOVING CRANE,1,135507,134198
134644,MOVING QUAY CRANE,1,134643,134198
134645,QUAY CRANE,1,135507,134198
134646,MOVING QUAY CRANE,1,134645,134198
134647,FIXED QUAY CRANE,1,134645,134198
134650,TRAVELLING CRANE,1,135507,134198
134652,WALL CRANE,1,135507,134198
134653,CRANE HOUSE,1,134198,134198
134654,CRANEWHEEL,1,135242,134198
134655,DERRICK,1,135507,134198
134656,HOIST,1,135242,134198
134657,TEAGLE,1,134656,134198
134658,WINCH,1,135242,134198
134659,ELECTRIC WINCH,1,134658,134198
134660,STEAM WINCH,1,135435,132062
134661,LANDING POINT,1,133420,133420
134662,BERTH,1,134661,133420
134663,CONTAINER BERTH,1,134662,133420
134664,OIL FUEL BERTH,1,134662,133420
134665,JETTY,1,134661,133420
134666,COAL JETTY,1,134665,133420
134667,LANDING HOUSE,1,134661,133420
134668,LANDING STEPS,1,134661,133420
134669,LANDING STAGE,1,134661,133420
134670,PIER,1,134661,133420
134671,LANDING PIER,1,134670,133420
134672,QUAY,1,134661,133420
134674,STAITHE,1,134661,133420
134675,WHARF,1,134661,133420
134676,BOAT HOUSE,1,134600,133420
134677,GRIDIRON,1,134678,133420
134678,MARINE ENGINEERING WORKS,1,135136,133420
134679,MARINE WORKSHOP,1,135136,133420
134680,MAST HOUSE,1,134679,133420
134681,MAST POND,1,135136,133420
134682,MOULD LOFT,1,134679,133420
134683,PLATE RACK,1,134678,133420
134684,PLATERS SHOP,1,132448,132062
134685,SAIL LOFT,1,134679,133420
134686,SHIP REPAIR WORKS,1,135136,133420
134687,SHIPHOUSE FRAME,1,134678,133420
134688,SHIPWRIGHTS WORKSHOP,1,134679,133420
134689,SHIPYARD,1,135136,133420
134690,SLIP SHED,1,134679,133420
134691,MARITIME HOUSE,1,135169,131528
134692,BARRACKS,1,144323,131528
134693,COASTGUARDS COTTAGE,1,134691,131528
134694,DOCK WORKERS COTTAGE,1,134691,131528
134696,FISHERMANS HOUSE,1,134691,131528
134698,LIGHTKEEPERS HOUSE,1,134691,131528
134699,NAVAL OFFICERS HOUSE,1,134691,131528
134701,MASTER ROPEMAKERS HOUSE,1,134691,131528
134702,ORDNANCE STOREKEEPERS HOUSE,1,134691,131528
134703,PORT ADMIRALS HOUSE,1,134691,131528
134704,PIERMASTERS HOUSE,1,134691,131528
134705,MARINERS COTTAGE,1,134691,131528
134706,MARITIME OFFICE,1,133420,133420
134707,CUSTOM HOUSE,1,134706,133420
134708,DOCKMASTERS OFFICE,1,134706,133420
134709,EXCISE OFFICE,1,134706,133420
134711,PAY OFFICE,1,133160,133154
134712,PILOT OFFICE,1,134706,133420
134713,PORT AUTHORITY OFFICE,1,134706,133420
134714,MILITARY COASTAL DEFENCES,1,133420,133420
134715,LOCK HOSPITAL,1,135140,134482
134716,MARTELLO TOWER,1,136814,133297
134717,MISSION HALL,1,133667,133667
134718,MISSION HALL,1,134482,134482
134719,BATHS,1,134482,134482
134720,COASTAL BATTERY,1,134714,133420
134721,SALUTING BATTERY,1,134714,133420
134722,SAXON SHORE FORT,1,134714,133420
134723,SALT BATHS,1,134719,134482
134724,THERMAL BATHS,1,134719,134482
134725,CAPSTAN,1,134600,133420
134726,CAPSTAN HOUSE,1,134600,133420
134727,MOORING BOLLARD,1,134600,133420
134729,DOLPHIN,1,134600,133420
134730,FAIRLEAD,1,134600,133420
134731,PITHEAD BATHS,1,134719,134482
134732,TURKISH BATHS,1,134719,134482
134733,SLIPPER BATHS,1,134719,134482
134734,PUBLIC WASH HOUSE,1,134589,134482
134735,MINERAL BATHS,1,134719,134482
134736,NAVAL COLLEGE,1,133420,133420
134737,PRIVY HOUSE,1,144725,134417
134738,ALMONRY,1,134482,134482
134739,ELEANOR CROSS,1,133755,133667
134740,PLACE OF WORSHIP,1,133667,133667
134742,CHAMBERED LONG BARROW,1,133770,133667
134743,BOWL BARROW,1,133778,133667
134744,MAUSOLEUM,1,202705,133667
134745,FOUR POSTER STONE CIRCLE,1,133982,133667
134746,NAVAL OFFICERS MESS,1,133380,133297
134747,BOAT STORE,1,134600,133420
134749,BLOCK MILL,1,134679,133420
134750,SLIPWAY,1,133420,133420
134751,ORDNANCE YARD,1,135063,133297
134753,NAVIGATION AID,1,133420,133420
134755,REFUGE BEACON,1,134753,133420
134756,SEA BEACON,1,134753,133420
134757,COAST LIGHT,1,134753,133420
134758,COASTGUARD TOWER,1,134753,133420
134759,COASTGUARD STATION,1,134753,133420
134760,LANDMARK TOWER,1,134753,133420
134761,LIFEBOAT STATION,1,134753,133420
134762,LIGHTHOUSE,1,134753,133420
134763,TIMEBALL TOWER,1,134753,133420
134764,HIGH LIGHT,1,134762,133420
134765,LOW LIGHT,1,134762,133420
134766,SEAMENS CHURCH,1,133420,133420
134767,WATER REGULATION INSTALLATION,1,133420,133420
134768,CULVERT,1,134767,133420
134769,DOCK BASIN,1,134767,133420
134770,GAUGE HOUSE,1,134767,133420
134771,LOCK,1,134767,133420
134774,LOCK CHAMBER,1,134767,133420
134775,LOCK SILL,1,134767,133420
134776,LOCK GATE,1,134767,133420
134778,SLUICE,1,134767,133420
134779,TIDAL BASIN,1,134767,133420
134780,TIDAL DOOR,1,134767,133420
134782,TIDE GAUGE,1,134767,133420
134783,DOCK GATE,1,134767,133420
134843,FLOATING CRANE,1,132431,132062
134933,REFUSE DISPOSAL SITE,1,135629,132062
134938,PSYCHIATRIC WARD BLOCK,1,135138,134482
134939,HOSPICE,1,134482,134482
134940,PERFUMERY,1,133254,133154
134941,PERFUMERY,1,135390,132062
134942,SERVICE STATION,1,135247,134198
134943,WINE LODGE,1,133249,133154
134944,EXCHANGE,1,133154,133154
134946,EATING AND DRINKING ESTABLISHMENT,1,133154,133154
134948,FISH AND CHIP SHOP,1,134946,133154
134949,PIE AND MASH SHOP,1,135323,133551
134950,BEER HOUSE,1,134963,133154
134951,COACHING INN,1,133227,133154
134952,DROVERS INN,1,133227,133154
134953,BONDED WAREHOUSE,1,133268,133154
134954,FISH WAREHOUSE,1,133268,133154
134955,GRAIN WAREHOUSE,1,133268,133154
134956,LEATHER WAREHOUSE,1,133268,133154
134957,RAILWAY WAREHOUSE,1,183932,133154
134958,RUM WAREHOUSE,1,134953,133154
134959,TEA WAREHOUSE,1,133268,133154
134960,TEXTILE WAREHOUSE,1,133268,133154
134961,TOBACCO WAREHOUSE,1,134953,133154
134963,LICENSED PREMISES,1,134946,133154
134964,GIN PALACE,1,134963,133154
134965,WINE BAR,1,134963,133154
134966,EXHIBITION HALL,1,133154,133154
134967,EATING HOUSE,1,134946,133154
134968,MOTOR VEHICLE SHOWROOM,1,133258,133154
134969,BACK HOUSE,1,134006,134003
134970,BACKYARD,1,131528,131528
134971,INDUSTRIAL HOUSE,1,135169,131528
134972,APPRENTICE HOUSE,1,134971,131528
134974,FOREMANS HOUSE,1,134971,131528
134975,FRAMEWORK KNITTERS COTTAGE,1,133036,132062
134976,HOSIERS COTTAGE,1,135391,132062
134977,LACEMAKERS COTTAGE,1,134971,131528
134978,MANAGERS HOUSE,1,135169,131528
134980,MILL HOUSE,1,134971,131528
134982,NAILERS ROW,1,131730,131528
134983,WEAVERS COTTAGE,1,135392,132062
134984,WOODWORKERS HUT,1,131554,131528
134989,STEWARDS HOUSE,1,135169,131528
134992,QUASI AISLED HOUSE,1,131537,131528
134993,BACK TO EARTH HOUSE,1,131754,131528
134994,WEALDEN HOUSE,1,131676,131528
134995,SINGLE ENDED WEALDEN HOUSE,1,134994,131528
134996,MULTIPLE DWELLING,1,134997,131528
134997,DWELLING,1,131528,131528
134998,PALACE,1,134997,131528
134999,ENCLOSED HUT CIRCLE SETTLEMENT,1,131668,131528
135001,PALISADED HILLTOP ENCLOSURE,1,191964,131528
135003,UNENCLOSED HUT CIRCLE SETTLEMENT,1,131702,131528
135006,GARDEN VILLAGE,1,202709,131528
135007,MODEL SETTLEMENT,1,131653,131528
135008,RESORT VILLAGE,1,135007,131528
135009,UTOPIAN COMMUNITY VILLAGE,1,135007,131528
135010,WORKERS VILLAGE,1,135007,131528
135011,RESIDENTIAL BUILDING,1,131528,131528
135012,ALMSHOUSE,1,135011,131528
135013,CONVALESCENT HOME,1,135011,131528
135014,COTTAGE HOME,1,135017,131528
135016,NURSING HOME,1,135011,131528
135017,CHILDRENS HOME,1,135011,131528
135018,NURSES HOSTEL,1,135011,131528
135019,SERVICES HOME,1,135011,131528
135020,HOSTEL,1,135011,131528
135021,CHRISTIAN ASSOCIATION HOSTEL,1,135020,131528
135022,DOCTORS HOSTEL,1,135020,131528
135023,HOMELESS HOSTEL,1,135020,131528
135024,YOUTH HOSTEL,1,135020,131528
135025,JAGGERS HOSTEL,1,135020,131528
135026,WORKERS HOSTEL,1,135020,131528
135027,HOTEL,1,135011,131528
135028,GRAND HOTEL,1,135027,131528
135029,RAILWAY HOTEL,1,135027,131528
135030,SPA HOTEL,1,135027,131528
135031,TEMPERANCE HOTEL,1,135027,131528
135032,INN,1,135011,131528
135033,COACHING INN,1,135032,131528
135034,DROVERS INN,1,135032,131528
135035,LODGINGS,1,135011,131528
135036,COLLEGE LODGINGS,1,135035,131528
135037,STABLEHANDS LODGINGS,1,135035,131528
135038,MOTEL,1,135027,131528
135040,WORKHOUSE,1,135011,131528
135041,LODGING HOUSE,1,135011,131528
135042,FISHERMENS FASTENER,1,133420,133420
135045,COOKHOUSE,1,131528,131528
135046,GLACIS,1,133355,133297
135047,MOTTE,1,133331,133297
135048,MULTIPLE ENCLOSURE FORT,1,131601,131528
135049,HILLTOP ENCLOSURE,1,133349,133297
135050,VEXILLATION FORT,1,133348,133297
135051,FORTRESS,1,133297,133297
135052,MILECASTLE,1,133344,133297
135053,MILEFORTLET,1,133344,133297
135055,TOWN WALL,1,133337,133297
135056,TOWN GATE,1,133337,133297
135058,BREASTWORK,1,133351,133297
135059,BUTTS,1,136820,133297
135060,TOWER HOUSE,1,133356,133297
135061,HORNWORK,1,133355,133297
135062,BASTION OUTWORK,1,133321,133297
135063,ARMAMENT DEPOT,1,139312,133297
135064,MULTIPLE ENCLOSURE FORT,1,133341,133297
135065,COMMEMORATIVE,1,,135065
135066,BATTLEFIELD,1,135065,135065
135067,COMMEMORATIVE MONUMENT,1,135065,135065
135068,ANIMAL MEMORIAL,1,135067,135065
135069,CENOTAPH,1,135067,135065
135070,COAT OF ARMS,1,135067,135065
135071,COMMEMORATIVE BRASS,1,135067,135065
135072,COMMEMORATIVE STONE,1,135067,135065
135073,CENTURIAL STONE,1,135072,135065
135074,CORONATION STONE,1,133667,133667
135075,DATE STONE,1,135072,135065
135076,DEDICATION STONE,1,135072,135065
135077,EFFIGY,1,135067,135065
135078,ELEANOR CROSS,1,135067,135065
135080,NAMED TREE,1,135067,135065
135082,PLAGUE MEMORIAL,1,135067,135065
135083,QUADRIGA,1,136588,131783
135084,ROSTRAL COLUMN,1,135067,135065
135085,TRIUMPHAL ARCH,1,135067,135065
135086,WAR MEMORIAL,1,135067,135065
135087,HISTORICAL SITE,1,135065,135065
135088,UNASSIGNED,1,,135088
135089,ARCH,1,143383,143383
135091,PLAQUE,1,135067,135065
135092,PEN,1,134003,134003
135093,BIELD,1,134003,134003
135095,CLEARANCE CAIRN,1,134003,134003
135096,CAIRNFIELD,1,135095,134003
135097,WOOD,1,135681,134003
135098,FOOD AND DRINK PROCESSING SITE,1,134006,134003
135099,HEMMEL,1,134006,134003
135100,FARM BUILDING,1,134006,134003
135101,SHED,1,135290,135088
135102,FISHING SITE,1,134003,134003
135104,SHOPPING PARADE,1,133154,133154
135105,TEA ROOM,1,134946,133154
135106,GATEHOUSE,1,135290,135088
135107,GATE TOWER,1,133355,133297
135108,MILITARY COLLEGE,1,136820,133297
135109,ARTILLERY SCHOOL,1,135189,133422
135110,SEMAPHORE STATION,1,136818,133297
135111,AIRCRAFT OBSTRUCTION,1,136812,133297
135112,TRANSPORT WORKERS HOUSE,1,135169,131528
135113,SQUATTERS COTTAGE,1,135169,131528
135114,HEALTH WORKERS HOUSE,1,135169,131528
135115,INNS OF CHANCERY,1,135164,133065
135116,INNS OF COURT,1,135164,133065
135117,ASSEMBLY HALL,1,135120,133065
135118,LOCK UP,1,133075,133065
135119,PUNISHMENT PLACE,1,135164,133065
135120,MEETING HALL,1,133139,133065
135121,ASSEMBLY ROOMS,1,133139,133065
135122,ASSEMBLY ROOMS,1,133551,133551
135123,MAYORS RESIDENCE,1,135011,131528
135124,MAYORS RESIDENCE,1,133065,133065
135125,PRISON HULK,1,133075,133065
135128,FARMHOUSE,1,135100,134003
135130,DEER POUND,1,134013,134003
135132,OFFICE,1,135290,135088
135134,COLOUR LOFT,1,134679,133420
135135,HOOP HOUSE,1,134679,133420
135136,MARINE CONSTRUCTION SITE,1,133420,133420
135138,HOSPITAL BLOCK,1,134482,134482
135139,HOSPITAL DEPARTMENT,1,134482,134482
135140,SPECIALIST HOSPITAL,1,134530,134482
135141,ANIMAL WELFARE SITE,1,134482,134482
135142,INFECTIOUS DISEASES HOSPITAL,1,135140,134482
135147,SEA MARK,1,134753,133420
135148,NET HOUSE,1,133420,133420
135149,NET LOFT,1,133420,133420
135150,SCAVELLMANS CABIN,1,133420,133420
135151,NAVAL STOREHOUSE,1,133420,133420
135152,CONTAINER TERMINAL,1,134632,133420
135153,MARTELLO TOWER,1,134714,133420
135154,REFECTORY,1,143763,135088
135155,ROMAN CATHOLIC CEMETERY,1,133832,133667
135156,BEAR PIT,1,133561,133551
135157,BUTTS,1,135327,133551
135158,ARCHERY BUTTS,1,135157,133551
135159,RIFLE BUTTS,1,135157,133551
135160,RECREATIONAL HALL,1,133551,133551
135162,HULL,1,134006,134003
135163,WOOL WAREHOUSE,1,133268,133154
135164,LEGAL SITE,1,133065,133065
135166,WINE CELLAR,1,133154,133154
135167,QUADRANGULAR CASTLE,1,131576,143383
135168,QUADRANGULAR CASTLE,1,133331,133297
135169,HOUSE,1,134997,131528
135170,GARDEN ORNAMENT,1,131783,131783
135171,STREET FURNITURE,1,131783,131783
135172,URBAN SPACE,1,131783,131783
135173,WAYSIDE PUMP,1,135171,131783
135174,FOLLY,1,131811,131783
135175,DUTY POST,1,190378,131783
135176,SECULAR HALL,1,133542,133551
135177,CLUB,1,133551,133551
135178,BEACON,1,135195,133272
135179,LIGHTHOUSE,1,135195,133272
135180,RAILWAY SIGNAL,1,135195,133272
135181,SIGNAL BOX,1,135195,133272
135182,SIGNAL STATION,1,135195,133272
135183,TRAFFIC LIGHTS,1,135195,133272
135184,SEMAPHORE STATION,1,135195,133272
135185,TELECOMMUNICATION STRUCTURE,1,133272,133272
135186,RADIO STATION,1,135641,133272
135187,POST BOX,1,135321,133272
135188,TRAINING COLLEGE,1,173865,133422
135189,TRAINING SCHOOL,1,133423,133422
135190,MAIL BAG NET,1,135321,133272
135191,PILLAR BOX,1,135187,133272
135192,AIRSHIP STATION,1,135239,134198
135193,POST OFFICE,1,135321,133272
135194,SORTING OFFICE,1,135321,133272
135195,SIGNALLING STRUCTURE,1,133272,133272
135196,SIGNAL TOWER,1,135195,133272
135197,WATCH TOWER,1,133272,133272
135198,BATHS,1,134417,134417
135199,PEDESTRIAN PRECINCT,1,135172,131783
135200,OPEN AIR THEATRE,1,131783,131783
135201,GARDEN TERRACE,1,131783,131783
135202,CREW YARD,1,134003,134003
135203,SHIPWRECK GRAVE,1,133865,133667
135204,SHIPWRECK GRAVE,1,133420,133420
135205,BUTTER WELL,1,134003,134003
135206,FISH TANK,1,131528,131528
135207,OSIER BED,1,134133,134003
135208,BARYTES MINE,1,132676,132062
135209,CAIRN ALIGNMENT,1,133812,143383
135210,CLAY MINE,1,135416,132062
135212,COVE,1,133667,133667
135213,FEATURE,1,143383,143383
135214,FIELD KITCHEN,1,136819,133297
135215,FLUORSPAR MINE,1,135415,132062
135216,FLUORSPAR WORKINGS,1,135415,132062
135217,GOAL POST ENCLOSURE,1,135533,143383
135218,GYPSUM MINE,1,135415,132062
135219,INTERRUPTED DITCH SYSTEM,1,134133,134003
135220,PLANTATION,1,131783,131783
135222,RING BANK,1,131937,143383
135223,ROBBER TRENCH,1,135088,135088
135224,UMBER WORKINGS,1,135415,132062
135225,WITHERITE MINE,1,135415,132062
135226,WOOD DRYING KILN,1,132420,132062
135227,HIGH CROSS,1,133755,133667
135228,INFANT SCHOOL,1,133459,133422
135229,TARGET,1,136820,133297
135230,WINTER GARDEN,1,131898,131783
135231,TOPIARY AVENUE,1,131783,131783
135232,POLICE BOX,1,135185,133272
135233,POLICE TELEPHONE PILLAR,1,135185,133272
135234,MOAT,1,134417,134417
135235,HOLLOW WAY,1,134220,134198
135236,SERPENTINE WALL,1,136622,134003
135237,PREMONSTRATENSIAN GRANGE,1,133935,133667
135238,TIRONIAN GRANGE,1,133935,133667
135239,AIR TRANSPORT SITE,1,134198,134198
135240,BRIDGE,1,134198,134198
135241,LIFT,1,135242,134198
135242,LIFTING AND WINDING STRUCTURE,1,134198,134198
135243,LOCK,1,135265,134198
135244,RAILWAY TRANSPORT SITE,1,134198,134198
135245,RAILWAY BRIDGE,1,135244,134198
135246,RAILWAY LIFT,1,135244,134198
135247,ROAD TRANSPORT SITE,1,134198,134198
135248,FOOTBRIDGE,1,135363,134198
135249,PACKHORSE BRIDGE,1,135247,134198
135250,ROAD BRIDGE,1,135247,134198
135251,SEDAN CHAIR LIFT,1,135247,134198
135252,TOLL BRIDGE,1,135247,134198
135253,TRANSPORTER BRIDGE,1,135247,134198
135254,COACHING INN STABLE,1,134371,134198
135255,HACKNEY STABLE,1,134371,134198
135256,RAILWAY STABLE,1,134371,134198
135257,TRAMWAY STABLE,1,134371,134198
135258,PEDESTRIAN TUNNEL,1,135377,134198
135259,RAILWAY TUNNEL,1,135377,134198
135260,ROAD TUNNEL,1,135377,134198
135261,TRAMWAY TUNNEL,1,135377,134198
135263,RAILWAY VIADUCT,1,134407,134198
135264,ROAD VIADUCT,1,134407,134198
135265,WATER TRANSPORT SITE,1,134198,134198
135266,BOAT LIFT,1,135265,134198
135267,ACCOMMODATION BRIDGE,1,134241,134198
135268,CANAL BRIDGE,1,134241,134198
135269,CANAL INCLINED PLANE,1,134241,134198
135270,CANAL LIFT,1,134241,134198
135271,CANAL LOCK,1,134241,134198
135272,CANAL MILEPOST,1,134241,134198
135273,CANAL RESERVOIR,1,134241,134198
135274,CANAL TUNNEL,1,134241,134198
135275,BAKEHOUSE,1,131528,131528
135276,HORSE TUNNEL,1,134241,134198
135277,ROVING BRIDGE,1,134241,134198
135278,CANAL DOCKYARD,1,134241,134198
135279,COTTAGE ORNEE,1,135169,131528
135280,TRAVERSER,1,134198,134198
135281,TOWING PATH BRIDGE,1,135265,134198
135282,CANAL WHARF,1,134241,134198
135283,CAVE,1,135509,143383
135284,PALISADED HILLTOP ENCLOSURE,1,131660,131528
135285,SADDLERY,1,131528,131528
135286,HEARTH,1,143743,135088
135287,COOKING PIT,1,131528,131528
135288,PLATFORM,1,143383,143383
135289,ROCK CUT CHAMBER,1,135088,135088
135290,BUILDING,1,135088,135088
135291,BUILDING PLATFORM,1,135288,143383
135292,FISH PROCESSING SITE,1,135098,134003
135293,SHIELING,1,134133,134003
135294,CELLAR,1,143763,135088
135295,BOUNDARY,1,143383,143383
135296,BOUNDARY CAIRN,1,131986,143383
135297,MARKER CAIRN,1,143383,143383
135298,TERRACED GROUND,1,135088,135088
135299,WALL,1,143803,143383
135300,PIT,1,143743,135088
135301,MILITARY ROAD,1,136821,133297
135302,PALISADED ENCLOSURE,1,133349,133297
135303,GATE,1,143803,143383
135304,ENCLOSURE,1,143383,143383
135305,EARTHWORK,1,143383,143383
135306,PERIMETER TRACK,1,135239,134198
135307,HARD STANDING,1,135088,135088
135309,TAXIWAY,1,135239,134198
135310,AIRSHIP MOORING MAST,1,135239,134198
135311,MILITARY AIRFIELD,1,134200,134198
135312,LOCOMOTIVE DEPOT,1,135244,134198
135313,TELEPHONE REPEATER STATION,1,135641,133272
135315,RADIO STUDIO,1,135185,133272
135316,RADIO TELESCOPE,1,135185,133272
135317,FILTER HOUSE,1,144725,134417
135318,WATER PUMPING STATION,1,134460,134417
135319,SEWAGE PUMPING STATION,1,134460,134417
135320,VALVE TOWER,1,144764,134417
135321,POSTAL SYSTEM STRUCTURE,1,133272,133272
135322,ART AND EDUCATION VENUE,1,133551,133551
135323,EATING AND DRINKING ESTABLISHMENT,1,133551,133551
135324,GAMBLING SITE,1,133551,133551
135325,HEALTH ESTABLISHMENT,1,133551,133551
135326,MUSIC SPEECH AND DANCE VENUE,1,133551,133551
135327,SPORTS SITE,1,133551,133551
135328,HUNTING SITE,1,133551,133551
135329,BOWLING GREEN,1,144464,133551
135330,FOOTBALL PITCH,1,144464,133551
135331,GOLF COURSE,1,144464,133551
135332,HOCKEY PITCH,1,144464,133551
135333,NETBALL COURT,1,144464,133551
135334,POLO FIELD,1,144464,133551
135335,SPORTS GROUND,1,133610,133551
135336,FOOTBALL GROUND,1,135335,133551
135337,RUGBY PITCH,1,144464,133551
135338,SWIMMING POOL,1,135327,133551
135339,TENNIS COURT,1,144463,133551
135340,CRICKET GROUND,1,135335,133551
135341,ZOO,1,135726,133551
135342,TREE AVENUE,1,136639,143383
135343,ORNAMENTAL POND,1,131783,131783
135344,ORNAMENTAL CANAL,1,202809,131783
135345,ORNAMENTAL LAKE,1,132044,131783
135346,SPORTS PAVILION,1,131840,131783
135347,ZOO,1,131783,131783
135348,PUBLIC PARK,1,131941,131783
135350,GUEST HOUSE,1,133667,133667
135351,HOSPITAL,1,133667,133667
135353,EMBANKED AVENUE,1,136639,143383
135354,AUGUSTINIAN DOUBLE HOUSE,1,133923,133667
135355,BENEDICTINE DOUBLE HOUSE,1,133923,133667
135356,AUGUSTINIAN GRANGE,1,133935,133667
135357,MOUND,1,143383,143383
135359,BARRAGE BALLOON SITE,1,136812,133297
135360,TEMPLARS GRANGE,1,133935,133667
135362,RAILWAY CUTTING,1,135244,134198
135363,PEDESTRIAN TRANSPORT SITE,1,134198,134198
135369,RAILWAY INCLINED PLANE,1,134295,134198
135370,RAILWAY INCLINED PLANE,1,135244,134198
135371,CANAL INCLINED PLANE,1,134295,134198
135372,MILE PLATE,1,134198,134198
135373,CLAPPER BRIDGE,1,135247,134198
135374,ALLEY,1,134220,134198
135375,DROVE ROAD,1,134220,134198
135376,PACKHORSE ROAD,1,134220,134198
135377,TRANSPORT TUNNEL,1,134198,134198
135379,RIVER DOCK,1,134264,134198
135380,ANIMAL PRODUCT SITE,1,132062,132062
135381,LEATHER INDUSTRY SITE,1,135380,132062
135382,ARMAMENT MANUFACTURING SITE,1,132062,132062
135383,CHEMICAL INDUSTRY SITE,1,132062,132062
135384,CHEMICAL PRODUCTION SITE,1,135383,132062
135385,AGRICULTURAL CHEMICAL SITE,1,135384,132062
135386,DYE AND PIGMENT SITE,1,135384,132062
135388,PHARMACEUTICAL CHEMICAL SITE,1,135384,132062
135389,PETROCHEMICAL SITE,1,135384,132062
135390,CHEMICAL PRODUCT SITE,1,135383,132062
135391,CLOTHING INDUSTRY SITE,1,132062,132062
135392,CRAFT INDUSTRY SITE,1,132062,132062
135393,ENGINEERING INDUSTRY SITE,1,132062,132062
135395,RAILWAY ENGINEERING SITE,1,135396,132062
135396,VEHICLE ENGINEERING SITE,1,135393,132062
135397,MOTOR VEHICLE ENGINEERING SITE,1,135396,132062
135398,FOOD AND DRINK INDUSTRY SITE,1,132062,132062
135399,BREWING AND MALTING SITE,1,135398,132062
135400,DISTILLING SITE,1,135398,132062
135401,FOOD PRESERVING SITE,1,135398,132062
135402,FOOD PROCESSING SITE,1,135398,132062
135404,WINE AND CIDERMAKING SITE,1,135398,132062
135405,FUEL PRODUCTION SITE,1,132062,132062
135406,CHARCOAL PRODUCTION SITE,1,135405,132062
135407,COAL MINING SITE,1,135405,132062
135408,OIL WORKS,1,135405,132062
135409,PEAT WORKINGS,1,135405,132062
135410,METAL INDUSTRY SITE,1,132062,132062
135412,METAL EXTRACTION SITE,1,135410,132062
135413,METAL PROCESSING SITE,1,135410,132062
135414,METAL SMELTING SITE,1,135410,132062
135415,MINERAL EXTRACTION SITE,1,132062,132062
135416,CLAY EXTRACTION SITE,1,135415,132062
135417,SAND AND GRAVEL EXTRACTION SITE,1,135415,132062
135418,STONE EXTRACTION SITE,1,135415,132062
135419,LABORATORY,1,132062,132062
135423,METAL PRODUCT SITE,1,135410,132062
135425,MINERAL PRODUCT SITE,1,132062,132062
135426,CEMENT MANUFACTURING SITE,1,135425,132062
135427,GLASSMAKING SITE,1,135425,132062
135428,PLASTER MANUFACTURING SITE,1,135425,132062
135429,POTTERY MANUFACTURING SITE,1,135425,132062
135430,PRINTING AND PUBLISHING SITE,1,132716,132062
135431,ANIMAL POWER SITE,1,132724,132062
135432,COAL GAS STRUCTURE,1,132724,132062
135433,ELECTRICITY PRODUCTION SITE,1,132724,132062
135434,HYDRAULIC POWER SITE,1,132724,132062
135435,STEAM POWER PRODUCTION SITE,1,132724,132062
135436,WATER POWER PRODUCTION SITE,1,132724,132062
135437,WIND POWER SITE,1,132724,132062
135438,TEXTILE INDUSTRY SITE,1,132062,132062
135440,COTTON MANUFACTURING SITE,1,135438,132062
135441,LINEN OR FLAX MANUFACTURING SITE,1,135438,132062
135442,SILK MANUFACTURING SITE,1,135438,132062
135443,TEXTILE FINISHING SITE,1,135438,132062
135445,CARPET MANUFACTURING SITE,1,135438,132062
135446,ROPE MANUFACTURING SITE,1,135438,132062
135447,WOOD PROCESSING SITE,1,132062,132062
135448,TIMBER PROCESSING SITE,1,135447,132062
135449,TIMBER PRODUCT SITE,1,135447,132062
135450,WOOD PRODUCT SITE,1,135447,132062
135451,BRICK AND TILEMAKING SITE,1,135425,132062
135452,COTTON MILL,1,135440,132062
135453,CALICO MILL,1,135452,132062
135456,SCUTCHING MILL,1,135441,132062
135458,YARN MILL,1,133017,132062
135459,HEMP MILL,1,135441,132062
135460,JUTE MILL,1,135441,132062
135461,SILK MILL,1,135442,132062
135463,PRESS SHOP,1,135438,132062
135464,WASHING SHOP,1,135443,132062
135465,WEAVING MILL,1,135443,132062
135467,RIBBON FACTORY,1,135438,132062
135468,WOOD DRYING KILN,1,135450,132062
135470,CUTLERY WORKSHOP,1,144943,132062
135471,AGRICULTURAL ENGINEERING WORKS,1,135747,132062
135472,INSTRUMENT ENGINEERING WORKS,1,135473,132062
135473,LIGHT ENGINEERING WORKS,1,135747,132062
135474,MACHINE TOOL ENGINEERING WORKS,1,135473,132062
135475,CHARCOAL BURNING PLATFORM,1,135406,132062
135476,CHIMNEY,1,132388,132062
135479,SAND WORKINGS,1,135417,132062
135480,STONE QUARRY,1,132095,132062
135481,CONCRETE WORKS,1,135426,132062
135482,BOTTLE WORKS,1,135427,132062
135483,REFUSE DESTRUCTOR STATION,1,132738,132062
135484,HYDRAULIC PIPEWORK,1,135434,132062
135485,LACE MANUFACTURING SITE,1,135438,132062
135486,BOILER HOUSE,1,135435,132062
135487,LEAT,1,214824,132062
135488,MILL POND,1,135436,132062
135489,HEAD RACE,1,132804,132062
135490,WIND PUMP,1,135437,132062
135491,LACE DRYING HOUSE,1,135485,132062
135492,LACE FACTORY,1,135485,132062
135493,TWIST MILL,1,132625,132062
135494,TRAMWAY TRANSPORT SITE,1,135247,134198
135495,TRAMWAY,1,135494,134198
135496,TRAMWAY BRIDGE,1,135494,134198
135497,TRAMWAY EMBANKMENT,1,135494,134198
135498,TRAMWAY REVERSING TRIANGLE,1,135494,134198
135499,TRAMWAY STABLE,1,135494,134198
135500,TRAMWAY TUNNEL,1,135494,134198
135501,TRAM DEPOT,1,135494,134198
135502,TRAM SHELTER,1,135494,134198
135503,TRAM TRANSFORMER STATION,1,135494,134198
135504,PLATEWAY,1,135495,134198
135505,STREET TRAMWAY,1,135495,134198
135506,WAGONWAY,1,135495,134198
135507,CRANE,1,135242,134198
135508,DITCH,1,143383,143383
135509,NATURAL FEATURE,1,135213,143383
135510,PORTAL,1,135088,135088
135511,RAILINGS,1,143803,143383
135512,SITE,1,143743,135088
135513,YARD,1,135088,135088
135514,WORKSHOP,1,132388,132062
135515,CLOTH CUTTERS WORKSHOP,1,133036,132062
135516,CLOTHING FACTORY,1,135391,132062
135518,SILVERSMITHS WORKSHOP,1,177653,132062
135519,STAINED GLASS WORKSHOP,1,135392,132062
135520,TILEMAKING WORKSHOP,1,135392,132062
135521,EMBANKMENT CROSS,1,135305,143383
135522,FUEL STORE,1,143763,135088
135523,LINEAR FEATURE,1,135213,143383
135524,CURVILINEAR ENCLOSURE,1,135304,143383
135525,CIRCULAR ENCLOSURE,1,135524,143383
135526,D SHAPED ENCLOSURE,1,135524,143383
135527,OVAL ENCLOSURE,1,135524,143383
135528,SPECTACLE ENCLOSURE,1,135524,143383
135529,SUB CIRCULAR ENCLOSURE,1,135524,143383
135530,DITCHED ENCLOSURE,1,135304,143383
135531,DOUBLE DITCHED ENCLOSURE,1,135530,143383
135532,PIT DEFINED ENCLOSURE,1,135304,143383
135533,RECTILINEAR ENCLOSURE,1,135304,143383
135534,POLYGONAL ENCLOSURE,1,135533,143383
135536,SQUARE ENCLOSURE,1,135533,143383
135537,TRAPEZOIDAL ENCLOSURE,1,135533,143383
135538,LINEAR SYSTEM,1,143383,143383
135539,PIPELINE,1,135088,135088
135540,PIT ALIGNMENT,1,133667,133667
135541,PIT CLUSTER,1,143743,135088
135542,CIRCULAR PLATFORM,1,135288,143383
135544,RING DITCH,1,143383,143383
135545,SHAFT,1,135088,135088
135546,STRUCTURE,1,135088,135088
135547,UNDERGROUND STRUCTURE,1,135546,135088
135549,CARVED STONE,1,135088,135088
135550,CARVING,1,143783,135088
135553,GEOLOGICAL MARKS,1,135509,143383
135554,GRAFFITI,1,143783,135088
135555,HOLLOW,1,135088,135088
135556,MACULA,1,143383,143383
135557,OVEN,1,135088,135088
135561,POST HOLE,1,143743,135088
135562,SCRATCH DIAL,1,131895,131783
135563,STONE BLOCK,1,135088,135088
135564,STONE,1,135509,143383
135565,SUBMARINE FOREST,1,196581,143383
135567,BOUNDARY DITCH,1,135508,143383
135568,PRECINCT,1,135088,135088
135569,BOUNDARY MOUND,1,135357,143383
135570,BUTTERFLY GARDEN,1,131898,131783
135571,COAL CRUSHER HOUSE,1,135407,132062
135572,COAL PREPARATION PLANT,1,135407,132062
135573,COAL SCREEN,1,135407,132062
135574,COALITE PLANT,1,135405,132062
135575,COKE QUENCHING TOWER,1,135405,132062
135576,DRIFT,1,132674,132062
135577,MINES RESCUE STATION,1,132696,132062
135578,COAL BUNKER,1,135407,132062
135579,HEAPSTEAD,1,132674,132062
135580,WATERFALL,1,202809,131783
135581,MULTI STOREY STABLE,1,134371,134198
135582,ROCKERY,1,131783,131783
135583,ANIMAL CAGE,1,135726,133551
135584,CONTROL ROOM,1,143763,135088
135585,DAY CENTRE,1,134482,134482
135586,HEATED WALL,1,134003,134003
135587,HEATED WALL,1,131783,131783
135588,MEDICAL CENTRE,1,134482,134482
135589,ORNAMENTAL GARDEN,1,131898,131783
135591,WOODLAND GARDEN,1,131898,131783
135592,GILBERTINE GRANGE,1,133935,133667
135594,DEER COTE,1,134125,134003
135595,EXHAUSTER HOUSE,1,132697,132062
135596,FLORAL CLOCK,1,183680,131783
135597,GANTRY,1,135242,134198
135599,COAL TIPPLER,1,135407,132062
135600,METHANE PLANT,1,132674,132062
135601,BANK (FINANCIAL),1,133154,133154
135602,PLASTICS FACTORY,1,135390,132062
135603,HATTERS WORKSHOP,1,133036,132062
135604,BLACKSMITHS WORKSHOP,1,144943,132062
135605,CHALK PIT,1,132151,132062
135606,MONASTIC PRECINCT,1,133667,133667
135607,BETTING OFFICE,1,133154,133154
135608,CANTEEN,1,143763,135088
135609,FLANKING TOWER,1,133355,133297
135610,REELING SHED,1,135442,132062
135612,SERVICES CLUB,1,135177,133551
135614,WATER TURBINE,1,132753,132062
135615,NITRE BED,1,140634,132062
135617,RADIO VALVE WORKS,1,135473,132062
135618,GUEST HOUSE,1,133154,133154
135619,ROUNDHOUSE (RAILWAY),1,135244,134198
135623,BOUNDARY WALL,1,135299,143383
135624,TOWER BLOCK,1,135290,135088
135625,TELESCOPE (TERRESTRIAL),1,133551,133551
135627,MEERSTONE,1,135413,132062
135628,TIMEKEEPERS OFFICE,1,133160,133154
135629,WASTE DISPOSAL SITE,1,132062,132062
135630,REFUSE DESTRUCTOR STATION,1,135629,132062
135631,INCINERATOR,1,135629,132062
135632,FENCING SCHOOL,1,135189,133422
135633,FERNERY (GARDEN),1,131898,131783
135634,MARINE LABORATORY,1,133420,133420
135635,MANSION HOUSE,1,133065,133065
135636,TURF MAZE,1,131965,131783
135638,MINERAL WATER FACTORY,1,135398,132062
135640,WOOL STAPLE,1,133236,133154
135641,TELECOMMUNICATION BUILDING,1,133272,133272
135642,AERIAL ROPEWAY,1,132704,132062
135643,CANAL WAREHOUSE,1,183932,133154
135644,ECONOMIZER HOUSE,1,135435,132062
135645,FLANKER,1,133355,133297
135646,BOOM TOWER,1,136814,133297
135647,GARDEN FEATURE,1,131783,131783
135648,HOSPITAL LAUNDRY,1,134482,134482
135649,SALT STORE,1,135383,132062
135650,AMBULANCE GARAGE,1,135247,134198
135651,BUTTERY,1,135098,134003
135652,SURGERY,1,134482,134482
135660,PROFESSIONAL INSTITUTE,1,133480,133422
135661,LEARNED SOCIETY BUILDING,1,133480,133422
135662,AUGUSTINIAN GRANGE,1,134007,134003
135663,GILBERTINE GRANGE,1,134007,134003
135664,PREMONSTRATENSIAN GRANGE,1,134007,134003
135665,TIRONIAN GRANGE,1,134007,134003
135666,TELESCOPE (TERRESTRIAL),1,135171,131783
135667,BALANCE BEAM,1,134767,133420
135668,LOCK CHAMBER,1,135265,134198
135669,LOCK SILL,1,135265,134198
135670,LOCK GATE,1,135265,134198
135672,TOILET,1,144725,134417
135673,TEMPLARS GRANGE,1,134007,134003
135674,OPEN AIR THEATRE,1,133640,133551
135675,TRAM SHELTER,1,135171,131783
135676,TRAMWAY TUNNEL PORTAL,1,135494,134198
135677,WEAVING SHED,1,135443,132062
135678,WHARFINGERS COTTAGE,1,135112,131528
135679,WIND ENGINE,1,135437,132062
135680,WIND ENGINE,1,132749,132062
135681,MANAGED WOODLAND,1,134133,134003
135682,WEAVERS WORKSHOP,1,135392,132062
135683,INDUSTRIAL HOUSE,1,132062,132062
135685,FLOATING CRANE,1,135507,134198
135686,BOAT YARD,1,132431,132062
135687,BLOCK MILL,1,132449,132062
135688,COLOUR LOFT,1,132449,132062
135689,HOOP HOUSE,1,132449,132062
135690,RIGGING HOUSE,1,132449,132062
135691,MAST POND,1,132431,132062
135692,CAMBER,1,134609,133420
135693,CHAIN PROVING HOUSE,1,135694,133420
135694,CHAIN WORKS,1,135136,133420
135695,DOCKYARD,1,135136,133420
135696,DRY DOCK,1,135136,133420
135697,FABRICATION SHED,1,134678,133420
135698,FLOATING CRANE,1,135136,133420
135699,HALF TIDE DOCK,1,135136,133420
135700,HATCHELLING HOUSE,1,135136,133420
135701,HEMP STORE,1,133420,133420
135702,PLATERS SHOP,1,134678,133420
135705,SHEER HULK,1,135136,133420
135706,SHEER LEGS,1,135136,133420
135707,WET DOCK,1,135136,133420
135708,COAL DROP,1,135407,132062
135711,DECOY POND,1,135328,133551
135712,DEER COTE,1,135328,133551
135713,DEER HOUSE,1,135328,133551
135714,DEER LEAP,1,135328,133551
135715,DEER POUND,1,135328,133551
135717,PLANTATION,1,134133,134003
135718,KEEP AND BAILEY CASTLE,1,133331,133297
135719,ANGLE TOWER,1,133355,133297
135720,BASEMENT,1,143763,135088
135721,BEAM SLOT,1,135088,135088
135722,COFFIN STONE,1,135905,133667
135723,FOGOU,1,131528,131528
135724,FOGOU,1,133667,133667
135725,MIDDEN,1,134003,134003
135726,ANIMAL DWELLING,1,133551,133551
135728,APPRENTICE HOUSE,1,135683,132062
135729,CLOTHIERS HOUSE,1,135683,132062
135730,FOREMANS HOUSE,1,135683,132062
135731,FRAMEWORK KNITTERS COTTAGE,1,135683,132062
135732,HOSIERS COTTAGE,1,135683,132062
135733,LACEMAKERS COTTAGE,1,135683,132062
135736,MILL HOUSE,1,135683,132062
135738,SMITHS COTTAGE,1,135683,132062
135739,WEAVERS COTTAGE,1,135683,132062
135740,WORKERS COTTAGE,1,135683,132062
135741,BONE MILL,1,132579,132062
135742,THROWING MILL,1,135442,132062
135743,BRASS FOUNDRY,1,132559,132062
135744,IRON FURNACE,1,132363,132062
135745,LEAD FURNACE,1,132363,132062
135746,SMELTERY,1,135414,132062
135747,ENGINEERING WORKS,1,135393,132062
135748,FISH CELLAR,1,135098,134003
135749,FISH CELLAR,1,135401,132062
135750,LAND RECLAMATION,1,135088,135088
135751,ORNAMENTAL FOUNTAIN,1,131995,131783
135753,HENGE,1,133667,133667
135756,INTERVAL TOWER,1,133355,133297
135757,STONE GRUBBING SITE,1,135418,132062
135759,RACE TRACK,1,144465,133551
135760,DRAWBRIDGE,1,136734,134198
135761,TRANSFORMER BOX,1,135433,132062
135763,WEAVERS WORKSHOP,1,135443,132062
135764,SHELL KEEP,1,131577,143383
135765,TOWER KEEP,1,131577,143383
135766,SETTLING TANK,1,132062,132062
135767,TRANSMISSION RODS,1,132724,132062
135768,VAULT,1,143763,135088
135769,WALL PAINTING,1,143783,135088
135770,UNDERCROFT,1,143763,135088
135771,FLOOR,1,143383,143383
135772,TESSELLATED FLOOR,1,135771,143383
135773,PILE,1,135088,135088
135774,MOSAIC,1,143783,135088
135775,CLAY DRAINAGE PIPE WORKS,1,135429,132062
135777,NAVAL DOCKYARD,1,135695,133420
135778,WEATHER VANE,1,135088,135088
135779,SERVICE WING,1,131528,131528
135780,SNOOKER HALL,1,133658,133551
135781,CARMELITE NUNNERY,1,133954,133667
135782,GARDEN ARCADE,1,135647,131783
135783,COVERED WAY,1,135088,135088
135784,TURNSTILE,1,135303,143383
135785,SAUNA,1,135325,133551
135786,SOLARIUM,1,134482,134482
135787,GAS METER HOUSE,1,135432,132062
135788,CATTLE STALL,1,135867,134003
135789,FOOD DRYING ROOM,1,134006,134003
135790,HOLIDAY CENTRE,1,133551,133551
135791,SANDEMANIAN CHAPEL,1,133697,133667
135792,MACHINE HOUSE,1,132388,132062
135793,SERVANTS HALL,1,131528,131528
135795,RESEARCH INSTITUTE,1,133480,133422
135796,MID BREASTSHOT WHEEL,1,132814,132062
135797,MACHINERY,1,132062,132062
135798,RACQUETS COURT,1,144463,133551
135799,REAL TENNIS COURT,1,144463,133551
135800,BUILDERS MERCHANTS,1,133154,133154
135801,SCHOOL BOARDING HOUSE,1,135035,131528
135802,INFORMATION CENTRE,1,133065,133065
135803,TRADE HALL,1,134966,133154
135804,SKITTLE ALLEY,1,133658,133551
135805,BOWLING ALLEY,1,133658,133551
135806,MILLSTONE,1,132062,132062
135807,ARCHITECTURAL FRAGMENT,1,135088,135088
135808,DUNG PIT,1,134003,134003
135809,MANORIAL CHAPEL,1,133734,133667
135810,WELL CHAPEL,1,133734,133667
135811,REHABILITATION CENTRE,1,134482,134482
135812,ARTISTS STUDIO,1,133551,133551
135813,OPTICIANS,1,134482,134482
135814,OPTICIANS,1,133154,133154
135815,FIELD CENTRE,1,133551,133551
135816,FIELD CENTRE,1,133422,133422
135817,CHRISTADELPHIAN CHAPEL,1,133697,133667
135818,LINKMANS HUT,1,134198,134198
135819,WATER TAP,1,144723,134417
135820,FIG HOUSE,1,131820,131783
135821,SEDILIA BUILDING,1,133667,133667
135822,HELICOPTER LANDING PLATFORM,1,135239,134198
135823,GREAT HALL,1,131528,131528
135824,MUSIC ROOM,1,135326,133551
135826,OFFICERS QUARTERS,1,144323,131528
135827,MANURE SHED,1,135100,134003
135828,LOOKOUT,1,136817,133297
135829,OBSERVATION POST,1,136817,133297
135831,ECCLESIASTICAL OFFICE,1,133667,133667
135832,SALTING HOUSE,1,135098,134003
135833,PHOTOGRAPHIC STUDIO,1,133154,133154
135834,BALLAST POND,1,132431,132062
135835,BALLAST POND,1,135136,133420
135836,SAFETY RAMP,1,134198,134198
135837,CARPET FACTORY,1,135445,132062
135838,TRANSFORMER PILLAR,1,135171,131783
135839,PULPIT,1,135807,135088
135840,FIGUREHEAD,1,133420,133420
135841,JUNIOR SCHOOL,1,133459,133422
135842,SEAT,1,135088,135088
135843,EXCHEQUER,1,143763,135088
135844,COUNTRY CLUB,1,135177,133551
135845,SPECIAL SCHOOL,1,133423,133422
135846,PEACOCK HOUSE,1,133555,133551
135847,CHURCH ARMY HOUSE,1,133667,133667
135848,HUNT STANDING,1,134125,134003
135849,HUNT STANDING,1,135328,133551
135850,HIDE,1,133551,133551
135851,MARSHMANS COTTAGE,1,135169,131528
135852,GOOSE PEN,1,135092,134003
135853,SECTION HOUSE,1,135011,131528
135854,BILLIARD HALL,1,133658,133551
135855,BALLROOM,1,135326,133551
135856,CATTLE PEN,1,135092,134003
135857,FUNERAL DIRECTORS,1,133154,133154
135858,GARDEN TABLE,1,135170,131783
135859,RETREAT,1,133667,133667
135860,RETREAT,1,133154,133154
135861,COVERED YARD,1,135513,135088
135862,FORECOURT,1,135088,135088
135863,CLAY STORE,1,135416,132062
135864,CAPSTAN,1,132704,132062
135866,SIGNALMANS COTTAGE,1,135112,131528
135867,ANIMAL STALL,1,134003,134003
135869,GRINDING HOUSE,1,132388,132062
135870,CRUCK BARN,1,135893,134003
135871,AISLED BARN,1,134023,134003
135872,TIMBER FRAMED BUILDING,1,143383,143383
135873,BRIDGETTINE NUNNERY,1,133954,133667
135874,INVERTED SYPHON,1,134476,134417
135875,MARKER STONE,1,135088,135088
135876,LAMBING PEN,1,135092,134003
135877,TEAZLE DRYING HOUSE,1,132888,132062
135878,ESTATE BUILDING,1,131528,131528
135880,JOCKEYS QUARTERS,1,135011,131528
135881,VILLAGE TAP,1,135171,131783
135882,SETTLING TANK,1,134417,134417
135883,HORSE RUBBING HOUSE,1,135327,133551
135884,WOMENS INSTITUTE,1,133480,133422
135886,MILITARY HEADQUARTERS,1,133372,133297
135887,SCHOOL HALL,1,133422,133422
135888,STATION SIGN,1,135244,134198
135889,MILITARY POLICE SECTION HOUSE,1,136819,133297
135890,BLAST WALL,1,133355,133297
135891,POWER HOUSE,1,132724,132062
135892,INGHAMITE CHAPEL,1,133697,133667
135893,TIMBER FRAMED BARN,1,134023,134003
135894,BLOOD LETTING HOUSE,1,134482,134482
135896,QUOITS GROUND,1,135335,133551
135897,COLLECTING BOX,1,135171,131783
135899,PIGGERY,1,134014,134003
135900,PISCINA,1,133667,133667
135901,TRAM SHED,1,135494,134198
135902,ESTATE OFFICE,1,133160,133154
135903,SALVATION ARMY HALL,1,133718,133667
135904,ONION DRYING SHED,1,135100,134003
135905,COFFIN REST,1,133667,133667
135906,PUT ON STONE,1,135247,134198
135907,TAKE OFF STONE,1,135247,134198
135908,RAILWAY CARRIAGE,1,135244,134198
135909,CHINA CLAY DRIES,1,135429,132062
135910,BALLOON SHED,1,132988,132062
135911,SEA LOCK,1,134771,133420
135912,PINNACLE,1,135807,135088
135913,STOUP,1,133667,133667
135914,BLENDER SHED,1,135438,132062
135916,HEALTH FARM,1,134482,134482
135917,BADMINTON COURT,1,144463,133551
135918,NATIONAL SCHOOL,1,133515,133422
135920,STUD FARM,1,134085,134003
135921,OIL RETORT HOUSE,1,135408,132062
135922,SILK DRYING SHED,1,135442,132062
135925,WASHING PLACE,1,131528,131528
135927,MATCH LODGE,1,140635,132062
135928,AGRICULTURAL MACHINERY DEPOT,1,133154,133154
135929,AGAPEMONE,1,133667,133667
135930,HORSE EXERCISE RING,1,135327,133551
135932,SHELTERED ACCOMMODATION,1,134482,134482
135933,WOOL LOFT,1,135100,134003
135934,ORNAMENTAL BRIDGE,1,131783,131783
135935,SHELL HOUSE,1,131811,131783
135936,RUBBING STONE,1,135088,135088
135939,CHEESE LOFT,1,135100,134003
135941,ANIMAL TOMB,1,133879,133667
135942,CARRIAGE SPLASH,1,134417,134417
135943,FUNCTION ROOM,1,133154,133154
135944,GARDEN CENTRE,1,133154,133154
135947,TURNING CIRCLE,1,135247,134198
135948,FRUIT STORE,1,135098,134003
135949,MINING EXCHANGE,1,134944,133154
135950,HYDRAULIC ENGINE,1,132749,132062
135951,LECTURE THEATRE,1,133422,133422
135952,SILO,1,135088,135088
135953,HEARSE HOUSE,1,202705,133667
135954,GARDEN PORCH,1,131811,131783
135956,POLICE HOUSE,1,135169,131528
135957,POLICE TRAINING COLLEGE,1,135188,133422
135958,VALVE HOUSE,1,144764,134417
135959,WINCH HOUSE,1,132062,132062
135960,LITERARY INSTITUTE,1,133484,133422
135962,GARDEN SCREEN,1,131783,131783
135963,GARDEN SCREEN,1,134003,134003
135964,PLEASURE GARDEN,1,131898,131783
135965,CHAPLAINCY,1,131574,131528
135966,SPIRITUALIST CHURCH,1,140633,133667
135968,TRIANGULATION PILLAR,1,140658,133065
135969,EXPERIMENTAL HOUSE,1,135169,131528
135970,QUARTERMASTERS STORE,1,136819,133297
135971,ANCHORESSES CELL,1,133911,133667
135972,KERBSTONE,1,135088,135088
135974,FLOWER BOX,1,135170,131783
135975,FORD KEEPERS COTTAGE,1,135112,131528
135976,HORSE STOCK,1,134003,134003
135977,CATERING COLLEGE,1,135188,133422
135978,FILEMAKERS WORKSHOP,1,135423,132062
135979,PADDOCK,1,134091,134003
135980,WELL KEEPERS COTTAGE,1,135169,131528
135981,GRAVEBOARD,1,144563,133667
135982,CHILDRENS PLAYHOUSE,1,133551,133551
135983,CARTERS YARD,1,135247,134198
135984,HIDING PLACE,1,143763,135088
135985,BOARDING KENNEL,1,135141,134482
135986,STONE TABLE,1,135171,131783
135987,OPEN AIR SCHOOL,1,133423,133422
135988,FACADE,1,135807,135088
135989,AGRICULTURAL MERCHANTS,1,133154,133154
135990,DORMITORY,1,135011,131528
135992,CONCRETE FRAMED BUILDING,1,143383,143383
135993,METAL FRAMED BUILDING,1,143383,143383
135994,LAVATORIUM,1,134417,134417
135995,LAY BROTHERS RANGE,1,144343,131528
135996,WARMING HOUSE,1,131528,131528
135997,TREASURY,1,135290,135088
135998,WRESTLING RING,1,135327,133551
135999,PENCIL MILL,1,135449,132062
136000,PENCIL MILL,1,132579,132062
136001,PHEASANTRY,1,134125,134003
136002,PHEASANTRY,1,135328,133551
136003,SPIGOT MORTAR EMPLACEMENT,1,133360,133297
136004,WHOLESALE SHOP,1,133254,133154
136005,FINISHING SHOP,1,132388,132062
136007,COAL SLURRY TOWER,1,135407,132062
136008,RAKE,1,135412,132062
136009,TORPEDO STATION,1,134714,133420
136010,GAS PLANT,1,135432,132062
136011,COAL DEPOT,1,135407,132062
136012,COAL DEPOT,1,134198,134198
136013,MINERAL DEPOT,1,132062,132062
136014,MINERAL DEPOT,1,134198,134198
136015,ASH HOPPER,1,132062,132062
136016,CELLARERS RANGE,1,144343,131528
136017,CHAUFFEURS FLAT,1,135112,131528
136018,FOG HORN,1,134753,133420
136019,FOG HORN,1,135195,133272
136020,HANDBALL WALL,1,133658,133551
136021,ARMOURED VEHICLE,1,133297,133297
136022,ROAD TRANSPORT DEPOT,1,135247,134198
136023,PUTTY MILL,1,132579,132062
136024,PUTTY MILL,1,135425,132062
136025,DAY MARK,1,135147,133420
136026,LAND IMPROVEMENT DRAIN,1,134430,134417
136027,WHIM HOUSE,1,135431,132062
136028,CLOTH CUTTERS COTTAGE,1,134971,131528
136550,TOLL BOARD,1,135265,134198
136552,NIGHTCLUB,1,135326,133551
136553,ENGINEERS HOUSE,1,135169,131528
136554,LOW HOUSE,1,135169,131528
136559,SATELLITE EARTH STATION,1,133272,133272
136560,RIDE,1,131783,131783
136561,RIDE,1,133551,133551
136562,TESTING TANK,1,135088,135088
136563,SEAMENS MISSION,1,133420,133420
136564,SEAMENS MISSION,1,134718,134482
136565,RECREATION CENTRE,1,133551,133551
136566,ARD MARKS,1,134018,134003
136568,SPEEDWAY TRACK,1,144465,133551
136569,VILLA,1,135169,131528
136570,VILLA,1,134133,134003
136573,MODEL,1,135088,135088
136574,ELECTRICAL GOODS FACTORY,1,132173,132062
136575,BICYCLE SHED,1,135247,134198
136576,FURRIERS SHOP,1,135514,132062
136577,FURRIERS SHOP,1,135380,132062
136578,FURRIERS SHOP,1,135391,132062
136579,CEREMONIAL PLATFORM,1,135326,133551
136580,LAW SCHOOL,1,135189,133422
136581,TEXTILE WORKERS COTTAGE,1,135169,131528
136583,ROOF GARDEN,1,131898,131783
136585,ASTROLABE,1,135170,131783
136586,LAY SISTERS HOUSE,1,144343,131528
136587,CASEMATE,1,133355,133297
136588,SCULPTURE,1,135171,131783
136589,STATUE,1,136588,131783
136590,SHIPPING WAREHOUSE,1,183932,133154
136600,FISHPOND,1,134441,134417
136601,FISHPOND,1,135102,134003
136607,FLOODLIGHT,1,135088,135088
136608,ROCKET TEST FACILITY,1,140616,133297
136611,HOUSE OVER HOUSE,1,131754,131528
136612,LIFEBOATMANS COTTAGE,1,134691,131528
136614,FOREST LODGE,1,133065,133065
136615,WAYSIDE CHAPEL,1,133734,133667
136616,GLOVERS COTTAGE,1,134971,131528
136617,GLOVERS COTTAGE,1,135683,132062
136619,BISCUIT FACTORY,1,132190,132062
136621,ROMAN CATHOLIC NUNNERY,1,133954,133667
136622,FRUIT GROWING WALL,1,134003,134003
136624,SERVITE FRIARY,1,133924,133667
136626,UPHOLSTERY WORKS,1,135438,132062
136629,CARRIERS PREMISES,1,135247,134198
136630,LIGHTKEEPERS HOUSE,1,135112,131528
136631,PLEASANCE,1,131783,131783
136632,ALMS TABLE,1,134482,134482
136633,BOMBING DECOY,1,136815,133297
136634,KNOCKING SLATE,1,135088,135088
136637,PLATFORM CAIRN,1,144585,133667
136638,LINEAR CLEARANCE CAIRN,1,135095,134003
136639,AVENUE (LANDSCAPE FEATURE),1,143383,143383
136640,TIMBER AVENUE,1,136639,143383
136641,EMBANKED PIT ALIGNMENT,1,135540,133667
136642,COMMENTARY TOWER,1,133658,133551
136643,METAL WORKING SITE,1,135410,132062
136644,SCOREBOARD,1,133551,133551
136645,HOOTER,1,135195,133272
136648,THRESHING MILL,1,135100,134003
136649,ANNEXE ENCLOSURE,1,143383,143383
136651,PARISH HALL,1,135120,133065
136654,ROUND HOUSE (DOMESTIC),1,135169,131528
136659,LOOSE BOX,1,135100,134003
136660,BIRD SANCTUARY,1,135141,134482
136663,SEAPLANE FACTORY,1,132174,132062
136664,AIRCRAFT FACTORY,1,144903,132062
136665,SEAPLANE FACTORY,1,132431,132062
136666,SEAPLANE FACTORY,1,135136,133420
136668,MOTORING TELEPHONE BOX,1,133291,133272
136669,MOTORING TELEPHONE BOX,1,132022,131783
136670,TELEPHONE BOX,1,135247,134198
136671,MOTORING TELEPHONE BOX,1,136670,134198
136672,OFFICIAL RESIDENCE,1,135169,131528
136673,RAG SORTING HOUSE,1,135438,132062
136674,BAGGAGE HALL,1,134198,134198
136675,CAMEL HOUSE,1,133555,133551
136676,HIPPOPOTAMUS HOUSE,1,133555,133551
136679,WHOLESALE WAREHOUSE,1,133268,133154
136689,SERVITE NUNNERY,1,133954,133667
136690,ANIMAL SANCTUARY,1,135141,134482
136691,LUTHERAN CHURCH,1,140633,133667
136692,BARYTES MINE,1,135415,132062
136693,POWER LOOM SHED,1,135438,132062
136695,SUGAR WAREHOUSE,1,133268,133154
136696,BEACH DEFENCE BATTERY,1,133323,133297
136697,ADVANCED LANDING GROUND,1,136816,133297
136700,BUOY,1,134753,133420
136701,DOUBLE PILE HOUSE,1,135169,131528
136702,END JETTY HOUSE,1,131655,131528
136703,LOBBY ENTRY HOUSE,1,135169,131528
136706,CELLAR DWELLING,1,134997,131528
136707,LODGE,1,131528,131528
136708,BORING MILL,1,135393,132062
136709,COTTAGE FACTORY,1,134971,131528
136710,COTTAGE FACTORY,1,135683,132062
136711,COTTAGE FACTORY,1,135438,132062
136712,COTTAGE FACTORY,1,132173,132062
136714,STAKE HOLE,1,143743,135088
136715,BARRAGE BALLOON CENTRE,1,133372,133297
136719,ESSENCE FACTORY,1,132173,132062
136720,JEWISH SCHOOL,1,133423,133422
136721,REEL DRYING STOVE,1,140635,132062
136722,MINERAL JELLY STORE,1,140635,132062
136723,EXPLOSIVES STORE,1,135384,132062
136724,MASTER SHIPWRIGHTS HOUSE,1,134691,131528
136725,INDIAN PAVILION,1,131840,131783
136726,OX ENGINE HOUSE,1,135431,132062
136727,NOTICE BOARD,1,135171,131783
136728,CEREMONIAL MAST,1,133420,133420
136729,FAIR BOOTH,1,133154,133154
136730,SILAGE CLAMP,1,134003,134003
136731,COAL SHUTE,1,135171,131783
136732,ARCH BRIDGE,1,135240,134198
136734,MOVABLE BRIDGE,1,135240,134198
136735,CABLE STAYED BRIDGE,1,135240,134198
136736,CANTILEVER BRIDGE,1,136738,134198
136737,GIRDER BRIDGE,1,135240,134198
136738,TRUSS BRIDGE,1,135240,134198
136739,LIFT BRIDGE,1,136734,134198
136740,ARTEFACT SCATTER,1,143383,143383
136741,LITHIC SCATTER,1,136740,143383
136773,FINDSPOT,1,143383,143383
136774,OCCUPATION SITE,1,135512,135088
136806,CUPOLA FURNACE,1,132357,132062
136807,CUPOLA FURNACE,1,135410,132062
136809,LITHIC WORKING SITE,1,132835,132062
136811,FLINT SCATTER,1,136740,143383
136812,ANTI AIRCRAFT DEFENCE SITE,1,133297,133297
136813,CIVIL DEFENCE SITE,1,133297,133297
136814,COASTAL DEFENCE SITE,1,133297,133297
136815,DEFENCE OBSTRUCTION,1,133297,133297
136816,MILITARY AIRFIELD SITE,1,176417,133297
136817,MILITARY OBSERVATION SITE,1,133297,133297
136818,MILITARY SIGNALLING SITE,1,133297,133297
136819,MILITARY SUPPORT BUILDING,1,139302,133297
136820,MILITARY TRAINING SITE,1,133297,133297
136821,MILITARY TRANSPORT SITE,1,133297,133297
136822,SEARCHLIGHT BATTERY,1,136812,133297
136823,ANTI AIRCRAFT BATTERY,1,133323,133297
136824,BEACH DEFENCE,1,136814,133297
136825,BEACH DEFENCE BATTERY,1,136814,133297
136826,COASTAL BATTERY,1,136814,133297
136827,SAXON SHORE FORT,1,136814,133297
136828,TORPEDO STATION,1,136814,133297
136829,AIRCRAFT OBSTRUCTION,1,136815,133297
136831,BARRAGE BALLOON SITE,1,136815,133297
136832,BEACH DEFENCE,1,136815,133297
136833,AIRCRAFT OBSTRUCTION,1,133351,133297
136834,BOOM TOWER,1,133355,133297
136836,RADAR BEACON,1,136818,133297
136838,MILITARY AIRFIELD,1,136821,133297
136839,MILITARY AIRFIELD,1,136816,133297
136840,DISPERSAL,1,136816,133297
136841,DOME TRAINER,1,136816,133297
136842,SOUND MIRROR,1,204110,133297
136843,STEAM WHIM HOUSE,1,132704,132062
136846,AIR RAID WARDENS POST,1,185065,133297
136847,BOMB STORE,1,135063,133297
136848,BOMB STORE,1,136816,133297
136849,PARACHUTE STORE,1,136816,133297
136850,MINEFIELD,1,136815,133297
136851,LOOPHOLED WALL,1,133355,133297
136852,CATHOLIC APOSTOLIC CHURCH,1,140633,133667
136853,FIRST AID POST,1,134482,134482
136854,DECONTAMINATION BUILDING,1,134482,134482
136855,ROADBLOCK,1,136815,133297
136859,HOLED STONE,1,133667,133667
136860,SUGAR SILO,1,135398,132062
136861,ANGLICAN MONASTERY,1,133941,133667
136862,TROLLEYBUS TURNTABLE,1,135247,134198
136863,SIKH TEMPLE,1,133988,133667
136864,IRON WAREHOUSE,1,133268,133154
136865,GANGWAY,1,135363,134198
136868,INSTITUTE FOR THE BLIND,1,133480,133422
136869,CHAIN LOCKER SHOP,1,132449,132062
136870,CHAIN LOCKER SHOP,1,134679,133420
136872,HINDU TEMPLE,1,133988,133667
136873,SCHOOL FOR THE DEAF,1,135845,133422
136874,TRANSPORT OFFICE,1,134198,134198
137082,WEAPONS PIT,1,133350,133297
139291,NON ANTIQUITY,1,135088,135088
139298,CASKET BURIAL,1,133786,133667
139299,NISSEN HUT,1,133065,133065
139300,OPEN AIR WARD BLOCK,1,135138,134482
139301,RADIOGRAPHY DEPARTMENT,1,135139,134482
139302,MILITARY BUILDING,1,133297,133297
139303,BARBED WIRE OBSTRUCTION,1,136815,133297
139304,BLAST PEN,1,136816,133297
139305,CIVIL DEFENCE BUILDING,1,136813,133297
139306,FLAME DEVICE,1,136815,133297
139307,RESCUE CENTRE,1,134482,134482
139308,TRAINING STRUCTURE,1,133422,133422
139309,COMMAND POST,1,133297,133297
139310,AUXILIARY HIDE,1,205445,133297
139311,WARNING SIREN,1,135195,133272
139312,MILITARY DEPOT,1,176417,133297
139313,GENERATOR HOUSE,1,132724,132062
139314,FLYING BOAT STATION,1,135239,134198
139315,SUBMARINE MINE DEPOT,1,136814,133297
139317,CAISSON,1,134600,133420
139318,BOLT WORKS,1,135423,132062
139319,DEGAUSSING STATION,1,133420,133420
139320,REVOLVING SHELTER,1,134482,134482
139321,SUCCAH,1,134740,133667
140612,PLASTIC SURGERY DEPARTMENT,1,135139,134482
140613,HISTOLOGY DEPARTMENT,1,135139,134482
140614,TOR ENCLOSURE,1,135304,143383
140615,BUDDHIST MONASTERY,1,133941,133667
140616,WEAPONS TESTING SITE,1,133297,133297
140617,GAS TESTING TRENCH,1,140616,133297
140618,PUBLISHING HOUSE,1,133154,133154
140619,EXCLUSIVE BRETHREN MEETING HOUSE,1,133719,133667
140620,OPEN BRETHREN MEETING HOUSE,1,133719,133667
140621,INDEPENDENT METHODIST CHAPEL,1,133705,133667
140623,PROTESTANT METHODIST CHAPEL,1,133705,133667
140624,WESLEYAN ASSOCIATION CHAPEL,1,133705,133667
140625,METHODIST REFORM CHAPEL,1,133705,133667
140626,UNITED METHODIST FREE CHAPEL,1,133705,133667
140627,WESLEYAN REFORM UNION CHAPEL,1,133705,133667
140628,UNITED METHODIST CHAPEL,1,133705,133667
140629,NEW CONNEXION OF GENERAL BAPTISTS CHAPEL,1,133699,133667
140630,ROMANIAN ORTHODOX CHURCH,1,133692,133667
140631,GREEK ORTHODOX CHURCH,1,133692,133667
140632,RUSSIAN ORTHODOX CHURCH,1,133692,133667
140633,NONCONFORMIST CHURCH,1,133683,133667
140634,GUNPOWDER MANUFACTURING SITE,1,140635,132062
140635,EXPLOSIVES MANUFACTURING SITE,1,135384,132062
140636,CORDITE FACTORY,1,140637,132062
140637,EXPLOSIVES FACTORY,1,140635,132062
140638,AMMONAL WORKS,1,140637,132062
140639,BELLITE WORKS,1,140637,132062
140640,DYNAMITE FACTORY,1,140637,132062
140641,GELIGNITE WORKS,1,140637,132062
140642,GELATINE WORKS (EXPLOSIVE),1,140637,132062
140643,SABULITE FACTORY,1,140637,132062
140644,TRINITROTOLUENE FACTORY,1,140637,132062
140646,AMMONIUM PERCHLORATE WORKS,1,132285,132062
140647,PHENOL WORKS,1,132285,132062
140648,TOLUENE WORKS,1,132285,132062
140649,PICRIC ACID WORKS,1,132285,132062
140650,COTTON WASTE WORKS,1,135452,132062
140651,COTTON WASTE WORKS,1,132640,132062
140652,FILLING FACTORY,1,132496,132062
140653,SHELL FACTORY,1,132496,132062
140654,SMALL ARMS AMMUNITION FACTORY,1,132496,132062
140656,CHARCOAL WORKS,1,135406,132062
140658,TRIANGULATION POINT,1,133065,133065
140686,GUNCOTTON FACTORY,1,140637,132062
140687,SALTPETRE WORKS,1,140634,132062
140688,NITROCELLULOSE POWDER FACTORY,1,140637,132062
140697,JEHOVAHS WITNESSES MEETING HOUSE,1,133718,133667
140913,PONTOON BRIDGE,1,166367,134198
141125,FAIRGROUND RIDE,1,133551,133551
141126,ROCOCO GARDEN,1,131898,131783
141127,ARTIFICIAL LIMB FACTORY,1,132173,132062
141128,PRACTICE TRENCH,1,133350,133297
141129,PROOF RANGE,1,140616,133297
141130,ROYAL NAVAL HOSPITAL,1,134530,134482
141131,INEBRIATE REFORMATORY,1,134530,134482
141132,BOMBING RANGE MARKER,1,133297,133297
141133,SOCKETED STONE,1,135088,135088
141135,SUBSCRIPTION HOSPITAL,1,134530,134482
141136,HOLY WELL,1,134477,134417
141137,BRIDGETTINE GRANGE,1,134007,134003
141138,BRIDGETTINE GRANGE,1,133935,133667
141140,BATTLE HEADQUARTERS,1,135886,133297
141141,PHOENIX CAISSON,1,141143,133297
141142,PHOENIX CAISSON,1,134623,133420
141143,FLOATING HARBOUR,1,133297,133297
141144,TERMINAL BUILDING,1,134201,134198
141147,SHIP CHANDLERY,1,133154,133154
141148,SHIP CHANDLERY,1,133420,133420
141149,AUGUSTINIAN FRIARY,1,133924,133667
141150,NISSEN HUT,1,139302,133297
141151,GAS PURIFIER,1,135432,132062
141152,MASTING SHEERS,1,132431,132062
141153,MASTING SHEERS,1,135136,133420
141154,COPPICE,1,131976,131783
141155,OVERHEAD CRANE,1,135507,134198
141156,CANTILEVER CRANE,1,135507,134198
141157,SINGLE AISLED BUILDING,1,141158,143383
141158,AISLED BUILDING,1,143383,143383
141160,TINNERS HUT,1,131566,131528
141161,TINNERS HUT,1,135740,132062
141162,SUNSHINE RECORDER,1,165186,133422
141163,COE,1,132696,132062
141164,WRECK,1,133420,133420
141165,TERMINAL BUILDING,1,134632,133420
141373,KELP PIT,1,132062,132062
141380,CANNON FOUNDRY,1,132446,132062
141381,RADIO TELEGRAPHY STATION,1,136817,133297
141382,ICE POND,1,134441,134417
141386,HARD,1,135265,134198
141387,HARD,1,134661,133420
141394,GAS PURIFIER,1,135797,132062
141395,QUADRIGA,1,131890,131783
141396,AISLED BARN,1,141158,143383
141397,COPPICE,1,135681,134003
141398,SWANNERY POND,1,134003,134003
141399,RAILWAY CARRIAGE SHED,1,135244,134198
141400,TRANSMITTER SITE,1,135185,133272
141401,BRITISH AND FOREIGN SOCIETY SCHOOL,1,133515,133422
141404,ANTENNA ARRAY,1,136817,133297
141405,LACE WAREHOUSE,1,135443,132062
141406,LACE WAREHOUSE,1,134960,133154
141407,WINE CELLAR,1,131528,131528
143251,PRESBYTERIAN CHURCH OF WALES CHAPEL,1,133714,133667
143254,BUFFER DEPOT,1,136813,133297
143255,BUFFER DEPOT,1,135398,132062
143256,REGIONAL GOVERNMENT HEADQUARTERS,1,139305,133297
143257,ANTI AIRCRAFT OPERATIONS ROOM,1,136812,133297
143258,ROYAL OBSERVER CORPS SITE,1,133297,133297
143259,UNDERGROUND MONITORING POST,1,143258,133297
143260,ORLIT POST,1,143258,133297
143261,MISSILE FACTORY,1,132173,132062
143262,MIXED CEMETERY,1,133825,133667
143263,WASTER TIP,1,135429,132062
143303,BROADCASTING RADIO STATION,1,135641,133272
143323,HOMESTEAD,1,131653,131528
143324,PALISADED HOMESTEAD,1,133349,133297
143325,PALISADED HOMESTEAD,1,131625,131528
143343,SLYPE,1,133667,133667
143363,WALLED CEMETERY,1,133825,133667
143383,MONUMENT <BY FORM>,1,,143383
143403,AISLED HALL HOUSE,1,141158,143383
143404,AISLED HOUSE,1,141158,143383
143405,QUASI AISLED HOUSE,1,143404,143383
143406,SINGLE AISLED HOUSE,1,143404,143383
143407,SINGLE AISLED HOUSE,1,141157,143383
143423,TIMBER FRAMED HOUSE,1,135872,143383
143443,BOX FRAME HOUSE,1,143423,143383
143444,CRUCK HOUSE,1,143423,143383
143445,BASE CRUCK HOUSE,1,143444,143383
143446,JETTIED HOUSE,1,143423,143383
143447,CONTINUOUS JETTY HOUSE,1,143446,143383
143448,END JETTY HOUSE,1,143446,143383
143449,WEALDEN HOUSE,1,143446,143383
143450,SINGLE ENDED WEALDEN HOUSE,1,143449,143383
143451,TIMBER FRAMED BARN,1,135872,143383
143452,CRUCK BARN,1,143451,143383
143463,FIREPROOF FACTORY,1,132389,143383
143465,ARCH BRIDGE,1,143703,143383
143466,CABLE STAYED BRIDGE,1,143703,143383
143467,CANTILEVER BRIDGE,1,143473,143383
143468,CLAPPER BRIDGE,1,166363,134198
143469,DRAWBRIDGE,1,143471,143383
143470,GIRDER BRIDGE,1,143703,143383
143471,MOVABLE BRIDGE,1,143703,143383
143472,SUSPENSION BRIDGE,1,143703,143383
143473,TRUSS BRIDGE,1,143703,143383
143474,LIFT BRIDGE,1,143471,143383
143475,SWING BRIDGE,1,143471,143383
143476,TRANSPORTER BRIDGE,1,143471,143383
143477,BASCULE BRIDGE,1,143471,143383
143479,CANTILEVER CRANE,1,143723,143383
143480,FLOATING CRANE,1,143723,143383
143481,GANTRY CRANE,1,143723,143383
143482,TRAVELLING CRANE,1,143723,143383
143483,JIB CRANE,1,143723,143383
143484,FAIRBAIRN JIB CRANE,1,143483,143383
143485,LUFFING CRANE,1,143723,143383
143486,MOVING CRANE,1,143723,143383
143487,MOVING QUAY CRANE,1,143486,143383
143488,TRAVELLING OVERHEAD CRANE,1,143482,143383
143489,TREADWHEEL CRANE,1,143723,143383
143490,WALL CRANE,1,143723,143383
143491,OVERHEAD CRANE,1,143723,143383
143492,TRAVELLING OVERHEAD CRANE,1,143491,143383
143503,WINDMILL,1,143383,143383
143504,HOUSE,1,143383,143383
143505,KILN,1,143383,143383
143523,LONGHOUSE,1,143504,143383
143524,FORTIFIED HOUSE,1,143504,143383
143525,FORTIFIED MANOR HOUSE,1,143524,143383
143526,TOWER HOUSE,1,143524,143383
143527,COURTYARD HOUSE,1,143504,143383
143543,HALL HOUSE,1,143504,143383
143544,LOBBY ENTRY HOUSE,1,143504,143383
143545,TERRACED HOUSE,1,143504,143383
143546,LAITHE HOUSE,1,143504,143383
143547,BACK TO BACK HOUSE,1,143545,143383
143548,SEMI DETACHED HOUSE,1,143504,143383
143550,BACK TO EARTH HOUSE,1,143545,143383
143551,BLIND BACK HOUSE,1,143545,143383
143552,CROSS PASSAGE HOUSE,1,143504,143383
143553,CROSS WING HOUSE,1,143543,143383
143554,DETACHED HOUSE,1,143504,143383
143555,DOUBLE ENDED HALL HOUSE,1,143543,143383
143563,EXPERIMENTAL HOUSE,1,143504,143383
143564,FIRST FLOOR HALL HOUSE,1,143543,143383
143565,GABLED HOUSE,1,143504,143383
143566,OPEN HALL HOUSE,1,143543,143383
143568,ROW HOUSE,1,143504,143383
143570,SINGLE ENDED HALL HOUSE,1,143543,143383
143571,TIMBER FRAMED HOUSE,1,143504,143383
143572,HOUSE OVER HOUSE,1,143545,143383
143573,DOUBLE PILE HOUSE,1,143504,143383
143574,AISLED HALL HOUSE,1,143543,143383
143575,END GABLED HOUSE,1,143565,143383
143576,FRONT GABLED HOUSE,1,143565,143383
143579,JETTIED HOUSE,1,143571,143383
143580,END JETTY HOUSE,1,143579,143383
143581,CONTINUOUS JETTY HOUSE,1,143579,143383
143582,WEALDEN HOUSE,1,143579,143383
143583,SINGLE ENDED WEALDEN HOUSE,1,143582,143383
143584,CRUCK HOUSE,1,143571,143383
143585,BASE CRUCK HOUSE,1,143584,143383
143586,BOX FRAME HOUSE,1,143571,143383
143587,THROUGH BY LIGHT,1,143547,143383
143588,GALLERIED ROW HOUSE,1,143568,143383
143589,ROUND HOUSE (DOMESTIC),1,143504,143383
143590,WEALDEN HOUSE,1,143543,143383
143591,SINGLE ENDED WEALDEN HOUSE,1,143590,143383
143593,HOUSE PLATFORM,1,135291,143383
143594,BUNGALOW,1,143504,143383
143595,CHALET,1,143504,143383
143596,COTTAGE ORNEE,1,143504,143383
143597,BASTLE,1,143524,143383
143598,PELE TOWER,1,143524,143383
143599,STUDIO HOUSE,1,143504,143383
143600,FACTORY,1,143383,143383
143601,COTTAGE FACTORY,1,143600,143383
143602,FACTORY UNIT,1,143600,143383
143603,FIREPROOF FACTORY,1,143600,143383
143604,MODEL FACTORY,1,143600,143383
143605,NORTH LIGHT FACTORY,1,143600,143383
143606,TENEMENT FACTORY,1,143600,143383
143607,POST MILL,1,143503,143383
143608,SMOCK MILL,1,143503,143383
143609,TOWER MILL,1,143503,143383
143610,HORIZONTAL AIR MILL,1,143503,143383
143611,CLAMP KILN,1,143505,143383
143612,BOTTLE KILN,1,192150,143383
143614,COCKLE KILN,1,143505,143383
143615,DOWNDRAUGHT KILN,1,192150,143383
143616,HOFFMANN KILN,1,192136,143383
143617,HORIZONTAL KILN,1,143505,143383
143618,OCTAGONAL KILN,1,143505,143383
143619,ROTARY KILN,1,143505,143383
143620,SCOTCH KILN,1,143505,143383
143621,SHAFT KILN,1,143505,143383
143622,SPLIT SHAFT KILN,1,143621,143383
143623,TUNNEL KILN,1,143505,143383
143624,UPDRAUGHT KILN,1,192150,143383
143643,VILLAGE TAP,1,135819,134417
143663,COMBINATION BARN,1,134056,134003
143703,BRIDGE,1,143383,143383
143723,CRANE,1,143383,143383
143743,ARCHAEOLOGICAL FEATURE,1,135088,135088
143763,BUILDING COMPONENT,1,135290,135088
143783,DECORATIVE SURFACE,1,135088,135088
143803,BARRIER,1,143383,143383
143843,FISH AND CHIP SHOP,1,135323,133551
143863,STREET MARKET,1,133236,133154
143864,FLEA MARKET,1,133236,133154
143883,FRUIT AND VEGETABLE WAREHOUSE,1,133268,133154
143903,MANSION HOUSE,1,135169,131528
143923,BATTLE HEADQUARTERS,1,136816,133297
143943,COAST ARTILLERY SEARCHLIGHT,1,133406,133297
143963,PARLIAMENT HOUSE,1,133065,133065
143983,BANJO ENCLOSURE,1,135304,143383
144023,JEWISH RITUAL BATH,1,133667,133667
144043,GLASSHOUSE,1,134006,134003
144063,CARYATID,1,131808,135088
144083,POST BOX,1,135171,131783
144103,LAKE,1,134417,134417
144104,ORNAMENTAL LAKE,1,144103,134417
144123,ROADSIDE LIGHTHOUSE,1,135179,133272
144163,RECEIVING BLOCK,1,133065,133065
144183,HOSPITAL WARD,1,134482,134482
144203,PRIVATE PATIENTS WARD,1,144183,134482
144223,ISOLATION WARD,1,144183,134482
144243,EMERGENCY WARD,1,144183,134482
144283,REPOSITORY,1,143763,135088
144303,HEALTH WORKERS HOUSE,1,134482,134482
144323,MILITARY RESIDENCE,1,135011,131528
144343,MONASTIC DWELLING,1,131585,131528
144403,BEAR ENCLOSURE,1,133555,133551
144423,BOWLING GREEN PAVILION,1,135346,131783
144424,CRICKET PAVILION,1,135346,131783
144425,SAILING CLUB,1,135177,133551
144443,BOMBING RANGE,1,136820,133297
144463,RACKET SPORTS SITE,1,135327,133551
144464,BALL SPORTS SITE,1,135327,133551
144465,RACING SPORTS SITE,1,135327,133551
144483,ATHLETICS TRACK,1,144465,133551
144503,CRICKET PITCH,1,144464,133551
144523,GILBERTINE NUNNERY,1,133954,133667
144543,HEARSE HOUSE,1,134247,134198
144563,GRAVE MARKER,1,133767,133667
144583,LINTEL GRAVE,1,133865,133667
144585,BURIAL CAIRN,1,133767,133667
144603,REGIONAL SEAT OF GOVERNMENT,1,139305,133297
144623,STOCKADED ENCLOSURE,1,135304,143383
144643,SEA TERMINAL,1,135265,134198
144644,TERMINAL BUILDING,1,144643,134198
144663,AMBULANCE STATION,1,133065,133065
144683,SEAMENS MISSION,1,134717,133667
144684,TRADES UNION BUILDING,1,132062,132062
144723,WATER SUPPLY SITE,1,134417,134417
144724,WATER STORAGE SITE,1,134417,134417
144725,WATER DISPOSAL SITE,1,134417,134417
144726,SEWER,1,144725,134417
144743,PUMPING STATION,1,144723,134417
144744,WATER PUMPING STATION,1,144743,134417
144745,PUMPING STATION,1,144725,134417
144746,SEWAGE PUMPING STATION,1,144745,134417
144747,FOUNTAIN,1,144723,134417
144748,DRINKING FOUNTAIN,1,144723,134417
144764,WATER REGULATION INSTALLATION,1,134417,134417
144765,TUMBLING WEIR,1,134465,134417
144783,RACECOURSE PAVILION,1,144465,133551
144803,WAR ROOM,1,139305,133297
144823,AGRICULTURAL DWELLING,1,134997,131528
144824,FARM LABOURERS COTTAGE,1,144823,131528
144825,FARMHOUSE,1,144823,131528
144828,LAITHE HOUSE,1,144823,131528
144829,LONGHOUSE,1,144823,131528
144830,MARSHMANS COTTAGE,1,144823,131528
144832,BARK PEELERS HUT,1,144823,131528
144833,CHARCOAL BURNERS HUT,1,144823,131528
144835,TRANSHUMANCE DWELLING,1,144823,131528
144843,JETTIED BUILDING,1,135872,143383
144844,JETTIED HOUSE,1,144843,143383
144863,CANNON FOUNDRY,1,135382,132062
144883,STATUE WORKSHOP,1,135392,132062
144903,VEHICLE FACTORY,1,132173,132062
144923,BUTTER FACTORY,1,132190,132062
144924,CONFECTIONERY WORKS,1,132190,132062
144943,METAL WORKERS WORKSHOP,1,135392,132062
144963,LACE DRYING HOUSE,1,132150,132062
144964,CLOTH DRY HOUSE,1,132150,132062
144965,FLAX DRY HOUSE,1,132150,132062
144966,GUNPOWDER DRYING HOUSE,1,132150,132062
144967,TEAZLE DRYING HOUSE,1,132150,132062
144968,WOOL DRY HOUSE,1,132150,132062
144969,YARN DRY HOUSE,1,132150,132062
144983,WOOD WORKERS WORKSHOP,1,135392,132062
145003,EXTENDED DEFENCE OFFICER POST,1,136814,133297
145024,GROUP HEADQUARTERS,1,135886,133297
145043,CURTAIN WALL,1,135299,143383
145064,PARK WALL,1,135299,143383
145065,TOWN WALL,1,135299,143383
145066,HEATED WALL,1,135299,143383
145067,BLAST WALL,1,135299,143383
145068,HANDBALL WALL,1,135299,143383
145069,SERPENTINE WALL,1,135299,143383
145071,LOOPHOLED WALL,1,135299,143383
145072,HA HA,1,135299,143383
145083,COAL TIPPLER,1,135797,132062
145103,RAPID LOADING STATION,1,135407,132062
145123,BORSTAL,1,133075,133065
145143,CLOSED TRAINING PRISON,1,133075,133065
145144,PENITENTIARY,1,133075,133065
145145,HOUSE OF CORRECTION,1,133075,133065
145163,MILITARY PRISON,1,133075,133065
145164,OPEN TRAINING PRISON,1,133075,133065
145183,LOCAL PRISON,1,133075,133065
145203,GAOL,1,133075,133065
145223,DISPERSAL PRISON,1,133075,133065
145243,MASH HOUSE,1,135400,132062
145263,BISCUIT FACTORY,1,132258,132062
145264,FISH PROCESSING FACTORY,1,132258,132062
145265,BUTTER FACTORY,1,132258,132062
145266,CANNING FACTORY,1,132258,132062
145267,CHEESE FACTORY,1,132258,132062
145268,CHOCOLATE FACTORY,1,132258,132062
145269,MUSTARD MILL,1,132258,132062
145270,CONFECTIONERY WORKS,1,132258,132062
145283,BORING MILL,1,132579,132062
145303,TIMBER MILL,1,132579,132062
145304,TIMBER MILL,1,135448,132062
145323,DRESSING MILL,1,132625,132062
145324,COMB MILL,1,132956,132062
145363,BOTTLE KILN,1,132136,132062
145364,ENAMELLING KILN,1,132136,132062
145383,DOWNDRAUGHT KILN,1,132136,132062
145384,TILE KILN,1,132136,132062
145385,UPDRAUGHT KILN,1,132136,132062
145386,HOFFMANN KILN,1,132394,132062
145387,CIRCULAR KILN,1,132394,132062
145405,IRONSTONE MINE,1,132966,132062
145423,SLAG HEAP,1,132834,132062
145443,RAILWAY ENGINEERING WORKS,1,135747,132062
145444,RAILWAY ENGINEERING WORKSHOP,1,132443,132062
145463,VIOLIN FACTORY,1,132205,132062
145464,IRONSTONE PIT,1,132503,132062
145483,BRASS FOUNDRY,1,132446,132062
145484,BRONZE FOUNDRY,1,132446,132062
145485,IRON FOUNDRY,1,132446,132062
145504,BRICKWORKS,1,132986,132062
145505,CEMENT WORKS,1,132173,132062
145506,FIRE CLAY WORKS,1,132986,132062
145507,LIME WORKS,1,132986,132062
145508,PLASTER WORKS,1,132986,132062
145509,TILE WORKS,1,132986,132062
145510,BALL CLAY WORKS,1,132986,132062
145511,CHINA CLAY WORKS,1,132986,132062
145512,GLASS WORKS,1,132173,132062
145513,POTTERY WORKS,1,132173,132062
145514,COACH WORKS,1,145534,132062
145515,ALUM WORKS,1,145521,132062
145518,ICE WORKS,1,132173,132062
145519,ARSENIC WORKS,1,145521,132062
145520,BLEACH WORKS,1,145521,132062
145521,CHEMICAL WORKS,1,132173,132062
145522,DYE WORKS,1,132173,132062
145525,PHARMACEUTICAL WORKS,1,145521,132062
145526,RUBBER WORKS,1,132173,132062
145528,TAR WORKS,1,132986,132062
145529,BRASS WORKS,1,145663,132062
145530,CHAIN WORKS,1,132173,132062
145531,COPPER WORKS,1,145663,132062
145532,CUTLERY WORKS,1,132173,132062
145533,EDGE TOOL WORKS,1,132173,132062
145534,ENGINEERING WORKS,1,132986,132062
145535,IRON WORKS,1,145663,132062
145536,LEAD WORKS,1,145663,132062
145537,PLATING WORKS,1,145663,132062
145538,PEWTER WORKS,1,145663,132062
145539,RAILWAY WORKS,1,132986,132062
145540,RAILWAY CARRIAGE WORKS,1,145534,132062
145541,SHEET METAL WORKS,1,145663,132062
145542,SPRING WORKS,1,132986,132062
145543,STEEL WORKS,1,185253,132062
145544,ZINC WORKS,1,145663,132062
145545,PRINTING WORKS,1,132173,132062
145546,BOTTLE WORKS,1,132173,132062
145547,RAILWAY ENGINEERING WORKS,1,145534,132062
145548,CARRIAGE WORKS,1,145534,132062
145549,RAILWAY WAGON WORKS,1,145534,132062
145551,FINISHING WORKS,1,132986,132062
145552,COMBING WORKS,1,132986,132062
145553,GREASE WORKS,1,132986,132062
145554,MARINE ENGINEERING WORKS,1,145534,132062
145555,BOILER WORKS,1,145534,132062
145556,ACID WORKS,1,145521,132062
145558,ALKALI WORKS,1,145521,132062
145559,BRITANNIA METAL WORKS,1,145663,132062
145560,CALICO PRINTING WORKS,1,145545,132062
145561,CANVAS WORKS,1,132173,132062
145562,CEMENTATION STEEL WORKS,1,145543,132062
145563,CLAY DRAINAGE PIPE WORKS,1,132986,132062
145564,CONCRETE WORKS,1,132986,132062
145565,CRUCIBLE STEEL WORKS,1,145543,132062
145566,INSTRUMENT ENGINEERING WORKS,1,145567,132062
145567,LIGHT ENGINEERING WORKS,1,145534,132062
145568,MACHINE TOOL ENGINEERING WORKS,1,145567,132062
145571,PLATE GLASS WORKS,1,145512,132062
145572,RADIO VALVE WORKS,1,145567,132062
145573,SAILMAKING WORKS,1,132986,132062
145574,SHIP REPAIR WORKS,1,132986,132062
145575,SODA WORKS,1,145521,132062
145577,WOOD CHEMICAL WORKS,1,145521,132062
145578,UPHOLSTERY WORKS,1,132173,132062
145579,BOLT WORKS,1,145567,132062
145580,ARTIFICIAL DYE WORKS,1,145522,132062
145581,SALTPETRE WORKS,1,140637,132062
145582,AMMONIUM NITRATE WORKS,1,140637,132062
145583,AMMONIUM PERCHLORATE WORKS,1,140637,132062
145584,TOLUENE WORKS,1,140637,132062
145585,PICRIC ACID WORKS,1,140637,132062
145590,CHARCOAL WORKS,1,132986,132062
145591,PHENOL WORKS,1,140637,132062
145592,COTTON WASTE WORKS,1,132173,132062
145643,FERTILIZER WORKS,1,145521,132062
145644,NITRATE WORKS,1,145643,132062
145645,AMMONIUM NITRATE WORKS,1,145643,132062
145663,METAL WORKS,1,132173,132062
145683,ADIT,1,132700,132062
145703,SEAPLANE FACTORY,1,136664,132062
145723,CONDENSING CHIMNEY,1,135476,132062
145724,HYDRAULIC TIPPLER,1,145083,132062
145743,ANDERSON SHELTER,1,133300,133297
145763,POTTERY WORKSHOP,1,135514,132062
145764,STAINED GLASS WORKSHOP,1,135514,132062
145765,ENGINEERING WORKSHOP,1,135514,132062
145766,GOLDSMITHS WORKSHOP,1,145777,132062
145767,SILVERSMITHS WORKSHOP,1,145777,132062
145768,COBBLERS WORKSHOP,1,145787,132062
145770,WEAVERS WORKSHOP,1,135514,132062
145771,BASKET MAKERS WORKSHOP,1,135514,132062
145772,CARPENTERS WORKSHOP,1,145802,132062
145773,WHEELWRIGHTS WORKSHOP,1,135514,132062
145775,RAILWAY WORKSHOP,1,135514,132062
145776,MARINE WORKSHOP,1,135514,132062
145777,JEWELLERY WORKSHOP,1,145801,132062
145778,BLACKSMITHS WORKSHOP,1,145801,132062
145779,ARCHITECTURAL ORNAMENT WORKSHOP,1,135514,132062
145780,FITTERS WORKSHOP,1,145765,132062
145782,HATTERS WORKSHOP,1,145787,132062
145783,RAILWAY ENGINEERING WORKSHOP,1,145765,132062
145784,BRUSHMAKERS WORKSHOP,1,145802,132062
145785,CARPET WEAVERS WORKSHOP,1,145770,132062
145787,CLOTHING WORKSHOP,1,135514,132062
145788,CUTLERY WORKSHOP,1,145801,132062
145789,FILEMAKERS WORKSHOP,1,135514,132062
145790,GALVANIZING WORKSHOP,1,145801,132062
145791,HOSIERY WORKSHOP,1,145787,132062
145792,LOCKSMITHS WORKSHOP,1,145801,132062
145793,PIPE WORKSHOP,1,135514,132062
145794,SAGGAR MAKERS WORKSHOP,1,135514,132062
145795,SHIPWRIGHTS WORKSHOP,1,145776,132062
145796,TAPESTRY WEAVING WORKSHOP,1,145770,132062
145797,TILEMAKING WORKSHOP,1,135514,132062
145799,WHITESMITHS WORKSHOP,1,145801,132062
145800,STATUE WORKSHOP,1,135514,132062
145801,METAL WORKERS WORKSHOP,1,135514,132062
145802,WOOD WORKERS WORKSHOP,1,135514,132062
145803,FERTILIZER WORKS,1,132285,132062
145804,SUPERPHOSPHATE FACTORY,1,145803,132062
145805,AMMONIUM NITRATE WORKS,1,132277,132062
145806,NITRATE WORKS,1,132277,132062
145823,NITRATE WORKS,1,145803,132062
145824,AMMONIUM NITRATE WORKS,1,145803,132062
145843,PLATFORM BARROW,1,133778,133667
145844,PARCHMENT WORKS,1,135380,132062
145845,PARCHMENT WORKS,1,132173,132062
145846,PARCHMENT WORKS,1,143600,143383
145847,EMERGENCY PLANNING CENTRE,1,139305,133297
145863,CONTINUOUS JETTY HOUSE,1,144844,143383
145864,END JETTY HOUSE,1,144844,143383
145865,WEALDEN HOUSE,1,144844,143383
145866,SINGLE ENDED WEALDEN HOUSE,1,145865,143383
145883,PREFABRICATED HOUSE,1,135169,131528
145884,PREFABRICATED HOUSE,1,143504,143383
145885,PREFABRICATED BUILDING,1,143383,143383
145886,PREFABRICATED HOUSE,1,145885,143383
145903,BARYTES MILL,1,132601,132062
145904,BARYTES MILL,1,132515,132062
145923,WATER METER HOUSE,1,144764,134417
145924,WATER METER HOUSE,1,134767,133420
145943,FUNERAL PYRE,1,133767,133667
146923,PORTCULLIS,1,143803,143383
147023,JEWEL HOUSE,1,144283,135088
150523,OPEN ROPEWALK,1,135446,132062
150543,WADDING MILL,1,133017,132062
150544,WADDING MILL,1,132625,132062
150603,DRAWBRIDGE PIT,1,133297,133297
151563,SEAMENS HOSPITAL,1,134530,134482
152223,THOR MISSILE SITE,1,133375,133297
152224,BLOODHOUND MISSILE SITE,1,133375,133297
152444,PRESS HOUSE,1,140634,132062
153363,LIMEHOUSE,1,134971,131528
153364,LIMEHOUSE,1,135683,132062
153583,SIGNALLING BATTERY,1,135195,133272
153603,SIGNALLING BATTERY,1,134753,133420
153623,COURTYARD INN,1,133227,133154
153624,COURTYARD INN,1,135032,131528
153663,CREOSOTE WORKS,1,135390,132062
153683,CLAMP,1,135451,132062
153703,WHALING STATION,1,135380,132062
153704,WHALING STATION,1,133420,133420
153843,ORE WORKS,1,135412,132062
153863,ALUM HOUSE,1,132287,132062
153883,BOUNDARY CROSS,1,131986,143383
153903,FLOATING BREAKWATER,1,134596,133420
153943,BOUNDARY FENCE,1,135295,143383
153944,BOUNDARY FENCE,1,131787,143383
153963,CHAIN SHOP,1,132438,132062
153964,CHAIN SHOP,1,135694,133420
153965,CHAIN SHOP,1,145530,132062
153983,CATTLE SHELTER,1,131858,143383
154003,CATTLE GRID,1,143803,143383
154023,DERRICK,1,143723,143383
154043,ESTATE COTTAGE,1,135878,131528
154063,DYKE (DEFENCE),1,133344,133297
154083,LANDING STEPS,1,131866,134198
154084,LANDING STEPS,1,135265,134198
154123,MARKER POST,1,135088,135088
154143,MEERSTONE,1,135875,135088
154163,METAL WORKERS WORKSHOP,1,136643,132062
154164,METAL WORKS,1,136643,132062
154183,MONUMENTAL MOUND,1,133667,133667
154184,ARTIFICIAL MOUND,1,135357,143383
154185,TREE MOUND,1,135357,143383
154186,BURNT MOUND,1,135357,143383
154187,PROSPECT MOUND,1,154184,143383
154188,PILLOW MOUND,1,135357,143383
154189,WINDMILL MOUND,1,135357,143383
154190,GALLOWS MOUND,1,135357,143383
154191,LONG MOUND,1,135357,143383
154243,VEGETABLE STORE,1,135098,134003
162963,GELATINE WORKS (ANIMAL PRODUCT),1,135380,132062
162964,FININGS WORKS,1,135380,132062
162983,VIEWING TERRACE,1,133551,133551
163023,EXCARNATION PLATFORM,1,133767,133667
163043,DUNGEON,1,133075,133065
163044,OUBLIETTE,1,163043,133065
163063,GARDEROBE,1,144725,134417
163083,ROUND TOWERED CHURCH,1,133683,133667
163084,ROUND TOWERED CHURCH,1,143383,143383
163103,STEEL TEST HOUSE,1,132557,132062
163104,STEEL TEST HOUSE,1,145543,132062
163123,LOOKOUT,1,134753,133420
163143,BARRAGE,1,132799,132062
163144,BARRAGE,1,134426,134417
163163,INSECT HOUSE,1,133555,133551
163183,ANIMAL BREEDING FACILITY,1,135141,134482
163203,HORSE MEASURING SLAB,1,144465,133551
163223,BOOM,1,134595,133420
163224,BOOM,1,136814,133297
163225,RHINOCEROS HOUSE,1,133555,133551
163226,WILD CAT ENCLOSURE,1,135726,133551
163483,TRIBUNAL (MILITARY),1,133297,133297
163503,POST BUILT STRUCTURE,1,143383,143383
163523,REGIMENTAL INSTITUTE,1,133480,133422
163543,MARRIED QUARTERS,1,144323,131528
165183,HORSE PATH,1,134241,134198
165184,TOWPATH TUNNEL,1,134242,134198
165185,TOWPATH TUNNEL,1,135274,134198
165186,WEATHER STATION,1,133427,133422
165187,RAIN GAUGE,1,165186,133422
165188,ANIMAL QUARANTINE CENTRE,1,135141,134482
165189,SLEDWAY,1,134198,134198
165190,PACKHORSE SHELTER,1,135247,134198
165191,CLAIM STONE,1,135875,135088
165192,COBALT MINE,1,132676,132062
165193,CORPSE REST,1,133767,133667
165194,CORPSE ROAD,1,135247,134198
166363,BEAM BRIDGE,1,135240,134198
166364,BEAM BRIDGE,1,143703,143383
166365,CAUSEWAY BRIDGE,1,143703,143383
166366,CAUSEWAY BRIDGE,1,135240,134198
166367,TEMPORARY BRIDGE,1,135240,134198
166368,TEMPORARY BRIDGE,1,143703,143383
166369,BAILEY BRIDGE,1,166367,134198
166370,BAILEY BRIDGE,1,166368,143383
166383,FORTIFIED BRIDGE,1,133297,133297
166384,FORTIFIED BRIDGE,1,135240,134198
166385,FORTIFIED BRIDGE,1,143703,143383
166386,INHABITED BRIDGE,1,143703,143383
166387,INHABITED BRIDGE,1,135240,134198
166388,THROUGH BRIDGE,1,143703,143383
166389,THROUGH BRIDGE,1,135240,134198
166390,HALF THROUGH BRIDGE,1,143703,143383
166391,HALF THROUGH BRIDGE,1,135240,134198
166392,PONTOON BRIDGE,1,166368,143383
166393,PONTOON PIER,1,134670,133420
166394,PREFABRICATED BRIDGE,1,135240,134198
166395,PREFABRICATED BRIDGE,1,143703,143383
166396,TELESCOPIC BRIDGE,1,136734,134198
166397,TELESCOPIC BRIDGE,1,143471,143383
170483,RAILWAY CONTROL CENTRE,1,133297,133297
170484,RAILWAY CONTROL CENTRE,1,134198,134198
171063,PRISON VISITORS CENTRE,1,133065,133065
171083,BURGAGE PLOT,1,134133,134003
171763,DIVING TANK,1,139308,133422
172163,DOMESTIC WORKSHOP,1,135514,132062
172183,DRYING LOFT,1,135443,132062
172203,FELLMONGERY,1,135381,132062
172223,MULTI STOREY MILL,1,143383,143383
172243,SHED MILL,1,133017,132062
172244,SHED MILL,1,143383,143383
172245,NORTH LIGHT SHED,1,132062,132062
172246,NORTH LIGHT SHED,1,143383,143383
172263,SHED MILL,1,132625,132062
172264,TEXTILE WORKSHOP,1,135514,132062
172265,RETTING POND,1,135441,132062
172543,WALKING STICK MILL,1,132579,132062
172683,TIN MILL,1,132579,132062
172684,TIN MILL,1,135413,132062
172685,STAMPING MILL,1,172684,132062
172687,CRAZING MILL,1,172684,132062
172688,STAMPING MILL,1,172683,132062
172690,CRAZING MILL,1,172683,132062
173183,STEAMING SHED,1,135395,132062
173203,PENITENCE MAZE,1,133894,133667
173865,COLLEGE,1,133422,133422
173866,COLLEGE OF SECULAR PRIESTS,1,173865,133422
173867,COLLEGE OF THE VICARS CHORAL,1,173866,133422
173868,CHANTRY COLLEGE,1,173866,133422
176383,BOMB SITE,1,135088,135088
176384,MOBILIZATION CENTRE,1,139312,133297
176385,BONE WORKING SITE,1,135380,132062
176386,AMMUNITION DUMP,1,135063,133297
176387,AMMUNITION STAND,1,176386,133297
176403,HEDGE BANK,1,143803,143383
176404,PILLAR BOX,1,144083,131783
176405,WALL BOX,1,135187,133272
176406,WALL BOX,1,144083,131783
176407,LAMP BOX,1,144083,131783
176408,LAMP BOX,1,135187,133272
176409,CART LOADING BAY,1,135247,134198
176410,MOTOR TRANSPORT PARK,1,136821,133297
176411,MOTOR TRANSPORT PARK,1,135247,134198
176413,URANIUM MINE,1,132676,132062
176414,CALCINATION CLAMP,1,135386,132062
176415,LIQUOR TROUGH,1,145515,132062
176416,LIQUOR TROUGH,1,132287,132062
176417,MILITARY INSTALLATION,1,133297,133297
177388,CHAIN PROVING HOUSE,1,145530,132062
177401,ALPACA MILL,1,133017,132062
177402,ARTIFICIAL TEXTILE FACTORY,1,133017,132062
177403,BEETLING MILL,1,133017,132062
177404,BLANKET MILL,1,133017,132062
177405,BOMBASINE MILL,1,133017,132062
177406,CALENDER MILL,1,133017,132062
177407,CALICO MILL,1,132640,132062
177408,CALICO PRINTING WORKS,1,133017,132062
177409,CANVAS WORKS,1,133017,132062
177410,CARDING MILL,1,133017,132062
177411,CARPET MILL,1,133017,132062
177412,CLOTH DRESSING MILL,1,133017,132062
177413,COMBING WORKS,1,133017,132062
177414,COTTON MILL,1,133017,132062
177415,CREPE MILL,1,133017,132062
177416,DOUBLING MILL,1,133017,132062
177417,DRABBET FACTORY,1,133017,132062
177418,FELT MILL,1,133017,132062
177419,FINISHING WORKS,1,133017,132062
177420,FLAX DRESSING SHOP,1,133017,132062
177421,FLAX MILL,1,133017,132062
177422,FLOCK MILL,1,133017,132062
177423,FULLING MILL,1,133017,132062
177424,HEMP MILL,1,133017,132062
177425,JUTE MILL,1,133017,132062
177426,LACE FACTORY,1,133017,132062
177427,LINEN MILL,1,133017,132062
177428,MUNGO MILL,1,133017,132062
177429,RAG GRINDING MILL,1,133017,132062
177430,SAILMAKING WORKS,1,133017,132062
177431,SCRIBBLING MILL,1,133017,132062
177432,SCUTCHING MILL,1,133017,132062
177433,SERGE FACTORY,1,133017,132062
177434,SHODDY MILL,1,133017,132062
177435,SILK MILL,1,133017,132062
177437,TAPE MILL,1,133017,132062
177438,TAPESTRY MILL,1,133017,132062
177439,THROWING MILL,1,133017,132062
177440,TWEED MILL,1,133017,132062
177441,TWIST MILL,1,133017,132062
177442,WEAVING MILL,1,133017,132062
177443,WOOLLEN MILL,1,133017,132062
177444,WORSTED MILL,1,133017,132062
177609,BUNKER,1,133328,133297
177650,MINERAL WATER FACTORY,1,132173,132062
177651,BLACKSMITHS WORKSHOP,1,154163,132062
177652,GOLDSMITHS WORKSHOP,1,177653,132062
177653,JEWELLERY WORKSHOP,1,154163,132062
177654,LOCKSMITHS WORKSHOP,1,154163,132062
177655,NAILERS ROW,1,154163,132062
177656,SILVERSMITHS WORKSHOP,1,132392,132062
177657,WATCHMAKERS WORKSHOP,1,154163,132062
177807,DISINFECTING STATION,1,134482,134482
177821,FORTIFIED CHURCH,1,133297,133297
177861,DOG RACING TRACK,1,144465,133551
177881,BAILEY BRIDGE,1,166394,134198
177882,BAILEY BRIDGE,1,166395,143383
177901,SILVERSMITHS WORKSHOP,1,135423,132062
177902,GOLDSMITHS WORKSHOP,1,135423,132062
178123,CONSISTORY COURT,1,133095,133065
178124,COMBINED COURT CENTRE,1,133095,133065
178125,COURT OF REQUESTS,1,133095,133065
178126,SESSIONS HOUSE,1,133095,133065
178127,YOUTH COURT,1,133095,133065
178128,PETTY SESSIONS COURT,1,178126,133065
178129,FOREST COURT,1,133095,133065
178130,FAMILY PROCEEDINGS COURT,1,133095,133065
178413,VISITORS CENTRE (PRISON),1,133065,133065
178414,VISITORS CENTRE (LEISURE),1,133551,133551
178415,ORNAMENTAL BRIDGE,1,143703,143383
178416,SHELL BRIDGE,1,178415,143383
179173,FERRIS WHEEL,1,133551,133551
180591,COPROLITE WORKINGS,1,135415,132062
181215,WIND TUNNEL,1,132988,132062
181217,STAKE ALIGNMENT,1,135088,135088
181218,POST ALIGNMENT,1,135088,135088
181219,TREE BELT,1,131783,131783
181220,TREE CLUMP,1,131783,131783
181221,ANCHOR WORKS,1,134678,133420
181222,ANCHOR WORKS,1,145554,132062
181223,ANCHOR WORKS,1,132448,132062
181224,ENAMEL WORKS,1,132986,132062
181226,JAPANNING WORKS,1,132986,132062
181227,LOCK FACTORY,1,132173,132062
181228,LOCK FACTORY,1,143600,143383
181229,BRINE KILN,1,132076,132062
181230,BRINE KILN,1,143505,143383
181240,PEAT EXTRACTION SITE,1,135415,132062
181614,FERRY CROSSING,1,133420,133420
181615,FERRY CROSSING,1,135265,134198
181743,RABBIT TRAP,1,134003,134003
182035,LAUNDER,1,132811,132062
182036,ACETONE FACTORY,1,135384,132062
182037,BOAT SHED,1,132449,132062
182038,SCOWLE,1,132676,132062
182039,HOLLOW POST MILL,1,132827,132062
182040,CLINKER MILL,1,135426,132062
182041,GRINDERY DEALERS SHOP,1,133254,133154
182045,BREAKING DOWN HOUSE,1,132300,132062
182046,DUSTING HOUSE,1,132300,132062
182047,RUTWAY,1,134222,134198
182048,LIFT TESTING TOWER,1,132388,132062
182049,CARDBOARD BOX FACTORY,1,132716,132062
182050,HEEL FACTORY,1,132215,132062
182052,LAST WORKS,1,132215,132062
182053,SHOE MACHINERY WORKS,1,132986,132062
182054,TAPE SIZING WORKS,1,133017,132062
182055,SHUTTLE WORKS,1,135438,132062
182056,ELECTRONICS FACTORY,1,132173,132062
182057,SHAFT MOUND,1,132700,132062
182058,ROSTRUM,1,135288,143383
182060,HOUSEBOAT,1,135169,131528
182061,HOUSEBOAT,1,143504,143383
182062,MESS,1,136819,133297
182063,BUSINESS PARK,1,133154,133154
182064,BEER GARDEN,1,133249,133154
182065,BEER GARDEN,1,133641,133551
182067,DEER COURSE,1,133590,133551
182068,DEER COURSE,1,131942,131783
182069,COAL MERCHANTS,1,133154,133154
182070,VICTUALLING YARD,1,133420,133420
182071,SUBAQUEOUS TUNNEL,1,135377,134198
182072,MINEWATCHERS POST,1,135829,133297
182073,RADIO POSITIONING STATION,1,133272,133272
182074,RADIO POSITIONING STATION,1,134753,133420
182075,CARBONISING SHED,1,132658,132062
182076,CARBONISING SHED,1,132651,132062
182077,FLINT KILN,1,132585,132062
182079,ASSART,1,135681,134003
182080,CORNISH HEDGE,1,131961,143383
182081,AMUSEMENT PARK,1,133610,133551
182082,ARCHERY GROUND,1,135327,133551
182085,INSULA,1,143383,143383
182086,DOMUS CONVERSORUM,1,133906,133667
182090,CONSULATE,1,133065,133065
182091,JOBCENTRE,1,133065,133065
182092,TEA GARDEN,1,135323,133551
182093,TEA GARDEN,1,134946,133154
182094,JEWELLERY SHOP,1,133254,133154
182095,NATURAL GAS STRUCTURE,1,132724,132062
182096,GAS COMPRESSOR STATION,1,182095,132062
182097,WIND FARM,1,135437,132062
182098,WIND TURBINE,1,135437,132062
182099,TRI RADIAL CAIRN,1,135297,143383
182100,AIRFIELD SLEEPING SHELTER,1,136816,133297
182101,VILLAGE SIGN,1,135171,131783
182102,STORAGE TANK,1,135088,135088
182103,NATURE RESERVE,1,131783,131783
182104,MINKA,1,135169,131528
182105,VELODROME,1,135759,133551
182106,BARGE BED,1,135265,134198
182107,MUSEUM SHIP,1,133420,133420
182109,MUSEUM SHIP,1,133491,133422
182110,MUSEUM SHIP,1,133628,133551
182111,CHAIN HOME STATION,1,133393,133297
182112,VANTAGE POINT,1,131783,131783
182113,PEN FACTORY,1,132173,132062
182114,WHISTLE FACTORY,1,132173,132062
182115,WATERCRAFT,1,133420,133420
182116,ANCHORAGE (MARITIME),1,133420,133420
182118,CEMENTSTONE QUARRY,1,135480,132062
182119,CEMENTSTONE MINE,1,132676,132062
182123,SHOE MACHINERY DEPOT,1,133268,133154
182124,DEFENDED ENCLOSURE,1,135304,143383
182126,WAR SHELTER,1,133297,133297
182127,GRINDERY,1,145663,132062
182128,CANAL JUNCTION,1,134241,134198
182129,AIRCRAFT HANGAR (TYPE C),1,134204,134198
182130,NUCLEAR TEST SITE,1,135088,135088
182131,BEDSTEAD WORKS,1,132173,132062
182132,ANTLER WORKING SITE,1,135380,132062
182133,CONSTRUCTION TRENCH,1,135088,135088
182134,SOAKAWAY,1,144764,134417
182135,SEWER INSPECTION CHAMBER,1,144764,134417
182137,KNACKERS YARD,1,135380,132062
182138,AIRCRAFT HANGAR (TYPE B1),1,182722,133297
182139,AIRCRAFT HANGAR (TYPE T2),1,182708,134198
182141,BLISTER AIRCRAFT HANGAR,1,182706,134198
182142,MILITARY ROAD,1,134220,134198
182143,CREW BRIEFING ROOM,1,139302,133297
182144,OPERATIONS BLOCK,1,139302,133297
182145,AIRCRAFT HANGAR (TYPE T1),1,182708,134198
182164,BELLMAN AIRCRAFT HANGAR,1,182706,134198
182179,RESETTLEMENT CAMP,1,131653,131528
182192,AIRCRAFT HANGAR (TYPE A),1,134204,134198
182194,POST MILL ROUNDHOUSE,1,135437,132062
182195,NAVAL OFFICE,1,134706,133420
182196,ANIMAL BURIAL PIT,1,133806,133667
182197,LIME SLAKING PIT,1,135384,132062
182198,LIME SLAKING PIT,1,135300,135088
182200,CHINA STONE MILL,1,132579,132062
182201,CRUCIBLE FACTORY,1,132173,132062
182202,HUERS HUT,1,133420,133420
182203,HUERS HUT,1,131554,131528
182204,TRAINING WALL (WATER REGULATION),1,134767,133420
182205,TRAINING WALL (WATER REGULATION),1,144764,134417
182206,OCHRE MINE,1,132676,132062
182215,AIRCRAFT HANGAR (TYPE J),1,134204,134198
182217,BESSONNEAU AIRCRAFT HANGAR,1,182706,134198
182218,FLIGHT OFFICE,1,136816,133297
182219,AIRCRAFT HANGAR (TYPE L),1,134204,134198
182236,WOAD MILL,1,132579,132062
182237,CHAMBERED GRAVE,1,133865,133667
182238,BURIED SOIL HORIZON,1,143743,135088
182240,AIRCRAFT HANGAR (TYPE T3),1,182708,134198
182244,WINDING HOLE,1,134241,134198
182245,CORRODY HOUSE,1,135169,131528
182247,SUBRECTANGULAR ENCLOSURE,1,135304,143383
182248,RECTANGULAR ENCLOSURE,1,135304,143383
182281,DARLAND FIELD SYSTEM,1,134095,134003
182282,BED BURIAL,1,133786,133667
182284,STRIP FIELD,1,134091,134003
182286,MANORIAL BOUNDARY,1,135295,143383
182289,HUNDRED BOUNDARY,1,135295,143383
182290,TETT TURRET,1,133386,133297
182291,BELFAST TRUSS AIRCRAFT HANGAR,1,134204,134198
182292,COMPOSITE FRAMED BUILDING,1,143383,143383
182297,CAPONIER,1,133355,133297
182298,TURRET INSTRUCTIONAL BUILDING,1,136820,133297
182299,TURRET INSTRUCTIONAL BUILDING,1,136816,133297
182300,AIRFIELD CODE LETTERS,1,136818,133297
182301,AIRFIELD CODE LETTERS,1,135195,133272
182302,SIGNAL SQUARE,1,135195,133272
182303,SIGNAL SQUARE,1,136816,133297
182322,CIRCULAR REDOUBT,1,136814,133297
182323,DOPE SHOP,1,136816,133297
182324,DOPE SHOP,1,135239,134198
182325,COUNCIL HOUSING ESTATE,1,131664,131528
182327,HEATING PLANT,1,135290,135088
182328,WHITING MILL,1,132579,132062
182329,MOTOR VEHICLE TESTING TRACK,1,135247,134198
182331,REDOUBT,1,135062,133297
182332,BULWARK,1,133355,133297
182333,RAVELIN,1,135062,133297
182334,GUN WHARF,1,134292,134198
182335,GUN WHARF,1,134675,133420
182344,ABLUTIONS BLOCK,1,135925,131528
182347,DOMESTIC MILITARY BUILDING,1,139302,133297
182348,ABLUTIONS BLOCK,1,182347,133297
182357,BRENNAN TORPEDO STATION,1,136009,133420
182358,BRENNAN TORPEDO STATION,1,136828,133297
182367,SEA FORT,1,136814,133297
182368,SEA FORT,1,134714,133420
182369,INTERPRETATION CENTRE,1,135322,133551
182370,INTERPRETATION CENTRE,1,133422,133422
182372,POSITION FINDING STATION,1,136814,133297
182374,SALT PRODUCTION SITE,1,135415,132062
182375,SALT WORKS,1,182374,132062
182376,PAN HOUSE,1,182374,132062
182377,SALTERN,1,182374,132062
182378,STOVE HOUSE,1,182374,132062
182379,ROBIN AIRCRAFT HANGAR,1,134204,134198
182380,AIRCRAFT HANGAR (TYPE K),1,134204,134198
182381,MIXING HOUSE,1,140635,132062
182382,CHARGE HOUSE,1,140635,132062
182383,CARTRIDGE HOUSE,1,140635,132062
182384,CLIMBING WALL,1,135327,133551
182385,PICKETT HAMILTON FORT,1,133386,133297
182386,PICKETT HAMILTON FORT,1,182749,133297
182394,HARDENED AIRCRAFT SHELTER,1,134204,134198
182395,SEAPLANE SHED (TYPE F),1,182736,134198
182396,AIRCRAFT STORAGE FACILITY,1,136816,133297
182397,AIRCRAFT HANGAR,1,191852,133297
182398,AIRCRAFT HANGAR (TYPE C),1,182397,133297
182399,AIRCRAFT HANGAR (TYPE B1),1,182723,134198
182400,AIRCRAFT HANGAR (TYPE T1),1,182709,133297
182401,AIRCRAFT HANGAR (TYPE T2),1,182709,133297
182403,BELLMAN AIRCRAFT HANGAR,1,182707,133297
182404,AIRCRAFT HANGAR (TYPE A),1,182397,133297
182405,AIRCRAFT HANGAR (TYPE J),1,182397,133297
182406,BESSONNEAU AIRCRAFT HANGAR,1,182707,133297
182407,AIRCRAFT HANGAR (TYPE L),1,182397,133297
182408,AIRCRAFT HANGAR (TYPE T3),1,182709,133297
182409,BELFAST TRUSS AIRCRAFT HANGAR,1,182397,133297
182410,ROBIN AIRCRAFT HANGAR,1,182397,133297
182411,AIRCRAFT HANGAR (TYPE K),1,182397,133297
182412,HARDENED AIRCRAFT SHELTER,1,182397,133297
182413,SEAPLANE SHED (TYPE F),1,182737,133297
182414,FLYING CLUB,1,135177,133551
182439,RELIGIOUS EDUCATION CENTRE,1,133667,133667
182440,RELIGIOUS EDUCATION CENTRE,1,133422,133422
182442,AIRCRAFT HANGAR (TYPE E),1,134204,134198
182443,AIRCRAFT HANGAR (TYPE E),1,182397,133297
182444,AIRCRAFT HANGAR (TYPE D),1,134204,134198
182445,AIRCRAFT HANGAR (TYPE D),1,182397,133297
182446,STATION HEADQUARTERS,1,136816,133297
182447,AIR TRAFFIC CONTROL SCHOOL,1,135189,133422
182458,DISPLACED PERSONS CAMP,1,131653,131528
182459,DISPLACED PERSONS CAMP,1,133065,133065
182661,LAMELLA AIRCRAFT HANGAR,1,134204,134198
182662,LAMELLA AIRCRAFT HANGAR,1,182397,133297
182663,BLISTER AIRCRAFT HANGAR,1,182707,133297
182664,COTTAGE HOME,1,134497,134482
182665,COMMISSARY,1,133254,133154
182666,BASEBALL COURT,1,144464,133551
182667,DISTRIBUTION CENTRE,1,133154,133154
182668,BUTLER COMBAT HANGAR,1,134204,134198
182669,BUTLER COMBAT HANGAR,1,182397,133297
182670,SEAPLANE SHED (TYPE J),1,182736,134198
182671,SEAPLANE SHED (TYPE J),1,182737,133297
182675,OPERATIONAL READINESS PLATFORM,1,136816,133297
182697,AIRCRAFT PICKETING POINT,1,136816,133297
182698,AIRCRAFT PICKETING POINT,1,135239,134198
182706,AIRCRAFT HANGAR (TRANSPORTABLE),1,134204,134198
182707,AIRCRAFT HANGAR (TRANSPORTABLE),1,182397,133297
182708,AIRCRAFT HANGAR (TYPE T),1,182706,134198
182709,AIRCRAFT HANGAR (TYPE T),1,182707,133297
182710,CALLENDER HANGAR,1,182706,134198
182711,CALLENDER HANGAR,1,182707,133297
182712,FROMSON HANGAR,1,182706,134198
182713,FROMSON HANGAR,1,182707,133297
182714,MAIN HANGAR,1,182706,134198
182715,MAIN HANGAR,1,182707,133297
182716,PENTAD HANGAR,1,182706,134198
182717,PENTAD HANGAR,1,182707,133297
182718,AIRCRAFT HANGAR (TYPE A1),1,182192,134198
182719,AIRCRAFT HANGAR (TYPE A1),1,182404,133297
182720,AIRCRAFT HANGAR (TYPE A2),1,182192,134198
182721,AIRCRAFT HANGAR (TYPE A2),1,182404,133297
182722,AIRCRAFT HANGAR (TYPE B),1,182397,133297
182723,AIRCRAFT HANGAR (TYPE B),1,134204,134198
182724,AIRCRAFT HANGAR (TYPE B2),1,182722,133297
182725,AIRCRAFT HANGAR (TYPE B2),1,182723,134198
182726,AIRCRAFT HANGAR (TYPE VR1),1,134204,134198
182727,AIRCRAFT HANGAR (TYPE VR1),1,182397,133297
182728,AIRCRAFT HANGAR (TYPE VR2),1,134204,134198
182729,AIRCRAFT HANGAR (TYPE VR2),1,182397,133297
182730,HINAIDI AIRCRAFT SHED,1,134204,134198
182731,HINAIDI AIRCRAFT SHED,1,182397,133297
182732,SUPER ROBINS HANGAR,1,134204,134198
182733,SUPER ROBINS HANGAR,1,182397,133297
182734,SUPER ROBINS HANGAR (TYPE A),1,134204,134198
182735,SUPER ROBINS HANGAR (TYPE A),1,182397,133297
182736,SEAPLANE SHED,1,134204,134198
182737,SEAPLANE SHED,1,182397,133297
182738,SEAPLANE SHED (TYPE G),1,182736,134198
182739,SEAPLANE SHED (TYPE G),1,182737,133297
182740,AIRCRAFT STORAGE FACILITY,1,135239,134198
182741,WATCH OFFICE,1,134202,134198
182742,CONTROL TOWER,1,136816,133297
182743,WATCH OFFICE,1,182742,133297
182744,BOMBER SATELLITE STATION WATCH OFFICE,1,182743,133297
182746,WATCH OFFICE (13726/41),1,182744,133297
182747,CHIEF INSTRUCTORS BLOCK (5740/36),1,182742,133297
182748,PILLBOX (AIR MINISTRY PATTERN),1,133386,133297
182749,AIRFIELD DEFENCE SITE,1,133297,133297
182750,PILLBOX (AIR MINISTRY PATTERN),1,182749,133297
182751,PILLBOX (ASSAULT TRAINING),1,136820,133297
182752,PILLBOX (ASSAULT TRAINING),1,133386,133297
182753,PILLBOX (CANTILEVERED),1,133386,133297
182754,PILLBOX (MODIFIED),1,133386,133297
182755,PILLBOX (PREFABRICATED),1,133386,133297
182756,PILLBOX (SHELLPROOF),1,133386,133297
182757,PILLBOX (TYPE 391),1,133386,133297
182758,PILLBOX (TYPE CE124/41),1,133386,133297
182759,PILLBOX (TYPE CE2717),1,133386,133297
182760,PILLBOX (TYPE CE2843),1,133386,133297
182761,PILLBOX (TYPE CE390),1,133386,133297
182762,PILLBOX (TYPE CP/6/40/111),1,133386,133297
182763,PILLBOX (TYPE CRE TL62),1,133386,133297
182764,PILLBOX (TYPE CRE1094),1,133386,133297
182765,PILLBOX (TYPE CRE1116),1,133386,133297
182766,PILLBOX (TYPE FW3/22),1,133386,133297
182767,PILLBOX (TYPE FW3/23),1,133386,133297
182768,PILLBOX (TYPE FW3/23),1,182770,133297
182769,PILLBOX (TYPE FW3/23),1,182771,133297
182770,LIGHT ANTI AIRCRAFT BATTERY,1,133301,133297
182771,LIGHT ANTI AIRCRAFT BATTERY,1,136823,133297
182772,PILLBOX (TYPE FW3/24),1,133386,133297
182773,PILLBOX (TYPE FW3/25),1,133386,133297
182774,PILLBOX (TYPE FW3/26),1,133386,133297
182775,PILLBOX (TYPE FW3/27),1,133386,133297
182776,PILLBOX (TYPE FW3/27),1,182770,133297
182777,PILLBOX (TYPE FW3/27),1,182771,133297
182778,PILLBOX (TYPE FW3/28),1,133386,133297
182779,PILLBOX (TYPE FW3/28),1,182780,133297
182780,ANTI TANK GUN EMPLACEMENT,1,133360,133297
182781,PILLBOX (TYPE FW3/28A),1,133386,133297
182782,PILLBOX (TYPE FW3/28A),1,182780,133297
182784,PILLBOX (TYPE FW3/45),1,133386,133297
182785,PILLBOX (TYPE FW3/46),1,133386,133297
182786,PILLBOX (VARIANT),1,133386,133297
182787,RUCK MACHINE GUN POST,1,133386,133297
182788,ALLAN WILLIAMS TURRET,1,133386,133297
182789,BISON MOBILE PILLBOX,1,182749,133297
182790,BISON MOBILE PILLBOX,1,133386,133297
182791,DUTY PILOTS OFFICE (2072/26),1,182742,133297
182792,FIGHTER SATELLITE STATION WATCH OFFICE,1,182743,133297
182793,WATCH OFFICE (14383/40),1,182792,133297
182794,WATCH OFFICE (17658/40),1,182792,133297
182795,WATCH OFFICE (18441/40),1,182792,133297
182796,WATCH OFFICE (3156/41),1,182792,133297
182797,NIGHT FIGHTER STATION WATCH OFFICE,1,182743,133297
182798,WATCH OFFICE (15684/41),1,182797,133297
182799,ROYAL NAVAL AIR STATION CONTROL TOWER,1,182742,133297
182800,CONTROL TOWER (3860/42),1,182799,133297
182801,CONTROL TOWER (566/42),1,182799,133297
182802,TRAINING SCHOOL WATCH OFFICE (641/41),1,182743,133297
182803,WATCH OFFICE (1072/26),1,182743,133297
182804,WATCH OFFICE (12779/41),1,182743,133297
182805,WATCH OFFICE (1597/27),1,182743,133297
182806,WATCH OFFICE (1959/34),1,182743,133297
182807,PROTEST CAMP,1,131653,131528
182808,PROTEST CAMP,1,133065,133065
182809,PEACE CAMP,1,182807,131528
182810,PEACE CAMP,1,182808,133065
182811,UNITED REFORMED CHURCH,1,133703,133667
182990,SWALLOW HOLE,1,135509,143383
183033,MEMORIAL HALL,1,133139,133065
183034,UNDERGROUND GOVERNMENT HEADQUARTERS,1,133065,133065
183035,UNDERGROUND HOSPITAL,1,134530,134482
183036,UNDERGROUND HOSPITAL,1,135351,133667
183044,RAIL DEPOT,1,135244,134198
183053,EMERGENCY WATER SUPPLY,1,144723,134417
183054,SIGN,1,135088,135088
183055,COUNTERMEASURES STATION,1,176417,133297
183073,HELIOCHRONOMETER,1,131895,131783
183081,ESCAPE TUNNEL,1,134402,135088
183096,SUBMARINE TELEPHONE CABLE STATION,1,133292,133272
183097,SUBMARINE CABLE REPEATER STATION,1,135313,133272
183311,MICROBREWERY,1,132229,132062
183324,FLUE,1,135545,135088
183325,MISSION,1,133906,133667
183388,HEAVY ANTI AIRCRAFT BATTERY,1,133301,133297
183389,HEAVY ANTI AIRCRAFT BATTERY,1,136823,133297
183426,INTERNMENT CAMP,1,133373,133297
183427,FLOATING ROADWAY,1,202691,134198
183428,FLOATING ROADWAY,1,134600,133420
183429,TAKE-AWAY,1,134946,133154
183501,SCARP,1,131937,143383
183633,RETAINING WALL,1,135299,143383
183634,REVETMENT,1,183633,143383
183649,SLAG WORKS,1,135413,132062
183678,LIDO,1,135327,133551
183679,FINGER POST,1,134271,134198
183680,ORNAMENTAL CLOCK,1,131783,131783
183845,MACELLUM,1,133166,133154
183846,OUTDOOR SWIMMING POOL,1,132050,131783
183847,INDOOR SWIMMING POOL,1,132050,131783
183859,LYE PIT,1,135300,135088
183869,TIDAL SWIMMING POOL,1,183846,131783
183870,RHYTHM AND BLUES CLUB,1,135326,133551
183871,ROCK ART,1,133667,133667
183872,ROCK PAINTING,1,183871,133667
183873,PALAEOCHANNEL,1,135509,143383
183874,WATERHOLE,1,134003,134003
183875,RABBIT TYPE,1,134003,134003
183876,POLISSOIR,1,136809,132062
183877,WELFARE CENTRE,1,133065,133065
183878,EMERGENCY FOOD CENTRE,1,133065,133065
183879,EMERGENCY FOOD CENTRE,1,133297,133297
183880,TOWN DITCH,1,133337,133297
183881,GREYHOUND STADIUM,1,144465,133551
183882,BELLAND YARD WALL,1,132674,132062
183883,BELLAND YARD WALL,1,135299,143383
183884,LADIES CLUB,1,135177,133551
183885,BET TAHARA,1,133667,133667
183886,TELEPHONE WORKS,1,132986,132062
183887,BEAUTY SALON,1,133254,133154
183888,BERM,1,133355,133297
183889,SHOWGROUND,1,133551,133551
183890,IMMERSION BATH,1,134482,134482
183891,CHATTRI,1,133879,133667
183892,CHATTRI,1,135069,135065
183893,IMPACT CRATER,1,143743,135088
183894,GARDEN OF REST,1,133667,133667
183895,RETIREMENT HOME,1,134996,131528
183896,SUBMARINE BASE,1,136814,133297
183897,SUBMARINE BASE,1,133372,133297
183898,BUSINESS CENTRE,1,133154,133154
183899,ABBOTS PALACE,1,134998,131528
183900,ANTI BOAT LANDING OBSTACLE,1,136824,133297
183901,ANTI BOAT LANDING OBSTACLE,1,136832,133297
183902,COMMUNE,1,134996,131528
183903,MEDITATION CENTRE,1,134482,134482
183904,RAILWAY WORKERS TEMPORARY SETTLEMENT,1,132062,132062
183905,RAILWAY WORKERS TEMPORARY SETTLEMENT,1,131653,131528
183906,ROLLER COASTER,1,141125,133551
183907,MARINE LAKE,1,132044,131783
183908,MARINE LAKE,1,144103,134417
183909,BATTLE HEADQUARTERS (11008/41),1,143923,133297
183910,BATTLE HEADQUARTERS (11008/41),1,141140,133297
183911,HOME GUARD SHELTER,1,136813,133297
183912,LOCAL GOVERNMENT DEPOT,1,133065,133065
183914,NAPHTHA WORKS,1,132285,132062
183915,NAPHTHA WORKS,1,145521,132062
183916,CREMATION BURIAL,1,133786,133667
183917,CREMATION GRAVE,1,133865,133667
183918,COMMUNITY KITCHEN,1,134482,134482
183919,COUNTRY ESTATE,1,135088,135088
183920,FERRY CROSSING SHELTER,1,131858,143383
183921,WHEEL RUT,1,135213,143383
183924,DRYING STOVE,1,132150,132062
183925,LATRINE PIT,1,135672,134417
183926,LATRINE PIT,1,135300,135088
183927,PALISADE DITCH,1,135508,143383
183928,ROYAL FLYING CORPS AIRCRAFT HANGAR,1,134204,134198
183929,ROYAL FLYING CORPS AIRCRAFT HANGAR,1,182397,133297
183930,SEAPLANE BASE,1,136816,133297
183931,SEAPLANE BASE,1,135239,134198
183932,TRANSPORT WAREHOUSE,1,133268,133154
183933,TRANSPORT WAREHOUSE,1,134198,134198
184543,ANTI INVASION DEFENCE SITE,1,133297,133297
184544,DEFENDED LOCALITY,1,184543,133297
184545,NODAL POINT,1,184543,133297
184546,RIVER DEFENCE SITE,1,184543,133297
184547,CARGO,1,135088,135088
184548,REFUGEE HOUSING,1,134997,131528
184549,PIECE ROOM,1,133017,132062
184550,PIECE ROOM,1,132625,132062
184551,PARK HOME,1,134997,131528
184552,RAILBLOCK,1,184543,133297
184553,HOME GUARD STORE,1,139305,133297
184554,HOME GUARD HEADQUARTERS,1,139305,133297
184555,DEFENCE WORK,1,133297,133297
184556,MINED BRIDGE,1,204823,133297
184557,DEMOLITION CHAMBER,1,204823,133297
184558,MACHINE GUN POST,1,133355,133297
184559,ANTI TANK OBSTACLE,1,184543,133297
184560,ANTI TANK OBSTACLE,1,136815,133297
184561,MOORING BLOCK,1,134600,133420
184562,MOORING BLOCK,1,135265,134198
184563,PETROLEUM WARFARE SITE,1,184543,133297
184564,VIERECKSCHANZEN,1,133667,133667
184565,ALLOTMENT SHED,1,135101,135088
184624,SKATEPARK,1,135327,133551
184669,BUTCHERY SITE,1,135380,132062
184721,EXTRA MURAL SUBURB,1,131653,131528
184894,PUBLIC ASSISTANCE INSTITUTION,1,134482,134482
184895,PUBLIC ASSISTANCE INSTITUTION,1,135011,131528
184991,REED AND HEALD WORKS,1,135438,132062
184992,JACQUARD AND DOBBY WORKS,1,132986,132062
184993,REED AND HEALD WORKS,1,132986,132062
184994,JACQUARD AND DOBBY WORKS,1,135438,132062
184995,SHUTTLE WORKS,1,132986,132062
185020,BEACH DEFENCE LIGHT,1,136814,133297
185021,TANK PARK,1,185022,133297
185022,VEHICLE DEPOT,1,139312,133297
185023,STARFISH SITE,1,185091,133297
185024,BARREL FLAME TRAP,1,184563,133297
185025,AUXILIARY UNIT OPERATIONAL BASE,1,205445,133297
185026,EVACUEE CENTRE,1,133065,133065
185027,EVACUEE CENTRE,1,134482,134482
185028,WAR PRODUCTION FACTORY,1,132173,132062
185029,WAR PRODUCTION FACTORY,1,143600,143383
185030,WAR PRODUCTION FACTORY,1,133297,133297
185031,SIGNALS GATHERING STATION,1,136818,133297
185032,AIRFIELD BUILDING,1,136816,133297
185033,BLAST SHELTER,1,133300,133297
185034,EMBARKATION POINT,1,133297,133297
185035,EMBARKATION HARD,1,185034,133297
185036,EMBARKATION BEACH,1,185034,133297
185037,BOMBING RANGE OBSERVATION POST,1,135829,133297
185038,ANTI SUBMARINE DEFENCE,1,184543,133297
185039,NAVAL GUNNERY RANGE,1,133352,133297
185040,ROCKET PROJECTOR BATTERY,1,133301,133297
185041,ROCKET PROJECTOR BATTERY,1,136823,133297
185042,ROCKET PROJECTOR BATTERY (TYPE 55373),1,185040,133297
185043,ROCKET PROJECTOR BATTERY (TYPE 55373),1,185041,133297
185044,ROCKET PROJECTOR BATTERY (TYPE U2P),1,185042,133297
185045,ROCKET PROJECTOR BATTERY (TYPE U2P),1,185043,133297
185046,ROCKET PROJECTOR BATTERY (TYPE U9P),1,185042,133297
185047,ROCKET PROJECTOR BATTERY (TYPE U9P),1,185043,133297
185048,ROCKET PROJECTOR BATTERY (TYPE U20P),1,185042,133297
185049,ROCKET PROJECTOR BATTERY (TYPE U20P),1,185043,133297
185050,ROCKET PROJECTOR BATTERY (TYPE UP),1,185042,133297
185051,ROCKET PROJECTOR BATTERY (TYPE UP),1,185043,133297
185052,ANTI AIRCRAFT GUN EMPLACEMENT,1,133360,133297
185053,ANTI AIRCRAFT GUN EMPLACEMENT,1,133301,133297
185054,ANTI AIRCRAFT GUN EMPLACEMENT,1,136823,133297
185055,SEARCHLIGHT EMPLACEMENT,1,133406,133297
185056,SEARCHLIGHT EMPLACEMENT,1,136822,133297
185057,ANTI SEAPLANE OBSTACLE,1,184543,133297
185058,ANTI SEAPLANE OBSTACLE,1,136829,133297
185059,ANTI SEAPLANE OBSTACLE,1,136833,133297
185060,TANK FACTORY,1,144903,132062
185061,HOLDFAST,1,133360,133297
185062,CENTRE OF RESISTANCE,1,184543,133297
185063,VULNERABLE DEFILE,1,184543,133297
185064,QUADRANT TOWER,1,185032,133297
185065,AIR RAID PRECAUTIONS SITE,1,136813,133297
185066,AIR RAID PRECAUTIONS HEADQUARTERS,1,185065,133297
185067,REVERBERATORY CALCINER,1,132561,132062
185068,REVERBERATORY CALCINER,1,132413,132062
185069,BRUNTON CALCINER,1,132561,132062
185070,BRUNTON CALCINER,1,132413,132062
185071,TUBE CALCINER,1,132561,132062
185072,TUBE CALCINER,1,132413,132062
185073,SHAFT CALCINER,1,132561,132062
185074,SHAFT CALCINER,1,132413,132062
185075,SCRUBBER,1,135797,132062
185076,REFINERY,1,132391,132062
185077,OIL REFINERY,1,185076,132062
185078,SUGAR REFINERY,1,185076,132062
185079,CONDENSER,1,135797,132062
185080,MACHINE BED,1,135088,135088
185086,ICE CREAM PARLOUR,1,134946,133154
185087,ICE CREAM PARLOUR,1,135323,133551
185088,AIR DEFENCE SITE,1,133297,133297
185089,ACTIVE AIR DEFENCE SITE,1,185088,133297
185090,PASSIVE AIR DEFENCE SITE,1,185088,133297
185091,BOMBING DECOY SITE,1,185089,133297
185092,DECOY SITE SHELTER,1,185091,133297
185093,COMMUNICATIONS BUILDING,1,133272,133272
185094,GROUP FILTER ROOM,1,185093,133272
185097,BRINE PUMP,1,134457,134417
185100,CLEARANCE,1,134133,134003
185101,BRAKE HOUSE,1,134198,134198
185102,INTERNET CAFE,1,133175,133154
185103,ACCESS BARRIER,1,143803,143383
185104,MOTORWAY,1,134220,134198
185105,ROUNDABOUT,1,134362,134198
185107,LIGHT INDUSTRIAL UNIT,1,135473,132062
185108,LIGHT INDUSTRIAL UNIT,1,145567,132062
185109,FOREST,1,134133,134003
185110,HUNTING FOREST,1,185109,134003
185111,DIRECTION ARROW,1,141132,133297
185112,TOWNSHIP,1,131653,131528
185113,PIT TRAP,1,134003,134003
185114,DUN,1,131528,131528
185115,BURGH,1,133065,133065
185116,BURGH,1,131653,131528
185117,BROCH,1,131528,131528
185118,BROCH,1,143383,143383
185214,MINIATURE GOLF COURSE,1,133551,133551
185233,COVERED WELL,1,134477,134417
185236,PUTTING GREEN,1,144464,133551
185240,AIRCRAFT MAINTENANCE UNIT,1,135239,134198
185241,AIRCRAFT MAINTENANCE UNIT,1,132986,132062
185244,SAFE FACTORY,1,132173,132062
185245,SAFE FACTORY,1,143600,143383
185246,LORINERY,1,132173,132062
185247,LORINERY,1,143600,143383
185248,RAILWAY SYSTEM,1,135244,134198
185249,MARSH,1,134133,134003
185250,PASTURE,1,134091,134003
185252,IN SITU BURNT DEPOSIT,1,135088,135088
185253,STEEL WORKING SITE,1,136643,132062
185254,POST TRENCH,1,182133,135088
185255,PRIVATE NURSING HOME,1,134552,134482
185256,PRIVATE NURSING HOME,1,135016,131528
185257,EMERGENCY EXIT TUNNEL,1,134402,135088
185258,PITCH MAKING HEARTH,1,145528,132062
185259,PITCH MAKING HEARTH,1,132334,132062
185260,BURIED LAND SURFACE,1,143743,135088
185261,CONSTRUCTION DEBRIS,1,135088,135088
185262,DEMOLITION DEBRIS,1,135088,135088
185264,SEWER VENTILATION PIPE,1,132703,135088
185265,SEWER VENTILATION PIPE,1,135171,131783
185266,LAYER,1,135088,135088
185290,VEHICLE TESTING STATION,1,135247,134198
185291,FIRING PLATFORM,1,184555,133297
185292,GATE GUARDIAN,1,135088,135088
185293,PETANQUE TERRAIN,1,144464,133551
185294,TORPEDO RANGE CONTROL BUILDING,1,204189,133297
185295,DISPERSED SITE,1,136816,133297
185296,AIRSHIP CONSTRUCTION WORKS,1,132988,132062
185297,TERRITORIAL ARMY CENTRE,1,139302,133297
185298,OBSERVATION TOWER,1,133551,133551
185299,DOMESTIC SITE,1,133372,133297
185300,CARE HOME,1,134482,134482
185301,BLOOD DONOR CENTRE,1,134482,134482
185302,COMPUTER CENTRE,1,133154,133154
185303,ACTIVITY CENTRE,1,133551,133551
185304,SOFT PLAY AREA,1,133551,133551
185305,FILM SET,1,133277,133272
185306,HOLIDAY CAMP,1,135790,133551
185307,CARAVAN PARK,1,133551,133551
185308,CRICKET CENTRE,1,144464,133551
185309,CRICKET CENTRE,1,133657,133551
185310,DIVING PLATFORM,1,135327,133551
185314,BENCH MARK,1,133065,133065
185315,FUN HOUSE,1,133551,133551
185316,HAUNTED HOUSE,1,133551,133551
185317,OCHRE MILL,1,132579,132062
185318,OCHRE MILL,1,135386,132062
185320,ACETATE FACTORY,1,132173,132062
185321,ACETATE FACTORY,1,143600,143383
185322,CALAMINE MILL,1,132601,132062
185323,CALAMINE MILL,1,132515,132062
185325,EYOT,1,131939,131783
185326,LAIRDS HOUSE,1,135169,131528
185327,LAIRDS HOUSE,1,143504,143383
185328,LEAD SMELTER,1,135746,132062
185329,LEAD SMELTER,1,135423,132062
185330,MANHOLE COVER,1,135171,131783
185342,JEWISH CLEANING ROOM,1,133667,133667
185343,POT ARCH,1,132358,132062
185344,STOKE PIT,1,132357,132062
185345,WINGED FURNACE,1,132358,132062
185346,SIEGE,1,132357,132062
185347,SWING PIT,1,135427,132062
185348,COVER PLATE,1,135171,131783
185350,AIRCRAFT HANGAR (TYPE S),1,182706,134198
185351,AIRCRAFT HANGAR (TYPE S),1,182707,133297
185355,FROMSON MASSILLON HANGAR,1,182712,134198
185356,FROMSON MASSILLON HANGAR,1,182713,133297
185357,CALLENDER HAMILTON HANGAR,1,182710,134198
185358,CALLENDER HAMILTON HANGAR,1,182711,133297
185360,WATCH OFFICE (207/36),1,182741,134198
185361,WATCH OFFICE (207/36),1,182743,133297
185363,COUNTERMEASURES STATION,1,135186,133272
185390,CANAL WAREHOUSE,1,183933,134198
185391,RAILWAY WAREHOUSE,1,183933,134198
185392,SHIPPING WAREHOUSE,1,183933,134198
185658,CIRCUS (ROMAN),1,133551,133551
185715,TAR TANK,1,182102,135088
185716,HOPPERS HUT,1,131554,131528
185717,HOPPERS HUT,1,144823,131528
185718,VITRIFIED STONE,1,135564,143383
185719,SAND PAPER MILL,1,132579,132062
185720,TRIM TRAIL,1,133551,133551
185721,RED HILL,1,182374,132062
185722,DIRECT BOILING SALT WORKS,1,182374,132062
185723,PARTIAL SOLAR SALT WORKS,1,182374,132062
185724,SLEECHING SALT WORKS,1,182374,132062
185725,SOLAR SALT WORKS,1,182374,132062
185727,SALTCOTE,1,182374,132062
185728,SALT REFINERY,1,182374,132062
185729,PANHOUSE,1,182374,132062
185777,RFC SIDE OPENING AIRCRAFT HANGAR,1,183928,134198
185778,RFC SIDE OPENING AIRCRAFT HANGAR,1,183929,133297
186329,BOXING CLUB,1,133658,133551
186330,ASBESTOS FACTORY,1,132173,132062
186331,ASBESTOS FACTORY,1,143600,143383
186332,URANIUM WORKS,1,135425,132062
186333,URANIUM PROCESSING PLANT,1,135425,132062
186334,BISMUTH MINE,1,132676,132062
186335,OXLAND WORKS,1,135425,132062
186336,ANTIMONY SMELTER,1,135746,132062
186337,MANGANESE MILL,1,132579,132062
186338,MANGANESE MILL,1,135425,132062
186339,AMALGAMATION PLANT,1,153843,132062
186340,PATTINSON REFINERY,1,186341,132062
186341,SILVER REFINERY,1,132573,132062
186342,POLYTUNNEL,1,134006,134003
186343,NET MAKING SITE,1,135102,134003
186344,OPENCUT,1,135415,132062
186345,ALUMINIUM WORKS,1,135413,132062
186346,CHAMPIONS FURNACE,1,132357,132062
186347,CHLOROPHYLL FACTORY,1,132323,132062
186348,CHLOROPHYLL FACTORY,1,145525,132062
186349,SALT POND,1,182374,132062
186350,SALT PAN,1,182374,132062
186351,STONE COVE,1,133985,133667
186358,FIRELIGHTER FACTORY,1,192018,143383
186359,FIRELIGHTER FACTORY,1,132285,132062
186360,FIRELIGHTER FACTORY,1,145521,132062
186361,FAN HOUSE,1,135595,132062
186362,WALKER FAN HOUSE,1,186361,132062
186363,WADDLE FAN HOUSE,1,186361,132062
186364,COOKS FAN HOUSE,1,186361,132062
186365,GUIBAL FAN HOUSE,1,186361,132062
186366,SIROCCO FAN HOUSE,1,186361,132062
186367,KEITH BLACKMAN FAN HOUSE,1,186361,132062
186368,WHITING WORKS,1,132986,132062
186369,CONSTRUCTION WORKS,1,132986,132062
186370,SEASIDE SCHOOL,1,133423,133422
186371,SEASIDE SCHOOL,1,135011,131528
186372,INLAND SALTWORKS,1,182375,132062
186373,COASTAL SALTWORKS,1,182375,132062
186385,DRILL TOWER,1,133107,133065
186386,DRILL TOWER,1,139308,133422
186390,MASS GRAVE,1,133806,133667
186476,SPILLWAY,1,134767,133420
186477,SPILLWAY,1,144764,134417
186478,PIPELINE BRIDGE,1,135240,134198
186479,PIPELINE BRIDGE,1,143703,143383
186480,COOLING POND,1,134441,134417
186481,SERPENTINE QUARRY,1,132095,132062
186482,SOAPSTONE QUARRY,1,132095,132062
186483,GUEST WING,1,131528,131528
186484,HYDRATING PLANT,1,135384,132062
186485,CHARGING RAMP,1,143383,143383
186486,CHARGING RAMP,1,132062,132062
186487,BOB SETTING,1,132062,132062
186488,DRESSING WASTE,1,135410,132062
186489,FLOTATION UNIT,1,135425,132062
186490,PELTON WHEEL,1,132810,132062
186491,PELTON WHEEL,1,135614,132062
186492,TOTALISATOR,1,133551,133551
186493,RUGBY FOOTBALL GROUND,1,135335,133551
186495,MAINTENANCE WORKSHOP,1,135514,132062
186531,MORMON TEMPLE,1,134740,133667
186532,MINK FARM,1,134085,134003
186533,TAILINGS WORKS,1,153843,132062
186534,SHODE WORKING,1,153843,132062
186535,SHODE WORKING,1,132151,132062
186536,BARYTES WORKS,1,135425,132062
186537,BARYTES WORKS,1,132986,132062
186539,PALISADED HILLTOP ENCLOSURE,1,134116,134003
186540,KENNELS,1,135328,133551
186541,PARK PALE,1,135328,133551
186542,HUNTING CLUB,1,134125,134003
186543,DEER COURSE,1,134074,134003
186544,FISH GARTH,1,133603,133551
186545,FISH LADDER,1,133603,133551
186546,FISH LOCK,1,133603,133551
186547,FISH TRAP,1,133603,133551
186548,FISHERY MOUND,1,133603,133551
186549,ORE CHUTE,1,153843,132062
186550,SALT CHUTE,1,182374,132062
186551,SUBMARINE CABLE STATION,1,135641,133272
186552,BEAMWORK,1,135415,132062
186553,ROCK CUT GRAVE,1,133865,133667
186565,STATION CANOPY,1,135244,134198
186566,AIRCRAFT TESTING SITE,1,132988,132062
186567,SLUICE HOUSE,1,134767,133420
186568,SLUICE HOUSE,1,144764,134417
186569,COUNTRY PARK,1,131941,131783
186570,SONAR STATION,1,136817,133297
186577,CYLINDER HOUSE,1,145590,132062
186578,CYLINDER HOUSE,1,140656,132062
186581,MAGNETOMETER,1,133272,133272
186792,INTELLIGENCE ANALYSIS BLOCK,1,185093,133272
186953,BASILICAN CHURCH,1,133683,133667
186954,RECYCLING CENTRE,1,132832,132062
186956,STORAGE CLAMP,1,134003,134003
187015,AIRMENS INSTITUTE,1,133480,133422
187016,STATIONERY WAREHOUSE,1,133268,133154
187017,SHOE WAREHOUSE,1,133268,133154
187018,HARDWARE WAREHOUSE,1,133268,133154
187019,FURNITURE WAREHOUSE,1,133268,133154
187020,FURNITURE SHOWROOM,1,133258,133154
187021,HARDWARE SHOWROOM,1,133258,133154
187022,FURNITURE WORKSHOP,1,135449,132062
187023,FURNITURE WORKSHOP,1,135514,132062
187024,HARDWARE FACTORY,1,132173,132062
187025,SOFT DRINKS FACTORY,1,132173,132062
187030,UPHOLSTERY WAREHOUSE,1,133268,133154
187031,UPHOLSTERY SHOWROOM,1,133258,133154
187037,MILL LODGE,1,134463,134417
187038,SEGMENTED DITCH,1,135508,143383
187039,DEMOLITION LAYER,1,185266,135088
187040,OCCUPATION LAYER,1,185266,135088
187045,SAFETY FUSE FACTORY,1,132173,132062
187046,SAFETY FUSE FACTORY,1,143600,143383
187047,VARNISH FACTORY,1,132173,132062
187048,VARNISH FACTORY,1,143600,143383
190236,BAR (LICENSED),1,134963,133154
190237,GREAT ROOM,1,131528,131528
190250,WINTER GARDEN,1,133551,133551
190251,NAVAL BATTLEFIELD,1,133324,133297
190252,NAVAL BATTLEFIELD,1,135066,135065
190253,MOTOR TRANSPORT SHED,1,209686,133297
190266,RING ENCLOSURE,1,135304,143383
190267,RING ENCLOSURE,1,134003,134003
190316,GENERAL SERVICE AEROPLANE SHED,1,182397,133297
190317,GENERAL SERVICE SHED,1,182397,133297
190318,GENERAL SERVICE FLIGHT SHED,1,182397,133297
190320,GENERAL SERVICE AEROPLANE REPAIR SHED,1,182397,133297
190321,AEROPLANE TWIN SHED,1,182397,133297
190322,WIND SCREEN,1,134207,134198
190323,TRADING SETTLEMENT,1,131653,131528
190324,LANDING CIRCLE,1,136839,133297
190325,SEAPLANE MOORING,1,135239,134198
190326,CHURCH OF PECULIAR PEOPLE,1,133705,133667
190327,VHF FIXER STATION,1,176417,133297
190329,STONE STORE,1,132835,132062
190331,WATERFRONT,1,135172,131783
190332,HELICOPTER TEST SITE,1,133297,133297
190333,HELICOPTER TEST RIG,1,190332,133297
190334,ROTOR TEST TOWER,1,190332,133297
190357,HEADSTOCK,1,132704,132062
190358,HEADSTOCK SUPPORT,1,132704,132062
190359,SHIP BREAKERS YARD,1,132431,132062
190360,SHIP BREAKERS YARD,1,135136,133420
190361,BYPRODUCT RECOVERY OVEN,1,135405,132062
190362,BYPRODUCT RECOVERY OVEN,1,132076,132062
190363,CONVEYOR,1,135797,132062
190364,ASTRONOMICAL CLOCK,1,183680,131783
190365,DIVER BATTERY,1,133301,133297
190366,DIVER BATTERY,1,136823,133297
190367,LIGHT ANTI AIRCRAFT (DIVER) BATTERY,1,133301,133297
190368,LIGHT ANTI AIRCRAFT (DIVER) BATTERY,1,136823,133297
190369,SINGLE GUN (DIVER) BATTERY,1,133301,133297
190370,SINGLE GUN (DIVER) BATTERY,1,136823,133297
190371,BUTTER WALK,1,133154,133154
190373,PRIMARY SCHOOL,1,133459,133422
190374,COAL DUTY BOUNDARY MARKER,1,190378,131783
190375,COAL DUTY BOUNDARY MARKER,1,190380,143383
190378,DUTY BOUNDARY MARKER,1,135171,131783
190380,DUTY BOUNDARY MARKER,1,131986,143383
190383,DUTY POST,1,190380,143383
190384,BEER CELLAR,1,131528,131528
190385,BEER CELLAR,1,133154,133154
190386,MEAT CELLAR,1,135401,132062
190387,MEAT CELLAR,1,135098,134003
190388,CHEMICAL STORE,1,135384,132062
190389,BOILER ROOM,1,135486,132062
190411,BARILLA MILL,1,132601,132062
190413,WARRENERS LODGE,1,134006,134003
190414,WARRENERS LODGE,1,144823,131528
190415,FRAMEWORK KNITTERS WORKSHOP,1,133059,132062
190416,FRAMEWORK KNITTERS WORKSHOP,1,145791,132062
190417,TOURNAMENT FIELD,1,133610,133551
190418,CIRCUMVALLATION,1,133336,133297
190419,BALLAST HILL,1,133420,133420
190422,TREE THROW,1,135509,143383
190425,BRINE CISTERN,1,182374,132062
190426,BRINE SHAFT,1,135415,132062
190427,CANABAE LEGIONIS,1,133136,133065
190439,TOWNSHIP BOUNDARY,1,135295,143383
191183,FORTIFIED BUILDING,1,133297,133297
191184,TRAVEL AGENTS,1,133154,133154
191185,SLAB BLOCK,1,135624,135088
191186,POINT BLOCK,1,135624,135088
191187,DECK ACCESS BLOCK,1,191185,135088
191188,BALCONY ACCESS BLOCK,1,135624,135088
191227,INSTITUTE FOR THE DEAF,1,133480,133422
191228,DISABLED PEOPLES HOME,1,134482,134482
191229,DISABLED PEOPLES HOME,1,133422,133422
191230,INSTITUTE FOR THE DEAF,1,134482,134482
191231,HOSPITAL FOR PEOPLE WITH LEARNING DIFFICULTIES,1,134492,134482
191233,CHILDRENS CARE HOME,1,134497,134482
191234,CHILDRENS CARE HOME,1,133422,133422
191237,CHILDRENS NURSING HOME,1,134497,134482
191238,CHILDRENS NURSING HOME,1,135017,131528
191239,RETAIL PARK,1,133154,133154
191245,PORTABLE BUILDING,1,135290,135088
191262,STUDY CENTRE,1,135322,133551
191280,ELECTRIC ENGINE,1,132749,132062
191281,OHEL,1,133667,133667
191282,DEPENDENT CHAPEL,1,133697,133667
191290,ISLAMIC SCHOOL,1,133423,133422
191297,SOUND LOCATOR EMPLACEMENT,1,136817,133297
191327,BULB STRIP,1,134133,134003
191328,BEE HOUSE,1,134016,134003
191329,WINTER BEE HOUSE,1,134016,134003
191442,ROCKWORK,1,143383,143383
191443,CHILDRENS ZOO,1,135341,133551
191444,CHILDRENS ZOO,1,135347,131783
191445,LLAMA HOUSE,1,133555,133551
191446,LEMUR ENCLOSURE,1,135726,133551
191448,FISHING SHIEL,1,135102,134003
191449,FISHING SHIEL,1,133420,133420
191450,TYNESIDE FLAT,1,131753,131528
191451,MONUMENTAL CHAMBER,1,133767,133667
191481,SHIP GRAVEYARD,1,133420,133420
191846,AEROPLANE TWIN SHED,1,134204,134198
191847,GENERAL SERVICE AEROPLANE REPAIR SHED,1,134204,134198
191848,GENERAL SERVICE AEROPLANE SHED,1,134204,134198
191849,GENERAL SERVICE FLIGHT SHED,1,134204,134198
191850,GENERAL SERVICE SHED,1,134204,134198
191851,ANTI SEAPLANE OBSTACLE,1,135111,133297
191852,HANGAR,1,182396,133297
191853,AIRSHIP HANGAR,1,191852,133297
191854,WIND SCREEN,1,191853,133297
191855,STEEPING TANK,1,145515,132062
191856,SALT BATHS,1,135198,134417
191857,THERMAL BATHS,1,135198,134417
191858,TURKISH BATHS,1,135198,134417
191859,SLIPPER BATHS,1,135198,134417
191860,MINERAL BATHS,1,135198,134417
191861,CANNON BORING MILL,1,136708,132062
191862,BRASS FOUNDRY,1,132959,132062
191863,BRASS FOUNDRY,1,145529,132062
191864,ACCOMMODATION BRIDGE,1,143703,143383
191865,CANAL BRIDGE,1,143703,143383
191866,FOOTBRIDGE,1,143703,143383
191867,PACKHORSE BRIDGE,1,143703,143383
191868,RAILWAY BRIDGE,1,143703,143383
191869,ROAD BRIDGE,1,143703,143383
191870,ROVING BRIDGE,1,143703,143383
191871,TOLL BRIDGE,1,143703,143383
191872,TOWING PATH BRIDGE,1,143703,143383
191873,TRAMWAY BRIDGE,1,143703,143383
191875,ORNAMENTAL BRIDGE,1,135240,134198
191876,CHAMBERED CAIRN,1,144585,133667
191877,LONG CAIRN,1,144585,133667
191878,RING CAIRN,1,144585,133667
191880,SQUARE CAIRN,1,144585,133667
191881,ARTILLERY CASTLE,1,131576,143383
191882,SIEGE CASTLE,1,131576,143383
191883,ALUM WORKS,1,132285,132062
191884,PHARMACEUTICAL WORKS,1,132285,132062
191885,LIME WORKS,1,145521,132062
191886,DISTILLATION PLANT,1,145521,132062
191887,AMMONIUM PERCHLORATE WORKS,1,145521,132062
191888,PHENOL WORKS,1,145521,132062
191889,TOLUENE WORKS,1,145521,132062
191890,PICRIC ACID WORKS,1,145521,132062
191891,ORPHANAGE,1,135017,131528
191893,CHILDRENS CARE HOME,1,135017,131528
191894,BRICKEARTH PIT,1,132120,132062
191895,CLOG MILL,1,132186,132062
191896,HEEL FACTORY,1,132848,132062
191897,LAST WORKS,1,132848,132062
191898,FRAMEWORK KNITTERS COTTAGE,1,145787,132062
191899,CLOTH CUTTERS WORKSHOP,1,145787,132062
191900,CHIEF INSTRUCTORS BLOCK (5740/36),1,134202,134198
191901,DUTY PILOTS OFFICE (2072/26),1,134202,134198
191902,ROYAL NAVAL AIR STATION CONTROL TOWER,1,134202,134198
191903,BOMBER SATELLITE STATION WATCH OFFICE,1,182741,134198
191904,FIGHTER SATELLITE STATION WATCH OFFICE,1,182741,134198
191905,NIGHT FIGHTER STATION WATCH OFFICE,1,182741,134198
191906,TRAINING SCHOOL WATCH OFFICE (641/41),1,182741,134198
191907,WATCH OFFICE (12779/41),1,182741,134198
191908,WATCH OFFICE (1072/26),1,182741,134198
191909,WATCH OFFICE (1597/27),1,182741,134198
191910,WATCH OFFICE (1959/34),1,182741,134198
191911,WATCH OFFICE (13726/41),1,191903,134198
191912,WATCH OFFICE (14383/40),1,191904,134198
191913,WATCH OFFICE (17658/40),1,191904,134198
191914,WATCH OFFICE (18441/40),1,191904,134198
191915,WATCH OFFICE (3156/41),1,191904,134198
191916,WATCH OFFICE (15684/41),1,191905,134198
191917,COTTON WASTE WORKS,1,177414,132062
191918,NAVAL DOCKYARD,1,134265,134198
191919,ARTIFICIAL DYE WORKS,1,132882,132062
191921,DRAW DOCK,1,134264,134198
191922,HALF TIDE DOCK,1,134264,134198
191923,WET DOCK,1,134264,134198
191924,FLOATING DOCK,1,134264,134198
191925,RIVER DOCK,1,134609,133420
191926,CANAL DOCK,1,134609,133420
191927,CROSS DYKE,1,154063,133297
191929,STEAM CRANE,1,143723,143383
191930,HAND CRANE,1,143723,143383
191931,QUAY CRANE,1,143723,143383
191932,COALING CRANE,1,143723,143383
191935,FLINT MILL,1,132515,132062
191936,BARILLA MILL,1,132515,132062
191939,REFRESHMENT ROOMS,1,135323,133551
191940,RESTAURANT,1,135323,133551
191941,BUFFET,1,135323,133551
191942,CAFE,1,135323,133551
191943,CHOCOLATE HOUSE,1,135323,133551
191944,TEMPERANCE PUBLIC HOUSE,1,135323,133551
191945,COFFEE BAR,1,135323,133551
191946,COFFEE HOUSE,1,135323,133551
191947,LICENSED PREMISES,1,135323,133551
191948,TEA ROOM,1,135323,133551
191949,TAKE-AWAY,1,135323,133551
191950,BANQUETING HOUSE,1,134946,133154
191951,TEA HOUSE,1,134946,133154
191953,REFRESHMENT PAVILION,1,134946,133154
191956,EATING HOUSE,1,135323,133551
191957,SCYTHE MILL,1,145533,132062
191958,ENCLOSED HUT CIRCLE SETTLEMENT,1,133349,133297
191959,CLOTHES LINE ENCLOSURE,1,133349,133297
191963,PALISADED SETTLEMENT,1,133349,133297
191964,PALISADED ENCLOSURE,1,131625,131528
191966,OPPIDUM,1,131625,131528
191971,AGRICULTURAL ENGINEERING WORKS,1,145534,132062
191972,MARINE ENGINEERING WORKS,1,135747,132062
191973,COACH WORKS,1,135747,132062
191974,RAILWAY CARRIAGE WORKS,1,135747,132062
191975,CARRIAGE WORKS,1,135747,132062
191976,RAILWAY WAGON WORKS,1,135747,132062
191977,BOILER WORKS,1,135747,132062
191979,HORTICULTURAL HALL,1,133597,133551
191980,TRADE HALL,1,133597,133551
191981,AGRICULTURAL HALL,1,133597,133551
191982,HORTICULTURAL HALL,1,133464,133422
191983,TRADE HALL,1,133464,133422
191984,AGRICULTURAL HALL,1,133464,133422
191985,ENCLOSED OPPIDUM,1,133326,133297
191986,ENCLOSED OPPIDUM,1,191966,131528
191987,CHINA FACTORY,1,143600,143383
191988,GLUE FACTORY,1,143600,143383
191989,HORSEHAIR FACTORY,1,143600,143383
191990,SOAP FACTORY,1,143600,143383
191991,LEATHER FACTORY,1,143600,143383
191992,RIBBON FACTORY,1,143600,143383
191993,PLASTICS FACTORY,1,143600,143383
191994,FOOD PROCESSING PLANT,1,143600,143383
191995,FURNITURE FACTORY,1,143600,143383
191996,LINOLEUM FACTORY,1,143600,143383
191997,MATCH FACTORY,1,143600,143383
191998,MUNITIONS FACTORY,1,143600,143383
191999,MUSICAL INSTRUMENT FACTORY,1,143600,143383
192000,NAIL FACTORY,1,143600,143383
192001,ORDNANCE FACTORY,1,143600,143383
192002,PAINT FACTORY,1,143600,143383
192003,PIN FACTORY,1,143600,143383
192004,SWORD FACTORY,1,143600,143383
192005,TOBACCO FACTORY,1,143600,143383
192006,TOY FACTORY,1,143600,143383
192007,WALLPAPER FACTORY,1,143600,143383
192008,WAX FACTORY,1,143600,143383
192009,BLACKING FACTORY,1,143600,143383
192010,BRUSH FACTORY,1,143600,143383
192011,CANDLE FACTORY,1,143600,143383
192012,CLOTHING FACTORY,1,143600,143383
192013,ARTIFICIAL LIMB FACTORY,1,143600,143383
192014,CEMENT WORKS,1,143600,143383
192015,GLASS WORKS,1,143600,143383
192016,POTTERY WORKS,1,143600,143383
192017,ICE WORKS,1,143600,143383
192018,CHEMICAL WORKS,1,143600,143383
192019,DYE WORKS,1,143600,143383
192020,UPHOLSTERY WORKS,1,143600,143383
192021,COTTON WASTE WORKS,1,143600,143383
192022,METAL WORKS,1,143600,143383
192023,RUBBER WORKS,1,143600,143383
192024,CHAIN WORKS,1,143600,143383
192025,CUTLERY WORKS,1,143600,143383
192026,EDGE TOOL WORKS,1,143600,143383
192027,PRINTING WORKS,1,143600,143383
192028,BOTTLE WORKS,1,143600,143383
192029,CANVAS WORKS,1,143600,143383
192030,VEHICLE FACTORY,1,143600,143383
192031,ELECTRICAL GOODS FACTORY,1,143600,143383
192032,ESSENCE FACTORY,1,143600,143383
192033,PEN FACTORY,1,143600,143383
192034,WHISTLE FACTORY,1,143600,143383
192035,BEDSTEAD WORKS,1,143600,143383
192036,CRUCIBLE FACTORY,1,143600,143383
192037,HARDWARE FACTORY,1,143600,143383
192038,SOFT DRINKS FACTORY,1,143600,143383
192039,MISSILE FACTORY,1,143600,143383
192040,MINERAL WATER FACTORY,1,143600,143383
192041,ELECTRONICS FACTORY,1,143600,143383
192042,TALLOW FACTORY,1,143600,143383
192043,FLOORCLOTH FACTORY,1,143600,143383
192044,NAVAL GUNNERY RANGE,1,133602,133551
192045,FISH WEIR,1,186547,133551
192046,FLINT KILN,1,191935,132062
192047,CHICORY KILN,1,132422,132062
192048,CHAFERY,1,132487,132062
192049,FINERY,1,132487,132062
192054,AISLED HOUSE,1,143543,143383
192055,END JETTY HOUSE,1,143543,143383
192056,FLOATING HARBOUR,1,134209,134198
192058,ACCIDENT HOSPITAL,1,135351,133667
192059,ADMISSION HOSPITAL,1,135351,133667
192060,CONVALESCENT HOSPITAL,1,135351,133667
192061,COTTAGE HOSPITAL,1,135351,133667
192062,DAY HOSPITAL,1,135351,133667
192063,GENERAL HOSPITAL,1,135351,133667
192064,HYDROPATHIC INSTITUTE,1,135351,133667
192065,INCURABLES HOSPITAL,1,135351,133667
192066,INEBRIATE REFORMATORY,1,135351,133667
192067,MILITARY HOSPITAL,1,135351,133667
192069,ROYAL AIR FORCE HOSPITAL,1,135351,133667
192070,ROYAL NAVAL HOSPITAL,1,135351,133667
192071,SANATORIUM,1,135351,133667
192072,SEAMENS HOSPITAL,1,135351,133667
192074,SUBSCRIPTION HOSPITAL,1,135351,133667
192075,TEACHING HOSPITAL,1,135351,133667
192077,CHARTIST COLONY HOUSE,1,143504,143383
192078,CLERICAL DWELLING,1,143504,143383
192079,CORRODY HOUSE,1,143504,143383
192080,COUNCIL HOUSE,1,143504,143383
192081,COUNTRY HOUSE,1,143504,143383
192082,DOWER HOUSE,1,143504,143383
192083,ENGINEERS HOUSE,1,143504,143383
192084,ESTATE COTTAGE,1,143504,143383
192085,FARM LABOURERS COTTAGE,1,143504,143383
192086,FARMHOUSE,1,143504,143383
192088,GREAT HOUSE,1,143504,143383
192089,GUEST COTTAGE,1,143504,143383
192090,HEALTH WORKERS HOUSE,1,143504,143383
192091,INDUSTRIAL HOUSE,1,143504,143383
192092,LOW HOUSE,1,143504,143383
192093,MANAGERS HOUSE,1,143504,143383
192094,MANOR HOUSE,1,143504,143383
192095,MANSION HOUSE,1,143504,143383
192096,MARITIME HOUSE,1,143504,143383
192097,MARSHMANS COTTAGE,1,143504,143383
192098,MERCHANTS HOUSE,1,143504,143383
192099,MINKA,1,143504,143383
192100,OFFICIAL RESIDENCE,1,143504,143383
192101,POLICE HOUSE,1,143504,143383
192102,PRISON GOVERNORS HOUSE,1,143504,143383
192103,RANGERS HOUSE,1,143504,143383
192104,REGISTRARS HOUSE,1,143504,143383
192105,SQUATTERS COTTAGE,1,143504,143383
192106,STEWARDS HOUSE,1,143504,143383
192107,TEXTILE WORKERS COTTAGE,1,143504,143383
192108,TOFT,1,143504,143383
192109,TOWN HOUSE,1,143504,143383
192110,TRANSPORT WORKERS HOUSE,1,143504,143383
192111,TREASURERS HOUSE,1,143504,143383
192112,VERDERERS COTTAGE,1,143504,143383
192113,VILLA,1,143504,143383
192114,WATERWORKS COTTAGE,1,143504,143383
192115,WELL KEEPERS COTTAGE,1,143504,143383
192116,CLOTH CUTTERS COTTAGE,1,135683,132062
192117,APPRENTICE HOUSE,1,192091,143383
192118,CLOTH CUTTERS COTTAGE,1,192091,143383
192119,CLOTHIERS HOUSE,1,192091,143383
192120,COTTAGE FACTORY,1,192091,143383
192121,FOREMANS HOUSE,1,192091,143383
192122,FRAMEWORK KNITTERS COTTAGE,1,192091,143383
192123,GLOVERS COTTAGE,1,192091,143383
192124,HOSIERS COTTAGE,1,192091,143383
192125,LACEMAKERS COTTAGE,1,192091,143383
192126,LIMEHOUSE,1,192091,143383
192127,MILL HOUSE,1,192091,143383
192128,SMITHS COTTAGE,1,192091,143383
192129,WEAVERS COTTAGE,1,192091,143383
192130,WORKERS COTTAGE,1,192091,143383
192136,BRICK KILN,1,143505,143383
192137,BYPRODUCT RECOVERY OVEN,1,143505,143383
192138,CALCINER,1,143505,143383
192139,CALCINING KILN,1,143505,143383
192140,CHICORY KILN,1,214826,143383
192141,CLAY PIPE KILN,1,143505,143383
192142,COKE OVEN,1,143505,143383
192143,DRYING KILN,1,143505,143383
192144,ELLING HEARTH,1,143505,143383
192145,HOP KILN,1,143505,143383
192146,LIME KILN,1,143505,143383
192147,MALT KILN,1,143505,143383
192148,OASTHOUSE,1,143505,143383
192149,POTASH KILN,1,143505,143383
192150,POTTERY KILN,1,143505,143383
192151,SODA KILN,1,143505,143383
192152,BOATING LAKE,1,144103,134417
192153,LENDING LIBRARY,1,133624,133551
192154,REFERENCE LIBRARY,1,133624,133551
192155,PUBLIC LIBRARY,1,133624,133551
192156,BOLT WORKS,1,135473,132062
192157,ELECTRICAL ENGINEERING WORKS,1,145567,132062
192158,HIGH LIGHT,1,135179,133272
192159,LOW LIGHT,1,135179,133272
192160,ROADSIDE LIGHTHOUSE,1,134762,133420
192161,SEA LOCK,1,135243,134198
192162,CANAL LOCK,1,134771,133420
192163,FLASH LOCK,1,134771,133420
192164,FLOOD LOCK,1,134771,133420
192165,JUNCTION LOCK,1,134771,133420
192166,GUILLOTINE LOCK,1,134771,133420
192167,POUND LOCK,1,134771,133420
192168,RIVER LOCK,1,134771,133420
192169,STOP LOCK,1,134771,133420
192170,TIDAL LOCK,1,134771,133420
192172,ASSART,1,131976,131783
192173,BOAT SHED,1,134679,133420
192174,BLOCK MILL,1,145776,132062
192175,BOAT SHED,1,145776,132062
192176,CHAIN LOCKER SHOP,1,145776,132062
192177,COLOUR LOFT,1,145776,132062
192178,HOOP HOUSE,1,145776,132062
192179,MAST HOUSE,1,145776,132062
192180,MOULD LOFT,1,145776,132062
192181,RIGGING HOUSE,1,145776,132062
192182,SAIL LOFT,1,145776,132062
192183,SLIP SHED,1,145776,132062
192185,GALVANIZING WORKSHOP,1,144943,132062
192186,NAILERS ROW,1,145801,132062
192187,WATCHMAKERS WORKSHOP,1,145801,132062
192188,CUTLERY WORKSHOP,1,154163,132062
192189,GALVANIZING WORKSHOP,1,154163,132062
192190,BRASS WORKS,1,154164,132062
192191,BRITANNIA METAL WORKS,1,154164,132062
192192,COPPER WORKS,1,154164,132062
192193,GRINDERY,1,154164,132062
192194,LEAD WORKS,1,154164,132062
192195,PEWTER WORKS,1,154164,132062
192196,IRON WORKS,1,154164,132062
192197,PLATING WORKS,1,154164,132062
192198,SHEET METAL WORKS,1,154164,132062
192199,ZINC WORKS,1,154164,132062
192200,LANDING CIRCLE,1,135311,134198
192201,LANDING CIRCLE,1,136838,133297
192202,BASCULE BRIDGE,1,136734,134198
192203,CARBONISING SHED,1,132898,132062
192204,CARBONISING SHED,1,177428,132062
192205,FILLING FACTORY,1,132204,132062
192206,SHELL FACTORY,1,132204,132062
192207,SMALL ARMS AMMUNITION FACTORY,1,132204,132062
192208,ROCK BRIDGE,1,178415,143383
192209,TRAVELLING OVERHEAD CRANE,1,141155,134198
192210,PALISADED HILLTOP ENCLOSURE,1,135302,133297
192211,HOLLOW POST MILL,1,143607,143383
192212,TERRACOTTA WORKS,1,192016,143383
192213,CALICO PRINTING WORKS,1,192027,143383
192214,CALICO PRINTING WORKS,1,132721,132062
192215,WINE LODGE,1,133641,133551
192218,PUMP ROOM,1,132808,132062
192219,UNDERGROUND RAILWAY TUNNEL,1,135259,134198
192220,BUST,1,136588,131783
192221,HOVERCRAFT TERMINAL,1,144643,134198
192222,OCEAN LINER TERMINAL,1,144643,134198
192223,CONTAINER TERMINAL,1,144643,134198
192224,FERRY TERMINAL,1,144643,134198
192225,COAST ARTILLERY SEARCHLIGHT,1,136822,133297
192226,COASTAL FISH WEIR,1,192045,133551
192227,CAMELLIA HOUSE,1,144043,134003
192228,CONSERVATORY,1,144043,134003
192229,FERNERY (GLASSHOUSE),1,144043,134003
192230,HOTHOUSE,1,144043,134003
192231,ORANGERY,1,144043,134003
192232,PALM HOUSE,1,144043,134003
192233,PINERY,1,144043,134003
192234,TEMPERATE HOUSE,1,144043,134003
192235,VINERY,1,144043,134003
192236,WATER LILY HOUSE,1,144043,134003
192237,ORCHARD HOUSE,1,144043,134003
192238,FIG HOUSE,1,144043,134003
192239,MARINE LABORATORY,1,135419,132062
192250,CANAL WHARF,1,134675,133420
192251,RIVER WHARF,1,134675,133420
192252,JOINERS SHOP,1,145802,132062
192253,CRATEMAKERS SHOP,1,145802,132062
192254,CARPET WEAVERS WORKSHOP,1,135682,132062
192255,TAPESTRY WEAVING WORKSHOP,1,135682,132062
192256,CARPET WEAVERS WORKSHOP,1,135763,132062
192257,TAPESTRY WEAVING WORKSHOP,1,135763,132062
192258,TAPE SIZING WORKS,1,132625,132062
192259,BEAM ENGINE,1,132752,132062
192260,COMPOUND STEAM ENGINE,1,132752,132062
192261,HORIZONTAL STEAM ENGINE,1,132752,132062
192262,TRACTION STEAM ENGINE,1,132752,132062
192263,VERTICAL STEAM ENGINE,1,132752,132062
192264,CARBONISING SHED,1,132901,132062
192265,CARBONISING SHED,1,177434,132062
192266,FABRICATION SHED,1,145554,132062
192267,GRIDIRON,1,145554,132062
192268,PLATE RACK,1,145554,132062
192269,SHIPHOUSE FRAME,1,145554,132062
192270,PLATERS SHOP,1,145554,132062
192271,ANCHOR WORKS,1,191972,132062
192272,FABRICATION SHED,1,191972,132062
192273,GRIDIRON,1,191972,132062
192274,PLATE RACK,1,191972,132062
192275,SHIPHOUSE FRAME,1,191972,132062
192276,PLATERS SHOP,1,191972,132062
192277,CANAL MILEPOST,1,132004,131783
192278,OUTFALL SEWER,1,144726,134417
192279,LOGWOOD MILL,1,145304,132062
192280,BARK MILL,1,145304,132062
192281,LIVERY STABLE,1,134177,134003
192282,COACHING INN STABLE,1,134177,134003
192283,RAILWAY STABLE,1,134177,134003
192284,TRAMWAY STABLE,1,134177,134003
192285,MULTI STOREY STABLE,1,134177,134003
192286,HACKNEY STABLE,1,134177,134003
192287,STREAMWORK,1,133051,132062
192288,CANABAE LEGIONIS,1,131760,131528
192289,CATTLE TROUGH,1,132026,131783
192290,DOG TROUGH,1,134038,134003
192291,DROVERS HOUSE,1,144835,131528
192292,SHEPHERDS HUT,1,144835,131528
192293,HERDERS HOUSE,1,144835,131528
192294,CONDUIT HEAD,1,134767,133420
192295,CONDUIT HOUSE,1,134767,133420
192296,DAM,1,134767,133420
192297,DRAINAGE MILL,1,134767,133420
192298,DRAINAGE SYSTEM,1,134767,133420
192299,FLOOD DEFENCES,1,134767,133420
192300,PUMPING STATION,1,134767,133420
192301,RIVER INTAKE GAUGE,1,134767,133420
192302,SEWER INSPECTION CHAMBER,1,134767,133420
192303,SLUICE GATE,1,134767,133420
192304,SOAKAWAY,1,134767,133420
192305,VALVE HOUSE,1,134767,133420
192306,VALVE TOWER,1,134767,133420
192307,WEIR,1,192296,133420
192308,BALANCE BEAM,1,144764,134417
192309,CULVERT,1,144764,134417
192310,DOCK BASIN,1,144764,134417
192311,DOCK GATE,1,144764,134417
192312,GAUGE HOUSE,1,144764,134417
192313,LOCK,1,144764,134417
192314,LOCK CHAMBER,1,144764,134417
192315,LOCK GATE,1,144764,134417
192316,LOCK SILL,1,144764,134417
192317,TIDAL BASIN,1,144764,134417
192318,TIDAL DOOR,1,144764,134417
192319,TIDAL LOCK,1,192313,134417
192320,TIDE GAUGE,1,144764,134417
192321,FLOOD RELIEF CANAL,1,192299,133420
192322,MILITARY CANAL,1,132060,134417
192323,SHIP CANAL,1,132060,134417
192324,TURRET,1,133355,133297
192325,ROUND CAIRN,1,144585,133667
192326,CHAMBERED ROUND CAIRN,1,192325,133667
192327,KERB CAIRN,1,192325,133667
192328,CAIRN CIRCLE,1,192325,133667
192329,KERB CIRCLE,1,192325,133667
192345,HAY AND STRAW MARKET,1,133236,133154
192346,OUTDOOR PLAYHOUSE,1,133640,133551
192347,INN THEATRE,1,133227,133154
192348,INN THEATRE,1,135032,131528
192349,INN THEATRE,1,133640,133551
192398,SEWAGE FARM,1,134085,134003
192479,ORTHODOX CHURCH,1,133683,133667
192928,RADAR STATION,1,136818,133297
193677,STOP GATE,1,134241,134198
193678,ELECTRICITY GENERATING HALL,1,135433,132062
193679,SUPREME COURT,1,133095,133065
193680,MATZEVAH,1,133868,133667
193681,SEPHARDI MATZEVAH,1,193680,133667
193682,ASHKENAZI MATZEVAH,1,193680,133667
193683,SIGNAL POST,1,135195,133272
193684,GAUGING STATION,1,134232,134198
193685,GAUGING STATION,1,191926,133420
193990,MUSLIM CEMETERY,1,133832,133667
195795,PARACHUTE AND CABLE LAUNCHER,1,185089,133297
195841,ELECTRICITY DISTRIBUTION CABINET,1,135433,132062
195842,ELECTRICITY DISTRIBUTION CABINET,1,135171,131783
195843,FURNITURE SHOP,1,133254,133154
195844,OUTFITTER,1,133254,133154
195851,CHARCOAL RETORT,1,135406,132062
195854,CIVIL DEFENCE TRAINING GROUND,1,136813,133297
196114,BABY GARDEN,1,183894,133667
196119,SHEMOT,1,133767,133667
196226,DEVIANT BURIAL,1,133786,133667
196516,BARK POT,1,135102,134003
196520,PLUNGE POOL,1,132049,131783
196521,FOOTPRINT,1,143383,143383
196523,TOWN QUARTER,1,133136,133065
196524,TOWN QUARTER,1,131760,131528
196579,IRONSTONE LEVEL,1,132966,132062
196580,IRONSTONE LEVEL,1,132503,132062
196581,SUBMERGED LANDSCAPE,1,135509,143383
196584,CHAMBERED LONG CAIRN,1,191877,133667
196585,BULL PIT,1,133561,133551
196586,SAVIGNIAC CELL,1,133911,133667
196587,WAYMARKER CROSS,1,133755,133667
196588,CHAMBERED LONG CAIRN,1,191876,133667
196589,CHAMBERED ROUND CAIRN,1,191876,133667
196590,NOVICES ROOM,1,144343,131528
196592,STAKE CIRCLE,1,181217,135088
196593,PETRIFYING WELL,1,134477,134417
196594,CHOLERA BURIAL GROUND,1,133832,133667
196596,MORTAR CRATER,1,135088,135088
196597,FIREBREAK,1,143383,143383
196598,FIRE PIT,1,135300,135088
196599,SILICA QUARRY,1,135415,132062
196600,MULTIVALLATE RAMPART,1,133394,133297
196645,JIGGING MILL,1,132579,132062
196646,JIGGING MILL,1,153843,132062
196648,KERBED MOUND,1,135357,143383
196654,BAIT SHED,1,135101,135088
196655,BAIT SHED,1,135102,134003
197097,GAS CHAMBER,1,140616,133297
197183,PAVEMENT LIGHTS,1,135171,131783
197252,SEAGULL TRENCH,1,182749,133297
197255,DUCK POND,1,134441,134417
197257,JANAZGAH,1,133897,133667
197341,GRAVE LINING,1,133667,133667
197342,STONE STORE,1,134003,134003
197343,WHINSTONE MINE,1,132676,132062
197344,TRIAL LEVEL,1,132676,132062
197424,TURF CUTTING,1,132062,132062
197425,WORKERS TEMPORARY SETTLEMENT,1,132062,132062
197426,WORKERS TEMPORARY SETTLEMENT,1,131653,131528
197427,ANIMAL FOOD PROCESSING PLANT,1,132062,132062
197428,PET FOOD FACTORY,1,197427,132062
197486,ADMIRALTY SIGNAL STATION,1,136818,133297
197608,PIGEON CREE,1,133555,133551
202678,NONCONFORMIST CEMETERY,1,133832,133667
202679,ROOF TOP CAR PARK,1,134245,134198
202680,COURTIERS HOUSE,1,135169,131528
202681,COURTIERS HOUSE,1,143504,143383
202690,CROSSROADS,1,134362,134198
202691,ROADWAY,1,134220,134198
202692,CYCLE PATH,1,134198,134198
202694,AVENUE (ROAD),1,134220,134198
202695,LORDS CHAPEL,1,133734,133667
202696,FUNERAL CHAPEL,1,133734,133667
202697,HERMITAGE (GARDEN),1,131783,131783
202704,FUNERARY ENCLOSURE,1,133767,133667
202705,FUNERARY BUILDING,1,133767,133667
202706,SINGLE AISLED BARN,1,135871,134003
202707,SINGLE AISLED BARN,1,141396,143383
202708,SINGLE AISLED BARN,1,141157,143383
202709,PLANNED SETTLEMENT,1,131653,131528
202710,GARDEN CITY,1,202709,131528
202711,NEW TOWN,1,202709,131528
202712,SUBURB,1,131653,131528
202713,SCIENCE PARK,1,182063,133154
202714,OLYMPIC VLLAGE,1,131653,131528
202715,TRILITHON,1,133977,133667
202716,TROPHY,1,135067,135065
202717,GUARD TOWER,1,133414,135088
202718,CAMPUS,1,133422,133422
202719,CAMPSITE,1,133551,133551
202720,DABBIN,1,135169,131528
202721,DABBIN,1,143504,143383
202722,PELOTA COURT,1,144464,133551
202723,TRANSIT TELESCOPE,1,133661,133422
202724,SEISMOLOGY STATION,1,133427,133422
202725,CABARET,1,135326,133551
202726,INDOOR SWIMMING POOL,1,135338,133551
202727,OUTDOOR SWIMMING POOL,1,135338,133551
202729,CAVALRY BARRACKS,1,134692,131528
202730,WALL WALK,1,184555,133297
202731,HOARDING (FORTIFICATION),1,184555,133297
202732,ANIMAL CREMATORIUM,1,133863,133667
202734,BROTHEL,1,133154,133154
202737,DEER TRAP,1,134034,134003
202738,DEER TRAP,1,135130,134003
202739,DEER TRAP,1,135715,133551
202749,HAMMER MILL,1,145663,132062
202750,HAMMER MILL,1,154164,132062
202751,HAMMER MILL,1,192022,143383
202752,CLOCK FACTORY,1,132173,132062
202753,CLOCK FACTORY,1,143600,143383
202754,CLOCK FACTORY,1,135472,132062
202755,CLOCK FACTORY,1,145566,132062
202756,ORGAN FACTORY,1,191999,143383
202757,PIANO FACTORY,1,191999,143383
202758,VIOLIN FACTORY,1,191999,143383
202759,BEARING FACTORY,1,135473,132062
202760,BEARING FACTORY,1,145567,132062
202761,CABLE FACTORY,1,132477,132062
202762,CABLE FACTORY,1,192157,132062
202763,ELECTRICAL EQUIPMENT FACTORY,1,132477,132062
202764,ELECTRICAL EQUIPMENT FACTORY,1,192157,132062
202765,COSMETICS FACTORY,1,135390,132062
202766,INK FACTORY,1,135386,132062
202767,INK FACTORY,1,132173,132062
202768,INK FACTORY,1,143600,143383
202769,TEXTILE PRINTING WORKS,1,135443,132062
202770,CALICO PRINTING WORKS,1,202769,132062
202771,CHAMOIS LEATHER WORKS,1,132845,132062
202772,CHAMOIS LEATHER WORKS,1,132197,132062
202773,CHAMOIS LEATHER WORKS,1,191991,143383
202774,TAWING WORKS,1,135381,132062
202775,FUR FACTORY,1,135380,132062
202776,ANIMAL HAIR FACTORY,1,135380,132062
202777,UMBRELLA AND CANE WORKS,1,132173,132062
202778,UMBRELLA AND CANE WORKS,1,143600,143383
202779,CABINETMAKERS,1,144983,132062
202780,CABINETMAKERS,1,145802,132062
202781,CORK PROCESSING WORKS,1,132940,132062
202782,CORK FACTORY,1,202781,132062
202783,DRYING GROUND,1,132062,132062
202784,TENTER GROUND,1,202783,132062
202790,SERVICE SHAFT,1,135545,135088
202791,WAY MARKER,1,135247,134198
202792,LOCK FLIGHT,1,134241,134198
202793,PENSTOCK,1,134767,133420
202794,PENSTOCK,1,144764,134417
202795,MANHOLE,1,134767,133420
202796,MANHOLE,1,144764,134417
202797,FEEDER CHANNEL,1,134429,134417
202798,MULTI LEVEL BRIDGE,1,135240,134198
202799,MULTI LEVEL BRIDGE,1,143703,143383
202800,AERIAL LIFT,1,135242,134198
202801,CABLEWAY,1,202800,134198
202802,MARQUEE,1,131811,131783
202807,VERJUICE PRESS,1,135098,134003
202808,VERJUICE PRESS,1,135404,132062
202809,WATER FEATURE,1,131783,131783
202810,REFLECTING POOL,1,202809,131783
202811,QUINCUNX,1,131783,131783
202812,PLANT BED,1,131783,131783
202813,ORNAMENTAL CLEARING,1,131783,131783
202814,SQUARE PARTERRE,1,131968,131783
202815,TURF PARTERRE,1,131968,131783
202820,INSTITUTE FOR THE BLIND,1,134482,134482
202821,WATER SPORTS CENTRE,1,133551,133551
202828,GIOCHI D'ACQUA,1,202809,131783
202829,CORBEILLE,1,131949,131783
202830,PATTE D'OIE,1,135647,131783
202848,QUONSET HUT,1,139302,133297
202850,ROMNEY HUT,1,139302,133297
202852,MINISTRY OF SUPPLY TIMBER HUT,1,139302,133297
202853,SECTIONAL HUT (TYPE A),1,139302,133297
202854,SECTIONAL HUT (TYPE B),1,139302,133297
202855,XYZ HUT,1,139302,133297
202856,HALF BRICK HUT,1,139302,133297
202857,JANE CORRUGATED IRON HUT,1,139302,133297
202858,LAING HUT,1,139302,133297
202859,MINISTRY OF SUPPLY LIVING HUT,1,139302,133297
202860,SECO HUT,1,139302,133297
202861,SECO HUT,1,133065,133065
202862,TURNERS CURVED ASBESTOS HUT,1,139302,133297
202863,HANDCRAFT HUT,1,139302,133297
202864,CTESIPHON HUT,1,139302,133297
202865,MAYCRETE HUT,1,139302,133297
202866,NASHCRETE HUT,1,139302,133297
202867,NASHCRETE HUT,1,133065,133065
202868,MINISTRY OF WORKS STANDARD HUT,1,139302,133297
202869,ORLIT HUT,1,139302,133297
202870,ORLIT HUT,1,133065,133065
202871,BRITISH CONCRETE FEDERATION HUT,1,139302,133297
202872,BCF FLAT ROOF HUT,1,202871,133297
202873,BCF LIGHT HUT,1,202871,133297
202876,PSYCHIATRIC WARD,1,144183,134482
202877,JUVENILE WARD,1,144183,134482
202878,LEARNING DISABILITY HOSPITAL,1,135140,134482
202879,PHYSICAL DISABILITY HOSPITAL,1,135140,134482
202880,MINISTRY OF WORKS HALL HUT,1,135826,131528
202888,PAVILION SCHOOL,1,133423,133422
202892,PLATFORM SHELTER,1,135244,134198
202893,OILCLOTH MILL,1,135438,132062
202896,SHEEP WASH,1,134015,134003
202945,ORNAMENTAL FOUNTAIN,1,144747,134417
202946,SHELL FOUNTAIN,1,144747,134417
202947,TRICK FOUNTAIN,1,144747,134417
202953,BELL MAST,1,132062,132062
202954,PRODUCTIVE WALLED GARDEN,1,131799,131783
202955,PRODUCTIVE WALLED GARDEN,1,131918,131783
202956,BACK SHED,1,131811,131783
202957,DIPPING POND,1,134441,134417
202958,FRAME YARD,1,131783,131783
202959,SLIP (GARDEN),1,131783,131783
202960,IMMIGRATION CENTRE,1,135164,133065
204012,VEGETABLE CHUTE,1,134006,134003
204033,CYCLE LANE,1,202692,134198
204034,CYCLE LANE,1,134249,134198
204049,SAVINGS BANK,1,135601,133154
204073,AIR RAID PRECAUTIONS CENTRE,1,185065,133297
204074,AIR RAID PRECAUTIONS LANTERN,1,185065,133297
204075,AIR RAID PRECAUTIONS OBSERVATION POST,1,185065,133297
204076,AIR RAID PRECAUTIONS REPORT CENTRE,1,185065,133297
204077,AIR RAID PRECAUTIONS SIGN,1,185065,133297
204078,AIR RAID PRECAUTIONS SIGNAL BOX,1,185065,133297
204079,AIR RAID PRECAUTIONS STORE,1,185065,133297
204080,AIR RAID PRECAUTIONS TRAINING CENTRE,1,185065,133297
204081,AIR RAID WARNING SIREN,1,185065,133297
204082,FIREWATCHERS POST,1,185065,133297
204083,MACHINE GUN EMPLACEMENT,1,133360,133297
204084,GUN EMPLACEMENT (TYPE 55414),1,133360,133297
204085,GUN EMPLACEMENT (TYPE 55415),1,133360,133297
204086,GUN EMPLACEMENT (TYPE 55422),1,133360,133297
204087,GUN EMPLACEMENT (TYPE 55483),1,133360,133297
204088,GUN EMPLACEMENT (TYPE 55491),1,133360,133297
204089,GUN EMPLACEMENT (TYPE 55503),1,133360,133297
204090,PARACHUTE STORE (10825/42),1,136849,133297
204091,PARACHUTE STORE (11137/41),1,136849,133297
204092,PARACHUTE STORE (175/36),1,136849,133297
204093,PARACHUTE STORE (17865/39),1,136849,133297
204094,PARACHUTE STORE (2355/25),1,136849,133297
204095,PARACHUTE STORE (3633/35),1,136849,133297
204096,PARACHUTE STORE (6351/37),1,136849,133297
204097,POWER HOUSE (1380/24),1,135891,132062
204098,POWER HOUSE (207/17),1,135891,132062
204099,POWER HOUSE (476/18),1,135891,132062
204100,STAND BY SET HOUSE,1,132724,132062
204101,STAND BY SET HOUSE (1039/41),1,204100,132062
204102,STAND BY SET HOUSE (13244/41),1,204100,132062
204103,STAND BY SET HOUSE (16302/41),1,204100,132062
204104,STAND BY SET HOUSE (3527/43),1,204100,132062
204105,STAND BY SET HOUSE (4238/44),1,204100,132062
204106,STAND BY SET HOUSE (607/36),1,204100,132062
204107,STAND BY SET HOUSE (8760/42),1,204100,132062
204108,STAND BY SET HOUSE (974/35),1,204100,132062
204109,SOUND MIRROR BUILDING,1,204110,133297
204110,EARLY WARNING SITE,1,136817,133297
204111,SOUND MIRROR (20 FEET),1,136842,133297
204112,SOUND MIRROR (200 FEET),1,136842,133297
204113,SOUND MIRROR (30 FEET),1,136842,133297
204114,WATCH OFFICE WITH MET SECTION,1,182743,133297
204115,WATCH OFFICE WITH MET SECTION,1,182741,134198
204116,WATCH OFFICE WITH MET SECTION (2328/39),1,204114,133297
204117,WATCH OFFICE WITH MET SECTION (2423/39),1,204114,133297
204118,WATCH OFFICE WITH MET SECTION (518/40),1,204114,133297
204119,WATCH OFFICE WITH MET SECTION (5845/39),1,204114,133297
204120,WATCH OFFICE WITH MET SECTION (8936/40),1,204114,133297
204121,WATCH OFFICE WITH MET SECTION (2328/39),1,204115,134198
204122,WATCH OFFICE WITH MET SECTION (2423/39),1,204115,134198
204123,WATCH OFFICE WITH MET SECTION (518/40),1,204115,134198
204124,WATCH OFFICE WITH MET SECTION (5845/39),1,204115,134198
204125,WATCH OFFICE WITH MET SECTION (8936/40),1,204115,134198
204126,VICKERS MACHINE GUN EMPLACEMENT,1,204083,133297
204127,LINK TRAINER,1,136820,133297
204128,LINK TRAINER (10040/41),1,204127,133297
204129,LINK TRAINER (1762/39),1,204127,133297
204130,LINK TRAINER (4188/42),1,204127,133297
204131,LINK TRAINER (7790/40),1,204127,133297
204132,Q SITE,1,204220,133297
204133,Q SITE SHELTER (367/41),1,204132,133297
204134,Q SITE SHELTER (3395/40),1,204132,133297
204135,QL SITE,1,185091,133297
204136,QF SITE,1,185091,133297
204137,ANTI TANK WALL,1,184560,133297
204138,ANTI TANK WALL,1,184559,133297
204139,ANTI TANK BLOCK,1,184559,133297
204140,ANTI TANK BLOCK,1,184560,133297
204141,ANTI TANK BUOY,1,204139,133297
204142,ANTI TANK CALTROP,1,204139,133297
204143,ANTI TANK COFFIN,1,204139,133297
204144,ANTI TANK CUBE,1,204139,133297
204145,ANTI TANK CYLINDER,1,204139,133297
204146,ANTI TANK CONE,1,204139,133297
204147,ANTI TANK PIMPLE,1,204139,133297
204148,ANTI TANK TETRAHEDRON,1,204139,133297
204149,WATER TOWER (1178/25),1,134474,134417
204150,WATER TOWER (20/40),1,134474,134417
204151,WATER TOWER (9526/41),1,134474,134417
204152,ANTI TANK HAIRPIN,1,184559,133297
204153,ANTI TANK HAIRPIN,1,184560,133297
204154,ANTI TANK GIRDER,1,184559,133297
204155,ANTI TANK GIRDER,1,184560,133297
204158,ANTI TANK SCAFFOLDING,1,184559,133297
204159,ANTI TANK SCAFFOLDING,1,184560,133297
204160,ANTI TANK VERTICAL RAIL,1,184560,133297
204161,ANTI TANK VERTICAL RAIL,1,184559,133297
204162,WATCH OFFICE (4698/43),1,182741,134198
204163,WATCH OFFICE (4698/43),1,182743,133297
204164,WATCH OFFICE (343/43),1,182741,134198
204165,WATCH OFFICE (343/43),1,182743,133297
204166,WATCH OFFICE WITH OPERATIONS ROOM,1,182743,133297
204167,WATCH OFFICE WITH OPERATIONS ROOM,1,182741,134198
204168,WATCH OFFICE WITH OPS ROOM (13079/41),1,204166,133297
204169,WATCH OFFICE WITH OPS ROOM (13079/41),1,204167,134198
204170,WATCH OFFICE WITH OPS ROOM (7345/41),1,204166,133297
204171,WATCH OFFICE WITH OPS ROOM (7345/41),1,204167,134198
204172,PILLBOX (TYPE PD541),1,133386,133297
204173,SUB REGIONAL SEAT OF GOVERNMENT,1,144603,133297
204174,INFANTRY POST,1,133351,133297
204175,RIFLE PIT,1,133351,133297
204176,ANTI LANDING OBSTACLE,1,182749,133297
204177,ANTI LANDING OBSTACLE,1,184543,133297
204178,ANTI LANDING TRENCH,1,204176,133297
204179,ANTI LANDING TRENCH,1,204177,133297
204180,ARMY HEADQUARTERS,1,135886,133297
204181,NAVAL HEADQUARTERS,1,135886,133297
204182,AIR FORCE HEADQUARTERS,1,135886,133297
204183,TERRITORIAL ARMY HEADQUARTERS,1,135886,133297
204184,Z BATTERY,1,185041,133297
204185,Z BATTERY,1,185040,133297
204186,WOMENS LAND ARMY CAMP,1,185299,133297
204187,WOMENS LAND ARMY HOSTEL,1,182347,133297
204188,WOMENS AUXILIARY AIR FORCE CAMP,1,133373,133297
204189,TORPEDO RANGE,1,140616,133297
204190,BOMBER STATION CONTROL TOWER (294/45),1,182742,133297
204191,BOMBER STATION CONTROL TOWER (294/45),1,134202,134198
204192,ROYAL OBSERVER CORPS HEADQUARTERS,1,143258,133297
204193,ROYAL OBSERVER CORPS COMMAND CENTRE,1,143258,133297
204194,ROYAL NAVY SHORE ESTABLISHMENT,1,204195,133297
204195,ROYAL NAVAL BASE,1,133372,133297
204196,ROYAL NAVAL DEPOT,1,139312,133297
204197,ROYAL NAVAL AIR STATION,1,136838,133297
204198,ROYAL NAVAL AIR STATION,1,136839,133297
204199,ROYAL NAVAL AIR STATION,1,135311,134198
204200,ROYAL AIR FORCE BASE,1,133372,133297
204201,ROYAL AIR FORCE CAMP,1,133373,133297
204202,DEFENDED BUILDING,1,184544,133297
204203,SECTION POST,1,204202,133297
204204,PEDESTAL,1,136003,133297
204205,ANTI LANDING POLE,1,204177,133297
204206,ANTI LANDING POLE,1,204176,133297
204207,REGIMENTAL HEADQUARTERS,1,204180,133297
204208,NAAFI BUILDING,1,136819,133297
204209,FIRE TENDER HOUSE,1,134272,134198
204210,FIRE TENDER HOUSE (5342/42),1,204209,134198
204211,FIRE TENDER HOUSE (12563/40),1,204209,134198
204212,HOME GUARD OBSERVATION POST,1,135829,133297
204213,HOME GUARD OBSERVATION POST,1,139305,133297
204214,K SITE,1,204220,133297
204215,STRONGPOINT,1,184544,133297
204216,DRYING TOWER,1,136816,133297
204217,DRYING TOWER (11595/42),1,204216,133297
204218,DRYING TOWER (9290/42),1,204216,133297
204219,DRYING TOWER (9294/42),1,204216,133297
204220,DECOY AIRFIELD,1,185091,133297
204221,DECOY DOCKS,1,185091,133297
204222,DECOY DOMESTIC SITE,1,185091,133297
204223,DECOY RAILWAY SITE,1,185091,133297
204224,Q SITE SHELTER (3395/40),1,185092,133297
204225,Q SITE SHELTER (367/41),1,185092,133297
204226,COAST ARTILLERY BATTERY,1,133339,133297
204227,COAST ARTILLERY BATTERY,1,134720,133420
204228,COAST ARTILLERY BATTERY,1,136826,133297
204229,COUNTER BOMBARDMENT BATTERY,1,204226,133297
204230,COUNTER BOMBARDMENT BATTERY,1,204227,133420
204231,COUNTER BOMBARDMENT BATTERY,1,204228,133297
204232,CLOSE DEFENCE BATTERY,1,204226,133297
204233,CLOSE DEFENCE BATTERY,1,204227,133420
204234,CLOSE DEFENCE BATTERY,1,204228,133297
204235,ANTI MOTOR TORPEDO BOAT BATTERY,1,204226,133297
204236,ANTI MOTOR TORPEDO BOAT BATTERY,1,204227,133420
204237,ANTI MOTOR TORPEDO BOAT BATTERY,1,204228,133297
204238,EMERGENCY COAST DEFENCE BATTERY,1,204226,133297
204239,EMERGENCY COAST DEFENCE BATTERY,1,204227,133420
204240,EMERGENCY COAST DEFENCE BATTERY,1,204228,133297
204241,CHAIN HOME EXTRA LOW STATION,1,182111,133297
204242,CHAIN HOME LOW STATION,1,182111,133297
204243,COAST DEFENCE CHAIN HOME LOW STATION,1,182111,133297
204244,BOMBING TEACHER BUILDING,1,136820,133297
204245,BOMBING RANGE TOWER,1,185037,133297
204246,BOMBING RANGE TARGET,1,144443,133297
204247,PYROTECHNIC STORE (2647/37),1,136723,132062
204248,EXPLOSIVES STORE,1,139312,133297
204249,POWDER MAGAZINE,1,204248,133297
204250,PYROTECHNIC STORE (2647/37),1,204248,133297
204254,SPIDER BILLET,1,134692,131528
204260,BARRAGE BALLOON MOORING,1,135359,133297
204261,BARRAGE BALLOON MOORING,1,136831,133297
204262,BARRAGE BALLOON HANGAR,1,134204,134198
204263,BARRAGE BALLOON HANGAR,1,182397,133297
204264,BARRAGE BALLOON SHELTER,1,135359,133297
204265,BARRAGE BALLOON SHELTER,1,136831,133297
204266,BARRAGE BALLOON GAS DEPOT,1,139312,133297
204267,ANTI LANDING CABLE,1,204176,133297
204268,ANTI LANDING CABLE,1,204177,133297
204269,CONSOL SHELTER,1,133300,133297
204270,CONSOL SHELTER,1,204082,133297
204271,COMMUNICATION TRENCH,1,133350,133297
204272,FIRE TRENCH,1,133350,133297
204273,LYON LIGHT EMPLACEMENT,1,185055,133297
204274,LYON LIGHT EMPLACEMENT,1,185056,133297
204275,SEMI DETACHED BUNGALOW,1,143594,143383
204276,SEMI DETACHED BUNGALOW,1,131568,131528
204733,FUNDAMENTAL BENCH MARK,1,133065,133065
204779,AEROPLANE REPAIR SECTION SHED,1,134204,134198
204780,AEROPLANE REPAIR SECTION SHED,1,182397,133297
204781,AIR SEA RESCUE STATION,1,204200,133297
204782,ADMIRALTY SIGNAL ESTABLISHMENT,1,204195,133297
204783,ADMIRALTY SIGNAL ESTABLISHMENT,1,185093,133272
204784,AIR TRAINING CORPS HEADQUARTERS,1,204200,133297
204785,AIR TRAINING CORPS HEADQUARTERS,1,136820,133297
204786,BATTLE HEADQUARTERS (3329/41),1,141140,133297
204787,BATTLE HEADQUARTERS (3329/41),1,143923,133297
204788,BEACH SCAFFOLDING,1,136824,133297
204789,BEACH SCAFFOLDING,1,136832,133297
204790,ROYAL ORDNANCE FACTORY,1,132497,132062
204791,ROYAL ORDNANCE FACTORY,1,132208,132062
204792,ROYAL ORDNANCE FACTORY,1,192001,143383
204793,EMERGENCY LANDING GROUND,1,134200,134198
204794,DISPERSAL PEN,1,136816,133297
204795,FIGHTER COMMAND STATION,1,185089,133297
204796,FIRING RANGE BLOCKHOUSE,1,133352,133297
204797,FIRING RANGE BLOCKHOUSE,1,133602,133551
204798,GRENADE RANGE,1,140616,133297
204799,GRENADE RANGE,1,204800,133297
204800,TRAINING AREA,1,136820,133297
204801,TRAINING BASE,1,136820,133297
204802,TRAINING BASE,1,133372,133297
204803,TRAINING CAMP,1,136820,133297
204804,TRAINING CAMP,1,133373,133297
204805,TRAINING SCHOOL WATCH OFFICE,1,182743,133297
204806,TRAINING SCHOOL WATCH OFFICE,1,182741,134198
204807,RADAR STATION SET HOUSE,1,132724,132062
204808,RADAR MAST,1,141400,133272
204809,RADIO TELEGRAPHY MAST,1,141400,133272
204810,RAIDSAFE SHELTER,1,133300,133297
204811,ORDNANCE DEPOT,1,139312,133297
204812,PHOTO INTERPRETATION CENTRE,1,185032,133297
204813,OPERATIONS ROOM,1,139302,133297
204814,TARGET RANGE,1,133602,133551
204815,TARGET RANGE,1,133352,133297
204816,TARGET RAILWAY,1,204815,133297
204817,TARGET RAILWAY,1,204814,133551
204818,SUPPLY DEPOT,1,139312,133297
204819,GUN LAYING RADAR PLATFORM,1,183388,133297
204820,GUN LAYING RADAR PLATFORM,1,183389,133297
204821,FLAME DEVICE,1,184563,133297
204822,FOUGASSE,1,136815,133297
204823,DEMOLITION CHARGE SITE,1,184543,133297
204824,CANADIAN PIPE MINE,1,204823,133297
204825,MINED ROAD,1,204823,133297
204826,MOBILE SOUND LOCATOR,1,143258,133297
204827,MORRISON SHELTER,1,133300,133297
204828,PLUTO SITE,1,176417,133297
204829,SPECIAL OPERATIONS EXECUTIVE BASE,1,133372,133297
204830,SPECIAL OPERATIONS EXECUTIVE BASE,1,136820,133297
204831,MILITARY OFFICE,1,135132,135088
204832,MILITARY OFFICE,1,136819,133297
204833,ARMY OFFICE,1,204832,133297
204834,SQUADRON OFFICE,1,204831,135088
204835,SQUADRON OFFICE,1,204832,133297
204836,BARBED WIRE ENTANGLEMENT,1,139303,133297
204837,DANNERT WIRE,1,139303,133297
205320,YARD MARKER,1,133602,133551
205321,YARD MARKER,1,133352,133297
205322,GOLF BUNKER,1,135331,133551
205333,ACCOMMODATION HUT,1,144323,131528
205334,AIRCRAFT COMPASS PLATFORM,1,136816,133297
205335,AIRCRAFT CRASH SITE,1,135088,135088
205337,AIRCRAFT LEVEL CROSSING,1,134307,134198
205338,AIRMENS QUARTERS,1,144323,131528
205339,AMPHIBIOUS BASE,1,133372,133297
205340,ANTI AIRCRAFT BATTERY COMMAND POST,1,139309,133297
205341,ANTI AIRCRAFT BATTERY COMMAND POST,1,136823,133297
205342,ANTI AIRCRAFT BATTERY COMMAND POST,1,133301,133297
205343,ANTI AIRCRAFT GUN POST,1,182770,133297
205344,ANTI AIRCRAFT GUN POST,1,182771,133297
205345,ANTI AIRCRAFT GUN TOWER,1,136812,133297
205346,ARTILLERY FIRING RANGE,1,133602,133551
205347,ARTILLERY FIRING RANGE,1,133352,133297
205348,ANTI TANK GUNNERY RANGE,1,205347,133297
205349,ANTI TANK GUNNERY RANGE,1,205346,133551
205350,ANTI TANK ISLAND,1,184543,133297
205351,ANTI TANK WALL (ASSAULT TRAINING),1,136820,133297
205352,ANTI TANK DITCH,1,184560,133297
205353,ANTI TANK DITCH,1,184559,133297
205354,ANTI TANK DITCH (ARTIFICIAL),1,205353,133297
205355,ANTI TANK DITCH (NATURAL IMPROVED),1,205353,133297
205356,ANTI TANK DITCH (NATURAL IMPROVED),1,205352,133297
205357,ANTI TANK DITCH (ARTIFICIAL),1,205352,133297
205358,FIGHTER PEN,1,204794,133297
205374,RAMS PEN,1,135092,134003
205375,ROOT ROOM,1,134105,134003
205393,DUMMY PILLBOX,1,133386,133297
205414,COURTYARD PLAN,1,205439,143383
205415,LOOSE COURTYARD PLAN,1,205414,143383
205416,LOOSE COURTYARD PLAN (FOUR SIDED),1,205415,143383
205417,LOOSE COURTYARD PLAN (ONE SIDED),1,205415,143383
205418,LOOSE COURTYARD PLAN (THREE SIDED),1,205415,143383
205419,LOOSE COURTYARD PLAN (TWO SIDED),1,205415,143383
205420,REGULAR COURTYARD PLAN,1,205414,143383
205421,REGULAR COURTYARD E PLAN,1,205420,143383
205422,REGULAR COURTYARD F PLAN,1,205420,143383
205424,REGULAR COURTYARD FULL PLAN,1,205420,143383
205425,REGULAR COURTYARD H PLAN,1,205420,143383
205426,REGULAR COURTYARD L PLAN,1,205420,143383
205427,REGULAR COURTYARD MULTI YARD,1,205420,143383
205428,REGULAR COURTYARD T PLAN,1,205420,143383
205429,REGULAR COURTYARD U PLAN,1,205420,143383
205430,REGULAR COURTYARD Z PLAN,1,205420,143383
205431,DISPERSED PLAN,1,205439,143383
205432,DISPERSED CLUSTER PLAN,1,205431,143383
205433,DISPERSED DRIFTWAY PLAN,1,205431,143383
205434,DISPERSED MULTI YARD PLAN,1,205431,143383
205435,LINEAR PLAN,1,205439,143383
205436,PARALLEL PLAN,1,205439,143383
205437,ROW PLAN,1,205439,143383
205438,L PLAN (HOUSE ATTACHED),1,205439,143383
205439,FARMSTEAD,1,143383,143383
205440,STADDLE BARN,1,134187,134003
205441,PORTAL FRAMED SHED,1,143383,143383
205442,BASTLE (NON DEFENSIVE),1,143504,143383
205443,BASTLE (NON DEFENSIVE),1,135169,131528
205444,BASTLE (NON DEFENSIVE),1,144823,131528
205445,AUXILIARY UNIT SITE,1,184543,133297
205446,AUXILIARY UNIT SPECIAL DUTIES BASE,1,205445,133297
205447,AUXILIARY UNIT SPECIAL DUTIES OUTSTATION,1,205446,133297
205448,AUXILIARY UNIT SPECIAL DUTIES CONTROL STATION,1,205446,133297
205449,AUXILIARY FIRE STATION,1,133107,133065
205450,AUXILIARY HOSPITAL,1,134530,134482
205452,AUXILIARY UNIT BOMB STORE,1,205445,133297
205455,REGIONAL GOVERNMENT SHELTER,1,133300,133297
205456,GUN STORE,1,135063,133297
205457,CIVIL DEFENCE GARAGE,1,139305,133297
205458,CIVIL DEFENCE HEADQUARTERS,1,139305,133297
205459,CIVIL DEFENCE TRAINING CENTRE,1,136813,133297
205460,CHEMICAL WEAPONS STORE,1,135063,133297
205461,MANORIAL FARM,1,134086,134003
205493,ROCKET TEST FACILITY,1,134206,134198
205494,ARCH DAM,1,132799,132062
205495,ARCH DAM,1,134426,134417
205496,ARCH DAM,1,192296,133420
205497,MILL DAM,1,192296,133420
205498,BARRAGE,1,192296,133420
205499,BASKETBALL COURT,1,144464,133551
205500,BELISHA BEACON,1,135195,133272
205501,BELISHA BEACON,1,135171,131783
205502,BET HAMIDRASH,1,134740,133667
205503,BET HAMIDRASH,1,133422,133422
205505,BUTTRESS DAM,1,132799,132062
205506,BUTTRESS DAM,1,134426,134417
205507,BUTTRESS DAM,1,192296,133420
205508,CEREAL FACTORY,1,191994,143383
205509,CEREAL FACTORY,1,132190,132062
205510,CEREAL FACTORY,1,132258,132062
205511,GIG MILL,1,132666,132062
205512,GIG MILL,1,132910,132062
205513,GIG MILL,1,177443,132062
205533,JAIN TEMPLE,1,133988,133667
205570,LAGER BREWERY,1,132229,132062
205571,PAINTBALLING SITE,1,135327,133551
205572,PIERMASTERS OFFICE,1,134706,133420
205573,PREFABRICATED CLASSROOM,1,145885,143383
205574,ROMANY GYPSY SCHOOL,1,133423,133422
205595,RAILWAY BUILDING,1,135244,134198
205597,DEPOT,1,135088,135088
205653,DRAW KILN,1,132079,132062
205654,DRAW KILN,1,132279,132062
205655,DRAW KILN,1,192146,143383
205673,FLARE KILN,1,132079,132062
205674,FLARE KILN,1,132279,132062
205675,FLARE KILN,1,192146,143383
205676,FOX COVERT,1,134125,134003
205677,FOX COVERT,1,135328,133551
205678,GAME COVERT,1,134125,134003
205679,GAME COVERT,1,135328,133551
205680,HORIZONTAL WATERMILL,1,132812,132062
205693,HARE WARREN,1,134003,134003
205694,SLAG PIT,1,135300,135088
205714,SOLAR EVAPORATION PAN,1,182374,132062
205733,CLOTH WAREHOUSE,1,134960,133154
205734,FUELLING STATION,1,134198,134198
205735,JAM FACTORY,1,132190,132062
205736,JAM FACTORY,1,132258,132062
205737,JAM FACTORY,1,191994,143383
205738,BOMBER COMMAND STATION,1,185089,133297
205739,INFANTRY BARRACKS,1,134692,131528
205740,GOLF LINKS,1,135331,133551
205741,HELTER SKELTER,1,141125,133551
205753,DARBAR SAHIB,1,136863,133667
205754,DEER SHED,1,134105,134003
205755,DIVING POOL,1,135327,133551
205773,COTTON WORKSHOP,1,172264,132062
205793,TANK,1,136021,133297
205813,STANTON SHELTER,1,133300,133297
205833,WATCH OFFICE (1960/34),1,182743,133297
205834,WATCH OFFICE (1960/34),1,182741,134198
205835,THEATRE STANDING,1,135288,143383
205839,ROLLER MILL,1,132259,132062
205840,ROLLER MILL,1,132588,132062
205841,GATEWAY,1,143383,143383
205847,LANDMARK TOWER,1,135247,134198
205848,LANDMARK TOWER,1,135171,131783
206590,RUSSIAN BATHS,1,135785,133551
206591,TANK RAMP,1,134353,134198
206592,TELEVISION SET,1,133295,133272
206593,TRAM TURNTABLE,1,135494,134198
206594,SPIRIT CELLAR,1,143763,135088
206596,PRIVATE SURGERY,1,135652,134482
206597,MOTOR HOUSE,1,134284,134198
206598,ACADEMY SCHOOL,1,133423,133422
206599,CELTIC CROSS,1,133755,133667
206600,CASKET TOMB,1,144563,133667
206601,LEVEL CROSSING GATE HUT,1,135244,134198
206613,TANK RAMP,1,139312,133297
206752,ORDNANCE DISPOSAL SITE,1,133297,133297
206771,REMOUNT DEPOT,1,139312,133297
206772,SHIRT FACTORY,1,192012,143383
206773,SHIRT FACTORY,1,132186,132062
206774,SHIRT FACTORY,1,135516,132062
206775,COLLAR FACTORY,1,192012,143383
206776,COLLAR FACTORY,1,132186,132062
206777,COLLAR FACTORY,1,135516,132062
206778,THEATRE STANDING,1,135326,133551
206779,INTERNET CAFE,1,191942,133551
206780,LAND ARMY HOSTEL,1,135020,131528
206781,PARISH BOUNDARY,1,135295,143383
206782,COUNTY BOUNDARY,1,133065,133065
206783,COUNTY BOUNDARY,1,135295,143383
206784,COMMEMORATIVE GARDEN,1,135067,135065
206795,ORNAMENTAL BATH,1,134441,134417
206796,ORNAMENTAL BATH,1,131783,131783
206797,OVERBRIDGE,1,135240,134198
206798,OVERBRIDGE,1,143703,143383
206799,OVERBRIDGE,1,135244,134198
206800,UNDERBRIDGE,1,135240,134198
206801,UNDERBRIDGE,1,143703,143383
206802,UNDERBRIDGE,1,135244,134198
206804,RUNWAY LIGHTING,1,135239,134198
206806,STONE MILL,1,132259,132062
206807,STONE MILL,1,132588,132062
206808,COMBINATION MILL,1,132259,132062
206809,COMBINATION MILL,1,132588,132062
206814,METAL BOX FACTORY,1,214930,132062
206816,METAL BOX FACTORY,1,214931,143383
206819,MAGNESIUM FACTORY,1,135384,132062
206845,CORDITE DOUGH STORE,1,140635,132062
206846,GUNCOTTON STOVE,1,140635,132062
206847,LISTENING POST,1,185090,133297
206848,REQUISITIONED LAND,1,134003,134003
206849,REQUISITIONED LAND,1,133297,133297
206850,CHLOROPHYLL FACTORY,1,191884,132062
206868,SLAB BRIDGE,1,135240,134198
206869,SLAB BRIDGE,1,143703,143383
206870,CORDITE INCORPORATING HOUSE,1,140635,132062
207034,CROW,1,135100,134003
207035,GOOSEHOLE,1,135852,134003
207037,CALCITE MINE,1,132676,132062
207038,BESSEMER STEEL WORKS,1,145543,132062
207039,BESSEMER STEEL WORKS,1,132557,132062
207040,CAVITATION TUNNEL,1,135396,132062
207041,ANODIZING WORKS,1,145663,132062
207042,AEROSPACE ENGINEERING WORKS,1,132988,132062
207043,BANDAGE FACTORY,1,143600,143383
207044,BANDAGE FACTORY,1,132173,132062
207045,GAS MASK FACTORY,1,143600,143383
207046,GAS MASK FACTORY,1,132173,132062
207047,CHENILLE FACTORY,1,143600,143383
207048,CHENILLE FACTORY,1,132173,132062
207049,SLIPPER WORKS,1,132215,132062
207050,SLIPPER WORKS,1,132848,132062
207051,ROOM AND POWER MILL,1,133017,132062
207052,ROOM AND POWER MILL,1,132625,132062
207053,CONTROL TOWER (5223A/51),1,182799,133297
207054,BARRAGE BALLOON MANUFACTORING SITE,1,135438,132062
207055,PAPER YARN MILL,1,132668,132062
207056,PAPER YARN MILL,1,135458,132062
207058,KNITTING FACTORY,1,135516,132062
207059,KNITTING FACTORY,1,132186,132062
207060,LAMSON PNEUMATIC TUBE SYSTEM,1,133272,133272
207061,TUFTING MACHINERY WORKS,1,132173,132062
207062,TUFTING MACHINERY WORKS,1,143600,143383
207071,DEFENDED HOUSE,1,204202,133297
207072,BATTLEFIELD DEBRIS,1,135088,135088
207073,BATTLEFIELD WRECKAGE,1,135088,135088
207074,SPORTS EQUIPMENT FACTORY,1,143600,143383
207075,SPORTS EQUIPMENT FACTORY,1,132173,132062
207076,BILLIARD TABLE FACTORY,1,207074,143383
207077,BILLIARD TABLE FACTORY,1,207075,132062
207080,TEXTILE MACHINERY WORKS,1,143600,143383
207081,TEXTILE MACHINERY WORKS,1,132173,132062
207082,SENSORY GARDEN,1,131898,131783
207083,MATTRESS FACTORY,1,143600,143383
207084,MATTRESS FACTORY,1,132173,132062
207085,SHADOW FACTORY,1,185030,133297
207086,SHADOW FACTORY,1,185029,143383
207087,SHADOW FACTORY,1,185028,132062
207093,FIRING CHAMBER,1,140616,133297
207094,ATOMIC WEAPONS RESEARCH STATION,1,140616,133297
207095,CARAVAN FACTORY,1,135397,132062
207096,CARAVAN FACTORY,1,143600,143383
207097,CARAVAN FACTORY,1,132173,132062
207098,FIBREGLASS WORKS,1,143600,143383
207099,FIBREGLASS WORKS,1,132173,132062
207100,MURAL,1,143783,135088
207101,VOLUNTARY AID DETACHMENT HOSPITAL,1,205450,134482
207103,ROCKET,1,133297,133297
207104,PACKAGING EQUIPMENT FACTORY,1,143600,143383
207105,PACKAGING EQUIPMENT FACTORY,1,132173,132062
209542,HORSE ISOLATION HOSPITAL,1,134122,134482
209543,JUNCTION BOX,1,135171,131783
209592,DECOY BATTERY,1,136633,133297
209607,STOP LINE,1,184543,133297
209608,NAVAL BATTLEFIELD,1,133420,133420
209619,HERBAL BREWERY,1,132229,132062
209620,FLAME RETARDANT MATERIAL FACTORY,1,143600,143383
209621,FLAME RETARDANT MATERIAL FACTORY,1,132173,132062
209622,LAMINATE FLOOR FACTORY,1,132173,132062
209623,LAMINATE FLOOR FACTORY,1,143600,143383
209624,MISSILE TEST SITE,1,140616,133297
209625,MISSILE SILO,1,133297,133297
209631,MISSILE UNDERGROUND LAUNCHER,1,140616,133297
209657,REQUISITIONED BUILDING,1,133297,133297
209658,CANADIAN FORESTRY CORPS CAMP,1,133373,133297
209660,STORAGE FACILITY,1,135088,135088
209661,STORAGE BUILDING,1,209660,135088
209662,AMBULANCE PARK,1,185022,133297
209663,AMMUNITION DEPOT,1,135063,133297
209664,ART STORAGE FACILITY,1,209660,135088
209665,AUXILIARY UNIT SPECIAL DUTIES ZERO STATION,1,205446,133297
209666,AUXILIARY UNIT CONTROL STATION,1,205445,133297
209667,AUXILIARY UNIT OBSERVATION POST,1,205445,133297
209668,BATTERY ENGINE HOUSE,1,132756,132062
209669,BILLET,1,135035,131528
209670,BRITISH RESTAURANT,1,191940,133551
209671,BRITISH RESTAURANT,1,133171,133154
209672,CHECKPOINT,1,136855,133297
209673,COAST BATTERY GUN SITE,1,133360,133297
209674,COASTAL BATTERY COMMAND POST,1,139309,133297
209675,COASTAL BATTERY COMMAND POST,1,136826,133297
209676,COASTAL BATTERY COMMAND POST,1,133339,133297
209677,COASTAL BATTERY COMMAND POST,1,134720,133420
209678,COASTAL OBSERVATION POST,1,135829,133297
209679,DINGHY SHED (2900/43),1,136816,133297
209680,DINGHY SHED (2901/43),1,136816,133297
209681,EMERGENCY WAR HEADQUARTERS,1,205458,133297
209682,FIRE SERVICES HEADQUARTERS,1,133065,133065
209683,FOOD DEPOT,1,205597,135088
209684,FOOD AND REST CENTRE,1,139305,133297
209685,FUEL DEPOT,1,205597,135088
209686,MOTOR TRANSPORT BUILDING,1,136821,133297
209687,STORAGE DEPOT,1,205597,135088
209688,VEHICLE REPAIR CENTRE,1,135247,134198
209908,DEFENCE LINE,1,184543,133297
209909,NUCLEAR COMMAND CENTRE,1,136813,133297
209910,RECREATION HUT,1,136819,133297
209911,SICK QUARTERS,1,136819,133297
209912,MEDICAL BLOCK,1,134482,134482
209913,FUEL TANK,1,132062,132062
209914,FIRE SERVICE HEADQUARTERS,1,133065,133065
209915,CAR WASH,1,135247,134198
209916,TECHNICAL SITE,1,176417,133297
209917,EMERGENCY STORE,1,133065,133065
209918,EMERGENCY STORE,1,133297,133297
209919,RECEPTION CENTRE,1,136819,133297
209920,AGRICULTURAL TOOL WORKS,1,143600,143383
209921,AGRICULTURAL TOOL WORKS,1,132173,132062
209922,PACKAGING FACTORY,1,143600,143383
209923,PACKAGING FACTORY,1,132173,132062
210185,CABLE INSULATION FACTORY,1,143600,143383
210186,CABLE INSULATION FACTORY,1,132173,132062
210361,FIREPLACE FACTORY,1,143600,143383
210362,FIREPLACE FACTORY,1,132173,132062
210367,VIVARIUM,1,134003,134003
210368,VIVARIUM,1,131941,131783
210369,STARTING GATE,1,144465,133551
210616,YARN PREPARATION WORKS,1,132986,132062
210617,CLERGY DAUGHTERS SCHOOL,1,133423,133422
210632,POULTIGGERY,1,134006,134003
210971,WAR MEMORIAL (FREESTANDING),1,135086,135065
210972,WAR MEMORIAL (TRIBUTE),1,135086,135065
210975,PLAYGROUND EQUIPMENT,1,133551,133551
211142,ARTIFICIAL REEF,1,133420,133420
211145,UNDERWATER DIVING FEATURE,1,133420,133420
211146,UNDERWATER DIVING FEATURE,1,135327,133551
211416,BAIZE WORKS,1,132986,132062
211417,MORDANT WORKS,1,132285,132062
211418,MORDANT WORKS,1,145521,132062
211419,TRIPE BOILING SHOP,1,135402,132062
213223,ROCKET HOUSE,1,133125,133065
213224,ROCKET HOUSE,1,134761,133420
213287,FURLONG BOUNDARY,1,135295,143383
213297,SMOKE GENERATOR,1,136815,133297
213306,CELESTINE WORKINGS,1,132676,132062
213307,INLAND SORTING DEPOT,1,204818,133297
213308,INLAND SORTING DEPOT,1,135244,134198
213316,HOLIDAY ACCOMMODATION,1,133551,133551
213339,VEHICLE DEPOT,1,135247,134198
213359,RADIO TELEGRAPHY STATION,1,135186,133272
213360,Y STATION,1,141381,133297
213361,Y STATION,1,213359,133272
213362,Z STATION,1,141381,133297
213363,Z STATION,1,213359,133272
213369,PRISON CHAPEL,1,133734,133667
213370,ANGLICAN CHAPEL,1,133734,133667
213372,PENCIL SHARPENING STONE,1,135088,135088
213387,VERGERS COTTAGE,1,135169,131528
213388,VERGERS COTTAGE,1,143504,143383
213389,RIVER DEFENCES,1,144764,134417
213396,HILLSLOPE ENCLOSURE,1,133349,133297
213397,HILLSLOPE ENCLOSURE,1,131625,131528
213411,COBBLE QUARRY,1,135480,132062
213424,CARE CENTRE,1,134482,134482
213425,PAGODA,1,133667,133667
213426,DHARMA HALL,1,133667,133667
213429,TREE CATHEDRAL,1,131783,131783
213430,CHEMICAL WEAPONS RESEARCH STATION,1,140616,133297
213431,FOG BELL,1,134753,133420
213432,FOG BELL,1,135195,133272
213449,RECEPTION HOUSE,1,133767,133667
213494,MICRARIUM,1,133491,133422
213495,MICRARIUM,1,133628,133551
213496,RICE MILL,1,135402,132062
213497,RICE MILL,1,132579,132062
213498,STAIRCASE LOCK,1,134767,133420
213499,STAIRCASE LOCK,1,135265,134198
213500,HORSE RECOVERY STEP,1,135265,134198
213501,HYDRAULIC LIFT,1,135434,132062
213502,WATCH FACTORY,1,132173,132062
213503,WATCH FACTORY,1,143600,143383
213505,TURPENTINE FACTORY,1,192018,143383
213506,TURPENTINE FACTORY,1,145521,132062
213507,TURPENTINE FACTORY,1,132285,132062
213508,TELEGRAPH KEEPERS COTTAGE,1,135169,131528
213509,TELEGRAPH KEEPERS COTTAGE,1,143504,143383
213510,PATENT SLIP,1,134198,134198
213511,BELTING WORKS,1,132173,132062
213512,BELTING WORKS,1,143600,143383
213513,MASONS MARK,1,143783,135088
213514,APOTROPAIC MARK,1,143783,135088
213539,ORGAN BLOWING CHAMBER,1,133667,133667
213541,ORGAN BLOWING CHAMBER,1,133551,133551
213545,NATIONAL PARK,1,131783,131783
213554,CHALK MINE,1,132676,132062
213555,RIVER INTAKE,1,134422,134417
213556,RIVER INTAKE,1,134778,133420
213557,RIVER INTAKE,1,134426,134417
213558,RIVER INTAKE,1,192296,133420
213559,RIVER GATE,1,143803,143383
213560,TURBARY STONE,1,135875,135088
213566,JACKABLE TIMBER FRAMED BUILDING,1,135872,143383
214071,Renewable Energy Park,1,132724,132062
214072,MONASTIC DWELLING,1,192078,143383
214073,CLERGY HOUSE,1,192078,143383
214074,PROVOSTS HOUSE,1,192078,143383
214075,BAR (LICENSED),1,191947,133551
214076,BEER HOUSE,1,191947,133551
214077,GIN PALACE,1,191947,133551
214079,WINE BAR,1,191947,133551
214080,WHARFINGERS COTTAGE,1,192096,143383
214081,COASTGUARDS COTTAGE,1,192096,143383
214082,DOCK WORKERS COTTAGE,1,192096,143383
214083,FISHERMANS HOUSE,1,192096,143383
214084,LIGHTKEEPERS HOUSE,1,192096,143383
214085,NAVAL OFFICERS HOUSE,1,192096,143383
214086,MASTER ROPEMAKERS HOUSE,1,192096,143383
214087,ORDNANCE STOREKEEPERS HOUSE,1,192096,143383
214088,MARINERS COTTAGE,1,192096,143383
214089,PORT ADMIRALS HOUSE,1,192096,143383
214090,PIERMASTERS HOUSE,1,192096,143383
214091,LIFEBOATMANS COTTAGE,1,192096,143383
214092,MASTER SHIPWRIGHTS HOUSE,1,192096,143383
214093,BRIDGE KEEPERS COTTAGE,1,192110,143383
214094,CANAL WORKERS COTTAGE,1,192110,143383
214095,LOCK KEEPERS COTTAGE,1,192110,143383
214096,COACHMANS COTTAGE,1,192110,143383
214097,CROSSING KEEPERS COTTAGE,1,192110,143383
214098,TOLL HOUSE,1,192110,143383
214099,FERRYKEEPERS COTTAGE,1,192110,143383
214100,INCLINE KEEPERS COTTAGE,1,192110,143383
214101,LENGTHMANS COTTAGE,1,192110,143383
214102,RAILWAY WORKERS COTTAGE,1,192110,143383
214103,STATION MASTERS HOUSE,1,192110,143383
214104,WHARFINGERS COTTAGE,1,192110,143383
214105,SIGNALMANS COTTAGE,1,192110,143383
214106,FORD KEEPERS COTTAGE,1,192110,143383
214107,CHAUFFEURS FLAT,1,192110,143383
214108,LIGHTKEEPERS HOUSE,1,192110,143383
214116,FLOOD MARKER POST,1,154123,135088
214117,FLOOD MARKER,1,183054,135088
214118,AIRCRAFT BREAKING YARD,1,132062,132062
214119,Q PIT,1,132076,132062
214120,Q PIT,1,143505,143383
214122,CLAYING TRENCH,1,134133,134003
214123,CLAYING TRENCH,1,132151,132062
214124,WHETSTONE MINE,1,132676,132062
214125,CHOPWOOD KILN,1,132076,132062
214126,CHOPWOOD KILN,1,143505,143383
214127,CLAMP LIME KILN,1,132079,132062
214128,CLAMP LIME KILN,1,192146,143383
214142,CURLING POND,1,135327,133551
214297,SARSEN PIT,1,132151,132062
214298,BLAST SHELTER (2360/41),1,185033,133297
214299,TECHNICAL LATRINE BLOCK (9026/41),1,182347,133297
214300,RAILWAY WATER TROUGH,1,135244,134198
214301,COALING STAGE,1,135244,134198
214335,MOLLY HOUSE,1,133154,133154
214338,CLEARED SLIPWAY,1,134750,133420
214339,LOWER SCHOOL,1,133459,133422
214340,MIDDLE SCHOOL,1,133459,133422
214341,UPPER SCHOOL,1,133474,133422
214342,BEDDING TRENCH,1,134133,134003
214343,ANTIQUITY SITE EXCLUSION MARKER,1,136820,133297
214344,ANTIQUITY SITE EXCLUSION MARKER,1,131987,143383
214345,CATCHWORK SYSTEM,1,134195,134003
214347,MOLLY HOUSE,1,133551,133551
214352,CLEARED SLIPWAY,1,134369,134198
214369,GRAVE COVER,1,144563,133667
214382,TREE,1,135509,143383
214386,PEAT STACK,1,135409,132062
214389,SKI SLOPE,1,135327,133551
214398,SOCIAL HOUSING,1,134997,131528
214399,COUNCIL HOUSE,1,214398,131528
214401,COUNCIL FLATS,1,214398,131528
214402,COUNCIL HOUSING ESTATE,1,214398,131528
214403,SHELTERED ACCOMMODATION,1,214398,131528
214441,ANIMAL TRAP,1,134125,134003
214443,OTTER TRAP,1,214441,134003
214445,SURFACE SHELTER,1,133300,133297
214447,SEMI-SUNKEN SHELTER,1,133300,133297
214449,UNDERGROUND SHELTER,1,133300,133297
214451,TRENCH SHELTER,1,133300,133297
214456,VICARAGE GARDEN,1,131898,131783
214457,SUGAR CANE REFINERY,1,185076,132062
214458,SUGAR CANE REFINERY,1,135402,132062
214459,CENTRIFUGAL RAILWAY,1,183906,133551
214460,ICE CREAM FACTORY,1,132190,132062
214461,TEMPLE OF HUMANITY,1,133988,133667
214462,INDEPENDENT SCOTTISH PRESBYTERIAN CHAPEL,1,133715,133667
214467,DOCKMASTERS HOUSE,1,134691,131528
214468,DOCKMASTERS HOUSE,1,192096,143383
214469,DOCK MAINTENANCE YARD,1,135265,134198
214470,EGYPTIAN ORTHODOX CHURCH,1,133692,133667
214471,WOODEN BOX FACTORY,1,214930,132062
214472,WOODEN BOX FACTORY,1,214931,143383
214473,BRITISH GUM WORKS,1,132986,132062
214474,SMALT WORKS,1,135386,132062
214475,SMALT WORKS,1,132986,132062
214476,SMALT WORKS,1,135425,132062
214477,SACCHARINE WORKS,1,132986,132062
214478,SACCHARINE WORKS,1,135402,132062
214480,SPICE MILL,1,135402,132062
214481,SPICE MILL,1,132579,132062
214483,PRIMITIVE EPISCOPAL CHURCH,1,133683,133667
214484,ANTI AIRCRAFT GUNNERY RANGE,1,205347,133297
214485,MORTAR RANGE,1,205347,133297
214486,TANK GUNNERY RANGE,1,205347,133297
214487,TANK TRAINING GROUND,1,204800,133297
214488,AIRCRAFT GUN HARMONISATION BUILDING,1,139302,133297
214489,AIRCRAFT GUN HARMONISATION BUILDING,1,135382,132062
214490,MILLWRIGHTS WORKSHOP,1,145765,132062
214491,CHRONOMETER MAKERS WORKSHOP,1,144943,132062
214500,RAILWAY MILEPOST,1,135244,134198
214502,TRAMWAY CUTTING,1,135494,134198
214506,ZAWIYA,1,134740,133667
214508,HUSSEINYYA,1,134740,133667
214510,LOCOMOTIVE COALING PLANT,1,214301,134198
214597,OCCUPATION LEVEL CROSSING,1,134307,134198
214598,GANISTER QUARRY,1,132100,132062
214600,WARPING DRAIN,1,136026,134417
214602,BLAST FURNACE STOCK HOUSE,1,135414,132062
214606,HOIST TOWER,1,132062,132062
214608,SALVAGE DEBRIS,1,135088,135088
214610,VESSEL BREAKING SITE,1,133420,133420
214611,SINTER PLANT,1,135414,132062
214613,COWPER STOVE,1,135414,132062
214615,MELT SHOP,1,135414,132062
214801,MICACEOUS HAEMATITE MINE,1,132676,132062
214802,PEATWAY,1,134222,134198
214804,BULLSEYE STONE,1,132062,132062
214805,RAILWAY ACCOMMODATION BRIDGE,1,134331,134198
214806,RAILWAY ACCOMMODATION BRIDGE,1,134199,134198
214807,RAILWAY ACCOMMODATION BRIDGE,1,191868,143383
214808,RAILWAY ACCOMMODATION BRIDGE,1,191864,143383
214810,ANTI TANK POST,1,184559,133297
214812,BRIQUETTING WORKS,1,135405,132062
214813,CAMOUFLAGED STRUCTURE,1,135546,135088
214814,ANTI TANK POST,1,184560,133297
214821,GAS WORKS,1,135432,132062
214822,GAS WORKS,1,132986,132062
214823,CIRCULAR KILN,1,192136,143383
214824,WATER CHANNEL,1,132811,132062
214825,TERRACOTTA WORKS,1,145513,132062
214826,FOOD DRYING KILN,1,192143,143383
214828,HORSE AND CARRIAGE REPOSITORY,1,133258,133154
214837,MASTERS HOUSE,1,135169,131528
214838,MASTERS HOUSE,1,143504,143383
214839,PALAEOENVIRONMENTAL SITE,1,135512,135088
214840,SHEEP CREEP,1,134003,134003
214844,TRAMWAY INCLINED PLANE,1,134295,134198
214845,TRAMWAY INCLINED PLANE,1,135494,134198
214846,TRAMWAY CABLE SUPPORT POLE,1,135494,134198
214847,TELEGRAPH CABLE MARKER,1,154123,135088
214848,PAPER BAG FACTORY,1,132716,132062
214849,LIMESTONE MINE,1,132676,132062
214874,ANCIENT WOODLAND,1,135097,134003
214884,VILLAGE SCHOOL,1,190373,133422
214885,TRANSFORMER PLINTH (13241/41),1,209916,133297
214886,TRANSFORMER PLINTH (13241/41),1,132724,132062
214887,DRAIN GRATE,1,135171,131783
214889,MINERAL WELL,1,134477,134417
214891,HOSPITALLERS GRANGE,1,133935,133667
214892,HOSPITALLERS GRANGE,1,134007,134003
214893,CHARITY FARM,1,134085,134003
214894,FEN COTTAGE,1,135169,131528
214895,FEN COTTAGE,1,143504,143383
214896,PILE DWELLING SETTLEMENT,1,131653,131528
214900,LAUNCH CHAMBER,1,135547,135088
214903,CHARCOAL PIT,1,132354,132062
214925,JUDGES BOX,1,144465,133551
214930,BOX FACTORY,1,132173,132062
214931,BOX FACTORY,1,143600,143383
214932,EXCAVATION TRENCH,1,135088,135088
214935,SADDLERS SHOP,1,132847,132062
214936,SADDLERS SHOP,1,133060,132062
214937,DRY CLEANERS SHOP,1,133154,133154
214939,TIME GUN,1,133272,133272
214940,FISH DOCK,1,134264,134198
214941,FEMALE PENITENTIARY,1,135164,133065
214942,WOMENS SHELTER,1,134482,134482
214943,WOMENS SHELTER,1,135011,131528
214944,OUTDOOR DANCING VENUE,1,133551,133551
214945,TOOL STORE,1,134183,135088
214946,LIVESTOCK RUNWAY,1,134003,134003
214962,ROMANO CELTIC TEMPLE,1,133988,133667
