THE_TE_UID,TERM,INDEX_TERM,SCOPE_NOTE,CLA_GR_UID,STATUS,IMAGE_EXISTS
68543,"AGRICULTURE AND SUBSISTENCE",N,"Sites, buildings, structures, features and areas of land associated with cultivation, the rearing of livestock, gathering, hunting & fishing. Includes farm based processing of foodstuffs & storage of agricultural produce.",1,P,"-"
68544,"AGRICULTURAL BUILDING",Y,"A building used for an agricultural and/or subsistence purpose. Use more specific type where known.",1,P,"-"
68545,"ABATTOIR",Y,"A building where animals are slaughtered.",1,P,"-"
68546,"ASH HOUSE",Y,"A small outlying farm building, especially common in southern England, used to store ash (which was used as a fertilizer).",1,P,"-"
68547,"BARN",Y,"A building for the storage and processing of grain crops and for housing straw, farm equipment and occasionally livestock and their fodder. Use more specific type where known.",1,P,"-"
68548,"BARN PLATFORM",Y,"A levelled area of ground on which a barn is built. A platform is often the sole surviving evidence for a barn.",1,P,"-"
68549,"TITHE BARN",Y,"A large barn used to store the tithe (a tenth part of the annual produce of agriculture etc.) which was paid by the tenants of ecclesiastical lands.",1,P,"-"
68550,"Beasthouse",N,"-",1,N,"-"
68551,"Brew House",N,"-",1,N,"-"
68552,"Byre",N,"-",1,N,"-"
68553,"CIDER HOUSE",Y,"A building, or part of a building, for the milling and pressing of cider apples to produce cider (or pears for perry) and for storing the drink in barrels.",1,P,"-"
68554,"CIDER MILL",Y,"A HORSE GIN used for domestic cider manufacture, especially on farms.",1,P,"-"
68555,"CORN MILL",Y,"A mill for grinding corn. Use with power type where known.",1,P,"-"
68556,"CURING HOUSE",Y,"A place where meat and fruit, etc, is preserved by salting and/or drying.",1,P,"-"
68557,"DAIRY",Y,"A building or group of buildings used for the making, processing, storing and selling of milk and other dairy products.",1,P,"-"
68558,"DOVECOTE",Y,"A building, or part of a building, used to house doves and pigeons, usually placed at a height above the ground, with openings and provision inside for roosting and breeding.",1,P,"-"
68559,"DUCK HOUSE",Y,"A building used to accommodate ducks.",1,P,"-"
68560,"FARMHOUSE",Y,"The main dwelling-house of a farm, it can be either detached from or attached to the working buildings.",1,P,"-"
68561,"GRANARY",Y,"A building, or first-floor room in a building, for the dry and secure storage of grain after it has been threshed and winnowed.",1,P,"-"
68562,"Greenhouse",N,"-",1,N,"-"
68563,"HOP KILN",Y,"A kiln for drying hops in a brewery or maltings complex, as distinct from the OASTHOUSES found on farms.",1,P,"-"
68564,"OASTHOUSE",Y,"A building for the storage and drying of hops, often including a hop drying kiln. Usually built as part of a farm.",1,P,"-"
68565,"Long House",N,"-",1,N,"-"
68566,"MALT HOUSE",Y,"A building with malt kilns for the malting of grains and with other similar equipment for brewing work.",1,P,"-"
68567,"MALT KILN",Y,"A kiln with a pyramid roof and capped vent in which barley is dried. Found on the site of a malt house.",1,P,"-"
68568,"PIGSTY",Y,"An enclosure for pigs that includes a covered pen and yard.",1,P,"-"
68569,"POULTRY HOUSE",Y,"A structure providing accommodation for poultry.",1,P,"-"
68570,"SHEEP HOUSE",Y,"A building providing shelter for sheep and storage for fodder and shepherding equipment.",1,P,"-"
68571,"SHIELING",Y,"Pasture to which animals were driven for grazing, with associated temporary huts for domestic or agricultural use.",1,P,"-"
68572,"THRESHING MILL",Y,"A mill which contains machinery for separating grain from the chaff.",1,P,"-"
68573,"APIARY",Y,"A place where beehives are kept.",1,P,"-"
68574,"BEE BOLE",Y,"A recess in a stone or brick wall, usually bounding a garden or orchard, set two to three feet from the ground and facing south to south-east to catch the morning sun, in which a bee skep/beehive is placed. Often found in groupings of three to six.",1,P,"-"
68575,"BEE GARDEN",Y,"A garden in which bees are kept.",1,P,"-"
68576,"BEEHIVE",Y,"A receptacle used as a home for bees, traditionally made of thick straw-work in the shape of a dome, but sometimes made of wood.",1,P,"-"
68577,"BIELD",Y,"A wall built to give shelter to sheep.",1,P,"-"
68578,"CIDER PRESS",Y,"A press used to extract the juice from apples, which was then used to make cider.",1,P,"-"
68579,"CORN DRYING KILN",Y,"A building found in conjunction with a WATERMILL, used for the drying of corn after harvesting, with a slatted drying floor set above a kiln.",1,P,"-"
68580,"CORN DRYING OVEN",Y,"A heated stone, brick or iron chamber used for drying corn.",1,P,"-"
68581,"DEWPOND",Y,"A shallow pond, often artificial, fed by the condensation of water from the air, occuring on high land which has no other adequate water supply.",1,P,"-"
68582,"FARMYARD",Y,"A yard or enclosure attached to a farmhouse, usually surrounded by other farm buildings.",1,P,"-"
68583,"HILLTOP ENCLOSURE",Y,"A substantial area of ground surrounded by slight univallate earthwork often interpreted as stock enclosures or as sites where agricultural produce was stored.",1,P,"-"
68584,"HULL",Y,"Underground passage with storage chambers found in South West England.",1,P,"-"
68585,"HUNTING SITE",Y,"A building, site or structure associated with the hunting of animals.",1,P,"-"
68586,"DECOY POND",Y,"A pond or pool with arms covered with nets into which wild birds, are lured and then caught. Monument type includes water feeder channels.",1,P,"-"
68587,"DEER HOUSE",Y,"A building for housing deer overnight.",1,P,"-"
68588,"DEER LEAP",Y,"Bank to let deer cross ditches, fences or roads, into, but not out of, a deer park.",1,P,"-"
68589,"DEER PARK",Y,"A large park for keeping deer. In medieval times the prime purpose was for hunting.",1,P,"-"
68590,"DEER POUND",Y,"An enclosure used for corralling deer.",1,P,"-"
68591,"DEER SHELTER",Y,"A building used to shelter deer hunters.",1,P,"-"
68592,"FALCONRY",Y,"An establishment or building where the breeding and training of birds of prey takes place.",1,P,"-"
68593,"FISHERY",Y,"An area where fish are naturally present, eg. part of a river.",1,P,"-"
68594,"FISH GARTH",Y,"A holding tank/pen on a river or seashore for raising and preserving fish and/or for catching them easily.",1,P,"-"
68595,"FISH TRAP",Y,"A device for catching fish, may be a portable or permanent structure, often a fence or row stakes made in a river, harbour, etc",1,P,"-"
68596,"FISH WEIR",Y,"A fence or row of stakes, often with nets attached forming an enclosure within a river or harbour and used for catching, or holding, fish.",1,P,"-"
68597,"COASTAL FISH WEIR",Y,"A structure comprising of two walls of stone or wood with nets or fish traps attached. Located in coastal waters, on shelving coastlines or in river estuaries they form large enclosures with a V or L shaped plan. The narrow point on the seaward side.",1,P,"-"
68598,"FISHERY MOUND",Y,"A mound used to elevate buildings associated with a fishery e.g. smoke houses, above the level of a flood plain.",1,P,"-"
68599,"Fishing Baulk",N,"-",1,N,"-"
68600,"FISHPOND",Y,"A pond used for the rearing, breeding, sorting and storing of fish.",1,P,"-"
68601,"HUNTING FOREST",Y,"An area of land, heavily though not totally covered with trees, set aside for the royal hunt by Norman and Plantagenet kings.",1,P,"-"
68602,"HUNTING LODGE",Y,"A weekend retreat for Royal parties and others, when hunting in the Royal forests, or as a viewing station for the chase.",1,P,"-"
68603,"KENNELS",Y,"A house or range of buildings in which dogs are kept, eg. hunting hounds.",1,P,"-"
68604,"KILL SITE",Y,"A Palaeolithic or Mesolithic temporary site where there is evidence to suggest animal butchery. Evidence may include animal remains and a specialized tool assemblage.",1,P,"-"
68605,"NET HOUSE",Y,"A free-standing building with enough space to hang and dry nets.",1,P,"-"
68606,"NET LOFT",Y,"A component of another building, often a house, used for storing nets.",1,P,"-"
68607,"PARK PALE",Y,"A wooden stake fence, often associated with deer hunting.",1,P,"-"
68608,"SHOOTING STAND",Y,"Position often screened by earth, stone or wood from which game is shot.",1,P,"-"
68609,"KELP PIT",Y,"A stone-lined pit in which seaweed was burnt. The calcined ashes were used in the manufacture of soap and glass, amongst other things.",1,P,"-"
68611,"ALLOTMENT",Y,"A share or portion of land, allotted to a person, often used for growing, vegetables, fruit, etc.",1,P,"-"
68612,"CAIRN",Y,"A monument featuring a bank or mound constructed primarily of stone. Use specific type where known.",1,P,"-"
68613,"CLEARANCE CAIRN",Y,"An irregularly constructed, generally unstructured, mound of stones. Often, but not necessarily, circular. Normally a by product of field clearance for agricultural purposes.",1,P,"-"
68614,"CAIRNFIELD",Y,"A group of cairns occurring within close proximity to each other. Use for instances where the majority are clearance cairns. Also index specific types where known.",1,P,"-"
68615,"COMMON LAND",Y,"Unenclosed wasteland, forest and pasture used in common by the community.",1,P,"-"
68616,"Copse",N,"-",1,N,"-"
68617,"CROFT",Y,"An enclosed piece of land adjoining a house.",1,P,"-"
68618,"CULTIVATION MARKS",Y,"Manmade marks or earthworks which provide evidence for agricultural cultivation.",1,P,"-"
68619,"PLOUGH MARKS",Y,"The subsoil traces of cultivation, presumed to have been caused by the use of a plough to till the soil.",1,P,"-"
68620,"CULTIVATION TERRACE",Y,"An area of land, usually on a slope, which has been built up to provide a flat surface for the cultivation of crops.",1,P,"-"
68621,"FARM",Y,"A tract of land, often including a farmhouse and ancillary buildings, used for the purpose of cultivation and the rearing of livestock, etc. Use more specific type where known.",1,P,"-"
68622,"FARMSTEAD",Y,"The homestead of a farm consisting of a farmhouse and working farm buildings, with yards, other working areas and usually a garden to the house.",1,P,"-"
68623,"FIELD",Y,"An area of land, often enclosed, used for cultivation or the grazing of livestock.",1,P,"-"
68624,"CORD RIG",Y,"Narrow ridges representing the surviving surface traces of later prehistoric cultivation.",1,P,"-"
68625,"FIELD BOUNDARY",Y,"The limit line of a field.",1,P,"-"
68626,"LYNCHET",Y,"A bank formed at the end of a field by soil which, loosened by the plough, gradually moves down slope through a combination of gravity and erosion.",1,P,"-"
68627,"PLOUGH HEADLAND",Y,"A narrow strip of land where a plough and team could turn. This usually remains higher than the ploughed land.",1,P,"-"
68628,"RIDGE AND FURROW",Y,"A series of long, raised ridges separated by ditches used to prepare the ground for arable cultivation. This was a technique, characteristic of the medieval period.",1,P,"-"
68629,"BROAD RIDGE AND FURROW",Y,"Long parallel soil ridges in excess of 5 metres across separated by furrows, formed by using a heavy plough capable of turning the soil.",1,P,"-"
68630,"NARROW RIDGE AND FURROW",Y,"Long parallel soil ridges less than 5 metres across separated by furrows, formed by using a heavy plough capable of turning the soil.",1,P,"-"
68631,"STEAM PLOUGHED RIG",Y,"A ridge and furrow produced by a plough drawn between two steam engined vehicles, or a steam engined vehicle and a moveable windlass, standing on opposite headlands.",1,P,"-"
68632,"STRIP LYNCHET",Y,"A terraced field usually found on hillsides. Comprising a flat strip of land, called the tread, and a steep, scarped lynchet or edge, called the riser.",1,P,"-"
68633,"FIELD SYSTEM",Y,"A group or complex of fields which appear to form a coherent whole. Use more specific type where known.",1,P,"-"
68634,"AGGREGATE FIELD SYSTEM",Y,"A field system which appears to have developed in an organic, or piecemeal, fashion over time.",1,P,"-"
68635,"CELTIC FIELD SYSTEM",Y,"A fairly regular system of small rectangular fields. Examples may date from the middle Bronze Age to the Roman period. The word 'Celtic' carries no chronological or cultural connotations in this context.",1,P,"-"
68636,"CENTURIATED AREA",Y,"An area of land which retains distinctive large-scale rectilinear land divisions characteristic of Roman agriculture. Generally aligned with the course of a Roman road.",1,P,"-"
68637,"COAXIAL FIELD SYSTEM",Y,"A field system with one prevailing axis of orientation, in which most field boundaries are either aligned with this axis or run at right angles to it.",1,P,"-"
68638,"ENCLOSED FIELD SYSTEM",Y,"A system of individually enclosed fields.",1,P,"-"
68639,"OPEN FIELD",Y,"An area of arable land with common rights after harvest or while fallow. Usually without internal divisions (hedges, walls or fences).",1,P,"-"
68640,"WATER MEADOW",Y,"Grassland fertilized by allowing floodwater to cover it in winter.",1,P,"-"
68641,"GARDEN",Y,"An enclosed piece of ground devoted to the cultivation of flowers, fruit or vegetables and/or recreational purposes. Use more specific type where known.",1,P,"-"
68642,"HOP GARDEN",Y,"A piece of land used for the cultivation of hops.",1,P,"-"
68643,"KITCHEN GARDEN",Y,"A private garden established primarily for growing vegetables and herbs for domestic consumption.",1,P,"-"
68644,"MARKET GARDEN",Y,"A piece of land used to grow vegetables to be sold at markets.",1,P,"-"
68645,"NURSERY GARDEN",Y,"A horticultural site where trees, shrubs and plants are grown for sale and transplanting elsewhere.",1,P,"-"
68646,"GRANGE",Y,"An outlying farm or estate, usually belonging to a religious order or feudal lord. Specifically related to core buildings and structures associated with monastic land holding. Use specific term where known.",1,P,"-"
68647,"LAZY BEDS",Y,"Areas used for potato-growing.",1,P,"-"
68648,"MANOR",Y,"An area of land consisting of the lord's demesne and of lands from whose holders he may exact certain fees, etc.",1,P,"-"
68649,"ORCHARD",Y,"An enclosure used for the cultivation of fruit trees.",1,P,"-"
68650,"PLANTATION BANK",Y,"An earthen bank indicating the limit of a plantation.",1,P,"-"
68651,"RANCH BOUNDARY",Y,"A system of long, continuous banks and/or ditches dividing land into well defined areas. Possibly used for controlling livestock",1,P,"-"
68652,"REAVE",Y,"A stone wall, often of considerable length, built to divide an area of land. Most occur as part of extensive walled field systems. This is a regional term specific to Dartmoor and should not be used in other parts of the country.",1,P,"-"
68653,"VILLA",Y,"A term for a type of house, with varying definitions according to period. Roman villas were high-status and usually associated with a rural estate, whereas Georgian and later period villas were often semi-detached, town houses.",1,P,"-"
68654,"VINEYARD",Y,"An area of land and associated buildings where vines are cultivated. The grapes produced are then used to make wine.",1,P,"-"
68655,"WATERCRESS BED",Y,"A cultivated plantation of watercress, usually situated near springs or small running streams.",1,P,"-"
68656,"WOOD",Y,"A tract of land with trees, sometimes acting as a boundary or barrier, usually smaller and less wild than a forest.",1,P,"-"
68657,"WOOD BANK",Y,"An earthen bank indicating the limit of a wood or coppice",1,P,"-"
68658,"OYSTER BEDS",Y,"A place where oysters are bred for consumption.",1,P,"-"
68659,"PILLOW MOUND",Y,"A pillow-shaped, flat topped rectangular mound often surrounded by a shallow ditch used to farm rabbits.",1,P,"-"
68660,"POUND",Y,"A pen, often circular and stone-walled, for rounding up livestock.",1,P,"-"
68661,"RABBIT WARREN",Y,"An area used for the breeding and rearing of rabbits.",1,P,"-"
68662,"SHEEP DIP",Y,"A place where sheep are washed in a chemical bath to control  the parasites of sheep. To conserve the poisonous chemicals the bath is usually small and are not allowed to enter any watercourse.",1,P,"-"
68663,"SHEEP FOLD",Y,"A pen or enclosure used for containing sheep.",1,P,"-"
68664,"SHELL MIDDEN",Y,"A refuse heap of discarded shells.",1,P,"-"
68665,"STACK STAND",Y,"A platform for storing winter fodder.",1,P,"-"
68666,"STADDLE STONE",Y,"Mushroom-shaped stones used to raise the floor of barns, granaries etc. above ground level, to prevent vermin gaining access to stored grain and fodder.",1,P,"-"
68667,"STOCK ENCLOSURE",Y,"A pound for the accommodation of livestock.",1,P,"-"
68668,"STORAGE PIT",Y,"A pit dug in the ground used to store meat, grain and other foodstuffs. A common feature of Iron Age farms.",1,P,"-"
68669,"GRAIN STORAGE PIT",Y,"A pit where grain is stored.",1,P,"-"
68670,"SWANNERY",Y,"A place where swans are bred and reared.",1,P,"-"
68671,"THRESHING FLOOR",Y,"An area of a barn, paved or boarded, on which corn was threshed by hand flailing. Use broader site type where known.",1,P,"-"
68672,"TURF STACK",Y,"A structure used to dry turf on. Turves were used as a fuel and as a roofing material.",1,P,"-"
68673,"VERMIN TRAP",Y,"A device used to trap or kill animals considered to be pests, eg. rats.",1,P,"-"
68674,"WASHFOLD",Y,"A pen for holding sheep waiting to be washed.",1,P,"-"
68675,"CIVIL",N,"Sites, buildings, structures etc associated with the civil administration of settlements & enforcement of the laws of the land. Includes local & central government, settlements granted by the crown or ruling administration does not manorial settlements.",1,P,"-"
68676,"ASSEMBLY HALL",Y,"A hall in which public assemblies and meetings can be held.",1,P,"-"
68677,"Assembly Room",N,"-",1,N,"-"
68678,"BASILICA",Y,"An aisled timber or masonry hall, serving as the chief administrative public meeting centre and law courts for a Roman town. Usually located alongside the forum.",1,P,"-"
68679,"BURH",Y,"An Anglo-Saxon fortified town or other defended site, not necessarily urban.",1,P,"-"
68680,"CHURCH HALL",Y,"A hall associated with a church, used for holding functions, meetings and for conducting parish business.",1,P,"-"
68681,"CHURCH HOUSE",Y,"House owned by the church, often used for meetings.",1,P,"-"
68682,"COINAGE HALL",Y,"Civil building in Cornwall and Devon for assay and sale of tin ingots.",1,P,"-"
68684,"POST BOX",Y,"A box in which letters are posted or deposited for dispatch.",1,P,"-"
68685,"POST OFFICE",Y,"A building, department or shop where postal business is carried on.",1,P,"-"
68686,"SEMAPHORE STATION",Y,"A signal station incorporating equipment for visually conveying coded communications.",1,P,"-"
68687,"SIGNAL STATION",Y,"A building or tower used to communicate information to shipping or other stations using signals such as flags, fires or lights. Roman signal stations took the form of a stone tower surrounded by a ditched enclosure and were used to warn of Saxon raids.",1,P,"-"
68688,"SORTING OFFICE",Y,"A place where letters and parcels are sorted before being distributed. Usually found at a large general post office.",1,P,"-"
68689,"TELEGRAPH STATION",Y,"One in a chain of stations with semaphore shutters and telescopes which could relay messages according to a planned code. Used from the 1790s by the British Admiralty to speed up communications from London to the ports of Deal, Portsmouth and Plymouth.",1,P,"-"
68690,"TELEPHONE BOX",Y,"A freestanding public call box, containing a telephone and usually operated by inserting coins.",1,P,"-"
68691,"TELEPHONE EXCHANGE",Y,"An office or central station of a local telephone system where the various lines are brought to a central switchboard and communication between subscribers is achieved.",1,P,"-"
68692,"COUNTY HALL",Y,"A building from which the administration of a county is carried out by the County Council. It is also, historically, the site where the county quarter sessions and assizes were held.",1,P,"-"
68693,"EDUCATION",N,"Sites, buildings, structures & features relating to the provision of knowledge and skills.",1,P,"-"
68694,"ART GALLERY",Y,"A building in which works of art are displayed, permanently or temporarily.",1,P,"-"
68695,"COLLEGE",Y,"An establishment, often forming part of a university, for higher or tertiary education.",1,P,"-"
68696,"EXHIBITION HALL",Y,"A hall used for housing public displays.",1,P,"-"
68697,"LIBRARY",Y,"A building, room or suite of rooms where books, or other materials, are classified by subject and stored for use by the library's members.",1,P,"-"
68698,"MUSEUM",Y,"A building, group of buildings or space within a building, where objects of value such as works of art, antiquities, scientific specimens, or other artefacts are housed and displayed.",1,P,"-"
68699,"OBSERVATORY",Y,"A building containing celestial telescopes in which astronomical or meteorological phenomena may be observed.",1,P,"-"
68700,"SCHOOL",Y,"An establishment in which people, usually children, are taught.",1,P,"-"
68701,"GRAMMAR SCHOOL",Y,"A school founded in or before the 16th century, for teaching Latin, later becoming a secondary school teaching languages, history, science, etc.",1,P,"-"
68702,"RIDING SCHOOL",Y,"A school for instruction in the art of horsemanship.",1,P,"-"
68703,"UNIVERSITY",Y,"A group of colleges and associated buildings belonging to a university.",1,P,"-"
68704,"ZOO",Y,"A garden or park, with ancilliary buildings, in which wild animals are kept and reared for public exhibition.",1,P,"-"
68705,"FORUM",Y,"A large, rectangular open space at the centre of a Roman town, incorporating public spaces and a market area.",1,P,"-"
68706,"GUILDHALL",Y,"Traditionally, the hall of a crafts, trade, or merchants' guild. Nowadays, often used to describe a TOWN HALL.",1,P,"-"
68707,"HEALTH AND WELFARE",N,"Sites, buildings, structures & features associated with health (for example, treatment of the sick) &/or social welfare (for example, alleviation of poverty), including all charitable foundations & all forms of state defined social welfare.",1,P,"-"
68708,"ALMONRY",Y,"A building adjacent to a monastery where alms were distributed to the poor.",1,P,"-"
68709,"ALMSHOUSE",Y,"A house devoted to the shelter of the poor and endowed by a benefactor for this use.",1,P,"-"
68710,"AMBULANCE STATION",Y,"A building where ambulances are housed awaiting emergency calls.",1,P,"-"
68711,"Asylum",N,"-",1,N,"-"
68712,"BATHS",Y,"A building, usually open to the public, containing a number of areas for bathing. In the case of such a complex containing baths for swimming, also index with INDOOR or OUTDOOR SWIMMING POOL.",1,P,"-"
68713,"CLINIC",Y,"An institution, sometimes attached to a hospital, where patients may receive treatment or health checks.",1,P,"-"
68714,"COASTGUARD STATION",Y,"A building or group of buildings situated close to the sea used by coastguards to enable them to monitor the coastline.",1,P,"-"
68715,"FIRE STATION",Y,"A civic building housing fire engines and a permanent fire-fighting force.",1,P,"-"
68716,"HOSPITAL",Y,"An establishment providing medical or surgical treatment for the ill or wounded. Use narrower term where possible.",1,P,"-"
68717,"LEPER HOSPITAL",Y,"A medieval hospital for lepers, usually consisting of a church and individual shelters for the lepers.",1,P,"-"
68718,"Pest House",N,"-",1,N,"-"
68719,"ORPHANAGE",Y,"A public institution for the care and protection of children without parents.",1,P,"-"
68720,"PLAGUE STONE",Y,"A stone on which plague victims placed vinegar-disinfected money to pay for food left for them by the townspeople.",1,P,"-"
68721,"SANATORIUM",Y,"A hospital for convalescents or consumptives.",1,P,"-"
68722,"SPA",Y,"A medicinal or mineral spring often with an associated building.",1,P,"-"
68723,"WORKHOUSE",Y,"A 19th century establishment for the provision of work for the unemployed poor of a parish; later an institution administered by Guardians of the Poor, in which paupers are lodged and the able-bodied set to work.",1,P,"-"
68725,"COURT HOUSE",Y,"A building in which a judicial court is held.",1,P,"-"
68726,"DUCKING POND",Y,"A pond used for the punishment, by ducking in water, of offenders.",1,P,"-"
68727,"DUCKING STOOL",Y,"A chair fixed to the end of a plank, in which scolds or dishonest people were tied and ducked in water as a punishment.",1,P,"-"
68728,"EXECUTION SITE",Y,"A place where people were put to death. Use narrower monument type where known.",1,P,"-"
68729,"GALLOWS",Y,"A structure used for execution by hanging. Usually two uprights and a cross-piece, from which the offender is suspended by the neck.",1,P,"-"
68730,"GALLOWS MOUND",Y,"A natural or man-made earth mound on which a gallows was erected.",1,P,"-"
68731,"GIBBET",Y,"An upright post with projecting arm from which the body of a criminal would be hung in chains after execution.",1,P,"-"
68732,"LEET HALL",Y,"A place where a yearly or half-yearly court of record is held by lords of certain manors.",1,P,"-"
68733,"PILLORY",Y,"A wooden frame with holes, through which the head and hands of an offender were thrust, in which state they would be exposed to public ridicule and assault.",1,P,"-"
68734,"POLICE STATION",Y,"The office or headquarters of a local police force, or of a police district.",1,P,"-"
68735,"PRISON",Y,"An establishment where offenders are confined. Use more specific type where known.",1,P,"-"
68736,"SCAFFOLD",Y,"An elevated platform on which a criminal is executed.",1,P,"-"
68737,"STOCKS",Y,"An instrument of punishment, in which the offender was placed in a sitting position in a timber frame, with holes to confine the ankles and wrists between two planks.",1,P,"-"
68738,"WHIPPING POST",Y,"A post set up, to which offenders were tied to be whipped.",1,P,"-"
68739,"LIVERY HALL",Y,"A type of guildhall belonging primarily to the London livery companies, but also found elsewhere in the country, so called because of the livery worn by members of the guild.",1,P,"-"
68740,"MANSIO",Y,"A type of Roman lodging house, frequently sited near the town gate.",1,P,"-"
68741,"MINT",Y,"A place where money is coined under public authority.",1,P,"-"
68742,"MOOT",Y,"An outdoor meeting place.",1,P,"-"
68743,"MOOT HALL",Y,"A meeting hall, sometimes equivalent to a GUILDHALL, but also associated with some early mining industries.",1,P,"-"
68744,"OPPIDUM",Y,"An imprecise term used to describe large Iron Age settlements of town-like proportions.",1,P,"-"
68745,"ENCLOSED OPPIDUM",Y,"A site with one or more defensive earthworks, often at a river crossing incorporating natural features which define parts of the curtilage.",1,P,"-"
68747,"PARISH BOUNDARY",Y,"The limit line of a parish.",1,P,"-"
68748,"PARISH HALL",Y,"A hall built for the use of people living within a parish boundary.",1,P,"-"
68749,"PUBLIC BUILDING",Y,"A building or group of buildings owned and operated by a governing body and often occupied by a government agency. Use specific type of building where known.",1,P,"-"
68750,"TOWN",Y,"An assemblage of public and private buildings, larger than a village and having more complete and independent local government.",1,P,"-"
68751,"CIVITAS CAPITAL",Y,"A planned administrative capital for local government which provided amenities for the Roman and peregrine (non-Roman) inhabitants of the town.",1,P,"-"
68752,"COLONIA",Y,"A town founded as an act of government by charter to house Roman or Latin citizens, usually retired legionaires who had been granted land within a territorium.",1,P,"-"
68753,"MUNICIPIUM",Y,"A town for citizens of Roman or Latin status with a constitution governed by charter, which if possessing only Latin rights could be promoted to the status of a colonia.",1,P,"-"
68754,"TOWN HALL",Y,"A large building used for the transaction of the public business of a town, the holding of courts of justice, entertainments and other activities.",1,P,"-"
68755,"VICUS",Y,"A district, suburb or quarter of a town or village adjacent to a fort, with the lowest legal status accorded to a built up area.",1,P,"-"
68756,"VILLAGE HALL",Y,"A hall in a village used for meetings and other functions.",1,P,"-"
68757,"COMMEMORATIVE",N,"Sites, buildings, structures, features & areas of land commemorating an historical event, person or animal.",1,P,"-"
68758,"BATTLEFIELD",Y,"The field or area of ground on which a battle or skirmish was fought.",1,P,"-"
68759,"CENOTAPH",Y,"A sepulchral monument erected to commemorate a person or persons buried elsewhere.",1,P,"-"
68760,"CENTURIAL STONE",Y,"An inscribed marker stone found on Hadrian's Wall.",1,P,"-"
68761,"Ceremonial Arch",N,"Use both terms.",1,N,"-"
68762,"COAT OF ARMS",Y,"Includes crests, hatchments and supporters.",1,P,"-"
68763,"Commemorative Arch",N,"Use both terms.",1,N,"-"
68764,"Commemorative Column",N,"Use both terms.",1,N,"-"
68765,"COMMEMORATIVE MONUMENT",Y,"A building, structure or landscape created to commemorate a person or event.",1,P,"-"
68766,"DATE STONE",Y,"A stone commemorating the date of a specific event.",1,P,"-"
68767,"DEDICATION STONE",Y,"A commemorative stone inscribed with a dedicatory inscription to a person or event.",1,P,"-"
68768,"HILL FIGURE",Y,"A giant figure of a man, animal or symbol carved on chalk hillsides mainly in southern England.",1,P,"-"
68769,"HISTORICAL SITE",Y,"Site with important historical association.",1,P,"-"
68770,"Memorial",N,"-",1,N,"-"
68771,"WAR MEMORIAL",Y,"A structure, building or site commemorating soldiers and civilians killed in war.",1,P,"-"
68772,"Monumental Arch",N,"Use both terms.",1,N,"-"
68773,"NAMED TREE",Y,"A tree named after a person or event associated with it, e.g. Byron's Oak at Newstead.",1,P,"-"
68774,"OBELISK",Y,"A tall, tapering pillar with a pyramidal top, generally square on plan. Used in England from the late 16th century as a public, funerary or garden monument.",1,P,"-"
68775,"STATUE",Y,"A representation in the round of a living being, allegorical personage, eminent person or animal, etc, sculptured, moulded or cast in marble, metal, plaster, etc.",1,P,"-"
68776,"TRIUMPHAL ARCH",Y,"A large free-standing arch erected to commemorate a triumph or victory.",1,P,"-"
68777,"COMMERCIAL",N,"Sites, buildings, structures & features related to the sale, exchange &/or storage of goods or services. Includes commercially operated catering establishments & lodging premises.",1,P,"-"
68778,"ASSAY OFFICE",Y,"A building for the weighing or testing of metals, eg. at a mine site.",1,P,"-"
68779,"BAKERY",Y,"A commercial bakery or bread factory. If domestic use BAKEHOUSE.",1,P,"-"
68781,"CAFE",Y,"A cheap eating and drinking establishment usually serving snacks and non-alcoholic drinks.",1,P,"-"
68782,"CHANDLERY",Y,"Traditionally the premises of a chandler, a maker and seller of candles. Now, a shop for the retail of groceries and other provisions.",1,P,"-"
68783,"CLOTH HALL",Y,"A market hall where cloth merchants can show their wares and conduct business.",1,P,"-"
68784,"COFFEE HOUSE",Y,"An establishment serving coffee and other refreshments and inexpensive foods. Between the 17th and 18th centuries they were also meeting places for political discussions.",1,P,"-"
68785,"COUNTING HOUSE",Y,"An accounts office, especially within an industrial or commercial complex.",1,P,"-"
68786,"EXCHANGE",Y,"A multi-purpose commercial building, used primarily as a trading place for merchants, but also incorporating shops, public offices, guildhalls, etc.",1,P,"-"
68787,"CORN EXCHANGE",Y,"A building where samples of corn were sold or auctioned during the early to mid 19th century. When not in use, between market days, the buildings were used as public halls.",1,P,"-"
68788,"STOCK EXCHANGE",Y,"A building which provides the centralized market for trading in stocks and shares and for raising capital for industry.",1,P,"-"
68789,"FAIR",Y,"A site where a periodical gathering of buyers, sellers and entertainers, meet at a time ordained by charter or statute or by ancient custom.",1,P,"-"
68790,"FISH STONE",Y,"A stone slab, raised on stone or wooden piers, used for the display of fresh fish. Usually found in market places.",1,P,"-"
68791,"GUEST HOUSE",Y,"A separate residence for guests, a house on a private estate or a monastery building specifically for receiving visitors.",1,P,"-"
68792,"HOTEL",Y,"A large building used for the accommodation of paying travellers and guests.",1,P,"-"
68793,"INN",Y,"A public house for the lodging and entertainment of travellers, etc.",1,P,"-"
68794,"COACHING INN",Y,"A public house offering lodgings to the passengers, and stabling for the horses of stage coaches.",1,P,"-"
68795,"LAUNDRY",Y,"A room or building where clothing and other fabrics are washed, mangled, steamed and ironed.",1,P,"-"
68796,"MARKET",Y,"An open space or covered building in which cattle, goods, etc, are displayed for sale.",1,P,"-"
68797,"LIVESTOCK MARKET",Y,"A market where cattle, pigs, sheep and poultry are bought and sold.",1,P,"-"
68798,"MARKET HALL",Y,"A purpose built covered market hall, usually 19th century, although earlier examples do exist, eg. that at Abingdon, Oxfordshire c.1680.",1,P,"-"
68799,"MARKET PLACE",Y,"An area, often consisting of widened streets or a town square, where booths and stalls may be erected for public sales.",1,P,"-"
68800,"PUBLIC HOUSE",Y,"The public house was a 19th century development, distinctive from the earlier BEER HOUSE by its decorative treatment and fittings.",1,P,"-"
68801,"RESTAURANT",Y,"A place where refreshments or meals may be obtained.",1,P,"-"
68802,"SHAMBLES",Y,"Traditionally a place where meat and fish were sold.",1,P,"-"
68803,"SHOP",Y,"A house or building where goods are made or prepared and displayed for sale and sold. Use more specific type where known.",1,P,"-"
68804,"SHOPPING ARCADE",Y,"A covered shopping street, sometimes with galleries, dating from the late 18th/early 19th century.",1,P,"-"
68805,"SMUGGLERS CACHE",Y,"A hiding place for stores, often underground, used by smugglers.",1,P,"-"
68806,"WAREHOUSE",Y,"A building or part of a building used for the storage of goods or merchandise. Use more specific type where known.",1,P,"-"
68807,"WINE CELLAR",Y,"A building or subterranean structure used for the storage of wine.",1,P,"-"
68808,"DEFENCE",N,"Sites, buildings, structures & features used in the defence of the civilian population. Includes civil defence sites, weapons stores, training sites, military signals & active defence structures such as anti-aircraft sites.",1,P,"-"
68809,"Acoustic Detection Post",N,"-",1,N,"-"
68810,"AIR RAID SHELTER",Y,"A fortified structure used to protect civilians and military personnel from enemy bombing.",1,P,"-"
68811,"AMPHITHEATRE",Y,"An oval or circular structure with seats rising in tiers around a central open space. Used for religious ceremonies, entertainment, training and armed combat contests.",1,P,"-"
68812,"ANGLE TOWER",Y,"A fortified tower found at the angle of a castle wall.",1,P,"-"
68813,"Anti Glider Ditch",N,"-",1,N,"-"
68814,"ARMAMENT DEPOT",Y,"A building used to store military equipment and ammunition.",1,P,"-"
68815,"ARMOURY",Y,"A place where weapons are kept.",1,P,"-"
68816,"ARSENAL",Y,"A building or large scale site for the manufacture and/or storage of weapons, ammunition and equipment.",1,P,"-"
68817,"ARTILLERY GROUND",Y,"A place in which the artillery is encamped or collected together.",1,P,"-"
68818,"ARTILLERY TOWER",Y,"A fortified tower designed to house a number of artillery pieces and a small garrison. Artillery towers first appear in England in the 16th century.",1,P,"-"
68819,"BARBICAN",Y,"Any earthworks, walling, bastion or fortified outwork, or combination of these, generally with ditch or moat.",1,P,"-"
68820,"BARMKIN",Y,"A defensive cattle enclosure added to fortified towers.",1,P,"-"
68821,"BARRACKS",Y,"A building used to house members of the armed forces.",1,P,"-"
68822,"BASTION",Y,"A flanking tower, or projection from the main walls of a defensive work from which a garrison can defend the ground in front or on the flank.",1,P,"-"
68823,"BASTLE",Y,"A fortified house of two or three storeys, the lower floor being used to house animals and the upper for domestic use.",1,P,"-"
68824,"BATTERY",Y,"A site where guns, mortars or searchlights are mounted. Use specific type where known.",1,P,"-"
68825,"ANTI AIRCRAFT BATTERY",Y,"A site containing one or more artillery pieces and/or rocket launchers for firing at enemy aircraft.",1,P,"-"
68826,"SEARCHLIGHT BATTERY",Y,"A site in which one or more searchlights were positioned to locate enemy aircraft or surface vessels for the benefit of batteries and night fighter aircraft.",1,P,"-"
68827,"BEACON",Y,"A site or structure on which a signal, especially a fire, could be placed as a warning or means of communication. Use for beacon sites or surviving beacon structures.",1,P,"-"
68828,"BLOCKHOUSE",Y,"A detached fort covering a strategic point.",1,P,"-"
68829,"BREASTWORK",Y,"A temporary fieldwork, usually a few feet in height, constructed for defence against enemy forces.",1,P,"-"
68830,"BUTTS",Y,"A mound or structure on which an archery, musketry or artillery target is erected. Use specific type where known.",1,P,"-"
68831,"ARCHERY BUTTS",Y,"A mound or structure on which targets are placed for archery practice or competition.",1,P,"-"
68832,"RIFLE BUTTS",Y,"A target range used for rifle and small arms practice and recreational purposes.",1,P,"-"
68833,"CASTLE",Y,"A fortress and dwelling, usually medieval in origin, and often consisting of a keep, curtain wall and towers etc.",1,P,"-"
68834,"ADULTERINE CASTLE",Y,"A castle erected without permission, ie. without a royal licence to crenellate.",1,P,"-"
68835,"ARTILLERY CASTLE",Y,"Castles constructed between 1481 and 1561 for defence using heavy guns.",1,P,"-"
68836,"BAILEY",Y,"The courtyard of a castle, ie. the area enclosed by the rampart or curtain. Use with wider site type where known.",1,P,"-"
68837,"CONCENTRIC CASTLE",Y,"A castle surrounded by two or more lines of walled fortifications.",1,P,"-"
68838,"KEEP",Y,"The major tower of a fortification, often acting as its last defence.",1,P,"-"
68839,"SHELL KEEP",Y,"A Norman keep, in the form of a circular or polygonal enclosure surrounded by a wall.",1,P,"-"
68840,"TOWER KEEP",Y,"A fortified keep in the form of a tower, used as a last refuge or defence. If a component of a larger site, use KEEP.",1,P,"-"
68841,"MOTTE",Y,"An artificial steep-sided earthen mound on, or in, which is set the principal tower of a castle.",1,P,"-"
68842,"MOTTE AND BAILEY",Y,"An early form of castle consisting of a flat-top steep-sided earthen mound, supporting a wooden tower, and a bailey.",1,P,"-"
68843,"QUADRANGULAR CASTLE",Y,"A castle built on a simple, rectangular plan, usually with a tower at each corner. This design became common in England after 1300.",1,P,"-"
68844,"RINGWORK",Y,"A defensive bank and ditch, circular or oval in plan, surrounding one or more buildings.",1,P,"-"
68845,"RINGWORK AND BAILEY",Y,"An enclosure within a bailey which contained a keep and sometimes took the place of a motte.",1,P,"-"
68846,"SIEGE CASTLE",Y,"A temporary castle built to house and protect troops beseiging another castle or town.",1,P,"-"
68847,"Chain Tower",N,"-",1,N,"-"
68848,"CHEVAUX DE FRISE",Y,"A system of stones or wooden obstacles placed close together to impede the advance of enemy forces. Do not use for HILLFORT sites.",1,P,"-"
68849,"Corner Tower",N,"-",1,N,"-"
68850,"DOME TRAINER",Y,"A dome shaped building, housing training apparatus, including a projector, for training ground gunners in the art of airfield defence.  (WWII).",1,P,"-"
68851,"DRILL HALL",Y,"A building or site used for the exercise and training of military personnel.",1,P,"-"
68853,"CROSS DYKE",Y,"A linear earthwork, usually a bank accompanied by a ditch, which runs across rather than along an area or ridge of higher ground.",1,P,"-"
68854,"ENCLOSED SETTLEMENT",Y,"A site used primarily for domestic purposes on at least a semi-permanent or seasonal basis, and which has been surrounded by a bank and ditch, palisade, or some other form of enclosure. Use more specific type(s) where appropriate.",1,P,"-"
68855,"HILLFORT",Y,"A hilltop enclosure bounded by one or more substantial banks, ramparts and ditches. Use more specific type where known.",1,P,"-"
68856,"BIVALLATE HILLFORT",Y,"A hilltop enclosure bounded by a double line of ramparts.",1,P,"-"
68857,"MULTIPLE ENCLOSURE FORT",Y,"Hillslope forts with wide spaced ramparts.",1,P,"-"
68858,"MULTIVALLATE HILLFORT",Y,"A hillfort enclosure with defences composed of more than one bank and ditch.",1,P,"-"
68859,"UNIVALLATE HILLFORT",Y,"A hilltop enclosure bounded by a single rampart, usually accompanied by a ditch.",1,P,"-"
68860,"PALISADED HILLTOP ENCLOSURE",Y,"A small, defended settlement dating to the Early Iron Age, located on spurs, promontories or hilltops. The defences are marked by single or double trenches which originally held substantial palisades.",1,P,"-"
68862,"MULTIPLE DITCH SYSTEM",Y,"A multiple, parallel arrangement of linear earthwork ditches, usually accompanied by banks, and often of considerable territorial extent. Usually of later prehistoric or Roman date.",1,P,"-"
68863,"PROMONTORY FORT",Y,"A defensive enclosure created by constructing one or more lines of ramparts across a neck of land, in order to defend, or restrict access to, a spur or promontory, either inland or on the coast.",1,P,"-"
68864,"CLIFF CASTLE",Y,"An enclosure created by constructing one or more lines of ramparts across a promontory which projects into the sea.",1,P,"-"
68865,"ROUND",Y,"A small, Iron Age/Romano-British enclosed settlement found in South West England.",1,P,"-"
68866,"FIELDWORK",Y,"A usually temporary earthwork or fortification, the latter constructed by military forces operating in the field. Use more specific type where known.",1,P,"-"
68867,"FIRING RANGE",Y,"A piece of ground over which small arms or large artillery may be fired at targets. For rocket and missile firing use ROCKET TEST FACILITY.",1,P,"-"
68868,"FORT",Y,"A permanently occupied position or building designed primarily for defence.",1,P,"-"
68869,"ARTILLERY FORT",Y,"A fortified building or site with purpose built emplacements for artillery pieces.",1,P,"-"
68870,"AUXILIARY FORT",Y,"A permanent Roman fort enclosed by a number of ditches and ramparts, used to house a garrison of auxiliaries.",1,P,"-"
68871,"FORT ANNEXE",Y,"A small enclosure built onto the perimeter of a Roman fortress or fort.",1,P,"-"
68872,"SAXON SHORE FORT",Y,"Roman coastal forts fortified with large walls and a ditch, introduced to cope with raids from across the English Channel and North Sea.",1,P,"-"
68873,"VEXILLATION FORT",Y,"A military base normally between 20 and 30 acres in size, containing legionary and auxiliary battle units, which served as stores depots and winter quarters during campaigns.",1,P,"-"
68874,"FORTIFICATION",Y,"A usually permanent defensive work. Use specific type where known.",1,P,"-"
68875,"FORTIFIED HOUSE",Y,"A house which bears signs of fortification. These often include crenellated battlements and narrow slit-like windows.",1,P,"-"
68876,"FORTIFIED MANOR HOUSE",Y,"A manor house, which was granted a royal licence to crenellate.",1,P,"-"
68877,"FORTLET",Y,"A fortified Roman site, usually under 1 hectare in area, strategically situated, housing small military patrols, often defended by a rampart, one or two ditches and a gate.",1,P,"-"
68878,"MILECASTLE",Y,"A small, walled fortlet, situated every Roman mile along the length of Hadrian's Wall to defend a gateway allowing the passage of people and as a garrison to accommodate patrol troops.",1,P,"-"
68879,"MILEFORTLET",Y,"A free standing small turf and timber fortlet, situated every Roman mile along Hadrian's Wall.",1,P,"-"
68880,"FORTRESS",Y,"A major fortified place, often a town, capable of containing a large force. If Roman use LEGIONARY FORTRESS.",1,P,"-"
68881,"LEGIONARY FORTRESS",Y,"A large, fortified permanent Roman military base, made of timber and stone, surrounded by a rampart and ditches.",1,P,"-"
68882,"FRONTIER DEFENCE",Y,"A system of fortifications constructed along a national frontier to contain the local population, as well as keep out undesirable raiders eg. Offa's Dyke. Use with more specific monument type where known.",1,P,"-"
68883,"TURRET",Y,"A small tower or bartizan, which was often placed at the angles of a castle, to increase the flanking ability, some only serving as corner buttresses. Also used to describe the small rectangular towers situated between the milecastles along Hadrians Wall.",1,P,"-"
68884,"VALLUM",Y,"A flat bottomed ditch flanked by mounds running to the south of Hadrian's Wall for much of its length, marking the boundary of the military zone.",1,P,"-"
68885,"GUARDHOUSE",Y,"A building used for the accommodation of a military guard and/or the detainment of prisoners.",1,P,"-"
68886,"GUN EMPLACEMENT",Y,"A fortified site in which a gun, mortar or cannon is positioned.",1,P,"-"
68887,"GYRUS",Y,"A sunken arena used by the Romans for training cavalry horses and recruits.",1,P,"-"
68888,"INTERVAL TOWER",Y,"A tower situated above the rampart walkway and in between the angle towers along a defensive structure, such as a castle wall. They were used as lookout towers, roofed strongpoints or platforms from which missiles could be discharged or artillery fired.",1,P,"-"
68889,"LISTENING POST",Y,"A site equipped with instruments or structures, such as sound mirrors, to listen for the approach of enemy aircraft",1,P,""
68890,"LINEAR EARTHWORK",Y,"A substantial bank and ditch forming a major boundary between two adjacent landholdings. Most date from the late Bronze Age and Iron Age.",1,P,"-"
68891,"MAGAZINE",Y,"A building in which a supply of arms, ammunition and provisions for an army is stored.",1,P,"-"
68892,"POWDER MAGAZINE",Y,"A place in which gunpowder and other explosives are stored in large quantities.",1,P,"-"
68893,"MARTELLO TOWER",Y,"A coastal gun/watch tower built as part of the anti-invasion defences during the Napoleonic Wars.",1,P,"-"
68894,"MILITARY BASE",Y,"A building or group of buildings, often surrounded by a system of fortifications, used as a residential and training site by members of an armed force.",1,P,"-"
68895,"MILITARY CAMP",Y,"A site where a body of troops is temporarily or permanently lodged, with or without entrenchments and fortifications.",1,P,"-"
68896,"MILITARY CANAL",Y,"A canal built as a military obstacle, but also used for the transport of military stores, equipment and personnel.",1,P,"-"
68897,"PALISADE",Y,"An enclosure of stakes driven into the ground, sometimes for defensive purposes.",1,P,"-"
68898,"PARADE GROUND",Y,"A place where military personnel parade, practice marching, assemble or muster for a march or any other special purpose.",1,P,"-"
68899,"PELE TOWER",Y,"A strong, fortified dwelling, of between two and four storeys. Occupied only in times of trouble built mainly in the border country of the North from the mid 14th to the 17th century.",1,P,"-"
68900,"PILLBOX",Y,"An often squat building with thick, loopholed walls and a flat roof, designed to accommodate a variety of weapons, usually strategically positioned to cover a vulnerable point in a defensive system. Many were built to standardized designs.",1,P,"-"
68901,"POSTERN",Y,"A small gateway cut through the curtain wall or its flanking towers. Used primarily as an outlet for counter-attacking forces.",1,P,"-"
68902,"Powder House",N,"-",1,N,"-"
68903,"PRISONER OF WAR CAMP",Y,"A prison site for the containment of servicemen captured in war.",1,P,"-"
68904,"RADAR STATION",Y,"A building or site incorporating equipment used for detecting the presence of enemy aircraft or ships. Radar Stations can also be used to aid aircraft navigation in dark or poor conditions.",1,P,"-"
68905,"RAMPART",Y,"A protective earthen mound, often the main defence of a fortification.",1,P,"-"
68907,"SCONCE",Y,"A small protective fortification, such as an earthwork.",1,P,"-"
68908,"SIEGEWORK",Y,"A temporary earthwork or fortification constructed by forces laying siege to a castle or town, etc.",1,P,"-"
68909,"SAP",Y,"A covered trench, often in a zig zag form, made for the purpose of approaching a beseiged place under fire of the garrison.",1,P,"-"
68910,"TANK TRAP",Y,"Reinforced concrete blocks, walls or ditches designed to obstruct the progress of a tank or armoured vehicle.",1,P,"-"
68911,"TEMPORARY CAMP",Y,"A temporary overnight camp enclosed by a shallow ditch and palisade, constructed by Roman troops on campaigns or manoeuvres.",1,P,"-"
68912,"Marching Camp",N,"-",1,N,"-"
68913,"Practice Camp",N,"-",1,N,"-"
68914,"TOWER HOUSE",Y,"A multi-storey, fortified hall house with one of the crosswings being raised in the form of a crenellated tower. Permanently occupied, they date from the mid 14th to the 17th century and are found mainly in the border counties of the North of England.",1,P,"-"
68915,"TOWN DEFENCES",Y,"Defensive fortifications such as ramparts, ditches and stone walls, built to defend a town or city.",1,P,"-"
68916,"TOWN GATE",Y,"A highly defensible gateway, usually of stone with two or more storeys, built into the defensive walls of a town or city.",1,P,"-"
68917,"TRENCH",Y,"An excavation used as a means of concealment, protection or both.",1,P,"-"
68918,"SLIT TRENCH",Y,"A short trench used to protect troops or to provide defensive fire from, often dug for practice purposes.",1,P,"-"
68919,"WATCH TOWER",Y,"A building or structure from which observation is kept of the approach of danger.",1,P,"-"
68920,"WATER GATE",Y,"A gate leading to water, either a river or the sea. Used as a means of supplying castles, for example, with goods brought by water transport.",1,P,"-"
68921,"DOMESTIC",N,"Sites, buildings, structures and features used for permanent, seasonal or temporary accommodation/habitation & related ancillary buildings. Includes commercial, military and religious sites used for residential purposes as well as industrial workplaces.",1,P,"-"
68922,"ASH PIT",Y,"A pit containing burnt ashes.",1,P,"-"
68923,"BAKEHOUSE",Y,"A service building to a country house, farm, etc, used for baking. If commercial premises use BAKERY.",1,P,"-"
68924,"BOTHY",Y,"Small building in which labourers, such as miners and tin workers. They are also associated with gardens where they provide on-site accommodation for gardeners and estate workers.",1,P,"-"
68925,"BURNT MOUND",Y,"A mound of fire-cracked stones, normally accompanied by a trough or pit which may have been lined with wood, stone or clay. Assumed to be locations where heated stones were used to boil water primarily for cooking purposes.",1,P,"-"
68926,"GAME LARDER",Y,"A small building in which game is hung up and kept cool.",1,P,"-"
68927,"GRUBENHAUS",Y,"A timber building based around a sunken hollow, the floor of which may have been suspended above the hollow to counteract dampness. Grubenhauser are believed to date from the 5th to 8th centuries AD but may be earlier. Use Grubenhauser as plural.",1,P,"-"
68928,"HOUSE",Y,"A building for human habitation, especially a dwelling place. Use more specific type where known.",1,P,"-"
68929,"Canal Keepers House",N,"-",1,N,"-"
68930,"CLERICAL DWELLING",N,"Residences of religious people and members of the clergy.",1,P,"-"
68931,"Abbots House",N,"-",1,N,"-"
68932,"BISHOPS PALACE",Y,"The official residence of a bishop.",1,P,"-"
68933,"CLERGY HOUSE",Y,"A residence for all clergy having the sole or subordinate charge of a living.",1,P,"-"
68934,"DEANERY",Y,"The official residence of a dean.",1,P,"-"
68935,"MANSE",Y,"A non-conformist minister's house.",1,P,"-"
68936,"Parsonage",N,"-",1,N,"-"
68937,"Prebendal House",N,"-",1,N,"-"
68938,"Presbytery",N,"-",1,N,"-"
68939,"PRIESTS HOUSE",Y,"The residence of a priest.",1,P,"-"
68940,"Priors House",N,"-",1,N,"-"
68941,"Rectory",N,"-",1,N,"-"
68942,"VICARAGE",Y,"The residence of a vicar, parson or rector.",1,P,"-"
68943,"COURTYARD HOUSE",Y,"A building or buildings ranged around a courtyard on at least three sides. They occur in the Iron Age, as well as being an influential plan type of house from the 15th century onwards. Index with appropriate period.",1,P,"-"
68944,"CRANNOG",Y,"An island, partly or wholly artificial, built up by dumping timber, earth and stones onto a lake or river bed. Often revetted with timber piles or palisade.",1,P,"-"
68946,"GREAT HOUSE",Y,"A large house dating from the 16th century onwards, built as a symbol of the wealth and status of the owner but not intended to be defensible unlike the castles and manor houses it replaced.",1,P,"-"
68947,"COUNTRY HOUSE",Y,"The rural residence of a country gentleman.",1,P,"-"
68948,"MANOR HOUSE",Y,"The principal house of a manor or village.",1,P,"-"
68949,"PALACE",Y,"A substantial house in a town or the country (particularly associated with medieval London). Use more specific monument types where known.",1,P,"-"
68950,"ROYAL PALACE",Y,"A large, luxuriously appointed building used as an official residence by a member of royalty.",1,P,"-"
68951,"HOUSE PLATFORM",Y,"An area of ground on which a house is built. A platform is often the sole surviving evidence for a house.",1,P,"-"
68952,"LIGHTHOUSE",Y,"A tower or structure, with a powerful light or lights at the top, usually erected at an important or dangerous point on or near the sea-coast for the warning and guidance of mariners, but can also be erected inland for the guidance of travellers.",1,P,"-"
68953,"Lock Keepers House",N,"-",1,N,"-"
68954,"MILL HOUSE",Y,"The residence of a miller, often attached to a mill.",1,P,"-"
68955,"PILE DWELLING",Y,"A dwelling built on marshy, boggy or waterlogged land using timber piles driven vertically into the ground to raise the floor above the ground to prevent flooding.",1,P,"-"
68956,"Railway Workers House",N,"-",1,N,"-"
68957,"ROCK CUT DWELLING",Y,"A dwelling cut into the rockface of a cliff or hillside, often with a built frontage. Many date from the Medieval period and are still in use in some areas of the country.",1,P,"-"
68958,"TOFT",Y,"The place where a house stood or had once stood, often adjoining a garth or croft.",1,P,"-"
68959,"TOLL HOUSE",Y,"A house by a toll gate or toll bridge where tolls are collected.",1,P,"-"
68960,"TOWN HOUSE",Y,"A gentry house in a town or city, either detached or in a terrace.",1,P,"-"
68961,"HUT",Y,"A building of basic construction, usually smaller in size than a house and constructed from a variety of materials such as mud, turf, branches, wood, brick, concrete or metal. Use more specific type where known.",1,P,"-"
68962,"BARK PEELERS HUT",Y,"A round hut, similar to a CHARCOAL BURNERS HUT, associated with forest industry. The bark was later used in the tanning process.",1,P,"-"
68963,"CHARCOAL BURNERS HUT",Y,"A crude shelter for persons engaged in the production of pure carbon by the controlled burning of wood and other organic materials.",1,P,"-"
68964,"HUT CIRCLE",Y,"A round house indicated by the presence of a low, roughly circular bank of turf, earth or stone, which formed the base of the walls. Characteristic of the later prehistoric period. Where several occur together use HUT CIRCLE SETTLEMENT.",1,P,"-"
68965,"HUT PLATFORM",Y,"Levelled or terraced area of ground presumed to have been the site of a house or hut.",1,P,"-"
68966,"WOODWORKERS HUT",Y,"A hut used by a person who makes items from wood. Often found in a woodland setting.",1,P,"-"
68967,"HYPOCAUST",Y,"A Roman under-floor heating system in which hot air heated by a stoked furnace, flowed through channels, created by either raising the floor on pillars of brick and tile or cutting channels into the concrete floor and tiling over them.",1,P,"-"
68968,"Ice House",N,"-",1,N,"-"
68969,"KITCHEN",Y,"A building or room where food is prepared and cooked.",1,P,"-"
68970,"LODGE",Y,"A small building, often inhabited by a gatekeeper, gamekeeper or similar. Use specific type where known.",1,P,"-"
68971,"GATE LODGE",Y,"A dwelling, located at the entrance, or gates, to an estate or park, etc.",1,P,"-"
68972,"MIDDEN",Y,"A refuse heap.",1,P,"-"
68973,"MOAT",Y,"A wide ditch surrounding a building, usually filled with water. Use for moated sites, not defensive moats. Use with relevant site type where known, eg. MANOR HOUSE, GARDEN, etc.",1,P,"-"
68974,"ROCK SHELTER",Y,"The area beneath a natural overhang at the base of a cliff or crag. This may have been used for occupation, burial, etc. Index with site type where known.",1,P,"-"
68975,"RUBBISH PIT",Y,"A pit where domestic waste material is deposited.",1,P,"-"
68976,"SADDLERY",Y,"A house for storing or drying saddles.",1,P,"-"
68977,"SETTLEMENT",Y,"A small concentration of dwellings.",1,P,"-"
68978,"CONSTRUCTION CAMP",Y,"Temporary settlement relating to the construction of railways, viaducts, dams, etc.",1,P,"-"
68979,"BANJO ENCLOSURE",Y,"A monument consisting of a small (generally less than 100m diameter) subcircular enclosure with a narrow approach way consisting of parallel ditches (thus banjo shaped). Believed to be associated with stock management in the Later Prehistoric period.",1,P,"-"
68980,"CLOTHES LINE ENCLOSURE",Y,"A small rectangular or sub circular area or areas bounded by an earthwork, ditch or similar boundary, where one side is formed by an existing linear boundary, forming a pattern reminiscent of clothes hanging from a washing line.",1,P,"-"
68981,"ENCLOSED HUT CIRCLE SETTLEMENT",Y,"A settlement showing evidence for one or more hut circles, enclosed by a distinct boundary ditch, wall, earth rampart or similar barrier. Characteristic of the later prehistoric period.",1,P,"-"
68982,"Enclosed Platform Settlement",N,"Use both terms.",1,N,"-"
68983,"PALISADED HOMESTEAD",Y,"A small, defensive settlement, usually consisting of one dwelling and ancillary buildings, surrounded by a palisade.",1,P,"-"
68984,"PALISADED SETTLEMENT",Y,"A settlement site enclosed within a timber palisade.",1,P,"-"
68985,"HAMLET",Y,"Small settlement with no ecclesiastical or lay administrative function.",1,P,"-"
68986,"HUT CIRCLE SETTLEMENT",Y,"A settlement consisting of several hut circles, either grouped together or dispersed. Characteristic of the later prehistoric period. Use specific forms where supported by the available evidence. For isolated hut circles use HUT CIRCLE.",1,P,"-"
68987,"UNENCLOSED HUT CIRCLE SETTLEMENT",Y,"A settlement with evidence for several hut circles but clearly lacking an obvious boundary. Where it is not certain whether a boundary existed or not, use HUT CIRCLE SETTLEMENT. Characteristic of the later prehistoric period.",1,P,"-"
68988,"LINEAR SETTLEMENT",Y,"A group of related buildings, primarily with a domestic function, which is arranged along a principle axis such as a main road or routeway.",1,P,"-"
68989,"MORAVIAN SETTLEMENT",Y,"A community of Protestant followers of Hussite doctrines, first founded by Moravian emigrants in Saxony, Germany.",1,P,"-"
68990,"OPEN SITE",Y,"A Palaeolithic or Mesolithic occupation site, excluding occupations of caves and rock shelters. Evidence for occupation may include traces of hearths and other structures.",1,P,"-"
68991,"PALISADED ENCLOSURE",Y,"An enclosed settlement surrounded by a single or double row of close-set timbers embedded in a foundation trench, without ditches or banks.",1,P,"-"
68992,"Platform Settlement",N,"Use both terms.",1,N,"-"
68993,"Unenclosed Platform Settlement",N,"Use both terms.",1,N,"-"
68994,"SCOOPED SETTLEMENT",Y,"A settlement, usually enclosed, on a sloping hillside containing a number of oval or circular scopped house floors separated by walls or unexcavated ridges.",1,P,"-"
68995,"SOUTERRAIN",Y,"An underground chamber, store room or passage.",1,P,"-"
68996,"FOGOU",Y,"Underground chambers and stone passages of Iron Age date found in South West England.",1,P,"-"
68997,"TENEMENT",Y,"A parcel of land.",1,P,"-"
68998,"UNENCLOSED SETTLEMENT",Y,"A settlement without any obvious evidence for a boundary. Use specific type where known.",1,P,"-"
68999,"LAKE VILLAGE",Y,"A settlement located on or near to the shores of a lake. Buildings associated with lake villages are usually raised on piles to prevent them from being flooded.",1,P,"-"
69000,"VILL",Y,"Small discreet rural settlements which do not provide the commercial, legal or ecclesiastical services typically found within medieval urban areas.",1,P,"-"
69001,"VILLAGE",Y,"A collection of dwelling-houses and other buildings, usually larger than a hamlet but smaller than a town with a simpler organisation and administration than the latter.",1,P,"-"
69002,"AGGREGATE VILLAGE",Y,"A settlement whose plan suggests the aggregation of several formerly distinct settlement nuclei into a single settlement.",1,P,"-"
69003,"Deserted Village",N,"-",1,N,"-"
69004,"MIGRATED VILLAGE",Y,"The site of a deserted settlement in cases where there is evidence that it has deliberately been relocated in a single planned action, eg. to remove a settlement from an enclosed park, or to create a model community, as opposed to gradual abandonment.",1,P,"-"
69005,"SHIFTED VILLAGE",Y,"An extant settlement which shows evidence of a shift in focus, eg. towards a new road, generally in the form of abandoned buildings or earthworks on the margin furthest from the new focus.",1,P,"-"
69006,"SHRUNKEN VILLAGE",Y,"A settlement where previous house sites are now unoccupied, but often visible as earthworks, crop or soil marks.",1,P,"-"
69008,"AVIARY",Y,"A house, enclosure or large cage for the keeping and breeding of birds.",1,P,"-"
69009,"BANDSTAND",Y,"A platform or other structure for the use of a band of musicians.",1,P,"-"
69010,"BELVEDERE",Y,"A turret, tower or look out occupying a prominent position to provide a view, either a separate building, or part of a villa.",1,P,"-"
69011,"CASCADE",Y,"An artificial fall of water often taking the form of a water staircase.",1,P,"-"
69012,"CONSERVATORY",Y,"A glasshouse used to grow and display tender decorative plants. May be either an extension to a house or freestanding.",1,P,"-"
69013,"FOLLY",Y,"A structure, often found in 18th century landscape gardens, that demonstrates eccentricity or excess rather than practical purpose. They can take many forms - ruins, sham castles, towers, hermits' cells or grottoes.",1,P,"-"
69014,"FOUNTAIN",Y,"An artificial aperture from which water springs. The water supply usually came from a lake or reservoir higher up in order to ensure the necessary flow and pressure. More recently fountains have been powered by pumps.",1,P,"-"
69015,"DRINKING FOUNTAIN",Y,"A fountain erected specifically to supply drinking water.",1,P,"-"
69016,"ORNAMENTAL FOUNTAIN",Y,"An often highly elaborate water fountain, usually found in parks, gardens or urban spaces.",1,P,"-"
69017,"FORMAL GARDEN",Y,"A garden of regular, linear or geometrical design, often associated with the traditional Italian, French and Dutch styles.",1,P,"-"
69018,"GARDEN HOUSE",Y,"A small ornamental building in a garden, usually one-storeyed and consisting of one room. Use a more specific term where known.",1,P,"-"
69019,"GARDEN TEMPLE",Y,"A garden building, usually in the Gothic or classical style. The term can be applied to many types of garden building with an interior space in which to stand or sit. Use specific type where known.",1,P,"-"
69020,"GARDEN WALL",Y,"A stone or brick wall either in, or enclosing, a garden.",1,P,"-"
69021,"GAZEBO",Y,"A garden house situated to provide a commanding view.",1,P,"-"
69022,"GROTTO",Y,"A shady cavern built as a garden feature. In the 18th century it usually took the form of an artificial rocky cave or apartment decorated with stalactites and shells in a wild part of the grounds.",1,P,"-"
69023,"HA HA",Y,"A dry ditch or sunken fence which divided the formal garden from the landscaped park without interrupting the view.",1,P,"-"
69024,"MAZE",Y,"A confusing and baffling network of winding and intercommunicating paths, often bordered by high hedges or walls. Some early examples are believed to have had ritual uses. Use more specific type where known.",1,P,"-"
69025,"HEDGE MAZE",Y,"A complex maze incorporating tall hedges. A popular feature of 16th and 17th century gardens.",1,P,"-"
69026,"ORANGERY",Y,"A gallery or building in a garden, usually south facing, used for the growing of oranges and other fruit.",1,P,"-"
69027,"ORNAMENTAL CANAL",Y,"An artificial stretch of water, usually rectangular in shape, used decoratively, particularly in formal gardens, eg. Long Water, Hampton Court. Occasionally used to supply water to cascades.",1,P,"-"
69028,"ORNAMENTAL LAKE",Y,"An artificial lake, often made by damming a stream. A common feature of landscape parks.",1,P,"-"
69029,"ORNAMENTAL POND",Y,"A small artificial pond of water often found in parks and gardens, for decorative purposes.",1,P,"-"
69030,"Ornamental Terrace",N,"-",1,N,"-"
69031,"PAGODA",Y,"A tall, polygonal structure with ornamental roofs at each storey which is associated with Buddhist temples; the style was adapted for secular eyecatchers and pavilions in the 18th century in England.",1,P,"-"
69032,"PARK",Y,"An enclosed piece of land, generally large in area, used for hunting, the cultivation of trees, for grazing sheep and cattle or visual enjoyment. Use more specific type where known.",1,P,"-"
69033,"LANDSCAPE PARK",Y,"Grounds, usually associated with a country house, laid out so as to produce the effect of natural scenery.",1,P,"-"
69034,"PUBLIC PARK",Y,"A park for the use of the public for entertainment and relaxation.",1,P,"-"
69035,"PARK WALL",Y,"A stone or brick wall enclosing a park.",1,P,"-"
69036,"PAVILION",Y,"A light, sometimes ornamental structure in a garden, park or place of recreation, used for entertainment or shelter. Use specific type where known.",1,P,"-"
69037,"PERGOLA",Y,"Timber or metal structure consisting of upright and cross members designed to support climbing plants.",1,P,"-"
69038,"PLEASANCE",Y,"An area attached to a house, or part of an estate used for pleasure and recreation.",1,P,"-"
69039,"PROSPECT MOUND",Y,"An artificial mound, generally conical, placed within a garden or park to provide a viewing point to overlook the garden or park. It may also serve as a visual focus in the garden or park layout.",1,P,"-"
69040,"PROSPECT TOWER",Y,"A tower built on a prominent part of an estate to provide panoramic views of the surrounding countryside.",1,P,"-"
69041,"ROTUNDA",Y,"An isolated building, circular in plan, generally consisting of one apartment with a domed roof, eg. Mausoleum at Castle Howard, Yorkshire.",1,P,"-"
69043,"TREE AVENUE",Y,"A straight road lined with trees along either side, also straight lines of trees found in parkland usually leading to a landscape feature.",1,P,"-"
69044,"TREE ENCLOSURE RING",Y,"A circular bank in which trees have been planted for ornamental purposes or to create an enclosure. May exist purely as a bank which has been formed over the stumps of the trees which had been planted to form the enclosure.",1,P,"-"
69045,"TREE MOUND",Y,"An earthen mound, usually within an ornamental garden, on which a tree was planted.",1,P,"-"
69046,"TREE RING",Y,"Trees planted in an ornamental circle. For earthwork surrounding trees use TREE ENCLOSURE RING.",1,P,"-"
69047,"INDUSTRIAL",N,"Sites, buildings, structures & features related to the extraction, processing & manufacture of finished goods. Includes structures associated with the supply, storage &/or transmission of power.",1,P,"-"
69048,"ADIT",Y,"Horizontal tunnel opening from the surface used for haulage or access to a mine. It can also be used for drainage.",1,P,"-"
69049,"AIRCRAFT FACTORY",Y,"A factory where aircraft are assembled.",1,P,"-"
69050,"BRUSH FACTORY",Y,"A factory where brushes are manufactured. Use for all types of brush.",1,P,"-"
69052,"BLUNGING PIT",Y,"Pit for mixing raw materials with water in the preparation of a clay body.",1,P,"-"
69053,"BRICK KILN",Y,"A kiln or furnace for the firing of bricks.",1,P,"-"
69054,"Brick Pit",N,"-",1,N,"-"
69055,"BRICKWORKS",Y,"An industrial manufacturing complex producing bricks.",1,P,"-"
69056,"BUILDERS YARD",Y,"An area where builders keep building materials such as brick, stone, planks and cement.",1,P,"-"
69057,"CEMENT WORKS",Y,"A site where cement is manufactured for the building industry.",1,P,"-"
69058,"CHALK PIT",Y,"A place from which chalk is extracted.",1,P,"-"
69059,"CLAY PIT",Y,"A place from which clay is extracted.",1,P,"-"
69060,"CLAY PUDDLING PIT",Y,"A pit used for the containment of clay whilst it is mixed to the right consistency for brickmaking.",1,P,"-"
69061,"FIRE CLAY WORKS",Y,"A building or site used for the production of bricks and other items, from a clay with refractory properties.",1,P,"-"
69062,"GRAVEL PIT",Y,"A steep-sided pit formed by, and for, the extraction of gravel.",1,P,"-"
69063,"LIME KILN",Y,"A kiln in which lime is made by calcining limestone or in some areas chalk.",1,P,"-"
69064,"LIME WORKS",Y,"A site where lime (calcium carbonate) is made.",1,P,"-"
69065,"MORTAR MILL",Y,"A mill used for the production of mortar; a combination of sand, lime and water, used to make the joints between courses of bricks in buildings. In more recent times cement has replaced lime to create a quicker drying mortar.",1,P,"-"
69066,"PLASTER MILL",Y,"A factory where rock gypsum is ground into a powder used in the production of plaster.",1,P,"-"
69067,"PLASTER WORKS",Y,"A site incorporating all of the production processes for the manufacture of plaster.",1,P,"-"
69068,"QUARRY",Y,"An excavation from which stone for building and other functions, is obtained by cutting, blasting, etc.",1,P,"-"
69069,"GYPSUM QUARRY",Y,"A place where gypsum is extracted.",1,P,"-"
69070,"LIMESTONE QUARRY",Y,"A site where limestone is extracted.",1,P,"-"
69071,"SANDSTONE QUARRY",Y,"A place where sandstone is excavated.",1,P,"-"
69072,"SHALE QUARRY",Y,"A place where shale, a laminated clay or silt which has been compressed by the weight of the rocks over it, is extracted from the ground.",1,P,"-"
69073,"SLATE QUARRY",Y,"A site where slate is quarried from the ground.",1,P,"-"
69074,"SAND PIT",Y,"A pit from which sand is excavated.",1,P,"-"
69075,"STONE DRESSING FLOOR",Y,"A place where stone is dressed or shaped for use in building, etc.",1,P,"-"
69076,"STONE GRUBBING SITE",Y,"A site used for the small scale extraction and working of surface boulders.",1,P,"-"
69077,"STONEMASONS YARD",Y,"A complex, comprising a workshop and a storage yard, used by a stonemason.",1,P,"-"
69078,"TILE KILN",Y,"A structure in which pottery tiles were baked.",1,P,"-"
69079,"TILE WORKS",Y,"A site used for all the processes associated with the manufacture of roof, floor or decorative tiles.",1,P,"-"
69081,"BALL CLAY WORKS",Y,"A works, including an extractive site, producing a clay of high plasticity and firmness, used as a basic raw material for porcelain.",1,P,"-"
69082,"BONE MILL",Y,"A mill for grinding or crushing bones, in the process of making bone china, for example.",1,P,"-"
69083,"CHINA CLAY WORKS",Y,"Works producing a refractory clay, kaolin. An essential raw material of porcelain and some types of papermaking.",1,P,"-"
69084,"CHINA FACTORY",Y,"A factory where china products are manufactured.",1,P,"-"
69086,"CLAY PIPE KILN",Y,"For the production of clay tobacco pipes.",1,P,"-"
69087,"FLINT MILL",Y,"A mill for crushing flint. Crushed flint was used in the manufacture of pottery in order to whiten and strengthen the body of earthenware pottery.",1,P,"-"
69088,"GLASS FURNACE",Y,"A furnace for the manufacture of glass. Includes glass cones, open hearth and oil-fired furnaces.",1,P,"-"
69089,"FRITTING FURNACE",Y,"A furnace for the calcining and roasting of a mixture of sand and fluxes as a preparatory stage in glass-making.",1,P,"-"
69090,"GLASS WORKING SITE",Y,"A site used for the production and/or working of glass.",1,P,"-"
69091,"GLASS WORKS",Y,"A site where all the processes for the production of glass and objects made from glass are carried out.",1,P,"-"
69092,"POTTERY KILN",Y,"A structure, composed of oven and hovel, used for the firing of pottery ware.",1,P,"-"
69093,"POTTERY WORKS",Y,"A complex of buildings used for the manufacture of pottery.",1,P,"-"
69094,"POTTERY WORKSHOP",Y,"A building or room where items of pottery are manufactured. Includes handcrafted and machine made pottery.",1,P,"-"
69095,"PUG MILL",Y,"Machine, frequently horse powered, for mixing raw clay into brick earth.",1,P,"-"
69096,"STAINED GLASS WORKSHOP",Y,"A place where stained glass is manufactured, traditionally for church windows.",1,P,"-"
69097,"CHIMNEY",Y,"Chimney used on an industrial or commercial site.",1,P,"-"
69098,"COACH WORKS",Y,"Traditionally a building or site where stage coaches were built. Nowadays the term is applied to buildings used for the manufacturing of the body work and furnishings of motor vehicles and railway carriages.",1,P,"-"
69099,"DRAINAGE LEVEL",Y,"A horizontal tunnel dug specifically for draining, for example, a mine.",1,P,"-"
69100,"DRYING HOUSE",Y,"A building used to aid in the drying of goods, for example, by means of flowing air.",1,P,"-"
69101,"EXTRACTIVE PIT",Y,"Surface workings including shallow shafts, lode workings, open-pit methods and quarrying including some mines of stone, clays, compounds, etc. See also MINERAL EXTRACTION SITE.",1,P,"-"
69102,"ALUM WORKS",Y,"A group of buildings or works where the evaporation and crystallization of sodium aluminium sulphate solution is performed.",1,P,"-"
69103,"BELL PIT",Y,"A bell-shaped pit used in early coal mining. Use with functional type if known, eg. COAL WORKINGS.",1,P,"-"
69104,"COAL WORKINGS",Y,"A site where coal is processed.",1,P,"-"
69105,"COPPER WORKINGS",Y,"A site where copper ore is extracted directly from the surface of the ground.",1,P,"-"
69106,"DENE HOLE",Y,"The name of a class of excavations, found in chalk formations in England, consisting of a shaft sunk to the chalk, and there widening out into one or more chambers.",1,P,"-"
69107,"FULLERS EARTH PIT",Y,"A pit for the extraction of fullers earth (a hydrous silicate of alumina), which was used for cleansing, and finishing, cloth and wool.",1,P,"-"
69108,"IRONSTONE WORKINGS",Y,"A site where iron ore is extracted.",1,P,"-"
69109,"IRONSTONE PIT",Y,"A large pit formed by, and for, the extraction of iron ore.",1,P,"-"
69110,"JET WORKINGS",Y,"A site where jet is extracted from the surface of the ground.",1,P,"-"
69111,"LEAD WORKINGS",Y,"A place where lead ore is extracted from an open cast mine.",1,P,"-"
69112,"HUSH",Y,"A ravine formed by using water to reveal or exploit a vein.",1,P,"-"
69113,"MARL PIT",Y,"A pit from which marl, a mixture of clay and carbonate of lime, is excavated. Marl is used as a fertilizer.",1,P,"-"
69114,"OCHRE PIT",Y,"A site where iron oxide and iron sulphates, used as brown pigments, are excavated.",1,P,"-"
69115,"STONE AXE FACTORY",Y,"Source from which stone utilized for the manufacture of non-flint artefacts, including axes, was obtained. Applied only to sources exploited during the Neolithic and earlier Bronze Age. Do not use for flint mining or knapping sites.",1,P,"-"
69116,"TIN WORK",Y,"A site where tin ore is extracted from suspended fire waste in tin mine spoil heaps.",1,P,"-"
69117,"STREAMWORK",Y,"A place where tin ore is washed using a stream as the water source.",1,P,"-"
69118,"FACTORY",Y,"A building or complex, housing powered machinery and employing a large workforce for manufacturing purposes. Use specific monument type where known.",1,P,"-"
69119,"FLUE",Y,"A passageway, duct or pipe used for the conveyance of heat, gasses, smoke or air.",1,P,"-"
69121,"BREWERY",Y,"A commercial building, or buildings, used for the production of beer and other alcoholic drinks. Size may range from a single room such as a microbrewery in a public house to a complex of buildings including production line machinery for bottling.",1,P,"-"
69122,"CIDER FACTORY",Y,"A factory concerned with the commercial manufacture of cider, as opposed to domestic production.",1,P,"-"
69123,"COLD STORE",Y,"A room or small building kept at low temperatures for the storage of perishable items, particularly food.",1,P,"-"
69124,"CONFECTIONERY WORKS",Y,"A site where products containing sugar or honey, such as cakes, sweets, crystallized fruits or jam, were manufactured.",1,P,"-"
69125,"DISTILLERY",Y,"An establishment or works where the distilling of spirits is carried out.",1,P,"-"
69126,"FISH CELLAR",Y,"A building where fish are stored. Often taking the form of a single storey building with one room, but also may provide living accommodation for a fisherman above. Found mainly in the South West of England.",1,P,"-"
69127,"FISH PROCESSING SITE",Y,"A place where fish are processed after being caught.",1,P,"-"
69128,"FLOUR MILL",Y,"A factory where flour was produced for use in food products.",1,P,"-"
69129,"ICE WORKS",Y,"A factory or plant for the manufacture of ice using mechanized refrigeration techniques.",1,P,"-"
69130,"MALTINGS",Y,"A type of malt house.",1,P,"-"
69132,"OIL MILL",Y,"A factory where fruit and seed oil is produced by an oil machine.",1,P,"-"
69133,"SMOKE HOUSE",Y,"A building used to smoke fish or meat.",1,P,"-"
69134,"SUGAR HOUSE",Y,"A sugar factory.",1,P,"-"
69135,"SUGAR REFINERY",Y,"A site where sugar beet was processed before being washed and dried to form granulated sugar.",1,P,""
69137,"ARSENIC WORKS",Y,"Buildings and plant used for the extraction and purification of arsenic oxide into various forms of pure arsenic.",1,P,"-"
69138,"ARTIFICIAL TEXTILE FACTORY",Y,"For chemical processes making nylon, rayon, etc.",1,P,"-"
69139,"BLEACH WORKS",Y,"A works where bleach is manufactured.",1,P,"-"
69140,"BLEACHERY",Y,"Bleach works or bleach house for bleaching of textiles, etc.",1,P,"-"
69141,"CANDLE FACTORY",Y,"A building or buildings used for the manufacture of candles.",1,P,"-"
69142,"CHARCOAL BURNERS SITE",Y,"A site, often in a woodland clearing, used for the production of pure carbon by the controlled burning of wood and other organic materials.",1,P,"-"
69144,"CHEMICAL WORKS",Y,"An industrial complex involved in the production of chemicals.",1,P,"-"
69145,"Coal Mine",N,"-",1,N,"-"
69146,"COKE OVEN",Y,"Oven for roasting coal to drive off chemical constituents and reduce it to almost pure carbon, ie. coke.",1,P,"-"
69147,"COPPERAS WORKS",Y,"A works used for the production of copperas, a green iron sulphate which is used as a fixative in the dyeing process.",1,P,"-"
69148,"DYE WORKS",Y,"A site used for the production of dyes from natural ingredients.",1,P,"-"
69149,"GAS WORKS",Y,"An industrial complex concerned with the manufacture of gas for domestic use from coal and oil.",1,P,"-"
69150,"GRAPHITE MINE",Y,"A place where graphite is extracted.",1,P,"-"
69151,"Gunpowder Mill",N,"-",1,N,"-"
69152,"GUNPOWDER WORKS",Y,"A site used for the manufacture of gunpowder.",1,P,"-"
69153,"OIL REFINERY",Y,"A works where crude oil is distilled into its fractions or cuts.",1,P,"-"
69154,"OIL WELL",Y,"A site where petroleum is drawn.",1,P,"-"
69155,"PAINT FACTORY",Y,"A building or buildings used for the production of paints, varnishes, colours and distemper.",1,P,"-"
69156,"PAPER MILL",Y,"A factory where paper is made. Use with power type where known.",1,P,"-"
69157,"PEAT CUTTING",Y,"A site where peat (vegetable matter decomposed in water and partly carbonised), used for fuel, is cut.",1,P,"-"
69158,"PEAT STAND",Y,"A structure used to dry peat on.",1,P,"-"
69159,"PEAT STORE",Y,"A fuel store for the storage of dried peat.",1,P,"-"
69160,"PHARMACEUTICAL WORKS",Y,"A large-scale site where medicinal drugs are maufactured.",1,P,"-"
69161,"PLASTICS FACTORY",Y,"A factory for the production of plastics by chemical processes.",1,P,"-"
69162,"POTASH KILN",Y,"A kiln used for the slow burning of vegetable matter to produce potassium carbonate.",1,P,"-"
69163,"POTASH MINE",Y,"A mine from which potash is obtained. Potash is a deposit of potassium carbonate: the only example of a potash mine in the country is at Boulby in Cleveland.",1,P,"-"
69164,"PULP MILL",Y,"Building housing the machinery for the shredding and grinding of wood in running water and pressing of the resulting fibres into a pulp.",1,P,"-"
69165,"RUBBER WORKS",Y,"A factory for processing rubber or manufacturing rubber goods, such as tyres.",1,P,"-"
69166,"SALT MINE",Y,"A mine yielding rock salt.",1,P,"-"
69167,"SALT WORKS",Y,"A site, building or factory used for the production of salt.",1,P,"-"
69168,"BRINE PIT",Y,"A pit dug for the extraction of brine.",1,P,"-"
69169,"Salt Mound",N,"-",1,N,"-"
69171,"SOAP FACTORY",Y,"A building or buildings where soap is manufactured.",1,P,"-"
69172,"SODA KILN",Y,"A kiln used for the production of any of the soda group of alkalis by the heating of plant remains or salt.",1,P,"-"
69173,"TAR WORKS",Y,"A site where tar is manufactured or combined with other substances to produce bitumen, for example.",1,P,"-"
69174,"WAX FACTORY",Y,"A building or buildings used for the manufacture of all types of wax.",1,P,"-"
69175,"FURNACE",Y,"A chamber in which minerals, metals, etc, are subjected to the continuous action of intense heat. Use specific type where known.",1,P,"-"
69176,"ANNEALING FURNACE",Y,"For reheating of worked metal or glass to make it malleable or to harden it after use for toolmaking, etc.",1,P,"-"
69177,"METAL PRODUCTION FURNACE",Y,"A furnace where metal is manufactured from ore.",1,P,"-"
69179,"BLAST FURNACE",Y,"Smelting furnace into which compressed hot air is driven.",1,P,"-"
69180,"BLOOMERY",Y,"A charcoal fired shaft furnace used for the direct reduction of iron ore to produce wrought iron.",1,P,"-"
69181,"BOLEHILL",Y,"An early form of lead furnace, set upon a hilltop or crest to utilize winds in smelting.",1,P,"-"
69182,"BOWL FURNACE",Y,"A small, open air bowl-shaped furnace, in which the flames are fanned by bellows. Used for both ferrous and non-ferrous smelting.",1,P,"-"
69183,"CEMENTATION FURNACE",Y,"Large open hearth furnace often located inside a brick cone for use in steelmaking.",1,P,"-"
69184,"CRUCIBLE FURNACE",Y,"A furnace composed of two fire brick boxes: the fire was in the lower box and the upper box held the crucibles. Used in the manufacture of steel.",1,P,"-"
69185,"CUPELLATION FURNACE",Y,"A furnace used for the refining of precious metals. eg. the separation of silver from argentiferous lead.",1,P,"-"
69187,"IRON FURNACE",Y,"A furnace used for smelting or re-heating of iron, either for casting or for further working.",1,P,"-"
69188,"LEAD FURNACE",Y,"A furnace used for the smelting or reheating of lead.",1,P,"-"
69189,"ORE HEARTH",Y,"A furnace for smelting ore in which the fuel and ore are mixed.",1,P,"-"
69190,"PUDDLING FURNACE",Y,"A reverberatory furnace used for forging wrought iron from pig iron using coal as fuel.",1,P,"-"
69191,"REVERBERATORY FURNACE",Y,"A furnace in which the flame is turned back over the substance to be heated.",1,P,"-"
69192,"SHAFT FURNACE",Y,"A furnace constructed as a shaft with the fire at the bottom and the fuel and ore added from the top.",1,P,"-"
69194,"SLAG HEARTH",Y,"A hearth used for the reheating of metal slag to extract further metal.",1,P,"-"
69195,"GLUE FACTORY",Y,"A factory where glue is produced.",1,P,"-"
69196,"HEADSTOCK",Y,"Machinery for raising and lowering men and equipment to and from the surface of a mine.",1,P,"-"
69197,"HORN WORKING SITE",Y,"A site used for the production of items derived from animal horns.",1,P,"-"
69198,"HORNCORE PIT",Y,"A pit lined with the bony cores of animal horns. Thought to date from the 17th/18th centuries and believed to have been used in the tanning industry although some may have been used for casting cannon.",1,P,"-"
69199,"INDUSTRIAL BUILDING",Y,"Any building designed or adapted to accommodate trades and manufacturing activity. Use more specific site where known.",1,P,"-"
69200,"INDUSTRIAL ESTATE",Y,"An area of land owned by a developer, whether a private entrepreneur or a public authority, and divided into plots for leasing or sale to manufacturing or commercial concerns which may share some common services.",1,P,"-"
69201,"INDUSTRIAL SITE",Y,"An area or defined space believed to have been used for trades and/or manufacturing activity. Only use when evidence for more specific site type is lacking.",1,P,"-"
69202,"Jewellery Works",N,"-",1,N,"-"
69203,"KILN",Y,"A furnace or oven for burning, baking or drying. Use specific type where known.",1,P,"-"
69204,"CALCINER",Y,"A kiln for roasting ore.",1,P,"-"
69205,"ARSENIC CALCINER",Y,"A type of calcining kiln used in arsenic manufacture.",1,P,"-"
69206,"CLAMP KILN",Y,"A temporary kiln, in which the pots are stacked and baked in a pit underneath a bonfire.",1,P,"-"
69207,"MATCH FACTORY",Y,"A building where matches are manufactured.",1,P,"-"
69209,"BELL CASTING PIT",Y,"A pit, sometimes found close to a church or cathedral, where bells were cast in medieval times.",1,P,"-"
69210,"BLOWING HOUSE",Y,"A building containing a small stone cylindrical furnace, eg. used for tin smelting in Cornwall.",1,P,"-"
69211,"BOAT YARD",Y,"A place where boats are built and stored.",1,P,"-"
69212,"BRASS WORKS",Y,"A brass manufacturing complex incorporating battery mill furnaces, hammers, etc.",1,P,"-"
69213,"BRONZE WORKING SITE",Y,"Use only where evidence is specific, ie. copper/tin alloy. For working of copper based alloys of unknown composition use COPPER WORKING SITE.",1,P,"-"
69214,"CANNON BORING MILL",Y,"A building used for drilling out the bores of cannon and other military pieces.",1,P,"-"
69215,"CAR FACTORY",Y,"A factory where cars are manufactured.",1,P,"-"
69216,"CASTING HOUSE",Y,"Building or structure covering a casting floor or pit.",1,P,"-"
69217,"CHAIN WORKS",Y,"A site where wrought iron or steel chains were manufactured.",1,P,"-"
69218,"CONDENSING FLUE",Y,"A stone channel sunk into the ground, employed from the mid-19th century, to carry away gases produced during smelting.",1,P,"-"
69219,"COPPER WORKING SITE",Y,"A site where copper or copper based alloys are produced by smelting copper ore.",1,P,"-"
69220,"COPPER WORKS",Y,"A site or establishment for the casting and refining of metallic copper.",1,P,"-"
69221,"CUTLERY WORKS",Y,"A site containing a forge for the manufacture of cutlery.",1,P,"-"
69222,"EDGE TOOL WORKS",Y,"A factory or works used for the forging and sharpening of a variety of tools including scythes, spades, etc.",1,P,"-"
69223,"ENGINEERING WORKS",Y,"Any factory or site using machine tools in a manufacturing or processing capacity.",1,P,"-"
69224,"ENGINEERING WORKSHOP",Y,"A building or room used for any type of engineering work. Use more specific type where known.",1,P,"-"
69225,"FORGE",Y,"A building or site where bloom iron or cast iron is forged into wrought iron.",1,P,"-"
69226,"CHAFERY",Y,"Reheating of iron from a finery, for rolling or slitting.",1,P,"-"
69227,"FINERY",Y,"A building used for the decarburizing of pig iron to produce wrought iron.",1,P,"-"
69228,"FOUNDRY",Y,"A workshop or factory for casting metals.",1,P,"-"
69229,"BELL FOUNDRY",Y,"A workshop or factory where bells are made by casting molten metal into moulds.",1,P,"-"
69230,"BRASS FOUNDRY",Y,"A workshop or factory where brass articles are made by casting molten material into a mould.",1,P,"-"
69231,"BRONZE FOUNDRY",Y,"A workshop or factory where bronze articles are made by casting molten metal into moulds.",1,P,"-"
69232,"IRON FOUNDRY",Y,"A workshop or foundry where iron articles are made by casting molten material into moulds.",1,P,"-"
69233,"FURNACE POND",Y,"A pond used as a water supply for the operation of a furnace or blast furnace.",1,P,"-"
69234,"GOLDSMITHS WORKSHOP",Y,"A place where gold is worked into articles or products.",1,P,"-"
69235,"HAMMER POND",Y,"Pond, created specifically for providing power to water-powered forges, blast furnaces, helve or other hammers.",1,P,"-"
69236,"IRON WORKING SITE",Y,"A site used for the production and/or working of metallic iron.",1,P,"-"
69237,"IRON WORKS",Y,"A site where iron is smelted or iron goods made.",1,P,"-"
69238,"LEAD WORKING SITE",Y,"A site used for the production and/or working of metallic lead.",1,P,"-"
69239,"LEAD WORKS",Y,"A factory used for the production of red lead used in glass manufacture, or white lead used as the pigment in white paint.",1,P,"-"
69240,"MEERSTONE",Y,"A marker stone showing the extent of a measure of land containing a vein of ore.",1,P,"-"
69241,"MUNITIONS FACTORY",Y,"A building or site used for the manufacture of weapons, ammunition and military supplies. Use more specific type where known.",1,P,"-"
69242,"NAIL FACTORY",Y,"A factory where nails are manufactured.",1,P,"-"
69243,"Needle Factory",N,"-",1,N,"-"
69244,"NEEDLE MILL",Y,"A mill or works where needles were manufactured.",1,P,"-"
69245,"ORDNANCE FACTORY",Y,"A building or site used for the manufacture of small arms and artillery pieces, etc.",1,P,"-"
69246,"Pin Works",N,"-",1,N,"-"
69247,"PLATING WORKS",Y,"A factory or group of buildings used for the production of plated goods. Plating is the process whereby one metal object is coated with a thin layer of another metal.",1,P,"-"
69248,"Tin Plating Works",N,"-",1,N,"-"
69250,"ARSENIC MINE",Y,"When secondary product use with major product and MINE, eg. COPPER MINE.",1,P,"-"
69251,"BOUSE TEAM",Y,"Term for ore store/ore hopper, used particularly in Yorkshire and Derbyshire.",1,P,"-"
69252,"BUDDLE",Y,"A stone-lined pit or tank, sometimes circular,  for concentrating ores by sedimentation.",1,P,"-"
69253,"BUDDLE HOUSE",Y,"Building or structure housing a buddle.",1,P,"-"
69254,"CALAMINE MINE",Y,"Where secondary product use with major product and MINE, eg. LEAD MINE.",1,P,"-"
69255,"COPPER MINE",Y,"Where several minerals produced, use with other products and MINE, eg. ARSENIC MINE.",1,P,"-"
69256,"CRAZING MILL",Y,"Mill for fine grinding of tin ore between millstones.",1,P,"-"
69257,"CRUSHING CIRCLE",Y,"Horse powered ore crusher, consisting of a stone wheel running over a circular iron or stone bed.",1,P,"-"
69258,"CRUSHING FLOOR",Y,"An area used for crushing mineral ore or stone. Often includes mechanically powered ore crushers.",1,P,"-"
69259,"CRUSHING MILL",Y,"A building containing mechanically powered ore crushers or rollers.",1,P,"-"
69260,"DRESSING FLOOR",Y,"The place where metallic ores were crushed and washed to remove waste, forming a concentrate which could be used in a smelter.",1,P,"-"
69261,"DRESSING MILL",Y,"A mill used for the sizing and drying of warp threads before they were wound onto warp beams as part of the power-weaving process.",1,P,"-"
69262,"GOLD MINE",Y,"A place where gold ore is extracted.",1,P,"-"
69263,"IRONSTONE MINE",Y,"A mine for the extraction of iron ore.",1,P,"-"
69264,"KNOCK STONE",Y,"A stone or platform on which lumps of ore are manually broken up.",1,P,"-"
69265,"LEAD MINE",Y,"Use with form of extraction where known. Also use MINE and other ores extracted where relevant, eg. SILVER MINE.",1,P,"-"
69266,"MANGANESE MINE",Y,"A place where manganese ore is extracted. Use with other ores extracted and MINE where relevant.",1,P,"-"
69267,"NICKEL MINE",Y,"Also use with other metal ores extracted and MINE where relevant.",1,P,"-"
69268,"PROSPECTING PIT",Y,"A pit dug in the prospect of finding valuable minerals, coal, metal ores, etc, beneath the ground surface.",1,P,"-"
69269,"Prospecting Trench",N,"-",1,N,"-"
69270,"SILVER MINE",Y,"Use with other minerals extracted and MINE where relevant, eg. ZINC MINE.",1,P,"-"
69271,"SMELT MILL",Y,"A manufacturing complex incorporating furnaces, calciner and condenser flues. Use SMELTERY for more modern type of plant.",1,P,"-"
69272,"SMELTERY",Y,"A site where ores are smelted. Use more specific site type where known.",1,P,"-"
69273,"SMELTING HOUSE",Y,"An ancilliary building within a larger works, as distinct from a SMELT MILL.",1,P,"-"
69274,"STAMPING MILL",Y,"Building or structure housing a form of ore crushing device associated with tin mines.",1,P,"-"
69275,"TIN MINE",Y,"A mine used for the extraction on tin bearing ore.",1,P,"-"
69276,"TINNERS CACHE",Y,"A crude, stone built structure, often roofless, used by tin miners to store equipment.",1,P,"-"
69277,"TINNERS HUT",Y,"A small dwelling providing living accommodation for a tin miner.",1,P,"-"
69278,"TUNGSTEN MINE",Y,"A mine used for the extraction of tungsten bearing ore. Use with other mineral ores extracted and MINE, eg. TIN MINE.",1,P,"-"
69279,"WASH KILN",Y,"A type of buddle used as an ore-cleaning device for seperating metallic ore from waste material by washing the dirty ore in a continuous flow of water.",1,P,"-"
69280,"WASHING FLOOR",Y,"Open-air area often terraced on which a range of ore processing operations are carried out.",1,P,"-"
69281,"ZINC MINE",Y,"A mine used for the extraction of zinc bearing ore. Use with other metal ores extracted and MINE where necessary, eg. LEAD MINE.",1,P,"-"
69282,"Pewter Working Site",N,"-",1,N,"-"
69283,"PEWTER WORKS",Y,"A site or building used for the manufacture of goods made from pewter, an alloy of tin and lead.",1,P,"-"
69284,"RAILWAY WORKS",Y,"An engineering works producing items for the railway other than rolling stock, such as signals, tracks, points, etc.",1,P,"-"
69285,"RAILWAY CARRIAGE WORKS",Y,"An engineering site where railway carriages are manufactured.",1,P,"-"
69286,"Screw Factory",N,"-",1,N,"-"
69287,"SHEET METAL WORKS",Y,"A site where large sheets of thin metal are manufactured.",1,P,"-"
69288,"SHIPYARD",Y,"A place where boats or ships are built or repaired.",1,P,"-"
69289,"SHOT TOWER",Y,"A tower in which shot is made from molten lead poured through sieves at top and falling into water at bottom.",1,P,"-"
69290,"SILVER WORKING SITE",Y,"A site or building where silver was processed and/or worked and fashioned into objects.",1,P,"-"
69291,"SILVERSMITHS WORKSHOP",Y,"A place where silverware is manufactured.",1,P,"-"
69292,"SLAG HEAP",Y,"A spoil heap consisting mainly of slag, pieces of refuse material separated from a metal during the smelting process.",1,P,"-"
69293,"Copper Mill",N,"-",1,N,"-"
69294,"Lead Mill",N,"-",1,N,"-"
69295,"Smithy",N,"-",1,N,"-"
69296,"SPRING WORKS",Y,"A site where metal springs are manufactured.",1,P,"-"
69297,"STEEL WORKS",Y,"A site containing plant and machinery for the manufacture of steel.",1,P,"-"
69298,"SWORD FACTORY",Y,"A building or site used for the manufacture of swords.",1,P,"-"
69299,"TILT HAMMER",Y,"Early form of powered hammer, usually wooden, used primarily in the iron industry.",1,P,"-"
69300,"Tin Working Site",N,"-",1,N,"-"
69301,"WIRE MILL",Y,"A factory where metal wire is manufactured.",1,P,"-"
69302,"ZINC WORKS",Y,"A site used for the extraction of metallic zinc by a variety of processes.",1,P,"-"
69303,"MILL",Y,"A factory used for processing raw materials. Use more specific mill type where known. See also TEXTILE MILL, for more narrow terms.",1,P,"-"
69304,"BARK MILL",Y,"Mill for grinding bark usually for use in the tanning industry. Use with power type(s), eg. WATERMILL where known.",1,P,"-"
69305,"BOBBIN MILL",Y,"A mill manufacturing bobbins for the textile industry.",1,P,"-"
69306,"BUTTON MILL",Y,"A factory where buttons are manufactured.",1,P,"-"
69307,"CLOG MILL",Y,"A factory or site where wooden clogs are manufactured.",1,P,"-"
69308,"DRAINAGE MILL",Y,"Wind or water-powered mill for land drainage in fens or marshlands.",1,P,"-"
69309,"HEMP MILL",Y,"A factory where hemp, the woody stalk of the hemp plant, used for the making of coarse cloth and cordage, was processed.",1,P,"-"
69310,"HORIZONTAL AIR MILL",Y,"A type of tower mill, either with turbine-type sails able to take wind from any direction, or with sails working with shrouds to direct wind from one direction. The sails directly drove millstones set beneath them.",1,P,"-"
69311,"JUTE MILL",Y,"A factory where jute (plant fibres), was used to make products such as hessian, sacking, cordage and backing materials for carpet and linoleum.",1,P,"-"
69312,"ROLLING MILL",Y,"A mill in which sets of rollers were used to roll metal to set thicknesses or shapes such as rails, beams or rods.",1,P,"-"
69313,"SAW MILL",Y,"A factory in which logs are converted to timber by running them through a series of saws.",1,P,"-"
69314,"SLITTING MILL",Y,"A mill with machinery used to cut slabs of metal into rods, or thin sections, for use in nail making or wire drawing.",1,P,"-"
69315,"SNUFF MILL",Y,"A factory where tobacco was ground to form snuff.",1,P,"-"
69316,"STEAM MILL",Y,"A steam-powered factory.",1,P,"-"
69317,"TEXTILE MILL",Y,"Any factory used for the manufacture of textiles.",1,P,"-"
69318,"CARDING MILL",Y,"A small workshop, employing up to 10 men, working on hand-operated carding engines and hand jennies, spinning yarn for handloom weavers.",1,P,"-"
69319,"COTTON MILL",Y,"Usually a cotton spinning factory, although some mills have weaving sheds attached, in which case the end product is completed cloth, not yarn only.",1,P,"-"
69320,"FLAX MILL",Y,"A mill where flax is processed to make linen, thread and yarn.",1,P,"-"
69321,"FULLING MILL",Y,"A mill for beating and cleaning cloth, using soap or fullers earth.",1,P,"-"
69322,"LINEN MILL",Y,"A mill where flax fibres were woven into linen cloth.",1,P,"-"
69323,"SCRIBBLING MILL",Y,"A mill used for the preparation of raw fleece etc, for spinning by a coarse form of carding.",1,P,"-"
69324,"SCUTCHING MILL",Y,"A mill for the removal by mechanical means of the dried wood and seeds of the flax and cotton plants after retting. The resulting 'tow' is then spun into linen and cotton respectively.",1,P,"-"
69325,"SILK MILL",Y,"A mill used for the mechanized processing of silk.",1,P,"-"
69326,"SPINNING MILL",Y,"A mill or factory in which raw cotton, wool, nylon or other material is spun into yarn or thread.",1,P,"-"
69327,"TAPESTRY MILL",Y,"A factory where tapestries were manufactured.",1,P,"-"
69328,"WEAVING MILL",Y,"A factory, incorporating power driven machinery from the late 18th century, where cloth was manufactured from threads interlaced at right angles to each other in a loom.",1,P,"-"
69329,"WOOLLEN MILL",Y,"A factory where short wool was spun into woollen yarn to produce cloth.",1,P,"-"
69330,"WORSTED MILL",Y,"A factory where worsted, a well-twisted woollen yarn made from long staple wool and used in the manufacture of suits and other garments, was produced.",1,P,"-"
69332,"TIDE MILL",Y,"A type of WATERMILL, powered by retaining seawater at high tide and then releasing it at low tide via the water wheel.",1,P,"-"
69333,"WINDMILL",Y,"A tower-like structure of wood or brick with a wooden cap and sails which are driven around by the wind producing power to work the internal machinery. Use with product type where known.",1,P,"-"
69334,"POST MILL",Y,"A type of windmill, mainly timber-framed, whose body, containing machinery and carrying the sail, rotates about an upright post.",1,P,"-"
69335,"SMOCK MILL",Y,"A windmill with a stationary timber body which contains the grinding machinery, and which supports a rotating cap in which the sails rotate.",1,P,"-"
69336,"TOWER MILL",Y,"A windmill with a rotating cap containing the windshaft, and a stationary body in the form of a tower.",1,P,"-"
69337,"WINDMILL MOUND",Y,"An artificial mound of earth indicating either the former site of a windmill or built as the base of a post windmill.",1,P,"-"
69338,"MILL DAM",Y,"A dam constructed across a stream to raise its water-level and make it available to power a mill wheel.",1,P,"-"
69339,"MILL POND",Y,"The area of water retained above a mill dam for driving a mill.",1,P,"-"
69340,"MILL RACE",Y,"The channel of water that provides a current of water to drive a millwheel.",1,P,"-"
69341,"HEAD RACE",Y,"Water channel leading to water wheel.",1,P,"-"
69342,"TAIL RACE",Y,"A water channel leading from a water wheel.",1,P,"-"
69343,"MINE",Y,"An excavation made in the earth for the purpose of digging out metallic ores, coal, salt, or precious stones etc. Use specific type where known.",1,P,"-"
69344,"Blue John Mine",N,"-",1,N,"-"
69345,"DRIFT MINE",Y,"A mine in which access is gained by a straight entrance driven on a constant downward slope. Use with product(s) extracted and MINE where known, eg. COAL MINE.",1,P,"-"
69346,"FLINT MINE",Y,"A site where flint seams within chalk have been exploited by digging deep vertical shafts, often with horizontal galleries radiating out from the base. Use for Neolithic examples and for Post Medieval gunflint industry.",1,P,"-"
69347,"MINE BUILDING",Y,"A building found at the site of a mine. Use specific type where known.",1,P,"-"
69348,"MINE SHAFT",Y,"A vertical or inclined excavation giving access to an underground mine.",1,P,"-"
69349,"Miners Hut",N,"-",1,N,"-"
69351,"Accumulator Tower",N,"-",1,N,"-"
69353,"BOILER HOUSE",Y,"A building housing a boiler, often connected to a steam engine house.",1,P,"-"
69354,"COMPRESSOR HOUSE",Y,"A type of engine house creating power by means of compressed air, typically associated with collieries where it is used for raising coal.",1,P,"-"
69355,"COOLING TOWER",Y,"Wooden or ferro-concrete tower for cooling waste, hot water from a power station. The water cascades from the top of the tower to a pond in the bottom.",1,P,"-"
69356,"DONKEY WHEEL",Y,"A treadwheel using a donkey as motive power. Usually found operating wells.",1,P,"-"
69357,"ELECTRICITY SUB STATION",Y,"Building containing transformers to reduce the high voltage of the National Grid to the lower voltage of domestic supply.",1,P,"-"
69358,"ENGINE",Y,"A machine, powered by steam, gas, electricity or other energy source, which produces energy of movement. Use for stationary industrial engines rather than transport use.",1,P,"-"
69359,"STEAM ENGINE",Y,"An engine in which the mechanical force of steam is made available as a motive power for driving machinery.",1,P,"-"
69360,"TURBINE",Y,"A rotary prime mover. Turbines may be steam, water or gas operated.",1,P,"-"
69361,"WIND ENGINE",Y,"A simple wind-driven machine used for a variety of purposes.",1,P,"-"
69362,"ENGINE HOUSE",Y,"A building housing an engine. Use specific type where known.",1,P,"-"
69363,"BEAM ENGINE HOUSE",Y,"A building housing a beam engine.",1,P,"-"
69364,"TURBINE HOUSE",Y,"A building housing a turbine.",1,P,"-"
69365,"GAS HOLDER",Y,"Expanding storage tank for gas, often includes a meter for measuring the amount used.",1,P,"-"
69366,"HORSE WHEEL",Y,"A simple machine, worked by horses, to provide a power take-off for driving agricultural machinery.",1,P,"-"
69367,"HORSE WHIM",Y,"A horse-powered winding engine used at mining sites.",1,P,"-"
69368,"HYDRAULIC RAM",Y,"Large piston used to operate lifting bridges, lock gates, etc.",1,P,"-"
69369,"POWER STATION",Y,"A building or set of buildings and structures where power, especially electrical or mechanical, is generated. Use more specific type where known.",1,P,"-"
69370,"PUMPING STATION",Y,"A waterworks pumping station.",1,P,"-"
69371,"HYDRAULIC PUMPING STATION",Y,"A pumping station used in the production of hydraulic power, eg. in warehouse complexes, goods depots on railways, etc.",1,P,"-"
69372,"Pylon",N,"-",1,N,"-"
69373,"STEAM WHIM",Y,"A steam-powered machine used for raising ore or water from a mine.",1,P,"-"
69374,"TRANSFORMER BOX",Y,"A device for converting one voltage of alternating current to another voltage.",1,P,"-"
69375,"TRANSMISSION RODS",Y,"The line of a flat rod system transmitting power from an engine or waterwheel.",1,P,"-"
69377,"WATER WHEEL",Y,"A structure associated with forges, watermills, water-powered factories, etc.",1,P,"-"
69378,"WHEEL PIT",Y,"The rectangular pit in which the lower part of a waterwheel revolves.",1,P,"-"
69379,"WHEEL HOUSE",Y,"A building to house waterwheels, attached to a WATERMILL or water-powered factory.",1,P,"-"
69380,"WHIM HOUSE",Y,"A building housing a whim, a machine worked by a horse, used for raising ores, etc, from a mine.",1,P,"-"
69381,"WINDLASS",Y,"A mechanical structure, consisting of a roller or beam on supports, round which a rope or chain is wound, and used for various purposes, eg. raising a bucket from a well, etc.",1,P,"-"
69382,"POND BAY",Y,"Form of dam, usually associated with ponds supplying water for blast furnaces.",1,P,"-"
69383,"PRINTING WORKS",Y,"A factory or complex containing machinery for the manufacture of printed materials.",1,P,"-"
69384,"SETTLING PIT",Y,"Pit for the depostion of ore sediment from waste water collected from ore washing.",1,P,"-"
69385,"SETTLING TANK",Y,"A large tank where particles suspended in water, or other liquids, are allowed to sink to the bottom forming a sediment.",1,P,"-"
69386,"SPOIL HEAP",Y,"A conical or flat-topped tip of waste discarded from a mine or similar site.",1,P,"-"
69387,"STEEPING PIT",Y,"Pit for soaking animal hides as part of the tanning process.",1,P,"-"
69388,"STEEPING TANK",Y,"A large tank used for soaking alumina-bearing shale in water and chemicals, the initial stage in the alum-making process.",1,P,"-"
69389,"STONE WORKING SITE",Y,"A site where rough stone is processed, shaped, worked or formed into finished products.",1,P,"-"
69390,"Flint Working Site",N,"-",1,N,"-"
69391,"JET WORKING SITE",Y,"A site where artefacts are manufactured from jet.",1,P,"-"
69392,"MILLSTONE WORKING SITE",Y,"A site where millstones have been cut to shape and/or fabricated from smaller pieces of stone.",1,P,"-"
69393,"QUERN WORKING SITE",Y,"A site used for the manufacture and finishing of querns.",1,P,"-"
69394,"SHALE WORKING SITE",Y,"A site or building used for processing shale. Shale can be fashioned into goods or, if bituminous, distilled to produce oil, naphtha or tar.",1,P,"-"
69396,"COBBLERS WORKSHOP",Y,"A place where shoes and boots are mended.",1,P,"-"
69397,"CURRIERY",Y,"Place where tanned leather is dressed and coloured.",1,P,"-"
69398,"GLOVE FACTORY",Y,"A factory where gloves are manufactured.",1,P,"-"
69399,"LEATHER WORKING SITE",Y,"A site used for the manufacture of leather products.",1,P,"-"
69400,"SHOE FACTORY",Y,"A factory where boots and shoes are manufactured.",1,P,"-"
69401,"TANNERY",Y,"A manufacturing complex where the hides of animals are turned into leather, consisting of buildings for fleecing and drying, as well as treatment pits.",1,P,"-"
69402,"TANNING PIT",Y,"A pit or tank containing chemicals for the preserving of animal hide.",1,P,"-"
69404,"BLEACHFIELD",Y,"Large field or yard used to lay fabrics out ready for bleaching.",1,P,"-"
69405,"Clothiers Workshop",N,"-",1,N,"-"
69406,"CLOTHING FACTORY",Y,"A large factory or series of workshops for the manufacture of clothing.",1,P,"-"
69408,"FULLING STOCKS",Y,"Large wooden hammer beams pounding cloth in a fulling solution.",1,P,"-"
69409,"HAT FACTORY",Y,"A factory where hats are manufactured.",1,P,"-"
69410,"HOSIERY FACTORY",Y,"A factory or works housing machinery used to produce stockings and socks, using mechanized knitting processes.",1,P,"-"
69411,"LACE FACTORY",Y,"A factory where lace is manufactured.",1,P,"-"
69412,"Retting Pit",N,"-",1,N,"-"
69413,"Rope Works",N,"-",1,N,"-"
69414,"ROPEWALK",Y,"A very long, narrow, roofed building, often two-storeyed, used for the manufacture of rope. Often attached to warehousing, an engine house or offices. Can be included within the complex of a textile mill.",1,P,"-"
69415,"SAIL LOFT",Y,"A place where sails are manufactured.",1,P,"-"
69416,"TENTER GROUND",Y,"Field or area of ground where washed new cloth is stretched out to dry.",1,P,"-"
69417,"TEXTILE CONDITIONING HOUSE",Y,"Building for testing the condition and strength of textiles.",1,P,"-"
69418,"WEAVERS WORKSHOP",Y,"A handloom weavers workshop where the weaver received yarn from a clothier and manufactured a woven piece of cloth from it.",1,P,"-"
69420,"BASKET MAKERS WORKSHOP",Y,"A workshop where baskets were manufactured.",1,P,"-"
69421,"CARPENTERS WORKSHOP",Y,"A place where products are manufactured from wood.",1,P,"-"
69422,"COOPERAGE",Y,"A barrel-making workshop or factory, found in conjunction with a number of industries.",1,P,"-"
69423,"FURNITURE FACTORY",Y,"A factory where furniture is manufactured.",1,P,"-"
69424,"SAW PIT",Y,"A place where tree trunks were sawn into planks by hand.",1,P,"-"
69425,"TIMBER POND",Y,"Pond for storing cut lengths of timber to prevent them becoming seasoned.",1,P,"-"
69426,"TIMBER SEASONING SHED",Y,"A building where timber was allowed to dry and harden, to render it fit for use as a working material.",1,P,"-"
69427,"TIMBER YARD",Y,"An open yard or place where timber is stacked or stored.",1,P,"-"
69428,"WHEELWRIGHTS WORKSHOP",Y,"A place where wheels and wheeled vehicles were manufactured, originally from wood.",1,P,"-"
69429,"WITHY BOILER",Y,"Used for boiling sections of willow for basket making, etc.",1,P,"-"
69431,"TOBACCO FACTORY",Y,"A place where tobacco is made into cigarettes, cigars, etc.",1,P,"-"
69432,"TOY FACTORY",Y,"A factory that manufactures toys.",1,P,"-"
69434,"WORKS",Y,"Usually a complex of buildings for the processing of raw materials. Use specific type where known.",1,P,"-"
69435,"WORKSHOP",Y,"A building or room used for small scale manufacture. Use more specific term where possible.",1,P,"-"
69436,"Jewellers Workshop",N,"-",1,N,"-"
69437,"Potters Workshop",N,"-",1,N,"-"
69438,"MARITIME",N,"Sites, building, structures & features associated with the construction, maintenance & supply of maritime craft. Includes associated ancillary structures such as navigation aids, dockyards, wharves, etc; does not include vessels.",1,P,"-"
69439,"BOAT HOUSE",Y,"A house or shelter for the storage and/or launching of boats.",1,P,"-"
69440,"BREAKWATER",Y,"A structure which protects a beach or harbour by breaking the force of the waves.",1,P,"-"
69441,"COAST LIGHT",Y,"A beacon used for coastal navigation. Many date from the Medieval period.",1,P,"-"
69450,"CUSTOM HOUSE",Y,"An office, particularly at a seaport, at which customs are collected.",1,P,"-"
69451,"DOCK",Y,"An artificial area of open water, enclosed by masonry and fitted with dock gates in which ships can be repaired, loaded/unloaded or berthed.",1,P,"-"
69452,"DRY DOCK",Y,"A stone-faced enclosure, with entrance closed by a floatable caisson or by gates, which can be pumped dry for inspection, maintenance, or repair of the hull or underwater fittings of a ship or ships.",1,P,"-"
69453,"DOCKYARD",Y,"An enclosure in which ships are built and repaired, and all sorts of ships' stores are brought together.",1,P,"-"
69454,"NAVAL DOCKYARD",Y,"A naval base that builds, repairs, docks or converts warships, and is manned by civilian engineers and workers and administered by engineer duty officers.",1,P,"-"
69456,"HARBOUR",Y,"A sheltered port for ships.",1,P,"-"
69457,"JETTY",Y,"A mole or pier-like structure situated at the entrance of a harbour, or running out into a lake or the sea, usually used for the landing of craft.",1,P,"-"
69458,"LANDING STAGE",Y,"A platform, sometimes floating, for the landing of passengers and goods from vessels.",1,P,"-"
69459,"LIFEBOAT STATION",Y,"A building designed to house a lifeboat, usually with a stone ramp to launch the boat into the sea.",1,P,"-"
69460,"Look Out",N,"-",1,N,"-"
69461,"MOLE",Y,"A massive structure, usually of stone, serving as a pier or breakwater, or joining two places separated by water.",1,P,"-"
69462,"MOORING BOLLARD",Y,"A post to which ropes are attached to secure vessels at a landing place.",1,P,"-"
69463,"PIER",Y,"A structure of iron or wood, open below, running out into the sea and used as a promenade and landing stage.",1,P,"-"
69464,"PORT",Y,"A settlement area that combines a harbour and terminal facilities at the interface between land and water transportation systems.",1,P,"-"
69465,"QUAY",Y,"An artificial paved bank or solid landing place built parallel to, or projecting out from, the shoreline to serve in the loading and unloading of vessels.",1,P,"-"
69466,"SEA DEFENCES",Y,"Non-military maritime flood and erosion defences.",1,P,"-"
69467,"SEA MARK",Y,"A conspicuous object, such as a beacon, used by mariners to aid navigation at sea.",1,P,"-"
69468,"SLIPWAY",Y,"A structure inclined towards the water on which a ship may be built or lowered into the water.",1,P,"-"
69469,"STAITHE",Y,"A waterside depot for coals brought from the collieries for shipment, furnished with staging and chutes for loading vessels.",1,P,"-"
69470,"WHARF",Y,"A large wooden structure built alongside the water's edge where ships may lie for unloading.",1,P,"-"
69479,"GRINDSTONE",Y,"A large disc of stone revolving on an axis, used for grinding, sharpening and polishing.",1,P,"-"
69482,"MILLSTONE",Y,"One of a pair of large circular stones used for grinding corn in a mill.",1,P,"-"
69498,"ARCHITECTURAL FRAGMENT",Y,"Use more specific term where known.",1,P,"-"
69505,"PISCINA",Y,"A perforated stone basin usually built into the wall of a church on the south side of the altar. Used for carrying away the ablutions (wine and water used to rinse the chalice, and wash the priests hands after communion).",1,P,"-"
69557,"STEELYARD",Y,"Traditionally, dating from the medieval period, this was an area on the north bank of the Thames where the Merchants of the Hanse conducted their business. Now includes a similar establishment in a provincial town.",1,P,"-"
69591,"BENCH",Y,"A long seat, usually made of stone or wood, with or without a back.",1,P,"-"
69614,"HUMAN REMAINS",Y,"The unarticulated remains of the body of a human being. If articulated use inhumation.",1,P,"-"
69655,"ASTROLABE",Y,"Fixed instrument to measure altitude of stars and planets.",1,P,"-"
69659,"SUNDIAL",Y,"A structure used to show the time of day by means of the sun shining on a 'gnomon', the shadow of which falls on the surface of the dial which is marked with a diagram showing the hours. Can be freestanding, usually on a pillar, or fixed to a building.",1,P,"-"
69660,"WEATHER VANE",Y,"A vane usually combined with crossed rods to show the four compass points. Used to indicate the direction of the wind.",1,P,"-"
69715,"PLAQUE",Y,"An ornamental, commemorative tablet. Use with materials field when indexing.",1,P,"-"
69818,"RUBBING STONE",Y,"A large stone used by cattle to rub up against and so scratch themselves.",1,P,"-"
69902,"URN",Y,"A garden ornament, usually of stone or metal, designed in the the form of a vase used to receive the ashes of the dead.",1,P,"-"
69903,"VASE",Y,"A large, decorative garden ornament resembling a vase.",1,P,"-"
69910,"CANNON",Y,"A large mounted gun, now disused and placed in a prominent position as a piece of street furniture or as a feature"."",1,P,"-"
69929,"BAITING PLACE",Y,"A site where the baiting of animals took place. Use more specific site type where known.",1,P,"-"
69930,"BADGER PIT",Y,"A site used for the sport of badger baiting using fighting dogs.",1,P,"-"
69931,"BEAR PIT",Y,"A pit where bears were housed for baiting and entertainment purposes. If not used for baiting use BEAR ENCLOSURE.",1,P,"-"
69932,"BULLRING",Y,"An arena for bull-baiting, not a tethering ring.",1,P,"-"
69933,"COCKPIT",Y,"A pit or enclosed area used for cockfighting.",1,P,"-"
69934,"Banqueting Hall",N,"-",1,N,"-"
69935,"BOATING LAKE",Y,"A lake, often artifical, in a park or open space, used for the recreational rowing and sailing of boats.",1,P,"-"
69936,"BOWLING GREEN",Y,"A closely mown piece of ground used for the game of lawn bowling.",1,P,"-"
69937,"CAMERA OBSCURA",Y,"A building or room in which images of outside objects are projected on to a screen from a long-focus lens using natural light.",1,P,"-"
69938,"CINEMA",Y,"A building where people pay to see films and 'moving pictures'.",1,P,"-"
69939,"CLUBHOUSE",Y,"A building occupied by a club or commonly used for club activities.",1,P,"-"
69940,"WORKING MENS CLUB",Y,"A club founded to provide education, relaxation, and recreation for working men.",1,P,"-"
69941,"CONCERT HALL",Y,"An establishment where musical performances take place.",1,P,"-"
69942,"FIVES COURT",Y,"A wall and area of ground where the game of fives is played.",1,P,"-"
69943,"GOLF COURSE",Y,"A prepared area of ground used to play the game of golf on.",1,P,"-"
69944,"GRANDSTAND",Y,"The principal stand at a sporting ground, eg. at a racecourse.",1,P,"-"
69946,"MUSIC HALL",Y,"A hall licensed for musical performances, singing, dancing and other entertainments, exclusive of dramatic performance.",1,P,"-"
69947,"OPERA HOUSE",Y,"An often ornately decorated theatre for the performance of opera.",1,P,"-"
69948,"PLAIN AN GWARRY",Y,"A Cornish Medieval amphitheatre used for the performance of mystery plays and sports.",1,P,"-"
69949,"QUINTAIN",Y,"An object supported by a crosspiece on a post, used by knights as a target in tilting.",1,P,"-"
69950,"RACE TRACK",Y,"A piece of ground on which athletes race.",1,P,"-"
69951,"RACECOURSE",Y,"An area or route marked out for the site of a race.",1,P,"-"
69952,"RACING CIRCUIT",Y,"A piece of ground used for motor racing.",1,P,"-"
69953,"RECREATION GROUND",Y,"A public ground with facilities for games and other activities.",1,P,"-"
69954,"SPORTS PAVILION",Y,"A building, usually at a sports ground, with facilities for players and spectators.",1,P,"-"
69955,"SWIMMING POOL",Y,"A large, manmade pool, usually lined with tiles, rubber or similar. Can be placed in the open air, eg. a LIDO, or built as part of a covered sports centre.",1,P,"-"
69956,"TENNIS COURT",Y,"A prepared area, traditionally grass, where tennis is played.",1,P,"-"
69957,"THEATRE",Y,"A building used primarily for the performing of plays.",1,P,"-"
69960,"ALTAR",Y,"An elevated table or podium on which to place or sacrifice offerings to the deities.",1,P,"-"
69961,"ALTAR TOMB",Y,"A tomb or memorial, resembling an altar, often with a recumbent effigy on top.",1,P,"-"
69962,"ANCHORITE CELL",Y,"A small dwelling for the solitary confinement of a pious reclusive religious man or monk, often attached to the north wall of a church. A squint enabled the occupant to witness the Mass.",1,P,"-"
69963,"AVENUE (LANDSCAPE FEATURE)",Y,"A monument consisting of parallel lines of banks, ditches, stones, timber posts or trees which appears to mark out an approach to another monument or monuments. Use specific type where known.",1,P,"-"
69964,"BAPTISTERY",Y,"An area of a church, often a free-standing building, in which baptism is administered",1,P,"-"
69965,"BELL TOWER",Y,"A tower or turret in which bells are hung.",1,P,"-"
69966,"CALVARY",Y,"A representation of the crucifixion of Christ or related scenes as a sculpture in a churchyard, etc.",1,P,"-"
69967,"CHAPEL",Y,"A freestanding building, or a room or recess serving as a place of Christian worship in a church or other building. Use more specific type where known.",1,P,"-"
69968,"BRIDGE CHAPEL",Y,"A chapel built into the structure of a bridge.",1,P,"-"
69969,"CAUSEWAY CHAPEL",Y,"A chapel built on, or at the end of, a causeway.",1,P,"-"
69970,"CHANTRY CHAPEL",Y,"A chapel attached to, or inside, a church, endowed for the celebration of Masses for the soul of the founder.",1,P,"-"
69971,"COLLEGIATE CHAPEL",Y,"A chapel attached to or founded by a college.",1,P,"-"
69972,"Gate Chapel",N,"Use both terms.",1,N,"-"
69973,"NONCONFORMIST CHAPEL",Y,"A place of worship for members of Protestant sects dissenting from the established Church.",1,P,"-"
69974,"CHAPTER HOUSE",Y,"The building attached to a cathedral or collegiate church where the dean, prebendaries or monks and canons met for the transaction of business.",1,P,"-"
69975,"CATHEDRAL",Y,"The principal church of a diocese in which the cathedra or bishop's throne is to be found.",1,P,"-"
69976,"CATHEDRAL CLOSE",Y,"An enclosed area of ground immediately surrounding a cathedral.",1,P,"-"
69977,"CATHEDRAL PRECINCT",Y,"An area of ground immediately surrounding a cathedral.",1,P,"-"
69978,"CAUSEWAYED ENCLOSURE",Y,"A Neolithic monument comprising an irregularly circular enclosing ditch, interrupted by frequent causeways, and often accompanied by an internal bank, also causewayed.",1,P,"-"
69979,"CAUSEWAYED RING DITCH",Y,"A monument comprising an irregularly circular enclosing ditch, interrupted by several causeways, surrounding a central circular area used for funerary activities, often concealed originally beneath an earthen mound. Index with barrow type where known.",1,P,"-"
69980,"CHURCH",Y,"A building used for public Christian worship. Use more specific type where known.",1,P,"-"
69981,"COLLEGIATE CHURCH",Y,"A church attached to or founded by a college.",1,P,"-"
69982,"PARISH CHURCH",Y,"The foremost church within a parish.",1,P,"-"
69983,"Churchyard Gate",N,"Use both terms.",1,N,"-"
69984,"Churchyard Wall",N,"Use both terms.",1,N,"-"
69985,"COFFIN STONE",Y,"A stone found on route to a churchyard on which the coffin is rested during transportation.",1,P,"-"
69986,"COLLEGE OF SECULAR PRIESTS",Y,"A communal residence of secular priests and/or other clerics sometimes with the condition of learning and education attached.",1,P,"-"
69987,"CROSS",Y,"A free-standing structure, in the form of a cross (+), symbolizing the structure on which Jesus Christ was crucified and sacred to the Christian faith. Use specific type where known.",1,P,"-"
69988,"BOUNDARY CROSS",Y,"A sculpted cross, or a cross incised into stone or trees, to mark a parish boundary.",1,P,"-"
69989,"Churchyard Cross",N,"Use both terms.",1,N,"-"
69990,"MARKET CROSS",Y,"A cross found in a market place.",1,P,"-"
69991,"PREACHING CROSS",Y,"A cross, erected on a highway or in an open place, at which monks and others used to preach.",1,P,"-"
69992,"TOWN CROSS",Y,"A cross erected within a town, usually funded by the inhabitants.",1,P,"-"
69993,"VILLAGE CROSS",Y,"A cross erected in a village.",1,P,"-"
69994,"CROSS INCISED STONE",Y,"A stone with a cross carved into the surface.",1,P,"-"
69995,"CUP AND RING MARKED STONE",Y,"A stone, either in situ or part of a monument, bearing one or more small, roughly hemispherical depressions surrounded by a concentric arrangement of annular or pennanular grooves. More complex designs may also occur.",1,P,"-"
69996,"CUP MARKED STONE",Y,"A stone, either in situ or part of a monument, bearing one or more small, roughly hemispherical depressions, generally created by chipping or pecking.",1,P,"-"
69997,"CURSUS",Y,"A long narrow rectangular earthwork enclosure of Neolithic date, usually defined by a bank and ditch and presumed to be of ceremonial function. Known examples range in length from less than 100m to c.10km.",1,P,"-"
69998,"FONT",Y,"A vessel, usually made of stone, which contains the consecrated water for baptism. Use a broader monument type if possible.",1,P,"-"
69999,"FUNERARY SITE",N,"Site types normally or frequently associated with burials which in some instances may have had solely religious or ritual functions.",1,P,"-"
70000,"BARROW",Y,"Artificial mound of earth, turf and/or stone, normally constructed to contain or conceal burials. Use specific type where known.",1,P,"-"
70001,"BANK BARROW",Y,"A poorly understood Neolithic monument comprising a very long, narrow earthen mound. They may be of single-phase construction, or represent the addition of a linear extension to the bank of an existing Long Barrow.",1,P,"-"
70002,"CHAMBERED BARROW",Y,"A Neolithic burial monument comprising a stone-built chamber within an earthen mound. Use more precise term where known.",1,P,"-"
70003,"CHAMBERED LONG BARROW",Y,"A Neolithic burial monument comprising a stone-built chamber within a rectangular or trapezoidal earthen mound.",1,P,"-"
70004,"CHAMBERED ROUND BARROW",Y,"A Neolithic burial monument comprising a stone-built chamber within a circular or sub-circular earthen mound. See RELIGIOUS, RITUAL AND FUNERARY Class List for context.",1,P,"-"
70005,"D SHAPED BARROW",Y,"Not a round barrow ploughed out at one end, but a specific type, the flat edge being additionally defined by stone slabs.",1,P,"-"
70006,"LONG BARROW",Y,"A rectangular or trapezoidal earthen mound of Neolithic date, usually accompanied by flanking or encircling ditches, and normally associated with human remains. Mound construction and associated features vary considerably in type and complexity.",1,P,"-"
70007,"OVAL BARROW",Y,"A form of Neolithic long barrow comprising an oval, rather than rectangular or trapezoidal mound.",1,P,"-"
70008,"POND BARROW",Y,"A monument featuring an artificial circular shallow depression surrounded by a bank which runs around the rim of the depression.",1,P,"-"
70009,"RING BARROW",Y,"A circular bank surrounding an area where burials were placed.",1,P,"-"
70010,"ROUND BARROW",Y,"Hemispherical mound surrounded by a ditch (or occasionally two or more concentric ditches), often accompanied by an external (or occasionally internal) bank. Mound and ditch may sometimes be separated by a berm. Use specific type where known.",1,P,"-"
70011,"BELL BARROW",Y,"A round barrow in which the mound and ditch are separated from each other by a berm. The ditch may be accompanied by an external (or occasionally internal) bank.",1,P,"-"
70012,"BOWL BARROW",Y,"A round barrow featuring a mound surrounded by a ditch, with no intervening berm. The ditch may be accompanied by an external bank.",1,P,"-"
70013,"Fancy Barrow",N,"A collective term applied to Bronze Age round barrows displaying more complex external morphology than the simple bowl barrow. Use appropriate specific term.",1,N,"-"
70014,"BELL DISC BARROW",Y,"A form of round barrow intermediate between the Bell Barrow and the Disc Barrow. Only use where it is not possible to determine specific type.",1,P,"-"
70015,"DISC BARROW",Y,"A round barrow featuring a small mound separated from a ditch of much greater diameter by a wide berm. The ditch may be accompanied by an external (or occasionally internal) bank.",1,P,"-"
70016,"SAUCER BARROW",Y,"A round barrow featuring a low, wide mound surrounded by a ditch which may be accompanied by an external bank.",1,P,"-"
70017,"SQUARE BARROW",Y,"A burial monument, usually of Iron age date, comprising a small square ditched enclosure surrounding a central interment, which may also have been covered by a mound.",1,P,"-"
70018,"BURIAL",Y,"An interment of human or animal remains. Use specific type where known. If component use with wider site type. Use FUNERARY SITE for optimum retrieval in searches.",1,P,"-"
70019,"ANIMAL BURIAL",Y,"Deliberate interment of a complete, or substantially complete, animal. Use the object type thesaurus term ANIMAL REMAINS where skeleton is fragmentary.",1,P,"-"
70022,"Beaker Burial",N,"-",1,N,"-"
70023,"Boat Burial",N,"-",1,N,"-"
70024,"BOG BURIAL",Y,"A body which has been interred in boggy or marshy ground or other similarly waterlogged environment. Interment may have been deliberate or accidental.",1,P,"-"
70026,"CART BURIAL",Y,"A high status Iron Age grave in which a two or four wheeled vehicle accompanies a frequently richly furnished inhumation burial. A barrow may overlie the grave.",1,P,"-"
70027,"CHARCOAL BURIAL",Y,"Inhumation rite in which charcoal is included with the buried corpse, possibly in an attempt to preserve the body. Thought to be associated with high status burials of the early medieval and medieval period.",1,P,"-"
70028,"CREMATION",Y,"A funeral rite in which the human body is burnt, usually on a pyre, leaving fragmentary charred or completely combusted remains. Often found buried, occasionally in a container associated with grave goods.",1,P,"-"
70029,"CINERARY URN",Y,"Urn containing a cremation. Where component use with wider site type.",1,P,"-"
70030,"GYPSUM BURIAL",Y,"An inhumation burial in which the body is covered by a shroud, placed in a coffin of stone, wood or lead and covered with gypsum, plaster or lime. Roman and early Medieval.",1,P,"-"
70031,"INHUMATION",Y,"An interment of unburnt, articulated human remains. Use specific type where known.",1,P,"-"
70032,"CONTRACTED INHUMATION",Y,"A form of inhumation in which the skeleton is interred, usually on its side, with the knees brought up against the chest. This is a more extreme form of crouched inhumation.",1,P,"-"
70033,"CROUCHED INHUMATION",Y,"A form of inhumation in which the skeleton is interred, usually on its side, with hip and knee joints bent through an angle of more than 90 degrees.",1,P,"-"
70034,"EXTENDED INHUMATION",Y,"A form of inhumation in which the skeleton is laid out in an approximately straight line, whether face up, face down, or on its side.",1,P,"-"
70035,"FLEXED INHUMATION",Y,"A form of inhumation in which the skeleton is interred, usually on its side, with hip and knee joints bent through an angle of less than 90 degrees.",1,P,"-"
70036,"SHIP BURIAL",Y,"A burial in which the body is placed in, or covered by a boat, which is then covered with earth. Use with barrow type where relevant.",1,P,"-"
70037,"TILE BURIAL",Y,"An inhumation, usually Roman, which has been covered by tiles to form a tent-like structure over the body; the apex is covered by ridge tiles.",1,P,"-"
70038,"BURIAL PIT",Y,"A place where dead bodies are buried together. Often unconsecrated ground.",1,P,"-"
70040,"CREMATION PIT",Y,"A pit over which a  corpse has been cremated on a pyre into which the remains and debris, and sometime grave goods, collapse and are buried. Generally confined to the Roman period.",1,P,"-"
70041,"PLAGUE PIT",Y,"A deep pit used for the burial of plague victims.",1,P,"-"
70042,"BURIAL VAULT",Y,"A built structure, generally below ground, designed for the interment of several burials over a period of time. Usually constructed with a door or sealed entrance to allow reopening for further burials.",1,P,"-"
70043,"FAMILY VAULT",Y,"A burial vault built to contain the remains of members of a single family, household or dynasty.",1,P,"-"
70044,"BURIAL CAIRN",Y,"A stony mound containing or concealing deliberately deposited human remains. Use specific type where known.",1,P,"-"
70045,"CHAMBERED CAIRN",Y,"A Neolithic burial monument comprising a stone-built chamber within a mound of stones. Use more precise term where known.",1,P,"-"
70046,"CHAMBERED LONG CAIRN",Y,"A Neolithic burial monument comprising a rectangular or trapezoidal stony mound which contains either a passage at one end with or without lateral chambers, or one or more smaller chambers entered from the side of the mound.",1,P,"-"
70047,"CHAMBERED ROUND CAIRN",Y,"A Neolithic burial monument comprising an approximately circular stony mound which contains a stone-built chamber, with or without additional lateral chambers.",1,P,"-"
70048,"LONG CAIRN",Y,"A rectangular or trapezoidal non-megalithic stony mound of Neolithic date, with human remains in cists rather than a large chamber. Mound construction and associated features vary considerably in type and complexity.",1,P,"-"
70049,"RING CAIRN",Y,"A low, wide, circular ring or bank of stones surrounding an open, roughly circular area which is (or was initially) free of cairn material. The inner and outer faces of the bank may be kerbed.",1,P,"-"
70050,"ROUND CAIRN",Y,"A roughly hemispherical mound constructed primarily of stones, normally containing or covering one or more human burials. The mound may be surrounded and partly retained by a low stone kerb.",1,P,"-"
70051,"SQUARE CAIRN",Y,"A roughly square mound of stones which may also contain or conceal a burial.",1,P,"-"
70052,"TOR CAIRN",Y,"A circular bank of stones and turf, sometimes accompanied by a ditch, surrounding a natural outcrop of rock, usually a tor, or an earthfast boulder.",1,P,"-"
70053,"CEMETERY",Y,"An area of ground, set apart for the burial of the dead.",1,P,"-"
70054,"BARROW CEMETERY",Y,"A cluster of closely spaced barrows and related monuments (eg. ring ditches). Use with specific barrow-types where known.",1,P,"-"
70055,"CAIRN CEMETERY",Y,"A group of cairns in close proximity which are predominantly funerary or ritual in nature.",1,P,"-"
70056,"CREMATION CEMETERY",Y,"A cemetery comprising exclusively cremated human remains, some or all of which may be contained within pottery vessels.",1,P,"-"
70057,"ENCLOSED CREMATION CEMETERY",Y,"A cemetery of later prehistoric date comprising exclusively cremated human remains, some or all of which may be contained within pottery vessels. The cemetery area is partly or wholly surrounded by an earthwork bank and/or ditch.",1,P,"-"
70058,"URNFIELD",Y,"A village cemetery where cinerary urns were buried in large numbers during the Bronze Age.",1,P,"-"
70059,"Enclosed Urnfield",N,"-",1,N,"-"
70060,"INHUMATION CEMETERY",Y,"An area used for the deposition of human remains where the principal funeral rite is the burial of the corpse complete. Generally indicated by the discovery of articulated human skeletal remains, occasionally with evidence of coffins and/or grave goods.",1,P,"-"
70061,"CHURCHYARD",Y,"An area of ground belonging to a church, often used as a burial ground.",1,P,"-"
70062,"CIST GRAVE CEMETERY",Y,"A cemetery comprising inhumations or cremations interred in stone cists.",1,P,"-"
70063,"FRIENDS BURIAL GROUND",Y,"A place of burial for members of the Religious Society of Friends, often known as Quakers.",1,P,"-"
70064,"CHAMBERED TOMB",Y,"A Neolithic burial monument comprising a stone-built chamber within a mound of earth or stone. Use more specific type where known.",1,P,"-"
70065,"ENTRANCE GRAVE",Y,"A form of Neolithic burial monument primarily found in Cornwall and the Scilly Isles. It comprises a round cairn, usually with a retaining wall or kerb, and an entrance leading directly into a chamber.",1,P,"-"
70066,"Gallery Grave",N,"Neolithic chambered tomb featuring a passage with lateral and/or end chambers.",1,N,"-"
70067,"Transepted Gallery Grave",N,"Use appropriate type.",1,N,"-"
70068,"PASSAGE GRAVE",Y,"A form of Neolithic burial monument comprising a large circular stone or earthen mound, with a low and narrow entrance passage leading to a wider and higher stone built chamber.",1,P,"-"
70069,"PORTAL DOLMEN",Y,"A megalithic tomb of Neolithic date comprising a chamber bounded by large upright orthostats, often only three or four in number, which support a large capstone.",1,P,"-"
70070,"CHARNEL HOUSE",Y,"A building where the bones of the dead were stored.",1,P,"-"
70071,"CIST",Y,"Generally rectangular structure normally used for burial purposes, and formed from stone slabs set on edge, and covered by one or more horizontal slabs or capstones. Cists may be built on the surface or sunk into the ground.",1,P,"-"
70072,"LINTEL GRAVE",Y,"A grave lined with slabs of stone or slate and covered by a large slab of stone. Commonly found on the Isle of Man.",1,P,"-"
70073,"Long Cist",N,"-",1,N,"-"
70074,"COFFIN",Y,"A chest made of stone, wood or lead, used to enclose a dead body.",1,P,"-"
70075,"SARCOPHAGUS",Y,"A stone coffin embellished with sculpture.",1,P,"-"
70076,"TREE TRUNK COFFIN",Y,"A prehistoric coffin made out of a hollow tree trunk.",1,P,"-"
70077,"COLUMBARIUM",Y,"A wall with niches in a CREMATORIUM to display the urns containing ashes. Use only when related to funerary site.",1,P,"-"
70078,"CREMATORIUM",Y,"A building or site where bodies are burnt, and the ashes collected for burial or dispersal.",1,P,"-"
70079,"CRYPT",Y,"A vault, often located under a chancel or chancel aisle, containing an altar and usually used for burial.",1,P,"-"
70080,"GRAVE",Y,"A place of burial. Use more specific type where known.",1,P,"-"
70081,"GRAVE SLAB",Y,"A stone used to cover a grave.",1,P,"-"
70082,"CROSS SLAB",Y,"A slab of stone, either standing or recumbent, inscribed with a cross. Usually found in association with burials.",1,P,"-"
70083,"GRAVESTONE",Y,"A stone placed over or at the head or foot of a grave, or at the entrance of a tomb.",1,P,"-"
70084,"PILLOW STONE",Y,"A small Anglo-Saxon cross-slab buried on the breast or beneath the head of a corpse. The term can also apply to a stone placed beneath the head of some prehistoric burials.",1,P,"-"
70085,"HOGBACK STONE",Y,"A North country memorial imitating a wattled hut decorated with formalized bears or snakes.",1,P,"-"
70086,"LONG MOUND",Y,"A long, narrow mound of earth or stone and of uncertain date and function. Use more appropriate term where possible.",1,P,"-"
70087,"MAUSOLEUM",Y,"A monumental burial place, usually for a single person or family.",1,P,"-"
70088,"MORTUARY",Y,"A building or room used for holding, viewing, identifying or examining dead bodies prior to burial or cremation.",1,P,"-"
70089,"MORTUARY ENCLOSURE",Y,"A subrectangular earthen enclosure defined by a ditch, usually with an internal bank, assumed to have been used for the primary exposure or burial of human remains in the Neolithic period prior to secondary burial elsewhere.",1,P,"-"
70090,"MORTUARY HOUSE",Y,"Timber or stone built structure, traces of which are found within some long and round barrows, in which human remains were interred prior to mound construction.",1,P,"-"
70091,"OSSUARY",Y,"A building, site or container used to store the bones of the dead after they have been removed from graves to allow new burials.",1,P,"-"
70092,"TOMB",Y,"A grave or sepulchre including a monument. Use specific type where known.",1,P,"-"
70093,"CHEST TOMB",Y,"A tomb designed in the form of a cist or stone box placed over a burial. Its outward form often reproduces the features of the classical sarcophagus or medieval effigy base.",1,P,"-"
70094,"TABLE TOMB",Y,"A type of tomb in the form of a slab raised on freestanding legs.",1,P,"-"
70095,"TOMBSTONE",Y,"A horizontal stone placed across a grave.",1,P,"-"
70096,"HENGE",Y,"Circular or sub-circular enclosure defined by a bank and (usually internal) ditch, with one or two (rarely more) entrances. Of ceremonial/ritual function, they contain a variety of internal features including timber or stone circles.",1,P,"-"
70097,"HENGE ENCLOSURE",Y,"A late Neolithic/Early Bronze Age earthwork enclosure distinguished from a henge primarily by its larger size, irregular shape, and greater complexity of internal features.",1,P,"-"
70098,"HENGIFORM MONUMENT",Y,"A small, circular Late Neolithic/Early Bronze Age enclosure which bears a morphological resemblance to henges, but may belong to another category of circular earthwork-defined monuments, or is enclosed by something other than a bank and ditch.",1,P,"-"
70099,"HERMITAGE (RELIGIOUS)",Y,"A small hut, dwelling or cave, usually in a secluded spot, in which a hermit lived. Hermits chose to live solitary lives often due to religious motives.",1,P,"-"
70100,"INSCRIBED STONE",Y,"An early Medieval commemorative monument in the form of a stone which has been inscribed with symbols.",1,P,"-"
70101,"KERBED BOULDER",Y,"A Prehistoric monument type in South West England in which a natural boulder is surrounded by a man-made kerb of stones.",1,P,"-"
70102,"LYCH GATE",Y,"A covered gateway, at the entrance to a churchyard, where during a funeral a coffin could be set down until the vicar arrived.",1,P,"-"
70103,"MAYPOLE",Y,"A high pole, painted with spiral stripes of different colours and decked with flowers, erected on an open space, often the village green, for merrymakers to dance around on May Day.",1,P,"-"
70104,"TURF MAZE",Y,"A labyrinthine garden feature, common during the 16th and 17th centuries, created by cutting shallow pathways into deep lawns.",1,P,"-"
70105,"Meeting House",N,"-",1,N,"-"
70106,"Dissenters Meeting House",N,"-",1,N,"-"
70107,"FRIENDS MEETING HOUSE",Y,"A place of worship for members of the Religious Society of Friends, often known as Quakers. The Religious Society of Friends is a denomination founded by George Fox in c.1650 who believed in passivist principles and a rejection of the sacrament.",1,P,"-"
70108,"MINSTER",Y,"A complex of buildings, often within an enclosure, housing a pre-Benedictine Reform secular religious community. Now commonly used to describe the main church within such a complex, which over time attained higher status.",1,P,"-"
70109,"MONUMENTAL MOUND",Y,"A mound in excess of 150 metres in diameter, of Late Neolithic date and presumed ritual function, eg. Silbury Hill.",1,P,"-"
70110,"MOSQUE",Y,"A Muslim temple or place of worship.",1,P,"-"
70111,"OGHAM STONE",Y,"Upright stones engraved on the edges with a Celtic script consisting of lines or notches.",1,P,"-"
70112,"Oratory",N,"-",1,N,"-"
70113,"PIT CIRCLE",Y,"An enclosure of Late Neolithic/Early Bronze Age date, related to henges, defined by a circular arrangement of pits, probably none of which originally held posts. More than one circle, concentrically arranged, may be present.",1,P,"-"
70114,"POOR SOULS LIGHT",Y,"A small, ornate structure in which candles were placed either during masses for the dead or to indicate the position of the cemetery at night .",1,P,"-"
70115,"PREACHING PIT",Y,"A large, circular hollow, often with a platform and seating built into the sides, used for preaching.",1,P,"-"
70116,"PRECINCT WALL",Y,"A wall enclosing a precinct.",1,P,"-"
70117,"PRIEST HOLE",Y,"A hiding place for a (Roman Catholic) priest.",1,P,"-"
70118,"RECUMBENT STONE",Y,"A stone or boulder which lies lengthways on the ground and may be used as a table, altar etc. Use only for isolated stones.",1,P,"-"
70119,"RELIGIOUS HOUSE",Y,"Use only for a monastic house of unknown status, religious order and uncertain authenticity.",1,P,"-"
70120,"ABBEY",Y,"A religious house governed by an abbot or abbess. Use with narrow terms of DOUBLE HOUSE, MONASTERY or NUNNERY.",1,P,"-"
70121,"CAMERA",Y,"A subsidiary form of preceptory provided with a chapel. Use specific type where known.",1,P,"-"
70122,"HOSPITALLERS CAMERA",Y,"A residence used during short visits by an official and attendants of the Knights Hospitallers for administrative purposes on their estates.",1,P,"-"
70123,"TEMPLARS CAMERA",Y,"A residence used during short visits by an official and attendants of the Knights Templars for administrative purposes on their estates.",1,P,"-"
70124,"CELL",Y,"A monastic enclave dependent on a mother house.",1,P,"-"
70125,"AUGUSTINIAN CELL",Y,"A small monastery or nunnery of the Augustinian order dependent on a larger mother house.",1,P,"-"
70126,"BENEDICTINE CELL",Y,"A residence of two or three monks of the Benedictine order dependent on an English mother house.",1,P,"-"
70127,"Carthusian Cell",N,"-",1,N,"-"
70128,"CISTERCIAN CELL",Y,"A residence of two or three monks of the Cistercian order dependent on an English mother house.",1,P,"-"
70129,"CLUNIAC CELL",Y,"A residence of two or three monks of the Cluniac order dependent on an English mother house.",1,P,"-"
70130,"GILBERTINE CELL",Y,"A residence of two or three monks of the Gilbertine order dependent on an English mother house.",1,P,"-"
70131,"PREMONSTRATENSIAN CELL",Y,"A residence of two or three monks of the Premonstratensian order dependent on an English mother house.",1,P,"-"
70132,"Tironian Cell",N,"-",1,N,"-"
70133,"COURERY",Y,"Subsidiary settlement of lay brothers attached to some Carthusian monasteries.",1,P,"-"
70134,"DOUBLE HOUSE",Y,"Mixed house of nuns and religious men.",1,P,"-"
70135,"AUGUSTINIAN DOUBLE HOUSE",Y,"A mixed house of Augustinian nuns, canonesses and canons.",1,P,"-"
70136,"BENEDICTINE DOUBLE HOUSE",Y,"A mixed house of nuns and religious men of the Benedictine order.",1,P,"-"
70137,"BRIDGETTINE DOUBLE HOUSE",Y,"An abbey of the Bridgettine double order of nuns and religious men.",1,P,"-"
70138,"FONTEVRAULTINE DOUBLE HOUSE",Y,"A priory of double order of Fontevrault nuns and brethren.",1,P,"-"
70139,"GILBERTINE DOUBLE HOUSE",Y,"A priory of Gilbertine double order of nuns and canons.",1,P,"-"
70140,"FRIARY",Y,"Houses specifically for men and of chiefly mendicant religious orders. The status of priory is represented in several friaries. Use with PRIORY if required.",1,P,"-"
70141,"Austin Friary",N,"-",1,N,"-"
70142,"CARMELITE FRIARY",Y,"A house of friars, originally hermits from Mount Carmel. Also known as ' white friars'.",1,P,"-"
70143,"DOMINICAN FRIARY",Y,"A house of friars of the order of St Dominic. Also known as Friars Preachers or 'Black Friars'.",1,P,"-"
70144,"FRANCISCAN FRIARY",Y,"A friary belonging to the Franciscan order. Includes houses of both Friars Minor and Friars Observant or Capuchins.",1,P,"-"
70145,"FRIARY OF CRUTCHED FRIARS",Y,"A friary belonging to the Crutched Friars also known as Crosiers or Fratres.",1,P,"-"
70146,"FRIARY OF FRIARS OF THE SACK",Y,"A friary belonging to the Friars of the Sack also known as Friars of Penance or Penitentia.",1,P,"-"
70147,"FRIARY OF PIED FRIARS",Y,"A friary belonging to the Pied Friars also known as Friars of Blessed Mary or St Mary de Arens.",1,P,"-"
70148,"AUGUSTINIAN GRANGE",Y,"An outlying farm or estate belonging to the Augustinian order.",1,P,"-"
70149,"BENEDICTINE GRANGE",Y,"An outlying farm or estate belonging to the Benedictine order.",1,P,"-"
70150,"CARTHUSIAN GRANGE",Y,"An outlying farm or estate belonging to the Carthusian order.",1,P,"-"
70151,"CISTERCIAN GRANGE",Y,"An outlying farm or estate belonging to the Cistercian order.",1,P,"-"
70152,"MONASTERY",Y,"Houses specifically of monks, canons or religious men but not friars.",1,P,"-"
70153,"AUGUSTINIAN MONASTERY",Y,"An abbey or priory of Augustinian canons.",1,P,"-"
70154,"BENEDICTINE MONASTERY",Y,"An abbey or priory for monks of the Benedictine order.",1,P,"-"
70155,"BONHOMMES MONASTERY",Y,"A residence of the Bonhommes brethren, who followed the Augustinian rule.",1,P,"-"
70156,"CARTHUSIAN MONASTERY",Y,"An abbey or priory of Carthusian monks.",1,P,"-"
70157,"CISTERCIAN MONASTERY",Y,"An abbey or priory of Cistercian monks.",1,P,"-"
70158,"CLUNIAC MONASTERY",Y,"An abbey or priory of Cluniac monks.",1,P,"-"
70159,"GILBERTINE MONASTERY",Y,"An abbey or priory of Gilbertine monks.",1,P,"-"
70160,"GRANDMONTINE MONASTERY",Y,"An abbey or priory of Grandmontine monks.",1,P,"-"
70161,"PREMONSTRATENSIAN MONASTERY",Y,"An abbey or priory of Premonstratensian canons.",1,P,"-"
70162,"SAVIGNIAC MONASTERY",Y,"An abbey or priory of Savigniac monks. Order merged with Cistercians c1147.",1,P,"-"
70163,"TIRONIAN MONASTERY",Y,"An abbey or priory belonging to the Tironian order.",1,P,"-"
70164,"TRINITARIAN MONASTERY",Y,"An abbey or priory of the Trinitarian brethren also named Maturins.",1,P,"-"
70165,"NUNNERY",Y,"Houses specifically of nuns/canonesses or religious women.",1,P,"-"
70166,"AUGUSTINIAN NUNNERY",Y,"An abbey or priory of Augustinian canonesses.",1,P,"-"
70167,"BENEDICTINE NUNNERY",Y,"An abbey or priory for nuns ofthe Benedictine order.",1,P,"-"
70168,"CISTERCIAN NUNNERY",Y,"An abbey or a priory of Cistercian nuns.",1,P,"-"
70169,"CLUNIAC NUNNERY",Y,"An abbey or priory of Cluniac nuns.",1,P,"-"
70170,"DOMINICAN NUNNERY",Y,"An abbey or priory of Dominican nuns.",1,P,"-"
70171,"FRANCISCAN NUNNERY",Y,"An abbey of Franciscan nuns also known as Minoresses or Poor Clares.",1,P,"-"
70172,"PREMONSTRATENSIAN NUNNERY",Y,"A priory of Premonstratensian canonesses.",1,P,"-"
70173,"SISTERS OF ST JOHN NUNNERY",Y,"A priory of the female Order of Knights Hospitallers.",1,P,"-"
70174,"PRECEPTORY",Y,"A manor or estate owned and run by an order of knights and governed by a preceptor.",1,P,"-"
70175,"HOSPITALLERS PRECEPTORY",Y,"An estate or manor of a subordinate community of the Knights of the Order of the Hospital of St John of Jerusalem. Includes the mother house, the Priory of St. John, Clerkenwell.",1,P,"-"
70176,"TEMPLARS PRECEPTORY",Y,"The residence of a preceptor, officials and servants, etc, supervising the estates of the Knights Templars military order. Includes the mother house styled the Temple, London. The Order was suppressed in 1312.",1,P,"-"
70177,"PRIORY",Y,"A monastery governed by a prior or prioress. Use with narrow terms of DOUBLE HOUSE, FRIARY, MONASTERY or NUNNERY.",1,P,"-"
70178,"RITUAL PIT",Y,"A pit which appears to have been dug for, or which contains, objects apparently deposited for reasons other than storage, disposal or extraction. Index with principal object types.",1,P,"-"
70179,"RITUAL SHAFT",Y,"A shaft which appears to have been dug for, or which contains objects apparently deposited for, reasons other than storage, disposal or extraction (eg. of stone, water, etc). Index with principal object types.",1,P,"-"
70180,"ROCK CARVING",Y,"A decorative design or illustration, often an anthropomorphic or geometrical image, carved into a stone surface, such as a cave wall or free-standing stone. Usually, though not always, of Prehistoric date.",1,P,"-"
70181,"RUNE STONE",Y,"A stone on which Runes have been inscribed. Often used as memorials though not always associated with a burial.",1,P,"-"
70182,"SANCTUARY",Y,"A sacred area of a building or a consecrated piece of land.",1,P,"-"
70183,"SHEILA NA GIG",Y,"A small carved figure, usually female in appearance, probably representing  fertility charms, found on Romanesque churches in the West of England, eg. Kilpeck.",1,P,"-"
70184,"SHRINE",Y,"A place where worship is offered or devotions are paid to a deity or saint.",1,P,"-"
70185,"STANDING STONE",Y,"A stone or boulder which has been deliberately set upright in the ground. Use only for isolated stones. Otherwise use specific type where known.",1,P,"-"
70186,"STATIONAL MONUMENT",Y,"A monument within a church or cathedral representing one of the stations of the cross. Usually images or pictures of successive incidents of the Passion, they are intended to be visited for meditation and prayer.",1,P,"-"
70187,"STOCKADED ENCLOSURE",Y,"An enclosure surrounded by a wooden stockade. A rare site type of Neolithic date.",1,P,"-"
70188,"STONE ALIGNMENT",Y,"A single line, or two or more roughly parallel lines, of standing stones set at intervals along a common axis or series of axes.",1,P,"-"
70189,"STONE AVENUE",Y,"A monument consisting of parallel lines of standing stones, which appears to mark out an approach to another monument or monuments.",1,P,"-"
70190,"STONE CIRCLE",Y,"An approximately circular or oval setting of spaced, usually freestanding, upright stones. More than one circle may be present, arranged concentrically.",1,P,"-"
70191,"EMBANKED STONE CIRCLE",Y,"A circular arrangement of spaced stone uprights set within a high bank, often interrupted by a formal entrance gap.",1,P,"-"
70192,"FOUR POSTER STONE CIRCLE",Y,"A stone circle featuring four upright stones standing at the corners of an irregular quadrilateral. The monument may feature more than 4 stones, overall, but the corner stones are often the most prominent.",1,P,"-"
70193,"RECUMBENT STONE CIRCLE",Y,"A stone circle featuring a stone which lies lengthways between two of the upright standing stones.",1,P,"-"
70194,"STONE SETTING",Y,"An arrangement of one or more standing stones. Use particularly for isolated recumbent stones, or where original form of monument unclear. Use specific type where known.",1,P,"-"
70195,"SYNAGOGUE",Y,"A place of worship for Jewish people.",1,P,"-"
70196,"TEMPLE",Y,"Use for places of worship. For later landscape features use, eg. GARDEN TEMPLE.",1,P,"-"
70197,"MITHRAEUM",Y,"A Roman sanctuary, devoted to the Graeco-Roman cult of Mithras.",1,P,"-"
70198,"TIMBER CIRCLE",Y,"Approximately circular or oval setting of spaced post holes indicating the former presence of a free-standing arrangement of upright timber posts. Often regarded as a wooden equivalent of the better known stone circles.",1,P,"-"
70200,"Votive Pit",N,"-",1,N,"-"
70201,"Votive Shaft",N,"-",1,N,"-"
70202,"WELL",Y,"A shaft or pit dug in the ground over a supply of spring-water.",1,P,"-"
70203,"HOLY WELL",Y,"A well or spring, possessing religious or otherwise ritualistic significance, around which a structure, such as a niche, wall or shelter, has been constructed. In the case of the water source being a natural spring, double-index with SPRING.",1,P,"-"
70204,"TRANSPORT",N,"Sites, buildings, structures & features related to the conveyance of goods &/or passengers.  Includes man-made routeways, mechanical structures & some vehicle types where it is deemed necessary to record such as monuments.",1,P,"-"
70205,"AERIAL ROPEWAY",Y,"A system of overhead cables from which cars or containers are suspended (usually driven electrically).",1,P,"-"
70207,"AIR TERMINAL",Y,"A building at an airport from where passengers embark and disembark from an aircraft.",1,P,"-"
70208,"AIRCRAFT",Y,"An aircraft, either whole or in part. Aircraft often survive as commemorative monuments, gate guardians or crash sites.",1,P,"-"
70209,"AIRFIELD",Y,"An area or site used for the landing and take-off of aircraft, often including associated buildings, equipment and other installations.",1,P,"-"
70210,"AIRPORT",Y,"A site, including an airfield and customs house, where air passengers embark and disembark.",1,P,"-"
70211,"HANGAR",Y,"A large shed for the housing of aircraft, etc.",1,P,"-"
70212,"AIRCRAFT HANGAR",Y,"A structure used for the housing and servicing of aircraft.",1,P,"-"
70213,"AIRSHIP HANGAR",Y,"A hangar for the storage and maintenance of dirigible motor-driven balloons.",1,P,"-"
70214,"BRIDGE",Y,"A structure of wood, stone, iron, brick or concrete, etc, with one or more intervals under it to span a river or other space. Use specific type where known.",1,P,"-"
70215,"CANAL BRIDGE",Y,"A bridge over a canal.",1,P,"-"
70216,"CLAPPER BRIDGE",Y,"A simple form of stone slab bridge, particularly associated with South West England.",1,P,"-"
70217,"DRAWBRIDGE",Y,"A movable bridge lifted at one end by chains or ropes either to stop traffic passing over it or to let traffic pass under it.",1,P,"-"
70218,"Foot Bridge",N,"-",1,N,"-"
70219,"LIFT BRIDGE",Y,"A bridge that incorporates a span that moves upwards vertically to provide a passageway for navigation.",1,P,"-"
70220,"PACKHORSE BRIDGE",Y,"A high-humped, narrow, cobbled bridge used by trains of packhorses, often located in upland areas where the bulk of goods were carried by horses.",1,P,"-"
70221,"RAILWAY BRIDGE",Y,"A bridge carrying a railway track across a river, valley, road etc.",1,P,"-"
70222,"ROAD BRIDGE",Y,"A bridge carrying a road over land or water.",1,P,"-"
70223,"SUSPENSION BRIDGE",Y,"A bridge whose deck is hung from above by large cables, chains or pinned iron or steel bars hanging from towers.",1,P,"-"
70224,"SWING BRIDGE",Y,"A movable bridge that swings or rotates around a central pier, or one that is pivoted only at one end, to provide a passageway for navigation.",1,P,"-"
70225,"TOLL BRIDGE",Y,"A bridge whose upkeep and repair was financed by the exaction of a toll.",1,P,"-"
70226,"TRANSPORTER BRIDGE",Y,"A bridge consisting of a lattice girder spanning the distance between the tops of two towers. Designed to transport vehicles across the gap in a container suspended at road level by ropes under a travelling crane on the girder.",1,P,"-"
70227,"CRANE",Y,"A large, metal or wooden structure, used for raising, lowering and moving heavy objects. Use more specific type where known.",1,P,"-"
70228,"DIRECTION STONE",Y,"A stone, situated alongside a road, providing directions to travellers.",1,P,"-"
70229,"INCLINED PLANE",Y,"A prepared slope on which rails are laid to enable early tramroads and railways to negotiate a steep gradient.",1,P,"-"
70230,"Canal Incline",N,"-",1,N,"-"
70231,"Railway Incline",N,"-",1,N,"-"
70232,"LIFT",Y,"A structure consisting of a box or platform for carrying goods or passengers from one level to another. Use specific type where known.",1,P,"-"
70233,"MILE PLATE",Y,"A plate, usually of wood or metal, set up on a road, canal or railway to mark the miles from or to a place.",1,P,"-"
70235,"MILESTONE",Y,"A stone set up on a road or path to mark the miles from or to a place.",1,P,"-"
70237,"ENGINE SHED",Y,"A building used to house railway engines.",1,P,"-"
70238,"GOODS SHED",Y,"A building in which railway wagons can unload local goods.",1,P,"-"
70239,"GOODS YARD",Y,"A site where merchandise and goods are temporarily stored before or after transportation by rail.",1,P,"-"
70240,"LEVEL CROSSING",Y,"A controlled point with warning lights and gates or barriers where a road crosses a railway line.",1,P,"-"
70241,"RAILWAY",Y,"A line or track consisting of iron or steel rails, on which passenger carriages or goods wagons are moved, usually by a locomotive engine.",1,P,"-"
70242,"ATMOSPHERIC RAILWAY",Y,"A railway worked by the propulsive force of compressed air or by the formation of a vacuum.",1,P,"-"
70243,"CLIFF RAILWAY",Y,"A railway, usually by the sea, linking the beach with the cliff top. Various mechanisms were used the most common being that the cars were attached to a cable and winding drum and were balanced so that one travelled up, as the other came down.",1,P,"-"
70245,"RAILWAY SIGNAL",Y,"A structure with semaphore arms and/or coloured lights used as a means of warning on railway systems.",1,P,"-"
70246,"Railway Signal Box",N,"Use both terms.",1,N,"-"
70247,"RAILWAY STATION",Y,"A place where railway trains regularly stop for taking up and setting down passengers or for receiving goods for transport.",1,P,"-"
70248,"RAILWAY TUNNEL",Y,"A tunnel running under a river or a hillside through which a railway line runs.",1,P,"-"
70249,"RAILWAY TURNTABLE",Y,"A piece of machinery on which a railway engine, carriage or wagon can be rotated at a railway terminal.",1,P,"-"
70250,"RAILWAY VIADUCT",Y,"A bridge, usually resting on raised arches, carrying a railway across low-lying land or water.",1,P,"-"
70251,"TRAM DEPOT",Y,"A place where trams are maintained and refitted, etc.",1,P,"-"
70252,"TRAMWAY",Y,"A track inlaid into a surface, on which tram cars run for the conveyance of passengers and/or goods or raw materials.",1,P,"-"
70253,"PLATEWAY",Y,"A track consisting of flanged strips used in early colliery railways.",1,P,"-"
70256,"BUS DEPOT",Y,"A building, with adjacent open areas, in which buses are maintained, usually having an extensive area free from upright columns or stanchions to permit overnight storage, repair bays, stores and an office.",1,P,"-"
70257,"BUS SHELTER",Y,"A structure providing protection against the weather at bus stops.",1,P,"-"
70258,"Cabmans Shelter",N,"-",1,N,"-"
70259,"CARRIAGE HOUSE",Y,"An outbuilding used for the storage and maintenance of horse-drawn carriages.",1,P,"-"
70260,"CART SHED",Y,"A building used for housing, and protecting from the weather, carts, waggons and farm implements, often open-fronted.",1,P,"-"
70261,"COACH HOUSE",Y,"An outbuilding where a horse-drawn carriage is kept.",1,P,"-"
70262,"FORD",Y,"A shallow place in a river or other stretch of water, where people, animals and vehicles may cross.",1,P,"-"
70263,"MOUNTING BLOCK",Y,"A block for mounting a horse.",1,P,"-"
70264,"ROAD",Y,"A way between different places, used by horses, travellers on foot and vehicles.",1,P,"-"
70265,"ALLEY",Y,"A passageway or lane between buildings.",1,P,"-"
70266,"DROVE ROAD",Y,"A road or track specifically used by drovers or herders to drive their animals to market.",1,P,"-"
70267,"HOLLOW WAY",Y,"A way, path or road through a cutting.",1,P,"-"
70268,"PACKHORSE ROAD",Y,"Narrow, rough tracks often over upland routes used by packhorse trains to carry goods.",1,P,"-"
70269,"TOLL ROAD",Y,"A road whose upkeep and repair was financed by the exaction of a toll.",1,P,"-"
70270,"TRACKWAY",Y,"A pathway, not necessarily designed as such, beaten down by the feet of travellers.",1,P,"-"
70272,"CAUSEWAY",Y,"A road or pathway raised above surrounding low, wet or uneven ground.",1,P,"-"
70273,"FOOTPATH",Y,"A path for pedestrians only.",1,P,"-"
70274,"RIDGEWAY",Y,"A road or way along a ridge of downs or low range of hills.",1,P,"-"
70275,"ROAD TUNNEL",Y,"A tunnel running under a river or through a hill along which vehicles may travel.",1,P,"-"
70276,"STEPPING STONES",Y,"Stones placed in the bed of a stream or on wet ground, to enable crossing on foot.",1,P,"-"
70277,"STEPS",Y,"A series of flat-topped structures, usually made of stone or wood, used to facilitate a person's movement from one level to another.",1,P,"-"
70278,"STILE",Y,"A set of steps or a framework of bars and steps for crossing over a fence or wall.",1,P,"-"
70279,"STREET TRAMWAY",Y,"A track inlaid into the road surface of a street or road, on which tram cars run for the conveyance of passengers.",1,P,"-"
70280,"TRAMWAY REVERSING TRIANGLE",Y,"A structure consisting of three stretches of tramline joined by points. The tram is able to go forward, reverse and then go forward again changing line each time until it has turned around completely.",1,P,"-"
70281,"TOLL BOUNDARY MARKER",Y,"A marker, of stone, wood or metal, used to delineate the limits of a stretch of highway, river or canal subject to a toll charge.",1,P,"-"
70282,"TOLL GATE",Y,"A gate on a toll road where travellers had to pay a toll to the toll-keeper.",1,P,"-"
70283,"SIGNPOST",Y,"A post bearing one or more signs indicating the direction, and often the distance, to specified locations or routes.",1,P,"-"
70284,"VIADUCT",Y,"A bridge, usually resting on a series of arches, carrying roadways or railways over low-lying areas.",1,P,"-"
70287,"BOAT LIFT",Y,"A structure used for the lifting of boats and other water craft.",1,P,"-"
70288,"CANAL",Y,"An artificial navigable waterway used for the transportation of goods. Nowadays also used for recreational purposes.",1,P,"-"
70289,"Canal Aqueduct",N,"-",1,N,"-"
70290,"CANAL BASIN",Y,"An open area of water, usually artificial and enclosed by dock gates or locks, lined with wharves and warehouses, where barges, narrow boats and other canal vessels can load and unload goods and supplies.",1,P,"-"
70291,"CANAL BOAT YARD",Y,"A place where canal boats are built and maintained.",1,P,"-"
70292,"CANAL DOCK",Y,"An artificial area of open water, situated on a canal, enclosed by masonry and fitted with dock gates in which ships can be repaired, loaded/unloaded or berthed.",1,P,"-"
70293,"CANAL DOCKYARD",Y,"An enclosure containing a dock, boat yard, warehouse, etc, in which canal vessels are built and repaired, and all sorts of stores and merchandise for transportation brought together.",1,P,"-"
70294,"CANAL FEEDER",Y,"A channel which feeds water from a reservoir into a canal when the water level gets low.",1,P,"-"
70295,"CANAL LIFT",Y,"A massive structure designed to transfer canal boats between different canal or river navigations, eg. Anderton boat lift.",1,P,"-"
70296,"CANAL LOCK",Y,"A rectangular chamber of brick or stone with heavy wooden gates at either end equipped with sluices to let water in and out, thereby enabling a canal boat to be lowered or raised to a different level.",1,P,"-"
70297,"CANAL RESERVOIR",Y,"A supply of water used to keep canals that were vulnerable to water shortage topped up.",1,P,"-"
70298,"CANAL SLUICE",Y,"A channel for taking a rapidly flowing stream of water away from a canal lock, or away from the canal itself.",1,P,"-"
70299,"CANAL TUNNEL",Y,"A tunnel with a canal running through it.",1,P,"-"
70300,"CANAL WHARF",Y,"A large wooden structure built alongside the edge of a canal where narrow boats may lie for the loading and unloading of goods.",1,P,"-"
70301,"RIVER DOCK",Y,"An artificial area of open water, situated on a river, enclosed by masonry and fitted with dock gates in which ships can be repaired, loaded/unloaded or berthed.",1,P,"-"
70302,"RIVER LOCK",Y,"A section of the water channel of a river, shut off above and below by lock gates provided with sluices to let water in and out and thus raise or lower boats from one level to another. Often found situated next to a weir.",1,P,"-"
70303,"RIVER NAVIGATION",Y,"A river canalized for shipping.",1,P,"-"
70305,"RIVER WHARF",Y,"A large wooden structure built alongside the edge of a river where boats may lie for the loading and unloading of goods and passengers.",1,P,"-"
70306,"UNASSIGNED",N,"Sites, buildings, structures, features & areas of land, both natural & man-made, which cannot be assigned to a particular class (for example, railings).",1,P,"-"
70307,"Air Shaft",N,"-",1,N,"-"
70309,"ARCH",Y,"A structure over an opening usually formed of wedge-shaped blocks of brick or stone held together by mutual pressure and supported at the sides; they can also be formed from moulded concrete/ cast metal. A component; use for free-standing structure only.",1,P,"-"
70310,"BEAM SLOT",Y,"A trench dug to contain a sill beam, a horizontal timber beam used as a foundation for the wall of a building. Use wider site type where known.",1,P,"-"
70311,"COLUMN",Y,"Use for free standing column.",1,P,"-"
70313,"FLOOR",Y,"A layer of stone, brick or boards, etc, on which people tread. Use broader site type where known.",1,P,"-"
70315,"MOSAIC",Y,"A picture or pattern produced by cementing together small pieces of stone or glass of various colours. May be in the form of a floor.",1,P,"-"
70316,"PAVEMENT",Y,"A path or road for pedestrians, laid or beaten in with stones or other materials.",1,P,"-"
70318,"PILE",Y,"Component: Use wider site type where known.",1,P,"-"
70321,"WALL PAINTING",Y,"A painting executed directly onto a wall.",1,P,"-"
70322,"BOMB CRATER",Y,"A depression in the ground caused by the explosion of a mine or bombshell.",1,P,"-"
70323,"BOUNDARY",Y,"The limit to an area as defined on a map or by a marker of some form, eg. BOUNDARY WALL. Use specific type where known.",1,P,"-"
70324,"BOUNDARY BANK",Y,"An earthen bank that indicates the limit of an area or a piece of land.",1,P,"-"
70325,"BOUNDARY CAIRN",Y,"A cairn used to indicate the limit of an area or a piece of land.",1,P,"-"
70326,"BOUNDARY DITCH",Y,"A ditch that indicates the limit of an area or a piece of land.",1,P,"-"
70327,"BOUNDARY MARKER",Y,"A marker of some form used to indicate the limit of an area or a piece of land.",1,P,"-"
70328,"BOUNDARY MOUND",Y,"An earthwork used as a boundary marker.",1,P,"-"
70329,"BOUNDARY PLATE",Y,"A plate, usually of wood or metal, used to indicate the limit of an area or piece of land.",1,P,"-"
70330,"BOUNDARY POST",Y,"A stone or metal post that indicates the limit of an area or piece of land.",1,P,"-"
70331,"BOUNDARY STONE",Y,"A stone that indicates the limit of an area or piece of land.",1,P,"-"
70332,"BOUNDARY WALL",Y,"Any wall enclosing a building or complex of buildings, eg. prisons, dockyards, factories, etc, or to indicate the limit of an area or a piece of land.",1,P,""
70333,"FENCE",Y,"A construction of wood or metal used to enclose an area of land, a building, etc.",1,P,"-"
70334,"HEDGE",Y,"Usually a row of bushes or small trees planted closely together to form a boundary between pieces of land or at the sides of a road.",1,P,"-"
70335,"RAILINGS",Y,"A fence or barrier made of metal or wooden rails.",1,P,"-"
70336,"BUILDING",Y,"A structure with a roof to provide shelter from the weather for occupants or contents. Use specific type where known.",1,P,"-"
70337,"BUILDING PLATFORM",Y,"A site where a building once stood as identified by a level area of ground, often compacted or made from man-made materials. Use only where specific function is unknown, otherwise use more specific term.",1,P,"-"
70338,"OUTBUILDING",Y,"A detached subordinate building. Use specific type where known, eg. DAIRY.",1,P,"-"
70340,"BASEMENT",Y,"Component. Use wider site type where known.",1,P,"-"
70341,"CELLAR",Y,"A room or group of rooms usually below the ground level and usually under a building, often used for storing fuel, provisions or wines.",1,P,"-"
70342,"CLOISTER",Y,"A covered walk, walled on one side and usually arcaded on the other, surrounding or partly surrounding an open area in a monastery or similar complex of Christian buildings.",1,P,"-"
70343,"MUSIC ROOM",Y,"A building or room, purpose built for the teaching, rehearsing and playing of music.",1,P,"-"
70344,"UNDERCROFT",Y,"A vault or crypt under a church or chapel. Use wider site type where known.",1,P,"-"
70345,"VAULT",Y,"An underground room or building with an arched roof, often used as a burial chamber. Use wider site type where known.",1,P,"-"
70347,"CARVED STONE",Y,"A stone (including standing stones, natural boulders and rock outcrops) decorated with carved motifs.",1,P,"-"
70348,"CARVING",Y,"A carved figure or design.",1,P,"-"
70349,"CLOCK TOWER",Y,"A tower built to display a large clock.",1,P,"-"
70350,"COAL SHED",Y,"A building used to store coal.",1,P,"-"
70351,"DITCH",Y,"A long and narrow hollow or trench dug in the ground, often used to carry water though it may be dry for much of the year.",1,P,"-"
70352,"EARTHWORK",Y,"A bank or mound of earth used as a rampart or fortification.",1,P,"-"
70353,"EMBANKMENT CROSS",Y,"Earthworks of uncertain date and purpose, consisting of cross-shaped banks sometimes with an accompanying ditch. Their distribution is largely confined to North Yorkshire.",1,P,"-"
70354,"ENCLOSURE",Y,"An area of land enclosed by a boundary ditch, bank, wall, palisade or other similar barrier. Use specific type where known.",1,P,"-"
70355,"CURVILINEAR ENCLOSURE",Y,"A monument consisting of an area of land enclosed by a ditch, bank, wall, palisade or similar barrier, where the boundary follows an irregular curving course.",1,P,"-"
70356,"CIRCULAR ENCLOSURE",Y,"A circular shaped area of land enclosed by a boundary ditch, bank, wall, palisade or similar barrier.",1,P,"-"
70357,"D SHAPED ENCLOSURE",Y,"An area of land, in the shape of a D, enclosed by a boundary ditch, bank, wall, palisade or similar barrier.",1,P,"-"
70358,"OVAL ENCLOSURE",Y,"An oval shaped area of land enclosed by a boundary ditch, bank, wall, palisade or similar barrier.",1,P,"-"
70359,"SPECTACLE ENCLOSURE",Y,"A site consisting of, usually two, sub-circular enclosures linked by a linear ditch running tangentially to the enclosure boundaries. Characteristic of the later prehistoric period in the Wessex region.",1,P,"-"
70360,"SUB CIRCULAR ENCLOSURE",Y,"A monument consisting of an area enclosed by a ditch, bank, wall, palisade or similar barrier, where the barrier follows a circular course, but is not regularly laid out.",1,P,"-"
70361,"DITCHED ENCLOSURE",Y,"An area of land enclosed by one or several boundary ditches. Double index with a term to indicate the shape of the enclosure where known.",1,P,"-"
70362,"DOUBLE DITCHED ENCLOSURE",Y,"An area of land enclosed by two parallel ditches. Use with specific shaped enclosure where known.",1,P,"-"
70363,"PIT DEFINED ENCLOSURE",Y,"An enclosure where the boundary consists of a line of discrete pits, as opposed to a continuous ditch. Use with a term that describes the shape of the monument.",1,P,"-"
70364,"RECTILINEAR ENCLOSURE",Y,"A monument consisting of an area of land enclosed by a ditch, bank, wall, palisade or similar barrier, where the barrier consists of several straight or near straight sections.",1,P,"-"
70365,"POLYGONAL ENCLOSURE",Y,"An area of land, roughly shaped like a polygon and enclosed by a boundary ditch, bank, wall, palisade or similar barrier.",1,P,"-"
70366,"RECTANGULAR ENCLOSURE",Y,"A rectangular shaped area of land enclosed by a boundary ditch, bank, wall, palisade or similar barrier.",1,P,"-"
70367,"SQUARE ENCLOSURE",Y,"A square shaped area of land enclosed by a boundary ditch, bank, wall, palisade or similar barrier. Small square enclosures (with sides of less than c.20m) have been interpreted as the remains of square barrows of Iron Age date.",1,P,"-"
70368,"TRAPEZOIDAL ENCLOSURE",Y,"An area of land, roughly shaped like a trapezoid and enclosed by a boundary ditch, bank, wall, palisade or similar barrier.",1,P,"-"
70369,"FLINT SCATTER",Y,"A spatially discrete, though sometimes extensive, scatter of flint artefacts recovered from the surface, eg. by fieldwalking, rather than from a particular archaeological context.",1,P,"-"
70370,"FUEL STORE",Y,"A place where material used for burning is stored.",1,P,"-"
70371,"GATE",Y,"A movable stucture which enables or prevents entrance to be gained. Usually situated in a wall or similar barrier and supported by gate posts.",1,P,"-"
70372,"GATEHOUSE",Y,"A gateway with one or more chambers over the entrance arch; the flanking towers housing stairs and additional rooms. Use with wider site type where known.",1,P,"-"
70373,"GRAFFITI",Y,"Casual scribbles or pictographs on ancient walls, stones or other surfaces. In more recent times applied to humourous, satiric or obscene writings or drawings executed anonymously in public places.",1,P,"-"
70374,"HEARTH",Y,"The slab or place on which a fire is made.",1,P,"-"
70375,"HOIST",Y,"A mechanical lift or elevator, used to lift goods, etc.",1,P,"-"
70376,"HOLLOW",Y,"A hollow, concave formation or place, which has sometimes been dug out.",1,P,"-"
70377,"LAND RECLAMATION",Y,"An area of land which has been drained or cleared for habitation and/or cultivation.",1,P,"-"
70378,"LINEAR FEATURE",Y,"A length of straight, curved or angled earthwork or cropmark of uncertain date or function.",1,P,"-"
70379,"LINEAR SYSTEM",Y,"A complex or network of earthwork or cropmark linear ditches, banks or other features. Use specific type where known.",1,P,"-"
70380,"MACULA",Y,"Area feature visible as an earthwork or cropmark with no known function.",1,P,"-"
70381,"MARKER CAIRN",Y,"A cairn erected to mark a particular spot in the landscape. Can be used for various reasons.",1,P,"-"
70382,"MOUND",Y,"A natural or artificial elevation of earth or stones, such as the earth heaped upon a grave. Use more specific type where known.",1,P,"-"
70383,"NATURAL FEATURE",Y,"Use only for natural features mistakenly assumed to be archaeological or natural features with archaeological significance.",1,P,"-"
70384,"CAVE",Y,"A subterranean feature entered from a hillside, cliff face, etc. A cave may have been used for occupation, storage, burial, refuse, or as a hide-away. Index with site type or objects where known.",1,P,"-"
70386,"GEOLOGICAL MARKS",Y,"Soil marks and other features of natural origin, including periglacial frost wedging, solifluction deposits, abandoned water courses, etc, recorded to avoid future confusion with features of human origin.",1,P,"-"
70390,"SPRING",Y,"A point where water issues naturally from the rock or soil onto the ground or into a body of surface water.",1,P,"-"
70391,"STONE",Y,"Use only where stone is natural or where there is no indication of function.",1,P,"-"
70392,"SUBMARINE FOREST",Y,"A forest killed by rising sea-level. Nowadays only tree stumps survive.",1,P,"-"
70395,"WATERCOURSE",Y,"A channel used for or formed by the conveyance of water. Can be natural, eg. a river or artificial eg. an aqueduct. Use more specific type where known.",1,P,"-"
70396,"OVEN",Y,"A brick, stone or iron receptacle for baking bread or other food in.",1,P,"-"
70397,"PIPELINE",Y,"A conduit or pipes, used primarily for conveying petroleum from oil wells to a refinery, or for supplying water to a town or district, etc.",1,P,"-"
70398,"PIT",Y,"A hole or cavity in the ground, either natural or the result of excavation. Use more specific type where known.",1,P,"-"
70399,"PIT ALIGNMENT",Y,"A single line, or pair of roughly parallel lines, of pits set at intervals along a common axis or series of axes. The pits are not thought to have held posts.",1,P,"-"
70400,"PIT CLUSTER",Y,"A spatially discrete group of pits usually containing artefactual material with little or no accompanying evidence for structural features.",1,P,"-"
70401,"PLATFORM",Y,"Unspecified. Use specific type where known.",1,P,"-"
70402,"CIRCULAR PLATFORM",Y,"A levelled area of ground, circular in shape, used as the base on which a monument was built.Sometimes raised, a platform is often the sole surviving evidence for a monument.",1,P,"-"
70403,"POST HOLE",Y,"A hole dug to provide a firm base for an upright post, often with stone packing. Use broader monument type where known.",1,P,"-"
70404,"RAMP",Y,"An inclined plane connecting two different levels, used to accomodate the movement of vehicles, wheeled apparatus,livestock etc.",1,P,"-"
70405,"REFECTORY",Y,"A communal dining room, especially in schools, colleges and monasteries.",1,P,"-"
70406,"REVETMENT",Y,"A wall or masonry construction built for the purpose of retaining or supporting a bank of earth, wall, rampart etc.",1,P,"-"
70407,"RING DITCH",Y,"Circular or near circular ditches, usually seen as cropmarks. Use the term where the function is unknown. Ring ditches may be the remains of ploughed out round barrows, round houses, or of modern features such as searchlight emplacements.",1,P,"-"
70408,"ROCK CUT CHAMBER",Y,"A manmade chamber cut into a rockface.",1,P,"-"
70409,"SCRATCH DIAL",Y,"A set of marks found on the wall of a building, thought to be a form of sundial.",1,P,"-"
70410,"SHAFT",Y,"Use only if function unknown, otherwise use specific type.",1,P,"-"
70411,"SHELTER",Y,"A structure which protects an area of ground from the weather.",1,P,"-"
70412,"SITE",Y,"Unclassifiable site with minimal information. Specify site type wherever possible.",1,P,"-"
70413,"STABLE",Y,"A building in which horses are accommodated.",1,P,"-"
70414,"STONE BLOCK",Y,"A piece of stone, usually shaped, of uncertain origin or use.",1,P,"-"
70416,"STREET FURNITURE",N,"Structures erected on or near a public highway.",1,P,"-"
70417,"BOLLARD",Y,"A wooden, stone or iron post for securing things to or for preventing vehicular access to pedestrianized areas.",1,P,"-"
70418,"Coal Tax Post",N,"-",1,N,"-"
70419,"LAMP POST",Y,"A post, usually of iron or concrete, used to support a street lamp.",1,P,"-"
70420,"STRUCTURE",Y,"A construction of unknown function, either extant or implied by archaeological evidence. If known, use more specific type.",1,P,"-"
70421,"TERRACED GROUND",Y,"An artificially raised level of ground.",1,P,"-"
70422,"TOWER",Y,"A tall building, either round, square or polygonal in plan, used for a variety of purposes, including defence, as a landmark, for the hanging of bells, industrial functions, etc. Use more specific type where known.",1,P,"-"
70423,"TUNNEL",Y,"An underground channel with a vaulted roof. Use specific type where known.",1,P,"-"
70424,"UNDERGROUND STRUCTURE",Y,"A constructed space beneath the surface of the ground.",1,P,"-"
70425,"VILLAGE GREEN",Y,"An area of common grassland in a village used for grazing cattle, recreational purposes, etc.",1,P,"-"
70426,"WALL",Y,"An enclosing structure composed of bricks, stones or similar materials, laid in courses. Use specific type where known.",1,P,"-"
70427,"Crinkle Crankle Wall",N,"-",1,N,"-"
70428,"WOOD SHED",Y,"A building or room in which wood is stored.",1,P,"-"
70429,"YARD",Y,"A paved area, generally found at the back of a house.",1,P,"-"
70430,"COURTYARD",Y,"An uncovered area, surrounded or partially surrounded by buildings.",1,P,"-"
70432,"AQUEDUCT",Y,"An artificial water channel for carrying water over long distances. Use also for bridge-like structures that carry the channel or canal across a valley, river or other obstacle.",1,P,"-"
70433,"BATH HOUSE",Y,"A building equipped with facilities for bathing, and occasionally public baths.",1,P,"-"
70434,"CESS PIT",Y,"A pit for the reception of night-soil and refuse.",1,P,"-"
70435,"CISTERN",Y,"A covered tank in which rainwater is stored for use when required.",1,P,"-"
70436,"CONDUIT",Y,"A pipe or channel for conveying water or other liquids.",1,P,"-"
70437,"CONDUIT HEAD",Y,"A head of water raised in a conduit system.",1,P,"-"
70438,"CONDUIT HOUSE",Y,"A small building built over the end of a water conduit or spring.",1,P,"-"
70439,"CULVERT",Y,"A drainage structure that extends across and beneath roadways, canals or embankments.",1,P,"-"
70440,"DAM",Y,"A barrier of concrete or earth, etc, built across a river to create a reservoir of water for domestic and/or industrial usage.",1,P,"-"
70441,"DRAIN",Y,"An artificial channel for draining water or carrying it off.",1,P,"-"
70442,"DRAINAGE DITCH",Y,"A long, narrow ditch designed to carry water away from a waterlogged area.",1,P,"-"
70443,"DRAINAGE SYSTEM",Y,"A system of artificial or natural drains and ditches used to drain off surplus water.",1,P,"-"
70444,"Drinking Trough",N,"-",1,N,"-"
70445,"FLOOD DEFENCES",Y,"Manmade constructions used to prevent water flooding the surrounding area. Often taking the form of a bank or wall but may be more elaborate e.g. the Thames Barrier.",1,P,"-"
70446,"Hydrant",N,"-",1,N,"-"
70447,"Latrine",N,"-",1,N,"-"
70448,"LEAT",Y,"Artificial water channel, usually leading to a mill.",1,P,"-"
70449,"POND",Y,"A body of still water often artificially formed for a specific purpose. Use specifc type where known.",1,P,"-"
70450,"PUBLIC CONVENIENCE",Y,"A toilet or toilets for public use.",1,P,"-"
70451,"PUMP",Y,"A machine used to raise and move water and other liquids, compress gases, etc. Use more specific type where known.",1,P,"-"
70452,"HAND PUMP",Y,"A hand operated mechanism used to raise and move water, liquids, compressed gases etc.",1,P,"-"
70453,"WIND PUMP",Y,"A wind-powered pump for land drainage.",1,P,"-"
70454,"PUMP HOUSE",Y,"A small pumping station.",1,P,"-"
70455,"PUMP ROOM",Y,"A room or building where a pump is worked.",1,P,"-"
70456,"RAINWATER HEAD",Y,"The receptacle at the top of a rain-water pipe which gathers the water from one or more outlets or gutters on the roof.",1,P,"-"
70457,"RESERVOIR",Y,"A large natural or artificial body of water, sometimes covered, used to collect and store water for a particular function, eg. industrial or public use.",1,P,"-"
70458,"SEWAGE WORKS",Y,"A group of buildings in which local sewage is filtered and purified in large rectangular or circular tanks.",1,P,"-"
70459,"SEWER",Y,"A large drain or conduit for carrying away wastes.",1,P,"-"
70460,"SLUICE",Y,"A dam which can be raised or lowered to regulate the flow of water.",1,P,"-"
70461,"SLUICE GATE",Y,"The gate of a sluice which can be opened or shut to let out or retain the water.",1,P,"-"
70462,"WATER CHANNEL",Y,"An artificial watercourse for the conveyance of water.",1,P,"-"
70463,"WATER PIPE",Y,"A pipe through which water is conducted.",1,P,"-"
70464,"WATER TANK",Y,"A receptacle for the storage of water.",1,P,"-"
70465,"WATER TOWER",Y,"A tower serving as a reservoir to deliver water at a required point.",1,P,"-"
70466,"WATERWORKS",Y,"Buildings, engineering constructions and machinery, used for the purpose of supplying a town, etc, with water distributed through pipes.",1,P,"-"
70467,"WEIR",Y,"A dam constructed on the reaches of a canal or river designed to retain the water and to regulate its flow.",1,P,"-"
70468,"WELL HEAD",Y,"The structure at the top of a draw well.",1,P,"-"
70469,"WELL HOUSE",Y,"A building over a well housing machinery for raising the water. Often consisting of a DONKEY WHEEL or HORSE GIN.",1,P,"-"
70470,"A P Enclosure",N,"-",1,N,"-"
70471,"A P Linear Feature",N,"-",1,N,"-"
70472,"A P Linear System",N,"-",1,N,"-"
70473,"A P Macula",N,"-",1,N,"-"
70474,"A P Site",N,"-",1,N,"-"
70476,"Slaughter House",N,"-",1,N,"-"
70477,"Abbots Lodging",N,"-",1,N,"-"
70478,"Academy",N,"-",1,N,"-"
70479,"Overhead Cableway",N,"-",1,N,"-"
70480,"Aerodrome",N,"-",1,N,"-"
70481,"Agger",N,"-",1,N,"-"
70482,"Irregular Aggregate Field System",N,"-",1,N,"-"
70483,"Regular Aggregate Field System",N,"-",1,N,"-"
70484,"COMBINATION FARM BUILDING",Y,"A multi-purpose farm building.",1,P,"-"
70485,"CROW",Y,"A multipurpose hut constructed from stone and turf, covering a square or polygonal plan. It has drystone walls and a slightly corbelled roof, usually topped with slabs. Can be either free-standing or embedded in a Cornish hedge. Particular to Cornwall.",1,P,"-"
70486,"Air Mill",N,"-",1,N,"-"
70487,"Aircraft Works",N,"-",1,N,"-"
70488,"ALIEN CELL",Y,"A residence of two or three monks dependent on a foreign mother house sent to exploit a distant estate. Alien houses were officially suppressed in 1414.",1,P,"-"
70489,"Alien Grange",N,"-",1,N,"-"
70490,"ALIEN PRIORY",Y,"A priory dependent on a foreign mother house. Use with narrow terms of DOUBLE HOUSE, MONASTERY or NUNNERY.",1,P,"-"
70491,"Alien Priory Cell",N,"-",1,N,"-"
70494,"Bedehouse",N,"-",1,N,"-"
70495,"Maison Dieu",N,"-",1,N,"-"
70496,"ALUM HOUSE",Y,"A building used for the crystallization process in alum making.",1,P,"-"
70497,"Alum Mine",N,"-",1,N,"-"
70498,"ALUM QUARRY",Y,"A site where alum (hydrous sulphate or salt and alumina) is quarried.",1,P,"-"
70499,"Arena",N,"-",1,N,"-"
70503,"Anchorage (Religious)",N,"-",1,N,"-"
70506,"Animal Pound",N,"-",1,N,"-"
70511,"Annular Enclosure",N,"-",1,N,"-"
70513,"Applecrusher",N,"-",1,N,"-"
70515,"Archway",N,"-",1,N,"-"
70516,"ARCHBISHOPS PALACE",Y,"The official residence of an archbishop, eg. Lambeth Palace.",1,P,"-"
70521,"Ardmarks",N,"-",1,N,"-"
70524,"Munitions Depot",N,"-",1,N,"-"
70525,"Arrouiasian Abbey",N,"Use ABBEY with AUGUSTINIAN MONASTERY.",1,N,"-"
70526,"Arrouiasian Priory",N,"Use PRIORY with AUGUSTINIAN MONASTERY.",1,N,"-"
70528,"Rayon Factory",N,"-",1,N,"-"
70529,"Artillery Mound",N,"-",1,N,"-"
70530,"Gun Tower",N,"-",1,N,"-"
70531,"Bedlam",N,"A historic term for a psychiatric hospital or institution. Refers to the infamous 13th century institution in London, called the hospital of St Mary of Bethlehem or Bethlem Royal Hospital, known for its brutal treatment of its patients.",1,N,"-"
70532,"Lunatic Asylum",N,"A historic term for an institution caring for people with mental illness.",1,N,"-"
70533,"Madhouse",N,"A historic term for an institution caring for people with mental illness.",1,N,"-"
70534,"Mental Asylum",N,"-",1,N,"-"
70535,"Augustinian Abbey",N,"Use ABBEY with AUGUSTINIAN DOUBLE HOUSE/MONASTERY/NUNNERY.",1,N,"-"
70536,"Augustinian Alien Priory",N,"Use ALIEN PRIORY with AUGUSTINIAN DOUBLE HOUSE/MONASTERY or NUNNERY.",1,N,"-"
70537,"Augustinian Cathedral Priory",N,"Use all terms.",1,N,"-"
70538,"Augustinian Priory",N,"Use PRIORY with AUGUSTINIAN MONASTERY or AUGUSTINIAN NUNNERY.",1,N,"-"
70539,"Holy Sepulchre Priory",N,"Use both terms.",1,N,"-"
70540,"Victorine Abbey",N,"Use both terms.",1,N,"-"
70541,"Victorine Priory",N,"Use both terms.",1,N,"-"
70549,"Axe Factory",N,"-",1,N,"-"
70551,"RECREATIONAL",N,"Sites, buildings, structures, features & areas of land associated with sport, leisure & entertainment. Includes sports grounds, hunting forests, cinemas, theatres etc.",1,P,"-"
70552,"Inner Bailey",N,"-",1,N,"-"
70553,"Outer Bailey",N,"-",1,N,"-"
70554,"Gaming Pit",N,"-",1,N,"-"
70555,"Ball Clay Mine",N,"-",1,N,"-"
70556,"Bar Gate",N,"-",1,N,"-"
70557,"Burial Mound",N,"Use both terms.",1,N,"-"
70559,"Tumulus",N,"-",1,N,"-"
70560,"Barrow Field",N,"-",1,N,"-"
70561,"Barton",N,"-",1,N,"-"
70565,"Public Baths",N,"-",1,N,"-"
70566,"SALT BATHS",Y,"A building where people could bathe in salt water. Salt water was believed to have medicinal properties.",1,P,"-"
70567,"Swimming Baths",N,"-",1,N,"-"
70568,"Gun Battery",N,"-",1,N,"-"
70569,"Fire Beacon",N,"-",1,N,"-"
70572,"Beehive Hut",N,"-",1,N,"-"
70573,"Belfry",N,"-",1,N,"-"
70575,"Campanile",N,"-",1,N,"-"
70576,"Benedictine Abbey",N,"Use ABBEY and BENEDICTINE MONASTERY/NUNNERY.",1,N,"-"
70577,"Benedictine Alien Priory",N,"Use ALIEN PRIORY with BENEDICTINE MONASTERY/NUNNERY.",1,N,"-"
70578,"Benedictine Cathedral Priory",N,"Use all terms.",1,N,"-"
70579,"Benedictine Priory",N,"Use PRIORY and BENEDICTINE MONASTERY or BENEDICTINE NUNNERY.",1,N,"-"
70580,"Ecclesiastical Palace",N,"-",1,N,"-"
70581,"Episcopal Palace",N,"-",1,N,"-"
70583,"Blacksmiths Shop",N,"-",1,N,"-"
70584,"Charcoal Blast Furnace",N,"-",1,N,"-"
70585,"Bloom Hearth",N,"-",1,N,"-"
70586,"Bloomsmithy",N,"-",1,N,"-"
70587,"String Hearth",N,"-",1,N,"-"
70588,"Boiling Mound",N,"-",1,N,"-"
70591,"Bonhommes College",N,"-",1,N,"-"
70592,"Borough Stone",N,"-",1,N,"-"
70595,"BOTTLE KILN",Y,"A large, bottle-shaped,  oven of brick construction used in the baking or firing of pottery.",1,P,"-"
70596,"BOTTLE WORKS",Y,"A site where the manufacture of glass bottles takes place.",1,P,"-"
70597,"Boundary Feature",N,"-",1,N,"-"
70598,"Estate Boundary",N,"-",1,N,"-"
70599,"Linear Boundary",N,"-",1,N,"-"
70600,"Property Boundary",N,"-",1,N,"-"
70601,"BOUNDARY FENCE",Y,"A fence that indicates the limit of an area or a piece of land.",1,P,"-"
70602,"County Stone",N,"-",1,N,"-"
70603,"Estate Stone",N,"-",1,N,"-"
70604,"Hoar Stone",N,"-",1,N,"-"
70605,"Hundred Stone",N,"-",1,N,"-"
70608,"GROYNE",Y,"A structure extending into the sea for the purpose of preventing further movement of washed up sand and shingle.",1,P,"-"
70609,"Brew House Garden",N,"-",1,N,"-"
70610,"Brickearth Quarry",N,"-",1,N,"-"
70611,"BRICKFIELD",Y,"A site where clay is both extracted and fired to produce bricks.",1,P,"-"
70612,"BRICKYARD",Y,"Small scale enterprise producing bricks but not at the same site as the extraction of clay.",1,P,"-"
70613,"Bridewell",N,"-",1,N,"-"
70614,"Multi Span Bridge",N,"-",1,N,"-"
70615,"Single Span Bridge",N,"-",1,N,"-"
70616,"Bridgettine Abbey",N,"Use both terms.",1,N,"-"
70619,"Brushwood Trackway",N,"-",1,N,"-"
70620,"Buckstall",N,"-",1,N,"-"
70624,"Burial Chamber",N,"-",1,N,"-"
70625,"Burial Ground",N,"Use specific type of cemetry where known.",1,N,"-"
70626,"Trolleybus Depot",N,"-",1,N,"-"
70627,"Butter Cross",N,"-",1,N,"-"
70628,"Cowshed",N,"-",1,N,"-"
70629,"Shippon",N,"-",1,N,"-"
70630,"Cage",N,"-",1,N,"-"
70631,"CAIRN CIRCLE",Y,"A circle of spaced upright boulders emerging from a low, hemispherical, stony mound. The boulders may lean outwards due to pressure from the cairn material.",1,P,"-"
70633,"Calamine Cavern",N,"-",1,N,"-"
70634,"Calcining Furnace",N,"-",1,N,"-"
70635,"CALICO MILL",Y,"Textile mill producing calico, ie. coarse, unbleached cotton cloth.",1,P,"-"
70636,"Calico Works",N,"-",1,N,"-"
70643,"Canal Bank",N,"-",1,N,"-"
70644,"Canal Cutting",N,"-",1,N,"-"
70645,"Canal Embankment",N,"-",1,N,"-"
70647,"Canal Viaduct",N,"-",1,N,"-"
70649,"Canons House",N,"-",1,N,"-"
70650,"Motor Works",N,"-",1,N,"-"
70651,"Carriage Shelter",N,"-",1,N,"-"
70652,"Chariot Burial",N,"-",1,N,"-"
70653,"Wagon Burial",N,"-",1,N,"-"
70654,"Charterhouse Grange",N,"-",1,N,"-"
70655,"Carthusian Priory",N,"Use both terms.",1,N,"-"
70656,"Charterhouse",N,"-",1,N,"-"
70657,"Enclosure Castle",N,"-",1,N,"-"
70658,"Castle Keep",N,"-",1,N,"-"
70659,"Castle Mound",N,"-",1,N,"-"
70661,"Offertorium",N,"-",1,N,"-"
70662,"Cattle Market",N,"-",1,N,"-"
70663,"Causewayed Camp",N,"-",1,N,"-"
70664,"Interrupted Ditch Enclosure",N,"-",1,N,"-"
70665,"Cave Burial",N,"Use both terms.",1,N,"-"
70666,"Cave Settlement",N,"Use both terms.",1,N,"-"
70667,"Priory Cell",N,"-",1,N,"-"
70669,"Celtic Monastery",N,"Use DOUBLE HOUSE, MONASTERY, NUNNERY   or RELIGIOUS HOUSE.",1,N,"-"
70671,"Detached Cemetery",N,"-",1,N,"-"
70672,"Execution Cemetery",N,"-",1,N,"-"
70673,"Centuriation",N,"-",1,N,"-"
70674,"Ceramics Factory",N,"-",1,N,"-"
70675,"Chain Bridge",N,"-",1,N,"-"
70678,"Chalk Figure",N,"-",1,N,"-"
70679,"Chalk Horse",N,"-",1,N,"-"
70680,"Chambered Mound",N,"-",1,N,"-"
70681,"Cromlech",N,"-",1,N,"-"
70682,"Dolmen",N,"-",1,N,"-"
70683,"Quoit",N,"-",1,N,"-"
70684,"Chantry",N,"-",1,N,"-"
70685,"Keeill",N,"-",1,N,"-"
70686,"Non Parochial Chapel",N,"-",1,N,"-"
70687,"CHARCOAL BURNING PLATFORM",Y,"An area of flattened or compacted ground used for charcoal burning.",1,P,"-"
70690,"CHARNEL PIT",Y,"A pit used for the re-burial of disarticulated human remains from many individuals, occasionally displaying sorting of remains, eg. grouping of skulls or long bones. Distinct from mass burials which contain articulated skeletal remains.",1,P,"-"
70691,"Chase",N,"-",1,N,"-"
70693,"Chicken House",N,"-",1,N,"-"
70694,"Porcelain Factory",N,"-",1,N,"-"
70695,"Chipping Floor",N,"-",1,N,"-"
70696,"Church Tower",N,"-",1,N,"-"
70697,"Urned Cremation",N,"-",1,N,"-"
70698,"RING ENCLOSURE",Y,"A small circular enclosure defined by a turf or earthern bank.",1,P,"-"
70700,"CIRCUMVALLATION",Y,"A rampart or other defensive entrenchment.",1,P,"-"
70702,"Kist",N,"-",1,N,"-"
70703,"Kistvaen",N,"-",1,N,"-"
70704,"Cistercian Abbey",N,"Use ABBEY and CISTERCIAN MONASTERY/NUNNERY.",1,N,"-"
70705,"Cistercian Priory",N,"Use PRIORY and CISTERCIAN MONASTERY/NUNNERY.",1,N,"-"
70706,"City Cross",N,"-",1,N,"-"
70707,"City Defences",N,"-",1,N,"-"
70708,"City Hall",N,"-",1,N,"-"
70709,"Civil War Defences",N,"-",1,N,"-"
70710,"Civil War Siegework",N,"-",1,N,"-"
70711,"CLAY MILL",Y,"A factory containing machinery for processing clay for the manufacture of bricks, tiles or pottery.",1,P,"-"
70713,"Field Clearance Cairn",N,"-",1,N,"-"
70714,"Clink",N,"-",1,N,"-"
70715,"Clow",N,"-",1,N,"-"
70716,"Club Building",N,"-",1,N,"-"
70717,"Cluniac Abbey",N,"Use ABBEY and CLUNIAC MONASTERY or CLUNIAC NUNNERY.",1,N,"-"
70718,"Cluniac Priory",N,"Use PRIORY and CLUNIAC MONASTERY/NUNNERY.",1,N,"-"
70720,"COLLIERY",Y,"A place where coal is mined.",1,P,"-"
70722,"Crest",N,"-",1,N,"-"
70723,"COE",Y,"A small hut erected over a mine shaft.",1,P,"-"
70725,"Coke Furnace",N,"-",1,N,"-"
70726,"Columbary",N,"-",1,N,"-"
70728,"Commandery",N,"-",1,N,"-"
70729,"Common",N,"-",1,N,"-"
70730,"Company Hall",N,"-",1,N,"-"
70731,"Concentric Stone Circle",N,"-",1,N,"-"
70732,"Coney Garth",N,"-",1,N,"-"
70734,"Conical Mound",N,"-",1,N,"-"
70735,"Contour Reave",N,"-",1,N,"-"
70736,"Contour Fort",N,"-",1,N,"-"
70737,"Contravallation",N,"-",1,N,"-"
70738,"Convent",N,"Use NUNNERY, DOUBLE HOUSE, MONASTERY or RELIGIOUS HOUSE. Use with order if known.",1,N,"-"
70739,"Cooking Hearth",N,"-",1,N,"-"
70740,"Cooking Place",N,"Use HEARTH or OVEN as appropriate.",1,N,"-"
70741,"COPPICE",Y,"A managed small wood or thicket of underwood grown to be periodically cut to encourage new growth providing smaller timber.",1,P,"-"
70742,"Corbelled Tomb",N,"-",1,N,"-"
70743,"Corduroy Road",N,"-",1,N,"-"
70744,"Corn Drier",N,"-",1,N,"-"
70745,"Corn Oven",N,"-",1,N,"-"
70747,"Grist Mill",N,"-",1,N,"-"
70749,"Corridor Villa",N,"-",1,N,"-"
70752,"Cottage",N,"-",1,N,"-"
70754,"Telling House",N,"-",1,N,"-"
70755,"Country Hall",N,"-",1,N,"-"
70756,"Mansion",N,"-",1,N,"-"
70757,"Court Hall",N,"-",1,N,"-"
70758,"Courtyard Villa",N,"-",1,N,"-"
70759,"Lake Dwelling",N,"-",1,N,"-"
70760,"Crop Mark",N,"Use a more specific site type where known, eg. ENCLOSURE.",1,N,"-"
70761,"Cross Base",N,"-",1,N,"-"
70762,"Cross Socket",N,"-",1,N,"-"
70763,"HIGH CROSS",Y,"A churchyard or memorial cross set on a long shaft.",1,P,"-"
70764,"Lantern Cross",N,"-",1,N,"-"
70765,"Sanctuary Cross",N,"-",1,N,"-"
70766,"Sepulchral Cross",N,"-",1,N,"-"
70767,"Standing Cross",N,"-",1,N,"-"
70768,"WAYSIDE CROSS",Y,"A cross erected by the side of the road.",1,P,"-"
70769,"Wheel Cross",N,"-",1,N,"-"
70770,"Cross Ridge Dyke",N,"-",1,N,"-"
70771,"Cross Stone",N,"-",1,N,"-"
70772,"Railway Crossing Keepers Cottage",N,"-",1,N,"-"
70773,"Cruciferi",N,"-",1,N,"-"
70774,"Crutched Friars House",N,"-",1,N,"-"
70776,"Culverhouse",N,"-",1,N,"-"
70778,"Curtain Frontier Works",N,"-",1,N,"-"
70779,"Penannular Enclosure",N,"-",1,N,"-"
70783,"Danish Camp",N,"-",1,N,"-"
70784,"Dean Hole",N,"Not DENE HOLE.",1,N,"-"
70785,"Decoy",N,"-",1,N,"-"
70786,"Duck Decoy Pond",N,"-",1,N,"-"
70787,"Deerhay",N,"-",1,N,"-"
70791,"Depression",N,"-",1,N,"-"
70792,"Deserted Medieval Village",N,"-",1,N,"-"
70794,"Dike",N,"Use DYKE (DEFENCE), FLOOD DEFENCES or WATER CHANNEL as appropriate.",1,N,"-"
70798,"Still",N,"-",1,N,"-"
70800,"Dominican Priory",N,"Use both terms.",1,N,"-"
70801,"Donjon",N,"-",1,N,"-"
70802,"Donkey Mill",N,"-",1,N,"-"
70803,"Pigeon House",N,"-",1,N,"-"
70804,"Gutter",N,"-",1,N,"-"
70805,"Land Drain",N,"-",1,N,"-"
70806,"Land Drainage",N,"-",1,N,"-"
70807,"Sough",N,"-",1,N,"-"
70809,"HORSE TROUGH",Y,"A long, wooden, metal or stone vessel holding drinking water for horses.",1,P,"-"
70810,"TROUGH",Y,"A narrow, open container, usually where food or water for animals is put. Use specific type where known.",1,P,"-"
70811,"Droveway",N,"-",1,N,"-"
70812,"Greenway",N,"-",1,N,"-"
70813,"Cucking Stool",N,"-",1,N,"-"
70815,"DWELLING",N,"Places of residence.",1,P,"-"
70817,"Early Christian Memorial Stone",N,"-",1,N,"-"
70818,"Earthen Artillery Fort",N,"-",1,N,"-"
70819,"Earthen Long Barrow",N,"-",1,N,"-"
70820,"Earthenware Works",N,"-",1,N,"-"
70822,"Electricity Plant",N,"-",1,N,"-"
70823,"Electricity Works",N,"-",1,N,"-"
70824,"ELLING HEARTH",Y,"Small stone hearth set up in a shallow pit. Burns vegetation and coppiced twigs to produce potash.",1,P,"-"
70828,"Irregular Enclosed Field System",N,"-",1,N,"-"
70829,"Regular Enclosed Field System",N,"-",1,N,"-"
70831,"Enclosed Port",N,"-",1,N,"-"
70832,"Gussage Style Settlement",N,"-",1,N,"-"
70833,"HOMESTEAD",Y,"A small settlement, usually consisting of one dwelling with ancillary buildings.",1,P,"-"
70834,"Itford Hill Style Enclosure",N,"-",1,N,"-"
70835,"Martin Down Style Enclosure",N,"-",1,N,"-"
70836,"Rams Hill Style Enclosure",N,"-",1,N,"-"
70837,"Springfield Style Enclosure",N,"-",1,N,"-"
70838,"Wootton Hill Style Enclosure",N,"-",1,N,"-"
70840,"Enclosed Stone Hut Circle Settlement",N,"-",1,N,"-"
70841,"Irregular Enclosure",N,"-",1,N,"-"
70843,"Winding Engine House",N,"-",1,N,"-"
70844,"Locomotive Shed",N,"-",1,N,"-"
70845,"Railway Engine Shed",N,"-",1,N,"-"
70846,"Entrenchment",N,"-",1,N,"-"
70849,"Minepits",N,"-",1,N,"-"
70851,"FARM BUILDING",Y,"A building or structure of unknown function found on a farm. Use more specific type where known.",1,P,"-"
70853,"Field Wall",N,"Use both terms.",1,N,"-"
70854,"Trackway Field System",N,"-",1,N,"-"
70855,"Military Earthwork",N,"Military earthwork of unspecified type. Use specific site type where known.",1,N,"-"
70857,"FINGER POST",Y,"A signpost, usually placed at a juntion or crossroads, bearing a number of individual signs radiating outward from the post to indicate locations in several directions.",1,P,"-"
70860,"Rifle Range",N,"-",1,N,"-"
70862,"River Fishery",N,"-",1,N,"-"
70863,"Stews",N,"-",1,N,"-"
70864,"VIVARIUM",Y,"A small park or enclosure where animals are kept.",1,P,"-"
70866,"Flat Grave Cemetery",N,"-",1,N,"-"
70867,"Flax Retting Pit",N,"-",1,N,"-"
70868,"Flexed Burial",N,"-",1,N,"-"
70869,"Flint Knapping Site",N,"-",1,N,"-"
70870,"Knapping Site",N,"-",1,N,"-"
70871,"Flood Bank",N,"-",1,N,"-"
70872,"River Bank",N,"-",1,N,"-"
70873,"RIVER DEFENCES",Y,"Manmade constructions used to prevent rivers breaking their banks and flooding the surrounding area with water. Often taking the form of a bank or wall.",1,P,"-"
70874,"River Embankment",N,"-",1,N,"-"
70875,"River Wall",N,"-",1,N,"-"
70878,"Fougou",N,"-",1,N,"-"
70880,"Sham Castle",N,"-",1,N,"-"
70881,"Fontevraultine Priory",N,"Use both terms.",1,N,"-"
70883,"Iron Forge",N,"-",1,N,"-"
70886,"RETENTURA",Y,"The rear part of a Roman fort, where  barrack accommodation, stables and stores were situated. Use with wider site type where known.",1,P,"-"
70887,"Roman Fort",N,"Use Roman in a period field.",1,N,"-"
70889,"Fortilace",N,"-",1,N,"-"
70890,"Roman Fortlet",N,"Use Roman in a period field.",1,N,"-"
70892,"Foundation",N,"Where building foundation use specific site type where known.",1,N,"-"
70893,"Four Poster",N,"-",1,N,"-"
70894,"Franciscan Abbey",N,"Use both terms.",1,N,"-"
70895,"Friary De Ordine Martyrum",N,"-",1,N,"-"
70897,"Curtain Frontiers",N,"-",1,N,"-"
70898,"Frontier Works",N,"-",1,N,"-"
70900,"Pecking Mill",N,"-",1,N,"-"
70901,"Tucking Mill",N,"-",1,N,"-"
70902,"Walk Mill",N,"-",1,N,"-"
70905,"GAOL",Y,"An institution for the imprisonment of felons and debtors.",1,P,"-"
70906,"GARDEROBE",Y,"A small latrine or toilet, usually built into the thickness of the wall of a castle or great house, with the waste dropping into a cess pit or straight to the outside.",1,P,"-"
70907,"Garth",N,"Enclosed ground. Use either FISH GARTH or ENCLOSURE as appropriate.",1,N,"-"
70908,"GATEWAY",Y,"A substantial structure supporting or surrounding a gate. May be ornate or monumental, and have associated structures such as lodges, tollbooths, guard houses etc.",1,P,"-"
70909,"GILBERTINE NUNNERY",Y,"An abbey or priory of Gilbertine Nuns.",1,P,"-"
70910,"Gilbertine Priory",N,"Use PRIORY and GILBERTINE DOUBLE HOUSE or GILBERTINE MONASTERY.",1,N,"-"
70911,"Gin Circle",N,"Use both terms.",1,N,"-"
70913,"Gin Wheel",N,"-",1,N,"-"
70915,"GLASS CONE",Y,"A conical brick structure in which glass articles were made.",1,P,"-"
70916,"Glass Foundry",N,"-",1,N,"-"
70917,"Glass Kiln",N,"-",1,N,"-"
70918,"GLASSHOUSE",Y,"A building made chiefly of glass, used to grow plants and fruit in. Use more specific type where possible.",1,P,"-"
70919,"Goods Depot",N,"-",1,N,"-"
70920,"SILO",Y,"A building or structure for the storage of processed minerals, chemicals or agricultural products, etc. Use more specific type where known.",1,P,"-"
70921,"Grandmontine Priory",N,"Use both terms.",1,N,"-"
70922,"Monastic Grange",N,"-",1,N,"-"
70923,"Plumbago Mine",N,"-",1,N,"-"
70924,"GRAVE COVER",Y,"Includes materials such as scattered pebbles which act as a grave covering. For a single stone use GRAVE SLAB.",1,P,"-"
70925,"Graveyard",N,"-",1,N,"-"
70927,"Sunken Featured Building",N,"-",1,N,"-"
70928,"Sunken Floored Building",N,"-",1,N,"-"
70929,"Guard Post",N,"-",1,N,"-"
70931,"Pilgrims Rest House",N,"-",1,N,"-"
70932,"Guide Plate",N,"-",1,N,"-"
70934,"Guide Post",N,"-",1,N,"-"
70935,"GULLY",Y,"A deep gutter, drain or sink.",1,P,"-"
70936,"GUN WHARF",Y,"A large, level structure, usually of stone or timber, built alongside water to allow warships to moor for the loading and unloading of guns.",1,P,"-"
70937,"Gunpowder Factory",N,"-",1,N,"-"
70938,"Powder Mill",N,"-",1,N,"-"
70940,"Habitation Site",N,"-",1,N,"-"
70942,"Hall",N,"If not domestic use specific type, eg. CHURCH HALL.",1,N,"-"
70943,"HALL HOUSE",Y,"A house consisting of a public hall with private living accommodation attached. Built from the medieval period onwards.",1,P,"-"
70944,"Halt",N,"-",1,N,"-"
70951,"Hythe",N,"-",1,N,"-"
70953,"Haulage Table Incline",N,"-",1,N,"-"
70955,"Healing Well",N,"-",1,N,"-"
70957,"Mount Pleasant Enclosure",N,"-",1,N,"-"
70958,"White Horse",N,"-",1,N,"-"
70959,"Hlaew",N,"-",1,N,"-"
70960,"Hogback",N,"-",1,N,"-"
70961,"Sacred Well",N,"-",1,N,"-"
70962,"Homestead Moat",N,"-",1,N,"-"
70964,"Hop Yard",N,"-",1,N,"-"
70969,"Horse Gin",N,"-",1,N,"-"
70970,"Horse Mill",N,"-",1,N,"-"
70971,"Horse Mounting Block",N,"-",1,N,"-"
70972,"Horse Mounting Stone",N,"-",1,N,"-"
70974,"Horse Wheel House",N,"-",1,N,"-"
70975,"HOSPICE",Y,"An establishment providing care for the terminally ill.",1,P,"-"
70976,"INFIRMARY",Y,"A building used for the care of the sick. Only to be used where part of a complex, eg. a workhouse. In such cases use with appropriate monument type.",1,P,"-"
70978,"Hospitallers Priory",N,"-",1,N,"-"
70979,"Hostelry",N,"-",1,N,"-"
70980,"Domestic Dwelling",N,"-",1,N,"-"
70981,"HOUSE OF CORRECTION",Y,"An institution for the imprisonment of vagrants and misdemeanants.",1,P,"-"
70982,"Platform House",N,"-",1,N,"-"
70983,"Howe",N,"-",1,N,"-"
70985,"Skeleton",N,"-",1,N,"-"
70986,"Royal Forest",N,"-",1,N,"-"
70987,"Lead Hush",N,"-",1,N,"-"
70988,"Hut Walls",N,"-",1,N,"-"
70990,"Stone Hut Circle",N,"-",1,N,"-"
70991,"Hut Group",N,"-",1,N,"-"
70992,"Hydraulic Power Station",N,"-",1,N,"-"
70995,"Trading Estate",N,"-",1,N,"-"
70996,"Inhabited Medieval Village",N,"-",1,N,"-"
70997,"Post Inn",N,"-",1,N,"-"
70998,"HOSTEL",Y,"A building, usually containing several dormitories, used as a cheap, short term residence. Use more specific term if known.",1,P,"-"
70999,"Inscribed Slab",N,"-",1,N,"-"
71000,"Pillar Stone",N,"-",1,N,"-"
71001,"Pre Conquest Inscribed Stone",N,"-",1,N,"-"
71002,"Interment",N,"-",1,N,"-"
71003,"Iron Mine",N,"-",1,N,"-"
71005,"Iron Smelting Site",N,"-",1,N,"-"
71007,"Ironstone Quarry",N,"-",1,N,"-"
71008,"Ironworks",N,"-",1,N,"-"
71009,"Irregular Open Field System",N,"-",1,N,"-"
71011,"Jail",N,"-",1,N,"-"
71012,"Jet Mine",N,"-",1,N,"-"
71013,"Jet Quarry",N,"-",1,N,"-"
71014,"Jougs",N,"-",1,N,"-"
71015,"Kiln Debris",N,"-",1,N,"-"
71017,"Kirk",N,"-",1,N,"-"
71020,"Knocking Mill",N,"-",1,N,"-"
71021,"Knowe",N,"-",1,N,"-"
71022,"Labyrinth",N,"-",1,N,"-"
71024,"Lake Settlement",N,"-",1,N,"-"
71026,"Landing Strip",N,"-",1,N,"-"
71027,"Landscape Garden",N,"-",1,N,"-"
71028,"Large Irregular Stone Circle",N,"-",1,N,"-"
71029,"Large Multivallate Hillfort",N,"-",1,N,"-"
71030,"Large Regular Stone Circle",N,"-",1,N,"-"
71031,"Large Stone Circle",N,"-",1,N,"-"
71032,"Large Univallate Hillfort",N,"-",1,N,"-"
71033,"LATRINE PIT",Y,"A hole dug in the ground to act as a, usually temporary, communal toilet facility.",1,P,"-"
71034,"Privy",N,"-",1,N,"-"
71035,"Law Courts",N,"-",1,N,"-"
71036,"Lazar House",N,"-",1,N,"-"
71037,"Lead Condensing Flue",N,"-",1,N,"-"
71038,"Praetorium",N,"Use both terms.",1,N,"-"
71039,"Roman Fortress",N,"Use Roman in a period field.",1,N,"-"
71041,"LETTER BOX",Y,"A box in which letters are deposited on delivery.",1,P,"-"
71043,"Light Railway",N,"-",1,N,"-"
71044,"Pharos",N,"-",1,N,"-"
71046,"Linchet",N,"-",1,N,"-"
71047,"Linear Crop Mark",N,"-",1,N,"-"
71048,"Linear Ditch",N,"-",1,N,"-"
71049,"Meandering Linear Earthwork",N,"-",1,N,"-"
71050,"Linear Village",N,"-",1,N,"-"
71051,"LOBBY ENTRY HOUSE",Y,"A late 17th - early 18th century house with a central chimney and fireplaces and a central door on the front; this door opened closely against the fireplaces, leaving a small lobby for access to the rooms.",1,P,"-"
71054,"LOCK UP",Y,"A prison used for temporary detention. The typical village lock-up was a one-storeyed, one-celled building, sometimes of round or polygonal plan.",1,P,"-"
71056,"Long Stone",N,"-",1,N,"-"
71060,"Lye Kiln",N,"-",1,N,"-"
71062,"Lynchet Field System",N,"-",1,N,"-"
71063,"Negative Lynchet",N,"-",1,N,"-"
71064,"Positive Lynchet",N,"-",1,N,"-"
71066,"Major Villa",N,"-",1,N,"-"
71067,"Manorial Site",N,"-",1,N,"-"
71069,"Mizmaze",N,"-",1,N,"-"
71072,"Megalith",N,"-",1,N,"-"
71073,"Megalithic Tomb",N,"-",1,N,"-"
71074,"Memorial Brass",N,"-",1,N,"-"
71075,"Memorial Effigy",N,"-",1,N,"-"
71076,"Memorial Seat",N,"-",1,N,"-"
71077,"Memorial Stone",N,"-",1,N,"-"
71078,"Menagerie",N,"-",1,N,"-"
71079,"Menhir",N,"-",1,N,"-"
71081,"Mill Mound",N,"-",1,N,"-"
71083,"Minehouse",N,"-",1,N,"-"
71085,"Monastic Vallum",N,"Component. Use specific type of religious house where known.",1,N,"-"
71086,"Monolith",N,"-",1,N,"-"
71087,"Long Mortuary Enclosure",N,"-",1,N,"-"
71088,"Mosaic Pavement",N,"-",1,N,"-"
71089,"Motor Track",N,"-",1,N,"-"
71090,"Motte Castle",N,"-",1,N,"-"
71091,"Motte And Bailey Castle",N,"-",1,N,"-"
71092,"Toot",N,"-",1,N,"-"
71093,"Tump",N,"-",1,N,"-"
71094,"Mounting Stone",N,"-",1,N,"-"
71095,"Small Multivallate Hillfort",N,"-",1,N,"-"
71097,"Mynchery",N,"-",1,N,"-"
71099,"NON ANTIQUITY",Y,"Use to identify a feature, previously thought to be a monument but now disproved, or to avoid erroneous identification as a monument in future. Where a feature is regarded as an antiquity, but is unclassified, use SITE.",1,P,"-"
71101,"Necropolis",N,"-",1,N,"-"
71103,"Plant Nursery",N,"-",1,N,"-"
71105,"Regular Open Field System",N,"-",1,N,"-"
71106,"Strip Cultivation",N,"-",1,N,"-"
71107,"Open Pit Mining",N,"-",1,N,"-"
71108,"Open Settlement",N,"-",1,N,"-"
71109,"Palaeolithic Open Site",N,"Use specific site type, eg. KILL SITE, where known.",1,N,"-"
71112,"Opencast Lead Workings",N,"-",1,N,"-"
71116,"Orthostat",N,"-",1,N,"-"
71119,"Pale",N,"-",1,N,"-"
71121,"Parish Stone",N,"-",1,N,"-"
71122,"Parkland",N,"-",1,N,"-"
71123,"PATH",Y,"A way made for pedestrians, especially one merely made by walking (often not specially constructed).",1,P,"-"
71126,"TOW PATH",Y,"A path running by the side of a canal or navigable river for use in towing vessels.",1,P,"-"
71127,"RAISED PAVEMENT",Y,"A pavement walkway for pedestrian use, often raised above the level of a road or path.",1,P,"-"
71128,"Turbary Site",N,"-",1,N,"-"
71129,"Peat Drying Platform",N,"-",1,N,"-"
71130,"PEAT STACK",Y,"A peat stack is the result of piling cut peat on the ground surface to dry - if the peat is not collected a peat stack may remain.",1,P,"-"
71131,"Peel Tower",N,"-",1,N,"-"
71132,"PEN",Y,"A small enclosure for cattle, sheep, swine, poultry, etc. Use more specific type where known.",1,P,"-"
71134,"Plague House",N,"-",1,N,"-"
71135,"Petroglyph",N,"-",1,N,"-"
71139,"PILLAR BOX",Y,"A hollow pillar, erected in a public place, containing a receptacle for posting letters.",1,P,"-"
71140,"Pinfold",N,"-",1,N,"-"
71141,"Pipe Kiln",N,"-",1,N,"-"
71142,"Pit Dwelling",N,"Previously interpreted as dwellings, now believed to be principally storage pits.",1,N,"-"
71147,"Planned Village",N,"-",1,N,"-"
71148,"Planned Town",N,"Where plan refers to layout (eg. grid) rather than ideological concept (eg. Chartist land Colony).",1,N,"-"
71150,"Plantation Circle",N,"-",1,N,"-"
71151,"Plantation Square",N,"-",1,N,"-"
71152,"Wall Tablet",N,"-",1,N,"-"
71153,"Xylonite Works",N,"-",1,N,"-"
71154,"Silver Plating Works",N,"-",1,N,"-"
71155,"PLEASURE GARDEN",Y,"A type of 18th century public park, with refreshment houses, concert rooms, etc.",1,P,"-"
71158,"River Police Station",N,"-",1,N,"-"
71161,"Poor House",N,"-",1,N,"-"
71162,"Sally Port",N,"-",1,N,"-"
71163,"Pot Bank",N,"-",1,N,"-"
71168,"Praetentura",N,"Use both terms.",1,N,"-"
71170,"Premonstratensian Abbey",N,"Use both terms.",1,N,"-"
71171,"Premonstratensian Priory",N,"Use PRIORY and PREMONSTRATENSIAN MONASTERY/NUNNERY.",1,N,"-"
71174,"Public Lavatory",N,"-",1,N,"-"
71175,"Urinal",N,"-",1,N,"-"
71176,"Tavern",N,"-",1,N,"-"
71181,"Stone Mine",N,"-",1,N,"-"
71182,"STONE QUARRY",Y,"An excavation from which stone for building is obtained by cutting, blasting etc.",1,P,"-"
71183,"River Quay",N,"-",1,N,"-"
71184,"Warren",N,"Use most appropriate term.",1,N,"-"
71186,"Narrow Gauge Railway",N,"-",1,N,"-"
71187,"RAILWAY CUTTING",Y,"A man-made trough or valley through a hill, carrying at its base a railway.",1,P,"-"
71188,"RAILWAY EMBANKMENT",Y,"A man-made ridge to carry a railway across a declivity or area subject to flooding.",1,P,"-"
71189,"UNDERGROUND RAILWAY",Y,"A railway which runs beneath the surface of the ground, eg. the London Underground Railway.",1,P,"-"
71190,"RAILWAY CARRIAGE SHED",Y,"A building used to house railway carriages.",1,P,"-"
71191,"RAILWAY ENGINEERING WORKS",Y,"A large site specializing in the manufacture of locomotives.",1,P,"-"
71192,"Railway Level Crossing",N,"-",1,N,"-"
71193,"SIGNAL BOX",Y,"A building on a railway system housing levers used to regulate trains on the tracks using signals and to change the points to enable a train to transfer from one track to another.",1,P,"-"
71194,"Railway Terminus",N,"-",1,N,"-"
71195,"RAILWAY WORKSHOP",Y,"An ancilliary workshop used for repairs, etc.",1,P,"-"
71201,"Wooton Style Enclosure",N,"-",1,N,"-"
71202,"RED HILL",Y,"Iron Age or Roman coastal site producing salt by boiling of seawater in fired clay pans, resulting in characteristic mounds of 'BRIQUETAGE' (see Archaeological Objects Thesaurus).",1,P,"-"
71203,"Refuse Pit",N,"-",1,N,"-"
71204,"Rick",N,"-",1,N,"-"
71205,"Rig And Furrow",N,"-",1,N,"-"
71207,"River Sluice",N,"-",1,N,"-"
71208,"River Weir",N,"-",1,N,"-"
71209,"Roman Road",N,"Use Roman in a period field.",1,N,"-"
71210,"ROASTING HEARTH",Y,"A hearth for roasting metallic ore, usually non ferrous, before smelting.",1,P,"-"
71211,"Rock Cut House",N,"-",1,N,"-"
71212,"Rodway",N,"-",1,N,"-"
71213,"Roman Barrow",N,"Use Roman in a period field.",1,N,"-"
71214,"Roman Camp",N,"Use Roman in a period field.",1,N,"-"
71217,"Roman Vexillation Fortress",N,"-",1,N,"-"
71219,"Twine Works",N,"-",1,N,"-"
71220,"Round Barrow Cemetery",N,"Use both terms.",1,N,"-"
71221,"Route Marker",N,"-",1,N,"-"
71224,"Tyre Factory",N,"-",1,N,"-"
71225,"Runic Stone",N,"-",1,N,"-"
71226,"Saddle House",N,"-",1,N,"-"
71228,"Salt Evaporation Tank",N,"-",1,N,"-"
71229,"SALTERN",Y,"A site, in which salt is obtained by boiling and evaporating salt brine or seawater in large pans. Often the only surviving evidence are the mounds formed from the waste produced by the process.",1,P,"-"
71230,"Saltings",N,"-",1,N,"-"
71231,"Saltway",N,"-",1,N,"-"
71233,"Savigniac Abbey",N,"Use both terms.",1,N,"-"
71234,"Scooped Enclosure",N,"-",1,N,"-"
71237,"Slubbing Mill",N,"-",1,N,"-"
71240,"Semaphore",N,"-",1,N,"-"
71241,"SEWAGE FARM",Y,"A farm on which liquid sewage was regularly used for irrigation as a means of sewage disposal.",1,P,"-"
71243,"Sewer Vent",N,"-",1,N,"-"
71246,"Shale Workings",N,"-",1,N,"-"
71247,"Shealing",N,"-",1,N,"-"
71249,"Shell Keep Castle",N,"-",1,N,"-"
71250,"Shiel",N,"-",1,N,"-"
71255,"Shielding",N,"-",1,N,"-"
71256,"Shifted Medieval Village",N,"Use Medieval in a period field.",1,N,"-"
71257,"Shipbuilding Works",N,"-",1,N,"-"
71258,"Shooting Butt",N,"-",1,N,"-"
71259,"Street Arcade",N,"-",1,N,"-"
71260,"Shrunken Medieval Village",N,"Use Medieval in a period field.",1,N,"-"
71261,"Shrunken Settlement",N,"-",1,N,"-"
71262,"WAY MARKER",Y,"A marker of some form used to delineate a route, especially ones associated with pilgrimages.",1,P,"-"
71263,"Sisters Of St John Priory",N,"Use both terms.",1,N,"-"
71264,"Soil Mark",N,"Use specific type of site where known.",1,N,"-"
71265,"Unclassified Site",N,"-",1,N,"-"
71266,"Iron Slag Heap",N,"-",1,N,"-"
71267,"Slight Univallate Hillfort",N,"-",1,N,"-"
71269,"Small Stone Circle",N,"-",1,N,"-"
71273,"Spelter Works",N,"-",1,N,"-"
71274,"Spinning Works",N,"-",1,N,"-"
71276,"Spring Head",N,"-",1,N,"-"
71277,"Square Barrow Cemetery",N,"Use both terms.",1,N,"-"
71278,"STAMPS",Y,"Form of ore crushing machinery associated with tin mines often wooden and water-powered.",1,P,"-"
71279,"Statuary",N,"-",1,N,"-"
71280,"Whimsey",N,"-",1,N,"-"
71281,"Steel Mill",N,"-",1,N,"-"
71282,"Stone Row",N,"-",1,N,"-"
71283,"STOWE",Y,"A type of windlass for drawing up ore.",1,P,"-"
71284,"STREAM",Y,"A natural flow or current of water issuing from a source.",1,P,"-"
71287,"Tan Pit",N,"-",1,N,"-"
71288,"Tan Yard",N,"-",1,N,"-"
71291,"Terminal Reave",N,"-",1,N,"-"
71293,"TERRACED HOUSE",Y,"A house in a line of houses attached to and adjoining one another and planned and built as one unit.",1,P,"-"
71294,"Textile Factory",N,"-",1,N,"-"
71296,"THRESHING BARN",Y,"A barn usually containing a single, central threshing floor.",1,P,"-"
71297,"Tilery",N,"-",1,N,"-"
71298,"Wooden Circle",N,"-",1,N,"-"
71299,"Timber Shed",N,"-",1,N,"-"
71300,"TIN MILL",Y,"A mill used for the processing of tin ore by crazing, stamping or smelting.",1,P,"-"
71301,"Tironian Abbey",N,"Use both terms.",1,N,"-"
71302,"Tironian Priory",N,"Use both terms.",1,N,"-"
71305,"Turnpike Boundary Marker",N,"-",1,N,"-"
71306,"Turnpike Gate",N,"-",1,N,"-"
71307,"Turnpike House",N,"-",1,N,"-"
71308,"Turnpike Road",N,"-",1,N,"-"
71310,"Tower Keep Castle",N,"-",1,N,"-"
71311,"TOWN WALL",Y,"A fortified wall surrounding a town or city.",1,P,"-"
71312,"Tramshed",N,"-",1,N,"-"
71313,"TREADMILL",Y,"A structure for producing power through a rotary motion achieved by the weight of men or animals treading on a succession of moving steps or a belt that forms a kind of continuous path.",1,P,"-"
71314,"Tree Circle",N,"-",1,N,"-"
71315,"Tree Ring Enclosure",N,"-",1,N,"-"
71316,"Trinitarian Priory",N,"Use both terms.",1,N,"-"
71318,"Unenclosed Cremation Cemetery",N,"-",1,N,"-"
71319,"Unenclosed Stone Hut Circle Settlement",N,"-",1,N,"-"
71320,"Unenclosed Urnfield",N,"-",1,N,"-"
71321,"VACCARY",Y,"A monastic cattle ranch with associated buildings, paddocks and pastures.",1,P,"-"
71324,"VENTILATION SHAFT",Y,"A shaft designed to allow for the adequate circulation of air through a transport tunnel, for example.",1,P,"-"
71326,"Minor Villa",N,"-",1,N,"-"
71327,"Winged Corridor Villa",N,"-",1,N,"-"
71329,"WAGONWAY",Y,"An early form of railway for the transportation of freight by wagons on rails on a road.",1,P,"-"
71332,"Water Plant",N,"-",1,N,"-"
71333,"Watershed Reave",N,"-",1,N,"-"
71335,"WEALDEN HOUSE",Y,"A medieval house with central open hall and two storey bays, jettied at first floor level, on either side.",1,P,"-"
71337,"Winged Corridor House",N,"-",1,N,"-"
71338,"Wire Works",N,"-",1,N,"-"
71339,"Woodland Earthworks",N,"-",1,N,"-"
71344,"COMMUNICATIONS",N,"Sites, buildings, structures & features associated with the transmission & receiving of information. Includes signalling, broadcasting & telecommunications; does not include transport except where there is a specific connection with communication.",1,P,"-"
71357,"WAITING ROOM",Y,"A room used by those who have to wait at railway or bus stations, etc.",1,P,"-"
71358,"Headstone",N,"-",1,N,"-"
71359,"OFFICE",Y,"A building or room where business, administrative or professional activities are conducted. Use specific type where known.",1,P,"-"
71360,"Cattle Shed",N,"-",1,N,"-"
71361,"CATTLE SHELTER",Y,"An open sided building known to have been used for sheltering cattle.",1,P,"-"
71362,"HOVEL",Y,"A rough shelter or dwelling, sometimes used to house cattle.",1,P,"-"
71363,"TRAIN SHED",Y,"A canopy or building to cover the platforms in a railway station.",1,P,"-"
71364,"RAILWAY HOTEL",Y,"A hotel adjacent to a railway terminus. Railway hotels were often owned by a railway company.",1,P,"-"
71365,"BOOKING OFFICE",Y,"An establishment where tickets/reservations for events, journeys or entrance to a site can be purchased.",1,P,"-"
71366,"UNDERGROUND RAILWAY STATION",Y,"A stopping place on an underground railway system where passengers can board and disembark from a train.",1,P,"-"
71367,"BREWHOUSE",Y,"An outbuilding containing brewing equipment, as opposed to a large commercial BREWERY. Often found in conjunction with public houses, country houses etc.",1,P,"-"
71368,"WATERMILL",Y,"A mill whose machinery is driven by water.",1,P,"-"
71369,"SHIRE HALL",Y,"A county judicial building where the Quarter Session and the Assizes for the County were held.",1,P,"-"
71370,"Police Store",N,"-",1,N,"-"
71371,"TERRACE",Y,"A row of houses attached to and adjoining one another and planned and built as one unit.",1,P,"-"
71372,"GATE PIER",Y,"A pier of brick, masonry, etc, to which the hinges of a gate are attached.",1,P,"-"
71373,"FOOTBRIDGE",Y,"A narrow bridge for people and animals to cross on foot.",1,P,"-"
71374,"STOREHOUSE",Y,"A building in which goods or items are stored. Use more specific type where known.",1,P,"-"
71375,"SPINNING SHOP",Y,"A workshop in which textile fibres were spun into yarn by hand.",1,P,"-"
71376,"GARDEN BUILDING",Y,"Includes some structures that are not strictly buildings. Use a more specific term where possible.",1,P,"-"
71377,"GARAGE",Y,"Use only for buildings which house motor vehicles. Includes garages for vehicle repair. For petrol sales use PETROL STATION.",1,P,"-"
71378,"LOCK KEEPERS COTTAGE",Y,"The residence of a lock-keeper.",1,P,"-"
71379,"CANTEEN",Y,"A self-service dining room, especially for workers/employees; also in institutions, such as schools, hospitals, etc.",1,P,"-"
71380,"WEAVING SHED",Y,"A textile-weaving factory housing powerlooms; commonly a one-storeyed shed with wide, north-light roof carried on iron columns.",1,P,"-"
71381,"LOOMSHOP",Y,"The room housing the looms in a domestic handloom weavers cottage. In general, wool loomshops were above the living quarters, whereas cotton loomshops were often below in a cellar, since the floor was usually kept damp to aid the weaving of the cotton.",1,P,"-"
71382,"Ciderhouse",N,"-",1,N,"-"
71384,"FIELD BARN",Y,"An isolated barn, cow house or shelter shed with a hayloft. Typically found in areas where farmsteads and fields were sited at a long distance from each other.",1,P,"-"
71386,"BALUSTRADE",Y,"A row of balusters, usually made of stone, surmounted by a rail or coping.",1,P,"-"
71387,"SCULPTURE",Y,"A figurative or abstract design in the round or in relief, made by chiselling stone, carving wood, modelling clay, casting metal, or similar processes.",1,P,"-"
71389,"Monument",N,"-",1,N,"-"
71390,"TOLLBOOTH",Y,"A booth, shed or stall erected at the side of a road, canal, bridge or gate where a toll must be paid.",1,P,"-"
71391,"CURTAIN WALL",Y,"A wall between two towers or pavilions, usually surrounding a building, and often forming a major part of the defences.",1,P,"-"
71392,"GARDEN TERRACE",Y,"A flat, level area of ground within a garden. Often raised and accessed by steps.",1,P,"-"
71393,"ELEPHANT HOUSE",Y,"A building used to accommodate elephants at a zoo or wildlife park.",1,P,"-"
71394,"WEAVERS COTTAGE",Y,"A type of clothier's house, consisting of TOPSHOP and dwelling, used for hand-weaving of textiles.",1,P,"-"
71395,"Tomb Chest",N,"-",1,N,"-"
71396,"LAITHE",Y,"A building combining a cow-house with crop storage space.",1,P,"-"
71397,"Stock House",N,"-",1,N,"-"
71398,"ESTATE COTTAGE",Y,"A cottage for workers on a country house estate.",1,P,"-"
71400,"Village Kitchen",N,"Use both terms.",1,N,"-"
71401,"SPORTS CENTRE",Y,"A specially built building where facilities exist for the playing of a variety of sports.",1,P,"-"
71402,"LOGGIA",Y,"A covered arcade, often attached to a building, open on one or more sides.",1,P,"-"
71403,"Millers House",N,"-",1,N,"-"
71404,"WALLED GARDEN",Y,"A garden surrounded by a substantial wall.",1,P,"-"
71405,"POOL",Y,"A small body of water, either natural or artificial.",1,P,"-"
71406,"LAITHE HOUSE",Y,"A laithe with an attached house.",1,P,"-"
71407,"Cowhouse",N,"-",1,N,"-"
71408,"HAYLOFT",Y,"A loft over a stable or barn used for storing hay.",1,P,"-"
71409,"ICEHOUSE",Y,"A structure, partly underground, for the preservation of ice for use during warmer weather.",1,P,"-"
71410,"MILKING SHED",Y,"A building in which cows are milked.",1,P,"-"
71411,"CHAFF HOUSE",Y,"An area within a building (usually the barn or stable) for storing husks from the grain crop (chaff) for animal feed after it has been threshed and winnowed in the barn.",1,P,"-"
71412,"TACK ROOM",Y,"A room or building in which riding tackle is stored.",1,P,"-"
71413,"WATER PUMP",Y,"A point of public water supply, including conduits, fountains, wells, pumps and standpipes.",1,P,"-"
71415,"RESEARCH STATION",Y,"A building, group of buildings or installation in which scientific experiments are carried out.",1,P,"-"
71416,"SCHOOL HOUSE",Y,"A building appropriated by a school for the purpose of teaching pupils.",1,P,"-"
71417,"TEA HOUSE",Y,"A refreshment house in a public park or country house garden.",1,P,"-"
71419,"VESTRY",Y,"A room or part of a church where the vestments, vessels and records are kept.",1,P,"-"
71420,"Cross Shaft",N,"-",1,N,"-"
71421,"CROSSING KEEPERS COTTAGE",Y,"A house for the keeper of a level crossing on a railway.",1,P,"-"
71422,"SHED",Y,"A slight structure built for shelter or storage, or for use as a workshop, either attached as a lean-to to a permanent building or separate. Use more specific type where known.",1,P,"-"
71423,"ANIMAL SHED",Y,"A building in which animals are housed. For non agricultural use see ANIMAL HOUSE and narrow terms in RECREATIONAL class.",1,P,"-"
71424,"READING ROOM",Y,"A room in a library or institution providing periodicals, newspapers, etc.",1,P,"-"
71425,"WASH HOUSE",Y,"A building where clothes are washed.",1,P,"-"
71426,"Salt Shed",N,"-",1,N,"-"
71428,"LABORATORY",Y,"A group of buildings or rooms equipped with apparatus for scientific experiments or other research, testing and investigations.",1,P,"-"
71432,"INSTITUTE",Y,"A building in which a society or organization is instituted to promote science, art, literature, education, etc. Use more specific type where known.",1,P,"-"
71433,"CHRISTIAN ASSOCIATION HOSTEL",Y,"A hostel owned by a Christian association which provides cheap accommodation for young people.",1,P,"-"
71434,"PUBLIC LIBRARY",Y,"A library for use of the public.",1,P,"-"
71435,"Postern Gate",N,"-",1,N,"-"
71436,"GRAIN DRIER",Y,"A building or room within a granary used to dry grain. Often consisting of an oven with a refractory-brick drying floor above, on which the grain was placed.",1,P,"-"
71438,"Cow Shed",N,"-",1,N,"-"
71439,"HOP STORE",Y,"A place where hops are stored.",1,P,"-"
71440,"MINIATURE RAILWAY",Y,"A small-scale railway, often for the transportation of children at a place of recreation.",1,P,"-"
71441,"BUS STATION",Y,"A building and open area from which buses, usually those working local or regional services, begin or end their journeys.",1,P,"-"
71442,"SHELTER SHED",Y,"An open-sided building known to have been used for sheltering animals other than cattle.",1,P,"-"
71443,"SERVICE WING",Y,"A building or wing of a large house in which the servants would live and carry out some of their duties.",1,P,"-"
71444,"JUVENILE PRISON",Y,"A custodial institution for offenders below the legal age of responsibility.",1,P,"-"
71447,"SUNDAY SCHOOL",Y,"A school in which instruction is given on a Sunday, especially such a school for children connected with a parish or congregation.",1,P,"-"
71448,"BANK BARN",Y,"A multi-purpose, two-storey barn, built on a hillside with entrances at both levels to a first floor threshing barn and ground floor animal housing.",1,P,"-"
71451,"Parish Room",N,"-",1,N,"-"
71452,"Bakers Shop",N,"Use both terms.",1,N,"-"
71453,"HOUSING ESTATE",Y,"A residential district planned as a unit.",1,P,"-"
71454,"CHAPEL OF EASE",Y,"A church built within the bounds of a parish for the attendance of those who cannot reach the parish church conveniently.",1,P,"-"
71455,"LOCAL GOVERNMENT OFFICE",Y,"A building which houses the administrative functions of a local authority.",1,P,"-"
71457,"LINHAY",Y,"A two storied open fronted structure comprising a cattle or cart shelter on the ground floor with a hayloft above. Most common in South West England.",1,P,"-"
71458,"RAILWAY SIDING",Y,"A short piece of track lying parallel to the main railway line enabling trains and trucks to pass one another. Sidings can also be used to park trains which are not in use.",1,P,"-"
71459,"RETORT HOUSE",Y,"Central functional building of a gas works. Coal is roasted in retorts producing gas and coke.",1,P,"-"
71460,"PURIFIER",Y,"A machine used in a mill to remove bran scales and flour from grits or middlings.",1,P,"-"
71461,"Old Peoples Home",N,"-",1,N,"-"
71462,"MORTUARY CHAPEL",Y,"A place of worship at the site of a mortuary.",1,P,"-"
71463,"DEBTORS PRISON",Y,"A prison for the confinement of people who owe money.",1,P,"-"
71465,"YOUTH HOSTEL",Y,"A place where (young) holiday-makers and hikers can be put up cheaply for the night.",1,P,"-"
71467,"BARK HOUSE",Y,"A building used for storing tree bark.",1,P,"-"
71469,"FERRYKEEPERS COTTAGE",Y,"The residence of a ferrykeeper.",1,P,"-"
71470,"Mistal",N,"-",1,N,"-"
71471,"LOOSE BOX",Y,"A separate compartment for livestock in which they are free to move about.",1,P,"-"
71472,"Tidemill",N,"-",1,N,"-"
71473,"CHARITY SCHOOL",Y,"A school established by a charity.",1,P,"-"
71474,"Spa Building",N,"-",1,N,"-"
71475,"CEMETERY LODGE",Y,"A small house or cottage at the entrance to a cemetery, usually occupied by a caretaker or gardener, etc.",1,P,"-"
71476,"TENEMENT HOUSE",Y,"Originally built as a family house. Converted into flats during the 19th or 20th century.",1,P,"-"
71477,"LEGAL CHAMBERS",Y,"A room in which a judge sits to hear cases and undertake other official proceedings which are not of a sufficient importance to be brought into court.",1,P,"-"
71478,"SEASIDE PAVILION",Y,"A light, ornamental building or structure situated close to the sea.",1,P,"-"
71479,"Station House",N,"-",1,N,"-"
71480,"HUNGER HOUSE",Y,"A farm building in which cattle are housed before slaughter.",1,P,"-"
71481,"HAULAGE ENGINE HOUSE",Y,"Engine driving a continuous wire rope for the haulage of tubs in a mine and at the heapstead.",1,P,"-"
71482,"Fanhouse",N,"-",1,N,"-"
71483,"WINDER HOUSE",Y,"A building housing an engine, usually with an attendant boiler house and chimney. Used for winding from a pit.",1,P,"-"
71484,"DYE HOUSE",Y,"A building, usually one-storeyed, for dyeing cloth.",1,P,"-"
71485,"INCINERATOR",Y,"An apparatus for burning refuse to ashes.",1,P,"-"
71486,"MODEL FARM",Y,"A farm building erected in the 18th and 19th century which were architect-designed rather than built in the local vernacular style.",1,P,"-"
71488,"Implement Shed",N,"-",1,N,"-"
71489,"TENEMENT BLOCK",Y,"Use for speculatively built 19th century model dwellings, rather than those built by a philanthropic society.",1,P,"-"
71490,"TURKISH BATHS",Y,"A hot steam bath introduced from the East, in which heavy perspiration is followed by soaping, washing, massage and cooling.",1,P,"-"
71492,"PROVING HOUSE",Y,"A building used for the testing of weapons for quality, accuracy and explosive power.",1,P,"-"
71494,"KIOSK",Y,"A light, open structure for the sale of newspapers, tickets, etc.",1,P,"-"
71495,"PENGUIN POOL",Y,"A pool of water, and ancillary buildings, designed to accommodate penguins.",1,P,"-"
71496,"SEA LION POOL",Y,"A pool of water and associated ancillary buildings designed to accommodate sea lions.",1,P,"-"
71497,"WINDING GEAR",Y,"Machinery for raising and lowering men and materials to and from the surface of a mine.",1,P,"-"
71498,"RAILWAY WORKERS COTTAGE",Y,"Purpose-built housing for railway workers.",1,P,"-"
71499,"LOW HOUSE",Y,"A storehouse in 16th and 17th century houses.",1,P,"-"
71500,"WORKERS COTTAGE",Y,"Industrial worker's house which has been purpose built by an employer, as opposed to the workshop houses used by artisans.",1,P,"-"
71501,"VINEGAR BREWERY",Y,"A site where vinegar is manufactured from soured beer, wine or cider.",1,P,"-"
71503,"NURSING HOME",Y,"A residential home for older people or people with physical and/or mental disabilities who need care provided by registered nurses.",1,P,"-"
71504,"CEMETERY CHAPEL",Y,"A place of worship within the grounds of a cemetery.",1,P,"-"
71506,"MERCHANTS HOUSE",Y,"Originally, a house of higher social status in a town or port, often with a storage cellar.",1,P,"-"
71508,"FRUIT STORE",Y,"A building used for the storage of picked fruit.",1,P,"-"
71509,"COUNCIL HOUSE",Y,"A house built by a local authority.",1,P,"-"
71511,"PRIVY HOUSE",Y,"A small building housing a lavatory.",1,P,"-"
71513,"GARDEN FEATURE",Y,"Unspecified landscape feature. Use more specific type where known.",1,P,"-"
71514,"BACK TO BACK HOUSE",Y,"A house in a terrace consisting of a double row of houses sharing a common back wall, characteristic of industrial cities in the North of England.",1,P,"-"
71515,"FARM LABOURERS COTTAGE",Y,"The dwelling place of a farm worker.",1,P,"-"
71516,"WORKERS VILLAGE",Y,"A model village built in association with a factory, mill, railway, or any other industrial complex; usually built by the employer.",1,P,"-"
71517,"MEMORIAL HALL",Y,"A hall built as a memorial to a particular person or event.",1,P,"-"
71518,"CANAL WORKERS COTTAGE",Y,"The residence of a canal worker.",1,P,"-"
71519,"WHARFINGERS COTTAGE",Y,"A dwelling for the keeper of a canal wharf.",1,P,"-"
71520,"ESTATE OFFICE",Y,"An office for the administration of town or country estates.",1,P,"-"
71522,"GARDEN SEAT",Y,"A type of GARDEN HOUSE, usually in the form of an open-fronted shelter with seat.",1,P,"-"
71526,"THROUGH BY LIGHT",Y,"A 'through' BACK TO BACK HOUSE - an interlocking L-shaped plan gave each house two street frontages, thus providing better lighting/ventilation.",1,P,"-"
71527,"DISPENSARY",Y,"A building or room for the distribution of medicines, eg. in a hospital or clinic.",1,P,"-"
71528,"HAY BARN",Y,"A special type of barn, lacking a threshing floor, usually with open walls, intended for the dry and well ventilated storage of hay only.",1,P,"-"
71529,"SEMI DETACHED HOUSE",Y,"A house joined to another to form one building.",1,P,"-"
71530,"GARDEN SHED",Y,"A structure in a garden used to house gardening implements, etc.",1,P,"-"
71531,"COMMUNITY CENTRE",Y,"A place providing social, recreational, and educational facilities for a neighbourhood.",1,P,"-"
71532,"PUBLIC HALL",Y,"A purpose-built hall (usually 19th century) which was available for public hire and could be used for a variety of activities, eg. lectures, meetings, balls and concerts.",1,P,"-"
71533,"SOCIAL CLUB",Y,"A building used by a group of people who meet socially to participate in activities, usually related to a particular interest or occupation.",1,P,"-"
71534,"FLATS",Y,"A purpose-built tenement. Use specific monument type where possible.",1,P,"-"
71535,"STADIUM",Y,"A large, usually unroofed building with tiers of seats for spectators built in various shapes and enclosing a field used for sports events.",1,P,"-"
71536,"Grain Store",N,"-",1,N,"-"
71537,"Stock Shed",N,"-",1,N,"-"
71538,"BULL PEN",Y,"An enclosure for the containment of a bull.",1,P,"-"
71539,"WAGON SHED",Y,"A building or structure to house railway wagons.",1,P,"-"
71540,"HALL OF RESIDENCE",Y,"A university or college building set apart for residence or instruction of students. They can be located either on or off campus.",1,P,"-"
71541,"POLICE BOX",Y,"A metal, wooden or concrete box containing a telephone for use by the public, limited accommodation for use as a temporary cell, and a lamp on top that could be used to attract the attention of a passing patrol.",1,P,"-"
71542,"Administration Block",N,"-",1,N,"-"
71543,"PRISON GOVERNORS HOUSE",Y,"The residence of a prison governor.",1,P,"-"
71544,"Prison Chaplains House",N,"-",1,N,"-"
71545,"TRAP HOUSE",Y,"A building, similar to a cart shed, but used to house traps, gigs and coaches.",1,P,"-"
71546,"HORSE ENGINE HOUSE",Y,"A round or polygonal building containing a HORSE ENGINE. Commonly found on farms next to the threshing barn, where it is used to power the machinery.",1,P,"-"
71548,"MILKING PARLOUR",Y,"A place used for the milking of cows.",1,P,"-"
71549,"SCHOOLROOM",Y,"A room in a school devoted to the formal instruction of pupils.",1,P,"-"
71551,"Pantry",N,"-",1,N,"-"
71552,"Pigswill Boiling House",N,"-",1,N,"-"
71553,"Wagon Stable",N,"-",1,N,"-"
71554,"BANQUETING HOUSE",Y,"A hall, apartment or large room, designed or used primarily for festive or state functions.",1,P,"-"
71555,"Pit Pony Stable",N,"Use both terms.",1,N,"-"
71556,"CONDENSERY",Y,"A building for the manufacture of condensed milk.",1,P,"-"
71557,"TEAZLE SHOP",Y,"A building in which the fibres of new woollen cloth were raised by brushing with teazle heads.",1,P,"-"
71558,"BEER HOUSE",Y,"A building licensed for the sale of beer.",1,P,"-"
71559,"DOWER HOUSE",Y,"A small house, usually on the estate of a country house, forming part of a widow's dower and intended as her residence.",1,P,"-"
71561,"CELL BLOCK",Y,"A building containing a number of single roomed cells used for detaining prisoners.",1,P,"-"
71563,"SCOUT HUT",Y,"A building used for meetings and other events by Scouts Associations.",1,P,"-"
71564,"SHEPHERDS HUT",Y,"A small building used as a shelter by a shepherd.",1,P,"-"
71568,"GENTLEMENS CLUB",Y,"A building with a range of facilities for the exclusive use of its all-male membership. Rooms were often provided as offices or short term accommodation, and the club could be used for business or social gatherings.",1,P,"-"
71570,"Studio",N,"Use appropriate term.",1,N,"-"
71571,"BUNGALOW",Y,"A one-storey house.",1,P,"-"
71572,"COMMERCIAL OFFICE",Y,"The administrative office of a commercial concern.",1,P,"-"
71573,"GAUGE HOUSE",Y,"A building on a river or canal in which the water levels are controlled.",1,P,"-"
71574,"RETAINING WALL",Y,"A wall constructed for the purpose of confining or supporting a mass of earth or water.",1,P,"-"
71575,"Waterwheel",N,"-",1,N,"-"
71576,"Wardens House",N,"-",1,N,"-"
71577,"CARPET MILL",Y,"A factory where carpets are manufactured.",1,P,"-"
71579,"MANAGERS HOUSE",Y,"A purpose-built dwelling for the manager of a factory, works, textile mill, etc, often found within the complex itself.",1,P,"-"
71580,"COLLEGE OF THE VICARS CHORAL",Y,"A communal residence of secular vicars whose duties included the education of choristers attached to cathedrals and collegiate churches.",1,P,"-"
71582,"ROMAN CATHOLIC CHURCH",Y,"A place of worship for Roman Catholics.",1,P,"-"
71583,"School Chapel",N,"Use both terms.",1,N,"-"
71584,"ARTS CENTRE",Y,"A building housing a variety of facilities, such as theatres, galleries, concert halls, etc.",1,P,"-"
71585,"SUPERMARKET",Y,"A large self-service store selling foods and some household goods.",1,P,"-"
71586,"EXEDRA",Y,"An area of a garden with a semi-circular backdrop formed by an ornamental, architectural structure or a natural feature grown to the required shape eg. a hedge",1,P,"-"
71587,"SKATING RINK",Y,"A piece of ice or a floor, often within a building, used for skating.",1,P,"-"
71588,"CHAIN PROVING HOUSE",Y,"Building housing apparatus for testing chain links.",1,P,"-"
71589,"TURNING SHOP",Y,"A workshop used for completing the shape of a product or part by turning on a lathe or wheel.",1,P,"-"
71590,"MACHINE SHOP",Y,"Engineering workshop housing specialized machinery such as lathes, presses, etc., for making machines.",1,P,"-"
71591,"BOILER SHOP",Y,"Workshop for the construction and maintenance of boilers within an industrial complex.",1,P,"-"
71592,"Turntable",N,"-",1,N,"-"
71593,"STEAM PLANT",Y,"An industrial site or building where the machinery is powered by a steam engine.",1,P,"-"
71594,"PATTERN SHOP",Y,"Workshop for the manufacture of master parts from working drawings which are then used as patterns for mass manufacture.",1,P,"-"
71595,"HOOTER",Y,"A steam whistle or siren used for signalling purposes.",1,P,"-"
71596,"ERECTING SHOP",Y,"Engineering workshop used for the final assembly of vehicles or structures from parts produced elsewhere in an engineering works.",1,P,"-"
71597,"WEIGHBRIDGE",Y,"A platform scale, flush with the road, for weighing vehicles, cattle, etc.",1,P,"-"
71598,"SPORTS BUILDING",Y,"A building in which a sport is played. Use more specific type where known.",1,P,"-"
71599,"TELESCOPE DOME",Y,"A dome shaped structure, with an aperture open to the sky, used to house a telescope.",1,P,"-"
71601,"Telescope Building",N,"Use both terms.",1,N,"-"
71602,"ANGLICAN CHURCH",Y,"Any church of the Anglican Communion.",1,P,"-"
71603,"TEACHERS HOUSE",Y,"The residence of a teacher, often on the site of a school.",1,P,"-"
71605,"Field House",N,"-",1,N,"-"
71608,"RACING STABLE",Y,"A building or range of buildings used to accommodate race horses.",1,P,"-"
71609,"BEE HOUSE",Y,"A building with shelves and/or stands for skeps or wooden hives, and flight holes through the walls for bees.",1,P,"-"
71610,"BUTCHERS SHOP",Y,"A shop where meat is sold. Often includes large cold stores for the refrigeration and storage of carcasses and a butchery where the carcass is cut up prior to sale.",1,P,"-"
71611,"Castle Wall",N,"-",1,N,"-"
71612,"WATER PAVILION",Y,"A type of GARDEN HOUSE situated on an island in a garden lake or canal or, more generally, by any waterside.",1,P,"-"
71613,"MISSION HALL",Y,"A building used for meetings and worship by a religious community trying to propogate its faith in an area.",1,P,"-"
71614,"SPA HOTEL",Y,"A building offering accommodation to people who are visiting a town or locality renowned for its mineral springs.",1,P,"-"
71617,"DORMITORY",Y,"Use with wider site type where known.",1,P,"-"
71618,"OX BOW STONE",Y,"Stone for holding ox yokes.",1,P,"-"
71619,"LEATHER DRYING SHED",Y,"A covered area used for the drying of animal hides.",1,P,"-"
71620,"LACE DRYING HOUSE",Y,"A building where lace was laid out to dry.",1,P,"-"
71621,"Turf House",N,"-",1,N,"-"
71622,"MISSION CHURCH",Y,"A church established by a religious community to propogate its faith.",1,P,"-"
71623,"FIRE ENGINE HOUSE",Y,"The carriage house or garage for a fire engine - especially those built by insurance companies or industrial concerns.",1,P,"-"
71624,"MARKET STALL",Y,"A structure, often movable, used as a platform for the display of a traders goods in a market.",1,P,"-"
71625,"Rest Home",N,"Use both terms.",1,N,"-"
71626,"BOARD SCHOOL",Y,"19th century school administered by a school board.",1,P,"-"
71627,"CHURCH SCHOOL",Y,"A school run by a Christian church.",1,P,"-"
71630,"AGRICULTURAL COLLEGE",Y,"An educational establishment where agricultural theory and practice is taught.",1,P,"-"
71631,"Hay House",N,"-",1,N,"-"
71632,"CALCINING KILN",Y,"A kiln in which the prolonged heating or roasting of materials to drive off water, volatiles and sulphur so that they may be reduced to a powder, was performed.",1,P,"-"
71633,"Incline Plane",N,"-",1,N,"-"
71634,"INCLINE WINDING ENGINE",Y,"A winch powered by a small steam engine used to drag barges, boats and other vehicles up an inclined plane.",1,P,"-"
71635,"COACHING INN STABLE",Y,"A stable found at a coaching inn where horses are housed.",1,P,"-"
71636,"NEWSPAPER OFFICE",Y,"A building or set of rooms where a newspaper is compiled and produced, before being printed. May include facilities for printing.",1,P,"-"
71637,"EARLY WARNING STATION",Y,"A complex of buildings using Radar or satellite tracking to monitor and detect enemy missile launches early enough to allow a counterattack or defensive measures to be taken.",1,P,"-"
71638,"ROMAN CATHOLIC CHAPEL",Y,"A chapel where Roman Catholics worship.",1,P,"-"
71639,"THEOLOGICAL COLLEGE",Y,"An establishment dedicated to the study of theology and religious training.",1,P,"-"
71640,"CONVENT SCHOOL",Y,"A school conducted by members of a convent.",1,P,"-"
71641,"RANGERS HOUSE",Y,"The residence of a keeper of a royal park etc.",1,P,"-"
71642,"GOLF CLUB",Y,"A golf course, clubhouse and ancilliary buildings.",1,P,"-"
71643,"WOOL STOVE",Y,"A house for drying wool after fulling and dying.",1,P,"-"
71644,"SEWAGE PUMPING STATION",Y,"A building used to pump sewage from the sewers to the filter beds of a sewage works.",1,P,"-"
71645,"MEETING HALL",Y,"A place where people meet for entertainment, discussion or assembly. Use more specific type where known.",1,P,"-"
71646,"Community Hall",N,"-",1,N,"-"
71647,"METHODIST CHAPEL",Y,"A place of worship for Methodists, a movement founded by John Wesley. Following his death in 1791 there were many secessions.",1,P,"-"
71648,"Monastery Gatehouse",N,"Use both terms.",1,N,"-"
71650,"Almshouse Chapel",N,"Use both terms.",1,N,"-"
71651,"Caretakers House",N,"Use with wider site type where known.",1,N,"-"
71652,"CHILDRENS HOSPITAL",Y,"A specialist hospital for the medical and surgical treatment of children.",1,P,"-"
71653,"NURSES HOSTEL",Y,"A building where nurses live.",1,P,"-"
71654,"Hospital Chapel",N,"Use both terms.",1,N,"-"
71655,"Convent Chapel",N,"Use CHAPEL and ABBEY or PRIORY.",1,N,"-"
71656,"COVERED WAY",Y,"A path that is roofed over.",1,P,"-"
71657,"MANSION HOUSE",Y,"Traditionally the chief residence of a land owner. Now used specifically to describe the residence of the Lord Mayor of London.",1,P,"-"
71658,"GUILD CHAPEL",Y,"A place of worship for members of a guild.",1,P,"-"
71659,"CHANTRY COLLEGE",Y,"A building used for the education of, and as a residence for, chantry priests.",1,P,"-"
71660,"LECTURE THEATRE",Y,"A large room with fixed seating, designed for lectures.",1,P,"-"
71661,"SCHOOL FOR THE BLIND",Y,"A specialist school for the teaching of blind people.",1,P,"-"
71662,"Headmasters House",N,"-",1,N,"-"
71663,"TEACHER TRAINING COLLEGE",Y,"An educational institution for the training of teachers.",1,P,"-"
71664,"SCHOOL CLINIC",Y,"A place at a school where children receive medical advice, health checks and treatment.",1,P,"-"
71665,"ORDNANCE STORE",Y,"A building or site used by the armed forces for the storage and issuing of military stores and materials.",1,P,"-"
71666,"YOUTH CLUB",Y,"A place provided for leisure-time activities of young people.",1,P,"-"
71667,"CAVALRY BARRACKS",Y,"A barracks including stables and associated buildings housing a cavalry regiment.",1,P,"-"
71668,"ROCK GARDEN",Y,"A garden consisting primarily of rocks and rock plants.",1,P,"-"
71669,"Servicemens Club",N,"-",1,N,"-"
71670,"Deaf And Dumb Institute",N,"A disused term for an establishment where deaf people receive education, training and social support. First set up in Edinburgh in 1760 as the Academy for the Deaf and Dumb.",1,N,"-"
71671,"GOVERNMENT OFFICE",Y,"The offices of a Government Department responsible for the administration of the country.",1,P,"-"
71672,"Flat",N,"-",1,N,"-"
71673,"FREEMASONS HALL",Y,"A meeting place for freemasons.",1,P,"-"
71674,"JUDGES LODGINGS",Y,"Purpose-built lodgings for assize court judges. Early 19th century.",1,P,"-"
71675,"TECHNICAL COLLEGE",Y,"A college where the applied sciences and the mechanical arts are taught.",1,P,"-"
71676,"OFFICERS MESS",Y,"A building providing dining facilities and recreation for commissioned officers.",1,P,"-"
71677,"POLITICAL CLUB",Y,"A building owned by a constituency political party which provides a meeting place for local political activities and also provides entertainment facilities for its members and guests.",1,P,"-"
71678,"NURSERY",Y,"A room or a building set aside for infants and young children.",1,P,"-"
71679,"Police Headquarters",N,"-",1,N,"-"
71680,"Nurses School",N,"-",1,N,"-"
71681,"MARINE WORKSHOP",Y,"A craft or repair workshop in a boat yard, harbour or naval dockyard.",1,P,"-"
71682,"BOARDING SCHOOL",Y,"A private school offering term time accommodation for pupils being taught there.",1,P,"-"
71683,"LAMP BRACKET",Y,"An often ornate wrought-iron bracket used to hang lamps outside public houses, shops, hotels and restaurants, etc.",1,P,"-"
71684,"BRITISH LEGION HALL",Y,"A place where members of the British Legion meet.",1,P,"-"
71685,"RAILWAY OFFICE",Y,"A building or room where railway tickets may be bought and administrative duties associated with a railway are conducted.",1,P,"-"
71686,"CONSISTORY COURT",Y,"A bishop's court for ecclesiastical causes and offences, formerly having wider jurisdiction in matters of moral discipline.",1,P,"-"
71687,"ART SCHOOL",Y,"A place where the creative arts are taught to students.",1,P,"-"
71688,"CHOIR SCHOOL",Y,"A school associated with a cathedral or college originally intended to provide a general education for their choristers.",1,P,"-"
71689,"DOCTORS HOSTEL",Y,"A building, usually associated with a hospital, where doctors live. Include blocks of self-contained flats.",1,P,"-"
71690,"SHOWROOM",Y,"A room used for the display of merchandise for sale.",1,P,"-"
71691,"Waterworks Office",N,"Use both terms.",1,N,"-"
71693,"PRIVATE SCHOOL",Y,"A school that is established, run and supported by a private, non-governmental body.",1,P,"-"
71695,"LENDING LIBRARY",Y,"A library which lends books (and sometimes other materials) to its members.",1,P,"-"
71697,"COFFEE BAR",Y,"A small, usually inexpensive, restaurant with a limited menu of light meals served at counters or tables.",1,P,"-"
71698,"DEPARTMENT STORE",Y,"A large shop supplying many kinds of goods from various departments.",1,P,"-"
71699,"MECHANICS INSTITUTE",Y,"A building where artisans could learn more about their craft, and the scientific and theoretical principles behind it, by attending lectures and the use of the reading room facilities.",1,P,"-"
71700,"STARCH MILL",Y,"A mill used for the extraction and processing of starch.",1,P,"-"
71701,"FISHING LODGE",Y,"A garden building on an estate used by fishing parties.",1,P,"-"
71703,"CONFERENCE CENTRE",Y,"A purpose-built, or modified, building where organizations and associations meet for presentations and consultation.",1,P,"-"
71704,"Garden Pavilion",N,"-",1,N,"-"
71705,"LODGING HOUSE",Y,"Purpose built workers' accommodation comprising single rooms with communal eating and washing facilities. Usually for short stay accommodation only.",1,P,"-"
71706,"Castle Gate",N,"Use both terms.",1,N,"-"
71707,"Public Toilet",N,"-",1,N,"-"
71708,"WATCH HOUSE",Y,"A house or hut for a nightwatchman; including parish watch houses in churchyards and private watch houses, eg. in dockyards, factories, etc.",1,P,"-"
71709,"STEAM WHIM HOUSE",Y,"A steam driven winding engine house for raising coal to the surface.",1,P,"-"
71710,"Ale House",N,"-",1,N,"-"
71711,"Calefactory",N,"-",1,N,"-"
71712,"CANAL WAREHOUSE",Y,"A large building, situated by or near a canal, used for the temporary storage of goods or merchandise awaiting transportation to or from the canal.",1,P,"-"
71713,"RAILWAY WAREHOUSE",Y,"A large building, situated at a railway terminus, used for the temporary storage of goods or merchandise awaiting transportation to or from a railway.",1,P,"-"
71714,"Workhouse Chapel",N,"Use both terms.",1,N,"-"
71715,"DISCOTHEQUE",Y,"A club or cafe where popular music is played for dancing.",1,P,"-"
71717,"ODDFELLOWS HALL",Y,"A building used by the society, fraternity or order organized under this name with initiatory rites, mystic signs of recognition and various degrees of dignity or honour, for social or benevolent purposes.",1,P,"-"
71718,"FISHMONGERS SHOP",Y,"A shop where fish is sold.",1,P,"-"
71720,"Brotherhood House",N,"-",1,N,"-"
71721,"POLYTECHNIC",Y,"An educational institution, introduced in the 1960s. Distinguished from universities by traditionally training technicians in business, industry and commerce for an immediate local area, and offering more part-time classes, etc.",1,P,"-"
71722,"MARKET HOUSE",Y,"A market building, pre-19th century, incorporating other function rooms, eg. theatres, courtrooms, schoolrooms.",1,P,"-"
71724,"BUTTERY",Y,"A room used primarily for storing food and drink.",1,P,"-"
71726,"FISH FARM",Y,"A farm with a pond, river, lake or tanks where fish are kept and bred for commercial purposes.",1,P,"-"
71727,"Grooms Cottage",N,"-",1,N,"-"
71728,"Maltsters House",N,"-",1,N,"-"
71729,"HAIRDRESSERS SALON",Y,"An establishment where people get their hair dressed and cut.",1,P,"-"
71730,"Mental Hospital",N,"A disused term for a hospital caring for and treating patients affected with acute or chronic mental illness.",1,N,"-"
71731,"COLONNADE",Y,"A row of columns supporting an entablature.",1,P,"-"
71732,"Wine Vault",N,"-",1,N,"-"
71733,"Bookshop",N,"-",1,N,"-"
71735,"Gig House",N,"-",1,N,"-"
71737,"FUNERAL CHAPEL",Y,"A chapel within a parish church containing an altar and one or more tombs.",1,P,"-"
71738,"Motor Repair Workshop",N,"-",1,N,"-"
71739,"COTTAGE ORNEE",Y,"A rustic building of picturesque design.",1,P,"-"
71740,"JEWELLERY WORKSHOP",Y,"A workshop used for the manufacture of items of jewellery and/or timepieces from precious metals and precious or semi-precious stones.",1,P,"-"
71741,"LARDER",Y,"A store for keeping undressed meat.",1,P,"-"
71742,"PUMP ROOMS",Y,"A spa building to which water was pumped from springs or wells; usually also serving a social function as an ASSEMBLY ROOM, eg. as at Bath.",1,P,"-"
71743,"CORONERS COURT",Y,"A building where an officer of a county, district or municipality acting as a representative of the Crown holds inquests, including deaths through violence or accident and treasure trove.",1,P,"-"
71745,"DISINFECTING STATION",Y,"A building, usually part of a hospital complex, in which contaminated clothes, bedding and utensils are disinfected.",1,P,"-"
71746,"SQUASH COURT",Y,"A place where the game of squash is played.",1,P,"-"
71748,"Estate House",N,"-",1,N,"-"
71749,"Sheiling",N,"-",1,N,"-"
71750,"Clock House",N,"-",1,N,"-"
71751,"CHARTIST COLONY HOUSE",Y,"A dwelling house forming part of a Chartist Land Colony.",1,P,"-"
71752,"CHARTIST LAND COLONY",Y,"A model village established by the chartists.",1,P,"-"
71754,"SQUARE",Y,"An open space or area, usually square in plan, in a town or city, enclosed by residential and/or commercial buildings, frequently containing a garden or laid out with trees.",1,P,"-"
71755,"EATING HOUSE",Y,"A cheap restaurant.",1,P,"-"
71756,"SMITHS COTTAGE",Y,"The dwelling of a blacksmith, nailer, sword cutler, etc, often adjacent to, or containing, a BLACKSMITHS WORKSHOP.",1,P,"-"
71757,"WOOL STAPLE",Y,"A market appointed for the sale of wool.",1,P,"-"
71758,"FISH HOUSE",Y,"A building used for the storage of fish.",1,P,"-"
71760,"Charity House",N,"-",1,N,"-"
71761,"EASTERN ORTHODOX CHURCH",Y,"A place of worship for followers of the Eastern Orthodox churches. This family of churches separated from the Western church in the 11th century and recognizes the Patriarch of Constantinople.",1,P,"-"
71762,"UNIVERSITY COLLEGE",Y,"A college associated with, or forming part of, a university.",1,P,"-"
71764,"Headquarters",N,"For Commercial organisations use OFFICE. For Military use MILITARY HEADQUARTERS.",1,N,"-"
71765,"LIVERY STABLE",Y,"A stable where horses are kept at livery, or are let out for hire.",1,P,"-"
71766,"REFRESHMENT ROOMS",Y,"An area within a building open to the public where light meals and drinks can be purchased and consumed.",1,P,"-"
71767,"AISLED BARN",Y,"A barn in which a central space is separated from side aisles by posts and braces.",1,P,"-"
71768,"FODDER STORE",Y,"A building used to prepare and store dry food such as hay and straw for the feeding of cattle.",1,P,"-"
71772,"Monastic Infirmary",N,"Use both terms.",1,N,"-"
71773,"Semaphore Tower",N,"-",1,N,"-"
71774,"MEWS",Y,"Traditionally a mew was a building housing hawks when they were moulting, however since the C16th the term has been used for a series of stables grouped around an open yard or alley, often with rooms above. Use only for stables otherwise use FALCONRY.",1,P,"-"
71775,"FEED MILL",Y,"A building or site for the manufacture of livestock fodder.",1,P,"-"
71776,"GRAIN ELEVATOR",Y,"A machine used for the loading and unloading of grain to and from a warehouse",1,P,"-"
71777,"Park Lodge",N,"-",1,N,"-"
71779,"TRAINING CENTRE",Y,"A place where specific skills are taught on short courses.",1,P,"-"
71781,"SAILING CLUB",Y,"A building used as a social venue by people interested in, and involved with, the sport of sailing. Often situated by a MARINA.",1,P,"-"
71782,"ROAD VIADUCT",Y,"A bridge, usually resting on raised arches, carrying a road across low-lying land or water.",1,P,"-"
71783,"GATE TOWER",Y,"A tower, containing a gate, built into the walls of a town, castle or similar fortification.",1,P,"-"
71784,"WOOL EXCHANGE",Y,"A commercial building used primarily as a trading place for wool merchants.",1,P,"-"
71785,"ORE STORE",Y,"A storehouse for ore, often found in conjunction with a BLAST FURNACE.",1,P,"-"
71786,"Dining Hall",N,"-",1,N,"-"
71787,"CRESCENT",Y,"A row of houses whose facade in plan follows the concave arc of a circle or ellipse, eg. The Royal Crescent, Bath.",1,P,"-"
71788,"PUBLIC SCHOOL",Y,"An endowed school providing a liberal education for such as can afford it.",1,P,"-"
71789,"Mine Pumping Station",N,"-",1,N,"-"
71790,"FISH AND CHIP SHOP",Y,"A shop where fish and chips are sold.",1,P,"-"
71791,"FACULTY BUILDING",Y,"A departmental building within a college or university where a particular subject is taught and administered.",1,P,"-"
71792,"Handle House",N,"-",1,N,"-"
71793,"LEATHER FACTORY",Y,"A factory for the manufacture of leather goods, such as shoes, saddles, etc. Use TANNERY for the manufacture of leather.",1,P,"-"
71794,"PAY OFFICE",Y,"An office for the payment of wages, especially in industrial or commercial complexes.",1,P,"-"
71796,"Civic Hall",N,"-",1,N,"-"
71797,"MAGISTRATES COURT",Y,"A law court exercising summary criminal jurisdiction, preliminary hearings and some civil jurisdiction. Formally established by name following legislation of 1949.",1,P,"-"
71798,"ARMY CAMP",Y,"A site where an army or body of troops is, temporarily or permanently, lodged, with or without entrenchments and fortifications.",1,P,"-"
71799,"ARMY OFFICE",Y,"A building used for a variety of administrative purposes, usually at a military base.",1,P,"-"
71800,"Time Office",N,"-",1,N,"-"
71802,"WEIGH HOUSE",Y,"A building containing a weighing machine for weighing goods; sometimes found in markets, ports, etc.",1,P,"-"
71803,"GALLERIED ROW",Y,"A row of houses linked at first floor level by an open continuous gallery which runs through the front of the buildings. Access to the gallery was gained by flights of steps. Commonly found in the city of Chester.",1,P,"-"
71804,"Moated Garden",N,"Use both terms.",1,N,"-"
71805,"MANOR FARM",Y,"A farm on the estate of a manor.",1,P,"-"
71806,"BINGO HALL",Y,"A place where the popular gambling game of bingo is played.",1,P,"-"
71807,"CRICKET GROUND",Y,"The entire playing area and associated buildings upon which the game of cricket is played.",1,P,"-"
71808,"AUCTION HOUSE",Y,"A place where public sales of goods are made by competitive bidding.",1,P,"-"
71809,"FOOTBALL GROUND",Y,"A site including a pitch, stands and other ancillary buildings associated with the game of football.",1,P,"-"
71811,"LIGHTKEEPERS HOUSE",Y,"The residence of a lightkeeper.",1,P,"-"
71812,"CONVALESCENT HOME",Y,"An establishment where patients can rest and recover after an operation or illness.",1,P,"-"
71813,"SHOPPING CENTRE",Y,"A shopping complex, usually indoors, comprised of a number of separate retail outlets surrounding an open space. Often on more than one level.",1,P,"-"
71815,"BLACKSMITHS WORKSHOP",Y,"Place where a smith works iron. May be for small scale local use or within a larger industrial complex.",1,P,"-"
71816,"LITERARY AND SCIENTIFIC INSTITUTE",Y,"A subscription club, usually with a library and newspaper room, established from c.1815-1860, their educational function gradually taken over by the public libraries in the later 19th century.",1,P,"-"
71817,"COASTAL BATTERY",Y,"A defensive gun battery positioned to face out to sea to fire on enemy ships and amphibious craft.",1,P,"-"
71818,"WORKERS HOSTEL",Y,"A temporary hostel built for industrial or transport workers; for example, railway workers' hostels were provided for engine drivers.",1,P,"-"
71819,"SCREENING PLANT",Y,"A type of coal preparation plant for the sizing, sorting and washing of coal.",1,P,"-"
71821,"Stone Works",N,"-",1,N,"-"
71822,"POLISHING SHOP",Y,"A building in which engineered metal products are finished and polished.",1,P,"-"
71823,"ARCHITECTURAL ORNAMENT WORKSHOP",Y,"A place where architectural ornaments such as stone vases and urns are manufactured.",1,P,"-"
71824,"SAUNA",Y,"A building housing a Finnish-style steam bath.",1,P,"-"
71825,"BAPTIST CHAPEL",Y,"A place of worship for Baptists. The first Baptist church was formed by Thomas Helws in 1611 and gave rise to the General Baptist Movement.",1,P,"-"
71826,"APPRENTICE HOUSE",Y,"A lodging house for apprentices learning a trade or profession. This accommodation was often provided in lieu of wages.",1,P,"-"
71827,"DRYING KILN",Y,"A furnace or oven used for drying items or materials. Use specific type where possible.",1,P,"-"
71828,"FLAX DRESSING SHOP",Y,"A building used for the preparatory processes in which long and short staple flax fibres were separated by passing through combs. Flax dressing or 'heckling' shops may be located both on and off mill sites.",1,P,"-"
71829,"TEXTILE WAREHOUSE",Y,"A large store for textiles.",1,P,"-"
71830,"TEMPERANCE HALL",Y,"A meeting hall of the Temperance Society.",1,P,"-"
71833,"OFFICERS QUARTERS",Y,"A building where military officers are accommodated.",1,P,"-"
71834,"CONGREGATIONAL CHAPEL",Y,"A place of worship for members of the Congregational Church. These churches, the first of which was founded in 1616 in Southwark, practised self government. Most of them were merged to form the United Reformed Church in 1972.",1,P,"-"
71835,"MILITARY COLLEGE",Y,"A training college for the instruction of military trainees in the theory and practice of warfare.",1,P,"-"
71836,"FITTERS WORKSHOP",Y,"Engineering workshop intended either for final adjustments of new machinery or the fitting of replacement parts to machinery under repair.",1,P,"-"
71837,"Canal Dry Dock",N,"Use both terms.",1,N,"-"
71838,"WET DOCK",Y,"A large, watertight enclosure in which the water is maintained at the high-tide level so that vessels remain constantly afloat in them.",1,P,"-"
71857,"COUNTESS OF HUNTINGDONS CHAPEL",Y,"A place of worship for followers of the Countess of Huntingdon's Connexion, a Calvinistic Methodist sect founded in the 1740s by Selina Hastings, Countess of Huntingdon.",1,P,"-"
71858,"Independent Chapel",N,"-",1,N,"-"
71859,"BRETHREN MEETING HOUSE",Y,"A place of meeting and worship for Brethren, a fundamentalist puritan sect founded in Ireland in the late 1820s and established in England in Plymouth in the 1830s.",1,P,"-"
71860,"CHRISTIAN SCIENCE CHURCH",Y,"A place of worship for Christian Scientists, a sect founded in the mid-19th century in America who believe that God is the only reality and can bring healing to humanity.",1,P,"-"
71862,"HOMELESS HOSTEL",Y,"A place where the homeless are accommodated, permanently or temporarily.",1,P,"-"
71866,"CHURCH INSTITUTE",Y,"A building used by the church to promote Christianity through lectures, study, etc.",1,P,"-"
72460,"DAY CENTRE",Y,"A non residential building providing recreational, social and other facilities, especially for the elderly and those with special needs.",1,P,"-"
74785,"CALVINISTIC METHODIST CHAPEL",Y,"A place of worship for Calvinistic Methodists, Welsh Methodists who split from the established church in 1811.",1,P,"-"
74786,"SCOTTISH PRESBYTERIAN CHAPEL",Y,"A place of worship for members of the Church of Scotland which has been Presbyterian since 1690. It is the national Church of Scotland and is free and endowed.",1,P,"-"
74787,"STRICT BAPTIST CHAPEL",Y,"A place of worship for Strict Baptists, a sect who broke away from the Particular Baptists and kept up the practice of denying communion to non members after the union of General and Particular Baptists was formed in 1891.",1,P,"-"
74788,"Swedenborgian Church",N,"-",1,N,"-"
74791,"BOTTLING PLANT",Y,"A plant for bottling manufactured goods, as opposed to a BOTTLE WORKS where bottles were made.",1,P,"-"
74792,"Variety Theatre",N,"-",1,N,"-"
74805,"PRESBYTERIAN CHAPEL",Y,"A place of worship for Presbyterians, a movement who started off attempting to reform Anglicanism before breaking away in 1660. Sometimes referred to as moderate puritans, they joined with the Congregationalists to form the United Reformed church in 1972.",1,P,"-"
75519,"UNITARIAN CHAPEL",Y,"A place of worship for Unitarians, a movement which does not believe in the Trinity but only in the Unity of Christ. Christ was to them just an exalted human teacher.",1,P,"-"
76160,"PENTECOSTALIST CHURCH",Y,"A place of worship for followers of the Pentecost (ie. emphasising the gifts of the Holy Spirit).",1,P,"-"
76298,"FLOATING CRANE",Y,"A dockyard crane permanently mounted on a lighter.",1,P,"-"
76300,"FLOATING DOCK",Y,"A floating structure consisting of two walls standing on pontoon tanks, the latter of which can be flooded to receive a vessel and then pumped out until the pontoon deck and the ship are dry.",1,P,"-"
76302,"PRISON HULK",Y,"The hull of a dismantled ship used as a prison.",1,P,"-"
76351,"FLOATING BREAKWATER",Y,"A floating structure designed to resist the force of waves.",1,P,"-"
76352,"PONTOON BRIDGE",Y,"A floating bridge, generally temporary, whose decks are supported on low flat-bottomed or hollow floats.",1,P,"-"
76354,"PONTOON PIER",Y,"A form of floating, moveable pier designed for use in open water.",1,P,"-"
76581,"CAPSTAN HOUSE",Y,"A small building housing a mechanism used for winding a cable.",1,P,"-"
76689,"LOOKOUT",Y,"A building or site from which a lookout can be kept.",1,P,"-"
76933,"COPPER ROOM",Y,"A room containing copper or steel vessels in which hops are added to the basic beer mixture.",1,P,"-"
76937,"CALF HOUSE",Y,"A building used to house calves.",1,P,"-"
77163,"CRAFT CENTRE",Y,"A centre for the teaching of crafts.",1,P,"-"
77322,"Fodder Preparation Area",N,"-",1,N,"-"
78137,"WESLEYAN METHODIST CHAPEL",Y,"A place of worship for Wesleyan Methodists. This was the original Methodist church from which the other denominations seceded. In 1932 they joined the United Methodists and the Primitive Methodists to form the Methodist church.",1,P,"-"
78141,"HEMMEL",Y,"A small roofed shelter for cattle without tethering point or stalls, but with a small yard attached. It is often detached from the main range of farm buildings.",1,P,"-"
78143,"REFUSE DISPOSAL SITE",Y,"A site where household rubbish and other waste products can be disposed of. May take the form of a pit, rubbish tip, landfill site or incineration plant.",1,P,"-"
78148,"Open Work",N,"-",1,N,"-"
78149,"COVE",Y,"Prehistoric structure consisting of three or more standing stones in close proximity to each other, forming an unroofed approximately rectangular structure open in one direction.",1,P,"-"
78151,"Military Works Depot",N,"-",1,N,"-"
78156,"FEATURE",Y,"Areas of indeterminate function.",1,P,"-"
78157,"Cobbled Surface",N,"-",1,N,"-"
78158,"TETHERING POST",Y,"a wooden, metal or stone post used to tether a horse, or other animals.",1,P,"-"
78159,"Tethering Ring",N,"-",1,N,"-"
78160,"Rubbish Dump",N,"-",1,N,"-"
78163,"METAL WORKING SITE",Y,"A site where metal is worked. Use specific type where known.",1,P,"-"
78167,"ANIMAL HOUSE",Y,"Living quarters for animals, birds, etc, as pets or for observation, entertainment, etc.",1,P,"-"
78168,"REPTILE HOUSE",Y,"A building where reptiles are accommodated at a zoo or wildlife park.",1,P,"-"
78174,"AQUARIUM",Y,"A zoo building containing artificial ponds or tanks in which aquatic plants and animals are kept alive for purposes of observation and study.",1,P,"-"
78189,"FIELD KITCHEN",Y,"A temporary kitchen set up in the field providing food for troops. Use with MILITARY CAMP if existence of this is known.",1,P,"-"
78190,"Military Field Kitchen",N,"-",1,N,"-"
78191,"PLANTATION",Y,"A group of planted trees or shrubs, generally of uniform age and of a single species.",1,P,"-"
78192,"Pye Kiln",N,"-",1,N,"-"
78193,"RING BANK",Y,"Circular enclosure featuring an enclosing bank with no accompanying ditch. Use specific type where known.",1,P,"-"
78194,"WOOD DRYING KILN",Y,"A kiln used for the drying of wood.",1,P,"-"
78195,"Peat Tie",N,"-",1,N,"-"
78206,"CLAY MINE",Y,"A site where clay is mined from the ground.",1,P,"-"
78207,"BARYTES MINE",Y,"A site where barytes (barium sulphate) is mined. Barytes is also commonly worked from the waste tips of lead mines.",1,P,"-"
78208,"WITHERITE MINE",Y,"A mine used for the extraction of the mineral Witherite. When secondary mineral, use with term for product, eg. LEAD MINE.",1,P,"-"
78209,"FLUORSPAR MINE",Y,"When a secondary mineral, use term for product type, eg. LEAD MINE.",1,P,"-"
78210,"FLUORSPAR WORKINGS",Y,"A site where fluorspar or fluoride of calcium, often used as a flux by copper-ore smelters, is extracted from an open cast mine.",1,P,"-"
78211,"GOAL POST ENCLOSURE",Y,"A single ditched 3-sided rectilinear enclosure.",1,P,"-"
78212,"Staple Enclosure",N,"-",1,N,"-"
78213,"GYPSUM MINE",Y,"A site where gypsum and anhydrate is mined.",1,P,"-"
78214,"INTERRUPTED DITCH SYSTEM",Y,"Ditches interrupted by wide, regular causeways. Each section of ditch is about 30-40m long, and each causeway is 10-15m wide. In some cases, a network of fields has been created. Found mainly in the South East of England.",1,P,"-"
78215,"OSIER BED",Y,"A place where osiers (willows) are grown for basket-making.",1,P,"-"
78218,"ROBBER TRENCH",Y,"Use broader site type where known",1,P,"-"
78219,"UMBER WORKINGS",Y,"A place where umber or oxide of iron and manganese, is extracted from an open cast mine.",1,P,"-"
78224,"FOOTBALL PITCH",Y,"A prepared area of grass on which the game of football is played.",1,P,"-"
78226,"SHOPPING PRECINCT",Y,"A pedestrianized shopping street, or a more complex arrangement of shopping 'squares' and walkways.",1,P,"-"
78227,"AIRCRAFT OBSTRUCTION",Y,"Shallow ditches and/or poles erected across open land to obstruct the landing of enemy aircraft and gliders.",1,P,"-"
78229,"PEDESTRIAN PRECINCT",Y,"An area in a town where traffic is prohibited, often containing shops.",1,P,"-"
78231,"TRAMWAY BRIDGE",Y,"A bridge carrying a tramway.",1,P,"-"
78232,"Wood Boundary",N,"-",1,N,"-"
78238,"REGISTRARS HOUSE",Y,"A house, the inhabitant of which keeps an official register e.g. a registrar's house near a cemetery would keep an official record of deaths and burials.",1,P,"-"
78239,"Registry Office",N,"-",1,N,"-"
78240,"CAIRN ALIGNMENT",Y,"Long alignment of cairns lying between two large cairns; first recognized as a site type on Sourton Tor, Dartmoor.",1,P,"-"
78241,"MOULD LOFT",Y,"Used for the laying out and marking of the smaller parts of a ship prior to construction.",1,P,"-"
78242,"BOAT STORE",Y,"A place where boats are stored.",1,P,"-"
78243,"MAST POND",Y,"A pond with underwater arches where the poles for masts were stored to prevent them from drying and splitting.",1,P,"-"
78244,"MAST HOUSE",Y,"A building where masts are made and stored.",1,P,"-"
78258,"PAINT SHOP",Y,"Workshop for the painting of vehicles, machines, etc.",1,P,"-"
78259,"CARRIAGE WORKS",Y,"A building or works in which carriages were built. Use RAILWAY CARRIAGE WORKS for sites making railway carriages.",1,P,"-"
78268,"Holding Prison",N,"-",1,N,"-"
78269,"Gate Post",N,"-",1,N,"-"
78316,"Street",N,"-",1,N,"-"
78332,"Koepe Winding Tower",N,"-",1,N,"-"
78353,"KERB CAIRN",Y,"A cairn featuring a mound of small diameter (normally less than 6m), which is surrounded by a kerb of stones which are considerably taller than the mound.",1,P,"-"
78447,"COAL BUNKER",Y,"A structure used for the storage of coal.",1,P,"-"
78489,"Track",N,"-",1,N,"-"
78500,"GRANITE QUARRY",Y,"A site where granite is excavated.",1,P,"-"
78795,"COALITE PLANT",Y,"Production of smokeless domestic fuel by roasting anthracite in a type of kiln.",1,P,"-"
78796,"MINES RESCUE STATION",Y,"A rescue station serving a number of mines in the immediate area.",1,P,"-"
78797,"PITHEAD BATHS",Y,"A building containing the colliery showers. Also often containing first aid and mine rescue facilities.",1,P,"-"
78799,"COAL PREPARATION PLANT",Y,"A building or range of buildings used for the cleaning, crushing and loading of freshly mined coal.",1,P,"-"
78800,"COAL CRUSHER HOUSE",Y,"A structure housing machinery for crushing coal. Usually found at the pithead of a colliery or coal mine.",1,P,"-"
78809,"FISHERMENS FASTENER",Y,"An unidentified feature on the seabed recorded by fishermen as an obstruction to trawling.",1,P,"-"
78814,"COKE QUENCHING TOWER",Y,"Water spraying tower for cooling coke after it emerges from the furnace.",1,P,"-"
78852,"EXHAUSTER HOUSE",Y,"A building forming part of a colliery ventilation system exhausting stale air from shafts and headings.",1,P,"-"
78869,"LAWN",Y,"A flat, and usually level area of mown and cultivated grass, attached to a house.",1,P,"-"
78870,"ROCKERY",Y,"A pile of rough stones and soil used for the growing of ferns and other plants.",1,P,"-"
78871,"ALPINE GARDEN",Y,"A garden which consists of rocks and rock-loving plants that require little water.",1,P,"-"
78872,"ARBORETUM",Y,"A place devoted to the cultivation and exhibition of rare trees.",1,P,"-"
78874,"Zoological Garden",N,"-",1,N,"-"
78875,"BUTTERFLY GARDEN",Y,"A garden in which a variety of plants are grown to encourage butterflies.",1,P,"-"
78876,"WATER GARDEN",Y,"A garden incorporating fountains and pools in which aquatic and other water-loving plants are grown.",1,P,"-"
78877,"ANIMAL CAGE",Y,"A box or place of confinement for animals, made wholly or partly of wire, wood or bars of metal, so as to admit air and light.",1,P,"-"
78878,"Tropical House",N,"-",1,N,"-"
78879,"FLORAL CLOCK",Y,"A 20th century feature found in public parks and seaside resorts. The face of the clock is planted with low-growing flowers and plants, while the moving hands are covered with small foliage.",1,P,"-"
78882,"MEDICAL CENTRE",Y,"A building where advice, counselling and medical treatment is available.",1,P,"-"
78883,"Lamp Room",N,"-",1,N,"-"
80443,"Weighbridge House",N,"-",1,N,"-"
82740,"HEAPSTEAD",Y,"Buildings and works around a mine shaft with an artificial embankment on which the winding gear etc, is located.",1,P,"-"
82746,"DRIFT",Y,"A straight mine entrance, driven on a constant downwards slope.",1,P,"-"
82756,"POWER HOUSE",Y,"A building housing the permanent electricity generator supply for domestic use or small scale unspecified power generation on an airfield. Unlike stand by set houses, power houses had to cope with both essential and non-essential loads.",1,P,"-"
82760,"Waggon Workshop",N,"-",1,N,"-"
82775,"METHANE PLANT",Y,"A site where methane gas, released by coal mining, is collected and processed.",1,P,"-"
82817,"FLOWER GARDEN",Y,"A garden in which flower beds are the primary focal point.",1,P,"-"
82819,"HERBACEOUS BORDER",Y,"A long bed planted with perennial flowers and plants.",1,P,"-"
82820,"ROSE GARDEN",Y,"A garden, often geometrical in layout, or area for the cultivation of roses.",1,P,"-"
82821,"ISLAND",Y,"A piece of land, sometimes man-made, completely surrounded by water.",1,P,"-"
82827,"ORNAMENTAL GARDEN",Y,"A decorative garden, often landscaped, laid out with intricate flower beds and hedges, and often containing ornate sculptures, fountains and garden ornaments.",1,P,"-"
82828,"WATERFALL",Y,"A fall of water. Use for artificial waterfalls if naturalistic in form, otherwise use CASCADE.",1,P,"-"
82861,"BEACH DEFENCE",Y,"Obstacles such as scaffolding, barbed wire and concrete blocks or cylinders placed on a beach to impede the progress of enemy soldiers, vehicles or watercraft landing from the sea.",1,P,"-"
82890,"Phoenix Unit",N,"-",1,N,"-"
82893,"Tippler",N,"-",1,N,"-"
82894,"GANTRY",Y,"A framework, often made of steel,  supporting a crane or similar structure, or for supporting a platform or stage.",1,P,"-"
82939,"DOLPHIN",Y,"A cluster of piles for mooring a vessel.",1,P,"-"
82940,"FLOATING HARBOUR",Y,"A harbour constructed from floating pontoons or caissons connected end to end.",1,P,"-"
83029,"CONTROL ROOM",Y,"A room or building housing the controls to a mechanized system, eg. in a power station, airport, etc.",1,P,"-"
83161,"CHARCOAL STORE",Y,"A building, structure or site used for the storage of charcoal.",1,P,"-"
83162,"SHIFTING HOUSE",Y,"A building in a military complex (eg. naval dockyard, castle, etc.) for preparing gunpowder.",1,P,"-"
83169,"MIXING HOUSE",Y,"A building in which the ingredients of an explosive charge are weighed into their correct proportions and mixed prior to incorporation.",1,P,"-"
83196,"GLAZE AND REEL HOUSE",Y,"A building containing equipment used for the polishing of grains of gunpowder and extraction of the resulting dust.",1,P,"-"
83211,"Hall And Parlour House",N,"-",1,N,"-"
83212,"LODGINGS",Y,"Accommodation in hired rooms or a lodging house.",1,P,"-"
83243,"Tailors Workshop",N,"-",1,N,"-"
83248,"Quarters",N,"-",1,N,"-"
83249,"Lavatory",N,"-",1,N,"-"
83350,"Blade Works",N,"-",1,N,"-"
83352,"Radio Transmitter",N,"For broadcast radio programmes use BROADCASTING TRANSMITTER, for radar transmissions use TRANSMITTER SITE.",1,N,"-"
83544,"TIRONIAN GRANGE",Y,"An outlying farm or estate belonging to the Order of Tiron.",1,P,"-"
83545,"PREMONSTRATENSIAN GRANGE",Y,"An outlying farm or estate belonging to the Premonstratensian order.",1,P,"-"
83546,"CREW YARD",Y,"Open yard for keeping cattle in during winter. Used from the mid-14th century in drier, Eastern, arable counties.",1,P,"-"
83569,"RADIO STATION",Y,"A building or group of buildings containing equipment capable of transmitting and receiving radio signals. Use BROADCASTING RADIO STATION for broadcasting establishments e.g. BBC Radio stations.",1,P,"-"
83570,"Beam Station",N,"-",1,N,"-"
83572,"SHIPWRECK GRAVE",Y,"Graves known to be of shipwreck victims buried close to their site of discovery, as was customary until the 19th century, rather than in consecrated ground.",1,P,"-"
83574,"SMALLHOLDING",Y,"A holding on a smaller-scale than an ordinary farm.",1,P,"-"
83577,"BUTTER WELL",Y,"A small stone structure, usually at a spring or bog, in which dairy products were kept cool on slate shelves.",1,P,"-"
83578,"AIRSHIP STATION",Y,"A site, including hangars, moorings and ancillary buildings, used for the storage, maintenance, take off and landing of airships.",1,P,"-"
83579,"FISH TANK",Y,"A small brick structure attached to a house for keeping fish prior to cooking.",1,P,"-"
83581,"RAILWAY WAGON WORKS",Y,"Engineering works specializing in the production and maintenance of non-passenger carrying railway rolling stock.",1,P,"-"
83582,"COLOUR MILL",Y,"Grinding mill for producing dyes and pigments from natural materials.",1,P,"-"
83624,"TARGET",Y,"Any structure or object, used for the purpose of practice shooting by aerial, seaborne or land mounted weapons.",1,P,"-"
83625,"Firing Target",N,"-",1,N,"-"
83629,"Fish Sorting Tank",N,"-",1,N,"-"
83630,"Stew",N,"-",1,N,"-"
83658,"BARRAGE BALLOON SITE",Y,"A site where a single large balloon was attached by fine wire cables to the ground to form an aerial obstruction to attacking enemy aircraft.",1,P,"-"
83670,"TEMPLARS GRANGE",Y,"An outlying farm or estate belonging to the Poor Knights of Christ and the Temple of Solomon, commonly known as the Knights Templars",1,P,"-"
83692,"GILBERTINE GRANGE",Y,"An outlying farm or estate belonging to the Gilbertine order.",1,P,"-"
83974,"CAMELLIA HOUSE",Y,"A 19th century glasshouse built specifically for the fostering of camellias.",1,P,"-"
83975,"IONIC TEMPLE",Y,"An 18th century garden building, designed in the style of a classical Ionic temple, used for standing or sitting in.",1,P,"-"
83976,"DORIC TEMPLE",Y,"An 18th century garden building, designed in the form of a classical Doric temple, used for standing or sitting in.",1,P,"-"
83977,"DEER COTE",Y,"A building used for the shelter and protection of deer, especially in winter.",1,P,"-"
83978,"PARTERRE",Y,"A level space in a garden occupied by ornamental flower beds.",1,P,"-"
83979,"SUNKEN GARDEN",Y,"An often secluded garden set below the level of surrounding ground, usually surrounded with terraces.",1,P,"-"
83980,"HEATHER GARDEN",Y,"A peat-based garden where various types of heather are grown.",1,P,"-"
83981,"WOODLAND GARDEN",Y,"A garden created within woodland where imported species such as camellias, magnolias and rhododendrons are grown.",1,P,"-"
83982,"TERRACED GARDEN",Y,"A garden with one or more platforms with walks, often on different levels, usually close to the house.",1,P,"-"
83989,"Topiary",N,"-",1,N,"-"
83990,"Memorial Garden",N,"Use both terms.",1,N,"-"
84013,"WINTER GARDEN",Y,"Originally an area planted with evergreens or winter-flowering plants for winter display, they can also be large glasshouses built for public entertainment where the original purpose of displaying plants has either disappeared or been minimalised.",1,P,"-"
84014,"HEATED WALL",Y,"A wall in a flower or kitchen garden, containing conduits or pipes for heating the wall.",1,P,"-"
84015,"ARBOUR",Y,"A lattice work bower or shady retreat covered with climbing plants.",1,P,"-"
84016,"CROQUET LAWN",Y,"A closely mown lawn used for the game of croquet.",1,P,"-"
84017,"HERB GARDEN",Y,"A garden for the cultivation of herbs used for medicinal or culinary purposes.",1,P,"-"
84018,"WILD GARDEN",Y,"A garden where woodland and meadow flowers grow in an apparently natural way.",1,P,"-"
84019,"KNOT GARDEN",Y,"An intricately designed garden in which ground coves, low shrubs or coloured earths are arranged in interlacing patterns resembling knots",1,P,"-"
84110,"TOPIARY GARDEN",Y,"A garden containing trees or shrubs pruned and trained into various geometric, zoomorphic or fantastic shapes.",1,P,"-"
84111,"ALLEE",Y,"A walk bordered by trees or clipped hedges in a garden or park. Made of gravel, sand or turf, it is different from a path or avenue.",1,P,"-"
84112,"Etoile",N,"-",1,N,"-"
84229,"Flock Works",N,"-",1,N,"-"
84437,"WHOLESALE SHOP",Y,"A place where goods are sold in bulk, rather than by retail.",1,P,"-"
84558,"TESSELLATED FLOOR",Y,"Floor cover in Roman time, where small cubes (tesserea) of one or more colours were laid in a geometric pattern.",1,P,"-"
84578,"CLUSTER BLOCK",Y,"A multi-storey building in which individual blocks of flats cluster around a central service core.",1,P,"-"
84590,"MAISONETTE",Y,"A small house or a portion of a house used as a self-contained apartment.",1,P,"-"
84593,"FINISHING SHOP",Y,"A place where a product is given any finishing processes before being despatched to the user.",1,P,"-"
84595,"TRANSIT SHED",Y,"A type of warehouse, usually one-storeyed.",1,P,"-"
84597,"Toilet Block",N,"-",1,N,"-"
84599,"PETROL STATION",Y,"A place where vehicles can be filled up with petrol, oil, water, etc.",1,P,"-"
84616,"Betting Shop",N,"-",1,N,"-"
84617,"Gun Factory",N,"-",1,N,"-"
84701,"Heritage Centre",N,"-",1,N,"-"
84776,"TESTING TANK",Y,"A water-filled structure for experimental research.",1,P,"-"
84791,"MONASTIC PRECINCT",Y,"The area surrounding a monastic house including conventual buildings, outbuildings, cemetery, fishponds, etc, usually marked out by a bank and/or ditch or precinct wall.",1,P,"-"
84902,"NITRE BED",Y,"A large bed surrounded by an earthwork and filled with composing vegetable matter and animal waste. This was used to produce Nitre, a constituent of gunpowder.",1,P,"-"
85645,"TORPEDO STATION",Y,"A land based establishment armed with torpedoes and used to defend the coast from enemy shipping.",1,P,"-"
86336,"RAPID LOADING STATION",Y,"A group of buildings and machines, usually situated close to the pithead,  enabling the rapid, mechanized loading of goods wagons with coal.",1,P,"-"
86499,"ARTEFACT SCATTER",Y,"A spatially discrete scatter of mixed artefactual material found on the ground, seabed or riverbed which may have been deposited over time rather than resulting from one particular event. Index particular types where appropriate.",1,P,"-"
86501,"ROYAL PARK",Y,"Originally a large tract of wooded country, owned by the Monarchy, for the purpose of hunting. The royal parks of London, eg. Greenwich, are all open to the public and have been for centuries.",1,P,"-"
86504,"Coke Wharf",N,"-",1,N,"-"
86505,"Gas Exhauster House",N,"-",1,N,"-"
86506,"Gas Washers",N,"-",1,N,"-"
86507,"Gas Purification Plant",N,"-",1,N,"-"
86508,"Gas Booster House",N,"-",1,N,"-"
86509,"ASH HOPPER",Y,"A hopper for the storage of ash.",1,P,"-"
87125,"TAPE MILL",Y,"A mill used for the manufacture of narrow strips of woven fabric used in the closing or fixing of garments, or for binding the edges of fabric goods.",1,P,"-"
87136,"GREAT HALL",Y,"A large communal room often occupying the full height of the building, used for functions such as meetings, entertainments etc. Traditionally found in medieval buildings but also found in later buildings emulating medieval architecture.",1,P,"-"
87137,"SCREW MILL",Y,"A factory used for the manufacture of screws.",1,P,"-"
87142,"SPIGOT MORTAR EMPLACEMENT",Y,"A pit or emplacement surrounding a concrete pedestal, or 'thimble', which was used to mount a spigot mortar. Deployed by the Home Guard during WWII as an anti invasion measure.",1,P,"-"
87144,"ANIMAL CEMETERY",Y,"A burial site for animals.",1,P,"-"
87145,"OBSERVATION POST",Y,"A building or site for watching specific military activities or the movement of enemy forces, etc.",1,P,"-"
87146,"Picking Belt House",N,"-",1,N,"-"
87399,"Mud And Stud House",N,"-",1,N,"-"
87455,"CONTAINER TERMINAL",Y,"An area of a port, dock or harbour where cargo vessels can load and unload large storage containers. May include a rail terminal for containers which have been transported to the port by rail.",1,P,"-"
87456,"FERRY TERMINAL",Y,"An area of a port, dock or harbour, often including buildings for passport control and customs, where passengers and vehicles using ferry services can embark/disembark and where supplies can be taken on board.",1,P,"-"
87457,"GRAIN WAREHOUSE",Y,"A large building used for the storage of grain.",1,P,"-"
87459,"ELECTRICITY PYLON",Y,"A tall, metal structure erected as a support for electric power cables.",1,P,"-"
87460,"NAVAL COLLEGE",Y,"A shore establishment for the teaching of maritime theory and practical skills.",1,P,"-"
87466,"Gas Holder Building",N,"-",1,N,"-"
87467,"TRANSFORMER STATION",Y,"A building housing transformers to convert AC electricity supply for domestic use.",1,P,"-"
87469,"SPINNING SHED",Y,"A building associated with a spinning mill in which raw material is mechanically spun into yarn or thread.",1,P,"-"
87471,"FINISHING WORKS",Y,"A large scale works for cloth finishing processes.",1,P,"-"
87472,"Dry House",N,"-",1,N,"-"
87474,"COMBING SHED",Y,"A textile building where the process of combing, a preparatory process for long wools, takes place.",1,P,"-"
87476,"Generating Station",N,"-",1,N,"-"
87478,"COMBING WORKS",Y,"A site where the process of combing, the preparatory process for long wools, takes place.",1,P,"-"
87480,"GREASE WORKS",Y,"Recovery and removal of grease (lanolin) from raw wool.",1,P,"-"
87488,"WOOL WAREHOUSE",Y,"A large store where wool is stored.",1,P,"-"
87493,"TENTER POST",Y,"Posts with hooks attached to allow drying new cloth to be stretched out between them.",1,P,"-"
87498,"Dyehouse",N,"-",1,N,"-"
87500,"Tenter House",N,"-",1,N,"-"
87502,"WILLEY SHED",Y,"A building in which wool or cotton were beaten to clean and separate the fibres.",1,P,"-"
87504,"Works Canteen",N,"-",1,N,"-"
87509,"RAG GRINDING SHED",Y,"Shed for grinding rags, eg. for use in mungo and shoddy mills.",1,P,"-"
87511,"CLOTH DRY HOUSE",Y,"A building or structure in which processed cloth is dried.",1,P,"-"
87512,"Auction Rooms",N,"-",1,N,"-"
87520,"Shoddy Warehouse",N,"-",1,N,"-"
87522,"CALENDER MILL",Y,"Finishing process for cloth, especially linen, running the cloth between heavy rollers.",1,P,"-"
87526,"Mill Apprentice House",N,"-",1,N,"-"
87554,"FOOD PRESERVING FACTORY",Y,"A factory where food is preserved either by freezing, salting or pickling",1,P,"-"
87648,"Flax Spinning Mill",N,"-",1,N,"-"
87650,"SUBMARINE MINE DEPOT",Y,"A complex of purpose-built or adapted buildings used for the maintenance, storage, assembly and control of sea mines and minefields.",1,P,"-"
87656,"BONDED WAREHOUSE",Y,"A warehouse, usually under the charge of CUSTOM HOUSE officials, in which goods were stored before the duty had been paid. Often found in dockyards, harbours, etc.",1,P,"-"
87657,"Engine Manufactory",N,"-",1,N,"-"
87661,"Engine Works",N,"-",1,N,"-"
87662,"Gasworks",N,"-",1,N,"-"
87666,"FISH MARKET",Y,"A market where fish is sold.",1,P,"-"
87672,"RAILWAY TUNNEL PORTAL",Y,"An often stately or ornate entrance to a railway tunnel.",1,P,"-"
87676,"Sub Station",N,"-",1,N,"-"
87678,"Coal Staith",N,"Use both terms.",1,N,"-"
87679,"Sailors Home",N,"-",1,N,"-"
87684,"Graving Dock",N,"Dry dock for the repair of ships.",1,N,"-"
87686,"Roman Catholic School",N,"-",1,N,"-"
87689,"FISH PROCESSING FACTORY",Y,"A factory where fish are processed into food products.",1,P,"-"
87694,"REFRIGERATED STORE",Y,"A storehouse using mechanical means of controlling temperature rather than ice or insulation.",1,P,"-"
87695,"Entrance Lodge",N,"-",1,N,"-"
87697,"AMUSEMENT ARCADE",Y,"A place for recreation with electronic game machines and gambling machines.",1,P,"-"
87705,"LOCK GATE",Y,"A large wooden gate, positioned at either end of a canal or river lock, equipped with sluices to let water through.",1,P,"-"
87708,"Snooker Club",N,"-",1,N,"-"
87709,"Presbyterian Church",N,"-",1,N,"-"
87712,"FABRICATION SHED",Y,"Covered area for making large engineered constructions such as sections of ships or bridges.",1,P,"-"
87716,"Store",N,"-",1,N,"-"
87720,"REFUSE DISPOSAL PLANT",Y,"For the disposal of town refuse. Some 19th century plants were linked to a power station. Later ones incorporate INCINERATORS, recycling facilities, etc.",1,P,"-"
87721,"GOODS STATION",Y,"A railway station or platform built specifically for the loading and unloading of goods.",1,P,"-"
87722,"Catholic School",N,"-",1,N,"-"
87726,"Vestry Hall",N,"-",1,N,"-"
87728,"Liberal Club",N,"-",1,N,"-"
87729,"Conservative Club",N,"-",1,N,"-"
87734,"Gospel Hall",N,"-",1,N,"-"
87738,"Boys Club",N,"-",1,N,"-"
87740,"TRAMWAY STABLE",Y,"A stable associated with a horse-drawn tramway system.",1,P,"-"
87743,"CANAL OFFICE",Y,"A building or room, where business and/or administrative activities to do with the canals was conducted.",1,P,"-"
87745,"DOCK BASIN",Y,"An open area of water, usually artificial and enclosed by dock gates or locks, lined with wharves, warehouses and berths to enable vessels to load and unload.",1,P,"-"
87746,"ASSEMBLY ROOMS",Y,"A building or set of rooms, primarily of the 18th century, in which social gatherings and balls were held.",1,P,"-"
87748,"Boilermaking Works",N,"-",1,N,"-"
87761,"Mineral Water Works",N,"-",1,N,"-"
87767,"Perambulator Works",N,"-",1,N,"-"
87771,"Coal Staithe",N,"Use both terms.",1,N,"-"
87776,"ROPERY",Y,"A place where ropes are made.",1,P,"-"
87777,"Salvation Army Citadel",N,"-",1,N,"-"
87782,"TUNNEL PORTAL",Y,"The entrance to a tunnel. Use more specific type where known.",1,P,"-"
87787,"MARINE ENGINEERING WORKS",Y,"Specialized engineering workshop particularly for the production of marine engines or other large components of ships.",1,P,"-"
87796,"UNDERGROUND MILITARY HEADQUARTERS",Y,"An underground bomb-proof structure used as a command centre for military operations.",1,P,"-"
87798,"TIDAL LOCK",Y,"A double lock placed between tidal water and a canal, etc..",1,P,"-"
87799,"LANDING PIER",Y,"A pier where passsengers can embark and disembark and goods can be transferred to and from vessels.",1,P,"-"
87801,"ROVING BRIDGE",Y,"A bridge which takes the towpath across the canal.",1,P,"-"
87802,"CONTROL TOWER",Y,"A high building at an airport from which air traffic is controlled by radio.",1,P,"-"
87804,"Dock Pumping Station",N,"Use both terms.",1,N,"-"
87808,"FOOD PROCESSING PLANT",Y,"A factory or site for the manufacture of food stuffs from raw ingredients.",1,P,"-"
87810,"Factory Gate",N,"Use both terms.",1,N,"-"
87813,"EMBANKMENT",Y,"A long ridge of earth, rocks or gravel primarily constructed to carry a roadway.",1,P,"-"
87817,"WINDING ENGINE",Y,"An engine used for directly winding up coal from deep mines, first used in the 18th century.",1,P,"-"
87819,"SUBWAY",Y,"An underground passageway for cables, pipes and pedestrians to allow passage beneath an over ground obstacle.",1,P,"-"
87820,"Staith",N,"-",1,N,"-"
87823,"SWITCH HOUSE",Y,"Building housing switch gear to control electricity supply either to the National Grid, industrial or domestic premises.",1,P,"-"
87824,"Shipyard Office",N,"Use both terms.",1,N,"-"
87826,"MARSHALLING YARD",Y,"A series of parallel railway sidings on which goods wagons originating from different locations can be sorted or re-sorted into new trains before being despatched to their next destination or sorting points.",1,P,"-"
87827,"COAL CLEANING PLANT",Y,"A large building or structure where coal is washed, sized and graded before being sold.",1,P,"-"
87828,"COMMENTARY TOWER",Y,"A large structure, found at sports stadiums, from where television or radio broadcasts are made of the sporting events.",1,P,"-"
87830,"SCOREBOARD",Y,"A large board found at sporting events, erected so as to be seen by the spectators, on which the score of a game is kept.",1,P,"-"
87833,"TRAVELLING CRANE",Y,"A crane, located in an engineering workshop or similar establishment, which can be moved on rails and thus used anywhere within the workshop.",1,P,"-"
87874,"COUNCIL FLATS",Y,"A council-owned block of flats.",1,P,"-"
87916,"CRICKET PAVILION",Y,"A building adjoining a cricket pitch with facilities for players and spectators.",1,P,"-"
87917,"HATTERS WORKSHOP",Y,"A place where hats are made and sold.",1,P,"-"
87918,"JOINERS SHOP",Y,"A workshop used by a joiner; a craftsman working with wood and producing more ornate work than that of a carpenter.",1,P,"-"
87919,"COLLIERY INSTITUTE",Y,"A building where miners could improve their knowledge by attending lectures and using the reading room facilities.",1,P,"-"
87920,"MULTI STOREY STABLE",Y,"A stable, on two or more levels.",1,P,"-"
87921,"SERGEANTS MESS",Y,"A building providing accommodation, dining facilities and recreation for non commissioned officers.",1,P,"-"
87924,"LAKE",Y,"A large body of water surrounded by land.",1,P,"-"
87925,"WRESTLING RING",Y,"An area where the sport of wrestling takes place.",1,P,"-"
87926,"COAL DEPOT",Y,"A depot used for the unloading of coal.",1,P,"-"
87927,"FLAGPOLE",Y,"A freestanding staff upon which a flag is hung.",1,P,"-"
87928,"COAL DROP",Y,"A structure for transferring coal from railway coal waggons onto a ship for onward transport to market, normally at least in part using gravity, and also occasionally from railway coal waggons to road vehicles.",1,P,""
87929,"CHANGING ROOMS",Y,"A building within a complex, such as a leisure centre, school, industrial site etc, often containing toilet and washing facilities, where individuals can change their clothes. For a changing room within a larger building, see Components.",1,P,"-"
87934,"PUBLIC WASH HOUSE",Y,"A laundry built in conjunction with a PUBLIC BATHS.",1,P,"-"
87935,"Methodist Church",N,"-",1,N,"-"
87938,"MANURE SHED",Y,"A building used in the preparation of manure.",1,P,"-"
87940,"GAS HOUSE",Y,"An ancilliary building, usually to provide gas for lighting a particular building (eg. railway stations, factories, etc) as opposed to public GAS WORKS.",1,P,"-"
87941,"Congregational Church",N,"-",1,N,"-"
87942,"MIXING HOUSE BARN",Y,"A barn with steam powered threshing.",1,P,"-"
87943,"PENCIL MILL",Y,"A factory where pencils are manufactured.",1,P,"-"
87945,"COAL SCREEN",Y,"Series of wire mesh screens used for grading lumps of coal according to size.",1,P,"-"
87955,"PHEASANTRY",Y,"A place where pheasants are reared and kept.",1,P,"-"
87956,"BUTTER FACTORY",Y,"A group of buildings containing machinery for the production in bulk of butter or related dairy products.",1,P,"-"
87957,"VALVE TOWER",Y,"An iron, stone or concrete tower built up from the bed of a reservoir. From it the control valves of the pipes which draw off water at different levels are operated.",1,P,"-"
87958,"FILTER BED",Y,"A tank or pond containing a layer of sand etc, for filtering large quantities of liquid.",1,P,"-"
87959,"SEPTIC TANK",Y,"A watertight reservoir or tank that receives sewage, and by sedimentation and bacterial action effects a process of partial purification.",1,P,"-"
88198,"OIL FUEL BERTH",Y,"A purpose built quay for supplying ships with fuel.",1,P,"-"
88199,"PILOT OFFICE",Y,"An office used by a qualified pilot, expert in ship-handling and with local knowledge, who assists the captain or master to take a vessel in or out of a harbour or through narrow waters.",1,P,"-"
88200,"RAILWAY ENGINEERING WORKSHOP",Y,"An engineering workshop, often attached to an engine shed, for the running repairs of operational parts, etc.",1,P,"-"
88213,"SEAMENS MISSION",Y,"A building, usually associated with a port or dock, where seamen could get a meal and a cheap room. Often established by religious groups for the moral betterment of seamen.",1,P,"-"
88215,"BASTION OUTWORK",Y,"Earthworks and buildings added around a bastion to enhance protection of the bastion.",1,P,"-"
88453,"ELECTRICAL ENGINEERING WORKS",Y,"A factory or plant used for the manufacture of electrical machinery or components.",1,P,"-"
88482,"POTTING SHED",Y,"A shed in which delicate plants are reared from seedlings for planting out later.",1,P,"-"
88491,"RAILWAY CARRIAGE",Y,"Use for stationary railway carriage being used for a purpose it wasn't originally intended for - office, shelter, etc.",1,P,"-"
88556,"TRAINING COLLEGE",Y,"A college where specialist skills, relating to a particular subject, are taught. Use specific type where known.",1,P,"-"
88698,"TELECOMMUNICATION STRUCTURE",N,"Structures associated with telecommunications.",1,P,"-"
88699,"BUOY",Y,"A floating, fixed marker used to indicate to a navigator a sea area to approach or avoid.",1,P,"-"
90115,"COTTAGE HOME",Y,"Accommodation used as an alternative to the workhouse following several Poor Law Acts. Modelled on continental examples and first erected at the end of the 1860s, it is based on the idea of a village" of small houses accommodating a small group."",1,P,"-"
90116,"CHILDRENS HOME",Y,"A residential establishment for the care and accommodation of children and young people.",1,P,"-"
90117,"Matrons House",N,"-",1,N,"-"
90118,"SATELLITE DISH",Y,"A structure consisting of a large, metal framework holding a skyward facing dish. Used for transmitting and receiving signals which are relayed by satellite.",1,P,"-"
90197,"ARTIFICIAL MOUND",Y,"An artificial hill constructed in Tudor gardens, especially, to provide a good view.",1,P,"-"
90198,"COAL JETTY",Y,"A raised platform for the unloading of coal from waggons or other containers.",1,P,"-"
90199,"TIMEKEEPERS OFFICE",Y,"A room or building occupied by a person employed to keep accounts of workers' hours of labour.",1,P,"-"
90214,"DOCKMASTERS OFFICE",Y,"An administrative building used by the official in charge of a dock or harbour.",1,P,"-"
90250,"SHOPPING PARADE",Y,"A purpose-built terrace of shops.",1,P,"-"
90291,"SNOOKER HALL",Y,"A building with facilities for playing snooker.",1,P,"-"
90319,"COOPERATIVE STORE",Y,"A store belonging to a cooperative society.",1,P,"-"
90321,"RIDE",Y,"A road or way for riding on horseback within a park or estate.",1,P,"-"
90322,"MODEL DWELLING",Y,"Flats or houses first built by 19th century philanthropic societies as a model to encourage the development of approved working class housing.",1,P,"-"
90327,"Off Licence",N,"-",1,N,"-"
90421,"APARTMENT",Y,"A room or suite of rooms used as dwellings, eg. in private houses, hotels or tenement houses.",1,P,"-"
90519,"BOILER WORKS",Y,"Engineering works dedicated solely to the manufacture and repair of boilers.",1,P,"-"
90915,"LOW LIGHT",Y,"A lighthouse whose lantern is sufficiently low to be seen below low lying cloud. In locations where varying weather conditions occur a Low Light is usually accompanied by a HIGH LIGHT built alongside or nearby.",1,P,"-"
90916,"Armament Store",N,"-",1,N,"-"
90933,"BLOWING ENGINE HOUSE",Y,"Steam engine, usually, driving a centrifugal fan to provide an air blast for a blast furnace.",1,P,"-"
90947,"PLATFORM CAIRN",Y,"A roughly circular monument featuring a low, more or less level platform of stones surrounded or retained by a low stone kerb. Some may feature a small central open area, thus resembling a ring cairn.",1,P,"-"
90949,"EXPLOSIVES FACTORY",Y,"A building or buildings where explosives are manufactured.",1,P,"-"
90954,"Cooperative Institute",N,"-",1,N,"-"
90956,"POTTERY MANUFACTURING SITE",Y,"Buildings, sites and structures associated with the production of pottery. Use only for sites where there is evidence of pottery manufacture but no specific monument, otherwise use more specific term.",1,P,"-"
90957,"SATELLITE EARTH STATION",Y,"A group of buildings and satellite dishes used to transmit and receive signals relayed by satellites.",1,P,"-"
90962,"Lifting Bridge",N,"-",1,N,"-"
90974,"A Frame House",N,"-",1,N,"-"
90975,"Abbey Barn",N,"Use both terms.",1,N,"-"
90976,"Abbey Bridge",N,"Use both terms.",1,N,"-"
90977,"Abbey Church",N,"Use both terms.",1,N,"-"
90978,"Abbey Gate",N,"Use both terms.",1,N,"-"
90979,"Abbey Gatehouse",N,"Use both terms.",1,N,"-"
90980,"Abbey Kitchen",N,"Use both terms.",1,N,"-"
90981,"Abbey Wall",N,"-",1,N,"-"
90982,"ABBOTS SUMMER PALACE",Y,"An official residence of an abbot during the summer months.",1,P,"-"
90983,"ABRASIVES MANUFACTURING SITE",Y,"A place where abrasive mediums such as sand-paper and grinding wheels are manufactured.",1,P,"-"
90984,"Academy Of Art",N,"-",1,N,"-"
90985,"Academy Of Music",N,"-",1,N,"-"
90986,"ACCIDENT HOSPITAL",Y,"A hospital which primarily cares for patients injured in accidents.",1,P,"-"
90987,"ACCOMMODATION BRIDGE",Y,"A bridge, often over a canal or road, allowing access between two parcels of land.",1,P,"-"
90988,"ACCUMULATOR HOUSE",Y,"A building used for the collection and storage of electricity using large lead-acid batteries (accumulators).",1,P,"-"
90989,"ACID TOWER",Y,"A coke-filled tower used for the dissolving and neutralising of acid produced by alkali-making processes.",1,P,"-"
90990,"ACID WORKS",Y,"A building or site used for the production of acids by a range of chemical processes.",1,P,"-"
90991,"Acoustic Mirror",N,"-",1,N,"-"
90992,"Acoustic Wall",N,"-",1,N,"-"
90993,"Adit Portal",N,"Use both terms.",1,N,"-"
90994,"Admiralty",N,"-",1,N,"-"
90995,"ADMISSION HOSPITAL",Y,"A separate hospital building, or block of an asylum, where new arrivals were segregated from old inmates for a defined period. This system was developed from the mid-19th century onwards.",1,P,"-"
90997,"AGAPEMONE",Y,"Religious establishment, founded in Somerset, where free love was practised.",1,P,"-"
90998,"Aged Miners Home",N,"-",1,N,"-"
90999,"Aged Persons Home",N,"-",1,N,"-"
91000,"Aged Pilgrims Home",N,"-",1,N,"-"
91001,"Aged Womens Asylum",N,"A historic term for an institution caring for older, destitute women.",1,N,"-"
91002,"AGRICULTURAL CHEMICAL SITE",N,"Buildings, structures or sites used for the production of chemicals used in agriculture, such as fertilizers and weed killers.",1,P,"-"
91003,"AGRICULTURAL ENGINEERING WORKS",Y,"Small engineering works specialising in the production of items such as ploughs and threshing machinery.",1,P,"-"
91004,"AGRICULTURAL HALL",Y,"A hall used for the promotion and selling of agricultural produce and practice.",1,P,"-"
91005,"AGRICULTURAL MACHINERY DEPOT",Y,"A site for the sale or hire of agricultural machinery.",1,P,"-"
91006,"AGRICULTURAL MERCHANTS",Y,"The premises of an agricultural merchant where agricultural equipment, animal feed and fertilizers can be bought.",1,P,"-"
91007,"Agricultural Research Station",N,"-",1,N,"-"
91008,"Agricultural Workers Cottage",N,"-",1,N,"-"
91009,"Air Force Barracks",N,"-",1,N,"-"
91010,"Air Force Base",N,"-",1,N,"-"
91011,"Air Shaft Tower",N,"-",1,N,"-"
91012,"Air Traffic Control Tower",N,"-",1,N,"-"
91013,"AIR TRANSPORT SITE",N,"Buildings, sites and structures associated with the control, accommodation, service and testing of aircraft.",1,P,"-"
91014,"Air Vent House",N,"-",1,N,"-"
91015,"Aircraft Assembly Plant",N,"-",1,N,"-"
91016,"AIRCRAFT ENGINE FACTORY",Y,"A factory where aircraft engines are assembled.",1,P,"-"
91017,"AIRCRAFT ENGINEERING SITE",N,"Sites used for the manufacture of aircraft.",1,P,"-"
91018,"Airing Yard",N,"-",1,N,"-"
91019,"Airmens Graveyard",N,"-",1,N,"-"
91020,"Airport Control Tower",N,"-",1,N,"-"
91021,"Airport Test House",N,"-",1,N,"-"
91022,"AIRSHIP MOORING MAST",Y,"A large metal pylon structure used to tether airships.",1,P,"-"
91023,"AISLED HOUSE",Y,"Use where the intervening arcade is closed but timber-framed.",1,P,"-"
91024,"Alcoholic Ladies Home",N,"A historic term for an institution offering care and accommodation for alcoholic women, an alternative to the workhouse for the destitute.",1,N,"-"
91025,"ALE STORE",Y,"A building or area within a brewery where barrels of ale are stored.",1,P,"-"
91026,"Alhambra",N,"-",1,N,"-"
91027,"ALKALI WORKS",Y,"A building or site used to produce alkaline chemicals by controlled reactions.",1,P,"-"
91028,"ALL WEATHER PITCH",Y,"A sports pitch usually with a synthetic surface (ie. not grass).",1,P,"-"
91029,"Alpaca Factory",N,"-",1,N,"-"
91030,"ALPACA MILL",Y,"A mill where long-staple hair, often from llamas, is made into yarn.",1,P,"-"
91031,"ALUMINIUM SMELTER",Y,"A factory producing metallic aluminium by an electrolysis process.",1,P,"-"
91032,"AMBULANCE GARAGE",Y,"A place where ambulances are serviced and maintained.",1,P,"-"
91033,"AMERICAN GARDEN",Y,"A concept dating in England from the second half of the 18th century, when hardy North American plants were relatively easy to obtain.",1,P,"-"
91034,"ANCHORESSES CELL",Y,"A small dwelling for the solitary confinement of a pious reclusive religious woman or nun, often attached to the north wall of a church. A squint enabled the occupant to witness the Mass.",1,P,"-"
91035,"Anchoret Cell",N,"-",1,N,"-"
91036,"ANGLICAN CATHEDRAL",Y,"The principal Anglican church in a diocese in which the cathedra or bishop's throne is to be found.",1,P,"-"
91037,"Anglican College",N,"-",1,N,"-"
91038,"ANGLICAN NUNNERY",Y,"A place of worship and residence for Anglican nuns.",1,P,"-"
91039,"Anglican School",N,"-",1,N,"-"
91040,"ANIMAL DWELLING",N,"Including accommodation for animals, birds, reptiles and fish in captivity.",1,P,"-"
91041,"ANIMAL MEMORIAL",Y,"A monument commemorating an animal.",1,P,"-"
91042,"ANIMAL POWER SITE",N,"Buildings and structures associated with the use of animals to generate power.",1,P,"-"
91043,"ANIMAL PRODUCT SITE",N,"Buildings or sites used in the production of items derived from the parts of animals not used for consumption.",1,P,"-"
91044,"ANIMAL STALL",Y,"A stall where animals are kept individually.",1,P,"-"
91045,"ANIMAL TOMB",Y,"A burial site for an animal, usually commemorated by a gravestone or other structure.",1,P,"-"
91046,"ANIMAL WASH",Y,"A place or building where animals can be washed. Often in the form of a pool with a walled funnel-like structure enabling animals to be guided into the pool.",1,P,"-"
91047,"ANIMAL WELFARE SITE",N,"A building, range of buildings or site, for the accommodation, rearing and/or treatment of animals, birds and fish, both wild and domestic.",1,P,"-"
91048,"Annealing Oven",N,"-",1,N,"-"
91049,"Annuellars Hall",N,"-",1,N,"-"
91050,"ANTENATAL BLOCK",Y,"An area within a hospital concerned with the care and medical treatment of expectant mothers.",1,P,"-"
91051,"Anthaeum",N,"-",1,N,"-"
91052,"ANTI TANK BLOCK",Y,"A reinforced concrete block designed to obstruct the progress of a tank or armoured vehicle. Use more specific type where known.",1,P,"-"
91053,"ANTIMONY MINE",Y,"When secondary product use with major product and MINE, eg. COPPER MINE.",1,P,"-"
91054,"Antique Auction Rooms",N,"-",1,N,"-"
91055,"ANTIQUE MARKET",Y,"An indoor market used for the sale of antique goods.",1,P,"-"
91056,"Antique Shop",N,"-",1,N,"-"
91057,"Apple Crusher",N,"-",1,N,"-"
91058,"Apple Loft",N,"-",1,N,"-"
91059,"APPROACH ROAD",Y,"A road, sometimes raised as a causeway, which serves as an approach road to a building or bridge.",1,P,"-"
91060,"Approved School",N,"-",1,N,"-"
91061,"Aquaduct",N,"-",1,N,"-"
91062,"Aqueduct Bridge",N,"-",1,N,"-"
91063,"Araucaria House",N,"-",1,N,"-"
91064,"Arboretum Rooms",N,"-",1,N,"-"
91066,"ARCHDEACONRY",Y,"The residence and office of an archdeacon.",1,P,"-"
91067,"Architects Drawing Office",N,"-",1,N,"-"
91068,"ARCHITECTURE SCHOOL",Y,"An educational establishment where the art and theory of building and construction is taught.",1,P,"-"
91069,"ARMAMENT MANUFACTURING SITE",N,"A building or site used for the manufacture, assembly and testing of weapons, explosives and associated military hardware.",1,P,"-"
91070,"Armaments Factory",N,"-",1,N,"-"
91071,"ARMOURED VEHICLE",Y,"An armoured fighting vehicle. Often survive as commemorative monuments, targets and coastal wrecks.",1,P,"-"
91072,"Army And Navy Club",N,"-",1,N,"-"
91073,"Army Barracks",N,"-",1,N,"-"
91074,"Army Hospital",N,"-",1,N,"-"
91075,"Army Tank",N,"-",1,N,"-"
91076,"Arsenic Flue",N,"-",1,N,"-"
91077,"Art Academy",N,"-",1,N,"-"
91078,"ART AND EDUCATION VENUE",N,"Buildings and structures associated with educational and artistic recreational activities.",1,P,"-"
91080,"Artificial Ruin",N,"-",1,N,"-"
91081,"Artillery Hospital",N,"-",1,N,"-"
91082,"ARTILLERY SCHOOL",Y,"A training establishment for gunnery personnel.",1,P,"-"
91083,"Artisans Dwelling",N,"-",1,N,"-"
91084,"Artists House",N,"-",1,N,"-"
91085,"ARTISTS STUDIO",Y,"An apartment, usually with a north-light, used by artists.",1,P,"-"
91086,"Assayers Laboratory",N,"-",1,N,"-"
91087,"ASSEMBLY PLANT",Y,"A factory for the assembly of components. Usually associated with the manufacture of vehicles: cars, lorries, etc.",1,P,"-"
91088,"ASSIZE COURT",Y,"Court where sessions were held periodically in each county in England, for the purpose of administering civil and criminal justice. Presided over by itinerant judges acting under certain special commissions. Abolished 1971 and in 1972 replaced by Crown C.",1,P,"-"
91089,"Assurance Office",N,"-",1,N,"-"
91090,"Asylum For Aged And Decayed Freemasons",N,"-",1,N,"-"
91091,"Asylum For Pauper Imbeciles",N,"A historic term for a charitable institution caring for destitute people with learning difficulties.",1,N,"-"
91092,"ATHENAEUM",Y,"A type of public building common in the 18th and 19th century, serving as an educational and/or learned society institute.",1,P,"-"
91093,"ATHLETICS TRACK",Y,"A running track used for athletic practice and competition.",1,P,"-"
91094,"ATMOSPHERIC ENGINE HOUSE",Y,"Building housing a form of early steam engine using steam at atmospheric pressure. Chiefly employed in mine pumping.",1,P,"-"
91095,"ATMOSPHERIC RAILWAY ENGINE HOUSE",Y,"An engine house which used air pressure to power trains on the experimental atmospheric railways of the 1840s.",1,P,"-"
91096,"Atmospheric Railway Pumping Station",N,"-",1,N,"-"
91097,"Atomic Power Station",N,"-",1,N,"-"
91098,"Attic Workshop",N,"-",1,N,"-"
91099,"AUGUSTINIAN ALIEN CELL",Y,"A residence of two or three monks of the Augustinian order dependent on a foreign mother house.",1,P,"-"
91100,"Augustinian Alien Priory Cell",N,"-",1,N,"-"
91101,"AUGUSTINIAN FRIARY",Y,"A house of friars of the Augustinian order. Also known as Austin Friars",1,P,"-"
91102,"Augustinian Priory Cell",N,"-",1,N,"-"
91103,"Automata",N,"-",1,N,"-"
91104,"BACK HOUSE",Y,"A brewing or baking house attached to a vernacular building, 16/17th century.",1,P,"-"
91105,"Back To Back",N,"-",1,N,"-"
91106,"Back To Back Cottage",N,"-",1,N,"-"
91107,"BACK TO BACK TERRACE",Y,"A terrace consisting of a double row of houses sharing a common back wall, characteristic of industrial cities in the North of England.",1,P,"-"
91108,"BACK TO EARTH HOUSE",Y,"A type of back to back house built on a hillside, of four storeys and with entrances at different levels.",1,P,"-"
91109,"BACK TO EARTH TERRACE",Y,"A terrace of BACK TO EARTH HOUSES.",1,P,"-"
91110,"Backhouse",N,"-",1,N,"-"
91111,"BACKYARD",Y,"A small yard attached to the rear of a house or other building.",1,P,"-"
91112,"Bacon Factory",N,"-",1,N,"-"
91113,"Baconer House",N,"-",1,N,"-"
91114,"BADMINTON COURT",Y,"An indoor play area for the game of badminton.",1,P,"-"
91115,"Bailiffs House",N,"-",1,N,"-"
91116,"Bakern",N,"-",1,N,"-"
91117,"BALANCE BEAM",Y,"The horizontal beam on a lock gate.",1,P,"-"
91118,"Bale Tomb",N,"-",1,N,"-"
91119,"Balk Yard",N,"-",1,N,"-"
91120,"BALLAST POND",Y,"A water-filled hole used for the disposal of aggregate originally used as ballast in ships.",1,P,"-"
91121,"Ballast Pound",N,"-",1,N,"-"
91122,"BALLET SCHOOL",Y,"A training school where ballet is taught.",1,P,"-"
91123,"BALLOON SHED",Y,"A building used for fabricating balloon and airship envelopes.",1,P,"-"
91124,"BALLROOM",Y,"A room designed or suitable for dancing.",1,P,"-"
91126,"BANK (EARTHWORK)",Y,"Linear or curvilinear construction of earth, turf and stone, often, but not always accompanied by a ditch. Use specific type where known.",1,P,"-"
91127,"BANK (FINANCIAL)",Y,"An establishment used for the custody of money received from, or on behalf, of its customers.",1,P,"-"
91128,"Bank Chambers",N,"-",1,N,"-"
91129,"Bank Office",N,"-",1,N,"-"
91130,"Banquet Hall",N,"-",1,N,"-"
91131,"Banquet House",N,"-",1,N,"-"
91132,"BAPTIST BURIAL GROUND",Y,"A cemetery for baptist followers.",1,P,"-"
91133,"Baptist Church",N,"-",1,N,"-"
91134,"Baptist College",N,"-",1,N,"-"
91135,"Baptist Meeting House",N,"-",1,N,"-"
91136,"Baptist Tabernacle",N,"-",1,N,"-"
91137,"Baptistry",N,"-",1,N,"-"
91138,"Bar",N,"Use for town gate only. For drinking venue use EATING AND DRINKING ESTABLISHMENT narrow terms.",1,N,"-"
91139,"BARBERS SHOP",Y,"A hairdressing establishment for men.",1,P,"-"
91141,"Barmekin",N,"-",1,N,"-"
91142,"Barrack Block",N,"-",1,N,"-"
91143,"Barristers Office",N,"-",1,N,"-"
91144,"Barth",N,"-",1,N,"-"
91145,"BASE CRUCK HOUSE",Y,"A CRUCK HOUSE where the cruck blades are truncated and joined by a collar beam, above which is a separate roof construction.",1,P,"-"
91146,"Basket Works",N,"-",1,N,"-"
91147,"Bastel House",N,"-",1,N,"-"
91148,"BASTION TRACE FORT",Y,"A fort with projecting bastions, which came into use from the 16th century onwards.",1,P,"-"
91149,"Bastle House",N,"-",1,N,"-"
91150,"Bathing House",N,"A house used by sea bathers.",1,N,"-"
91151,"Bathing Hut",N,"-",1,N,"-"
91152,"Bathing Pavilion",N,"-",1,N,"-"
91153,"BATTERY MILL",Y,"Mill incorporating water-powered hammers for beating brass sheet, etc. into vessels, pots, etc.",1,P,"-"
91155,"Bazaar",N,"Use both terms.",1,N,"-"
91156,"BEACH HUT",Y,"A small timber one-roomed dwelling where holiday makers could rest after a day spent sunbathing, swimming and playing on the beach.",1,P,"-"
91157,"Bead House",N,"-",1,N,"-"
91158,"Bead House Chapel",N,"Use both terms.",1,N,"-"
91159,"Beak Bastion",N,"-",1,N,"-"
91160,"BEAM ENGINE",Y,"A steam engine with a horizontal beam connecting the piston and crank.",1,P,"-"
91161,"Beam Winder House",N,"-",1,N,"-"
91162,"Beast Pond",N,"-",1,N,"-"
91163,"Bedehouse Chapel",N,"Use both terms.",1,N,"-"
91164,"Bee Hole",N,"-",1,N,"-"
91165,"BEE SKEP",Y,"A portable beehive, often made of straw.",1,P,"-"
91166,"Beef Market",N,"-",1,N,"-"
91167,"Beehive Kiln",N,"-",1,N,"-"
91168,"BEER SHOP",Y,"A building where beer was sold or displayed.",1,P,"-"
91169,"BEETLING MILL",Y,"A finishing process for cloth involving the pounding of the cloth with heavy weights.",1,P,"-"
91170,"Bell House",N,"-",1,N,"-"
91171,"BELLOWS HOUSE",Y,"A building housing a set of bellows used to provide the blast of air to a blast furnace or similar installation.",1,P,"-"
91174,"BENEDICTINE ALIEN CELL",Y,"A residence of two or three monks of the Benedictine order dependent on a foreign mother house.",1,P,"-"
91175,"Benedictine Priory Cell",N,"-",1,N,"-"
91177,"Bercarie",N,"-",1,N,"-"
91178,"BERCEAU",Y,"A vault shaped trellis on which climbing plants are trained.",1,P,"-"
91179,"BERTH",Y,"A place where a ship lies at a wharf. Use specific type where known.",1,P,"-"
91180,"BETTING OFFICE",Y,"An establishment where wagering and the placing of bets takes place.",1,P,"-"
91181,"BIBLE CHRISTIAN CHAPEL",Y,"A place of worship for Bible Christians, a group who split from the Wesleyan Methodists to form their own church in the South West of England. They were amalgamated into the United Methodist Church in 1907.",1,P,"-"
91182,"BICYCLE FACTORY",Y,"A factory for the assembly of bicycles.",1,P,"-"
91183,"BIER HOUSE",Y,"A building containing a bier; a movable stand on which a corpse, often in a coffin, is placed prior to burial.",1,P,"-"
91184,"BILLIARD HALL",Y,"A Hall where billiards was played.",1,P,"-"
91185,"BINDERY",Y,"A bookbinding workshop.",1,P,"-"
91186,"BIRD BATH",Y,"An ornamental receptacle to catch rainwater for birds to drink from and bathe in. Sometimes mounted on a column or plinth.",1,P,"-"
91187,"Bird House",N,"-",1,N,"-"
91188,"Bird Observatory",N,"-",1,N,"-"
91189,"BIRD SANCTUARY",Y,"An area where birds are protected and bred.",1,P,"-"
91190,"Biscuit Kiln",N,"-",1,N,"-"
91191,"BISHOPS SUMMER PALACE",Y,"An official residence of a bishop used during the summer months.",1,P,"-"
91192,"Black Yarn House",N,"-",1,N,"-"
91193,"BLACKING FACTORY",Y,"A building or buildings used for the manufacture of shoe and leather polish, etc.",1,P,"-"
91194,"Blacksmiths Cottage",N,"-",1,N,"-"
91195,"BLANKET MILL",Y,"A factory where lengths of soft, woollen cloth, loosely woven to retain heat, used as a bed covering, were manufactured.",1,P,"-"
91196,"BLAST WALL",Y,"A reinforced wall designed to reflect the blast from an explosion. Often found associated with powder magazines, pillboxes and air raid shelters.",1,P,"-"
91197,"Bleach Croft",N,"-",1,N,"-"
91198,"Bleach Green",N,"-",1,N,"-"
91199,"Bleach Grounds",N,"-",1,N,"-"
91200,"Bleach Yard",N,"-",1,N,"-"
91201,"Bleaching",N,"-",1,N,"-"
91202,"Bleaching Factory",N,"-",1,N,"-"
91203,"Bleaching House",N,"-",1,N,"-"
91204,"BLENDER SHED",Y,"A building where threads of different qualities and colours are mixed together.",1,P,"-"
91205,"BLIND BACK HOUSE",Y,"A house with windows and doors on one side only; often built facing inwards onto a burgage plot, or sometimes on a steep slope, with no apertures on the uphill side.",1,P,"-"
91206,"BLIND BACK TERRACE",Y,"A terrace with windows and doors on one side only, often built facing inwards onto a burgage plot, or sometimes on a steep slope, with no apertures on the uphill side.",1,P,"-"
91207,"Blind School",N,"-",1,N,"-"
91208,"Block Dwellings",N,"-",1,N,"-"
91209,"BLOCK MILL",Y,"Building housing machinery used in the production of wooden pulley blocks for the rigging of sailing ships.",1,P,"-"
91210,"Block Of Flats",N,"-",1,N,"-"
91211,"Blockmakers Workshop",N,"-",1,N,"-"
91212,"Blockstone",N,"-",1,N,"-"
91213,"BLOOD LETTING HOUSE",Y,"Place for people who underwent regular blood letting.",1,P,"-"
91214,"Bloomary",N,"-",1,N,"-"
91215,"Blowing Furnace",N,"-",1,N,"-"
91216,"Bluecoat School",N,"-",1,N,"-"
91217,"Blunger",N,"-",1,N,"-"
91218,"BOAR PEN",Y,"A pen to separate the boar from the other pigs.",1,P,"-"
91219,"BOARD MILL",Y,"A mill used for the production of cardboard and other similar products.",1,P,"-"
91220,"BOARDING KENNEL",Y,"A house or range of buildings where domestic dogs and cats can be kept for a period.",1,P,"-"
91221,"Boat Building Yard",N,"-",1,N,"-"
91222,"Boating Lodge",N,"-",1,N,"-"
91223,"Boating Pool",N,"-",1,N,"-"
91224,"Boatswains House",N,"-",1,N,"-"
91225,"Boccarum",N,"-",1,N,"-"
91226,"BOG GARDEN",Y,"A soft, marshy garden, often peat-based where water- and peat-loving plants are grown.",1,P,"-"
91227,"Boiler Erecting Workshop",N,"-",1,N,"-"
91228,"BOILING HOUSE",Y,"A building, or part of a building for the boiling and preparation of animal feed, usually attached to pigsties.",1,P,"-"
91229,"Bolting House",N,"-",1,N,"-"
91230,"Bomb Shelter",N,"-",1,N,"-"
91231,"BOMBASINE MILL",Y,"A mill used for the manufacture of twilled dress material of worsted with or without a mixture of cotton or silk.",1,P,"-"
91232,"Bonded Store",N,"-",1,N,"-"
91233,"Bone House",N,"-",1,N,"-"
91234,"Bonshommes College",N,"-",1,N,"-"
91235,"Bonshommes Monastery",N,"-",1,N,"-"
91236,"Book Makers",N,"-",1,N,"-"
91237,"BOOM TOWER",Y,"A tower at the mouth of the harbour to defend the end of the harbour boom.",1,P,"-"
91238,"Boot And Shoe Factory",N,"-",1,N,"-"
91239,"BOOT SCRAPER",Y,"A small metal bar for the cleaning of dirty footwear before entering a house, etc.",1,P,"-"
91240,"BORDER",Y,"A strip of ground forming a fringe to a garden. Use more specific type where known.",1,P,"-"
91241,"Borough Hall",N,"-",1,N,"-"
91242,"Borough Library",N,"-",1,N,"-"
91243,"BORSTAL",Y,"An institution for the imprisonment and training of 16-21 year olds first established officially in 1908. Replaced by Youth Custody Centres in 1982.",1,P,"-"
91245,"BOSQUET",Y,"An ornamental grove, thicket or shrubbery pierced by walks.",1,P,"-"
91246,"BOTANIC GARDEN",Y,"A garden designed to provide living material for the study of botany and horticulture.",1,P,"-"
91247,"Botanic Gardens",N,"-",1,N,"-"
91248,"Botanical Gardens",N,"-",1,N,"-"
91249,"Botanical House",N,"-",1,N,"-"
91250,"Bothie",N,"-",1,N,"-"
91251,"Bottle Oven",N,"-",1,N,"-"
91252,"Boulevard",N,"-",1,N,"-"
91253,"Boulting House",N,"-",1,N,"-"
91254,"Boutique",N,"-",1,N,"-"
91255,"Bovile",N,"-",1,N,"-"
91256,"Bower",N,"-",1,N,"-"
91257,"BOWLING ALLEY",Y,"An indoor alley for playing bowls or skittles.",1,P,"-"
91258,"BOWLING CLUB",Y,"A site, usually consisting of a bowling green and pavilion, frequented by lawn bowlers.",1,P,"-"
91259,"BOWLING GREEN PAVILION",Y,"A building, often located in a park, where players can change and store equipment and from where spectators can watch the game.",1,P,"-"
91260,"Bowre",N,"-",1,N,"-"
91261,"BOX FRAME HOUSE",Y,"A timber framed house comprising horizontal and vertical timbers, forming the walls of the building and directly supporting the roof.",1,P,"-"
91262,"BOXING ARENA",Y,"An area, often including a platform, used for boxing competitions.",1,P,"-"
91263,"Boys Home",N,"Use appropriate term.",1,N,"-"
91264,"Boys Refuge",N,"-",1,N,"-"
91265,"Brasiatorio",N,"-",1,N,"-"
91266,"Brass Mill",N,"-",1,N,"-"
91267,"Brasserie",N,"-",1,N,"-"
91268,"Brassinium",N,"-",1,N,"-"
91269,"Bread Stone",N,"Stone tablet recording the price of bread per gallon.",1,N,"-"
91270,"BREASTSHOT WHEEL",Y,"A waterwheel in which the incoming water is directed onto the periphery below the top of the wheel.",1,P,"-"
91271,"Brewers House",N,"-",1,N,"-"
91272,"Brewery Office",N,"-",1,N,"-"
91273,"Brewery Stable",N,"Use both terms.",1,N,"-"
91274,"Brewery Vat Hall",N,"-",1,N,"-"
91275,"Brewhouse Garden",N,"-",1,N,"-"
91276,"BREWING AND MALTING SITE",N,"Buildings and structures associated with the process of brewing and malting.",1,P,"-"
91277,"BRICK AND TILEMAKING SITE",N,"Sites and structures associated with the manufacture of bricks and tiles. Includes sites associated with earth extraction and preparation.",1,P,"-"
91278,"BRICK DRYING SHED",Y,"A building in which newly made bricks are laid out to dry.",1,P,"-"
91279,"BRICKEARTH PIT",Y,"A pit used for the excavation of clay suitable for making bricks.",1,P,"-"
91280,"Brickworkers Cottage",N,"-",1,N,"-"
91283,"Bridge Approach Road",N,"-",1,N,"-"
91284,"Bridge House",N,"-",1,N,"-"
91285,"BRIDGE KEEPERS COTTAGE",Y,"The residence of a bridge keeper.",1,P,"-"
91286,"BRIDGETTINE NUNNERY",Y,"An abbey founded in 1415 for nuns of the Bridgettine order.",1,P,"-"
91287,"BRIDLEWAY",Y,"A path, barred to vehicles, reserved for riding horses.",1,P,"-"
91288,"Brigg",N,"-",1,N,"-"
91289,"Brine Baths",N,"-",1,N,"-"
91290,"BRITANNIA METAL WORKS",Y,"An alloy of tin, antimony and copper used as a replacement for pewter.",1,P,"-"
91291,"British And Foreign School",N,"-",1,N,"-"
91292,"BRITISH AND FOREIGN SOCIETY SCHOOL",Y,"A school founded by the British and Foreign Society to provide non-denominational education. Usually built and supported by voluntary contributions.",1,P,"-"
91293,"British Legion Club",N,"-",1,N,"-"
91296,"BROADCASTING TRANSMITTER",Y,"A structure, building or site housing equipment for transmitting radio or television signals.",1,P,"-"
91297,"BRUSHMAKERS WORKSHOP",Y,"A workshop where wooden brushes are manufactured on a small scale.",1,P,"-"
91298,"BUDDHIST TEMPLE",Y,"A place of worship for the followers of Buddha.",1,P,"-"
91299,"Buddle Pit",N,"-",1,N,"-"
91300,"BUFFET",Y,"A small eating and drinking establishment or refreshment bar.",1,P,"-"
91301,"BUILDERS MERCHANTS",Y,"The premises of a builders merchant where building materials such as stone, cement, bricks, tiles and timber could be bought.",1,P,"-"
91303,"Building Society Office",N,"-",1,N,"-"
91304,"Bullock Shed",N,"-",1,N,"-"
91305,"BULWARK",Y,"Unspecified defensive structure like a mound of earth, a rampart, an embankment or a wall-like fortification. Also used as an early term for a bastion or blockhouse. Use more specific term where known.",1,P,"-"
91307,"BUNKER",Y,"A structure, often built undergound, used for defence and co-ordination of military activity.",1,P,"-"
91308,"Buon Retiro",N,"-",1,N,"-"
91309,"BUOY STORE",Y,"A building used to store navigational buoys.",1,P,"-"
91310,"Burial Yard",N,"-",1,N,"-"
91311,"Bus Garage",N,"-",1,N,"-"
91312,"BUST",Y,"A piece of sculpture usually representing the head, shoulders and breast of a person.",1,P,"-"
91313,"Butchers Market",N,"-",1,N,"-"
91314,"Butching House",N,"-",1,N,"-"
91315,"BUTTER MARKET",Y,"An indoor or outdoor market where butter was sold.",1,P,"-"
91316,"Byre House",N,"-",1,N,"-"
91317,"Cabbies Shelter",N,"-",1,N,"-"
91318,"Cabin",N,"-",1,N,"-"
91319,"CABINET",Y,"A small garden enclosure within a BOSQUET or surrounded by clipped hedges.",1,P,"-"
91320,"CABINETMAKERS",Y,"A building or workshop where fine furniture, often veneered, is made.",1,P,"-"
91321,"CABLE REPEATER OFFICE",Y,"A cross channel telegraph office.",1,P,"-"
91322,"CABMENS SHELTER",Y,"A small, often weatherboarded, roadside house in which cab drivers could rest and take refreshments. Late 19th century onwards.",1,P,"-"
91323,"Cafeteria",N,"-",1,N,"-"
91324,"Cage Shop",N,"Use both terms.",1,N,"-"
91325,"Calamine Processor",N,"-",1,N,"-"
91326,"Calcining House",N,"-",1,N,"-"
91327,"CALICO PRINTING WORKS",Y,"A factory complex consisting of PRINTING SHOPS, COLOUR HOUSES, DYE HOUSES, etc, in which patterns are printed onto calico.",1,P,"-"
91328,"CAMBER",Y,"Traditionally a dock where cambering, the bending of beams for shipbuilding, took place. Now used for a small dock.",1,P,"-"
91329,"CAMOMILE LAWN",Y,"A lawn planted with camomile plants which when walked upon release a fragrant smell.",1,P,"-"
91330,"CAMOMILE SEAT",Y,"A garden seat covered in clipped, camomile plants which release a fragrant smell when sat upon.",1,P,"-"
91331,"Canal Aquaduct",N,"-",1,N,"-"
91332,"Canal Company Office",N,"-",1,N,"-"
91333,"Canal Depository",N,"-",1,N,"-"
91334,"CANAL GATEHOUSE",Y,"A gatehouse bridging a canal.",1,P,"-"
91335,"CANAL INCLINED PLANE",Y,"A prepared slope with rails on which boats can be transferred from one canal to another at a higher or lower level. The boats can either be floated in a caisson or carried in a cradle or sling.",1,P,"-"
91336,"Canal Lock Keepers Cottage",N,"-",1,N,"-"
91337,"CANAL MILEPOST",Y,"A post set up alongside a canal to mark the miles to and from a place.",1,P,"-"
91338,"CANAL PORT",Y,"An inland settlement such as Runcorn, Ellesmere Port or Stourport, that combines docks and terminal facilities at the interface between land and canal transportation systems.",1,P,"-"
91339,"Canal Toll House",N,"Use both terms.",1,N,"-"
91340,"Canal Tollhouse",N,"Use both terms.",1,N,"-"
91341,"CANAL TRANSPORT SITE",N,"Buildings and structures associated with canal transport.",1,P,"-"
91342,"CANAL TUNNEL PORTAL",Y,"An often stately and ornate entrance to a canal tunnel.",1,P,"-"
91343,"CANCER HOSPITAL",Y,"A hospital for the medical and surgical treatment of patients with cancer or related illnesses.",1,P,"-"
91344,"Candle Works",N,"-",1,N,"-"
91345,"Cannery",N,"-",1,N,"-"
91346,"CANNING FACTORY",Y,"A factory where preserved food is canned.",1,P,"-"
91347,"CANNON BOLLARD",Y,"A bollard made from, or in the form of, a cannon barrel.",1,P,"-"
91348,"CANNON FOUNDRY",Y,"A workshop or factory where the barrels of cannon are cast.",1,P,"-"
91349,"Canonical House",N,"-",1,N,"-"
91350,"Canonry",N,"-",1,N,"-"
91351,"Canons Summer House",N,"-",1,N,"-"
91352,"CANOPIED TOMB",Y,"A tomb with a raised canopy over it.",1,P,"-"
91353,"CANVAS WORKS",Y,"A site where canvas, coarse, unbleached cloth, made from hemp or flax, was manufactured.",1,P,"-"
91354,"CAPSTAN",Y,"An apparatus around which cables or hawsers are wound for hoisting anchors, lifting weights, etc.",1,P,"-"
91355,"CAR PARK",Y,"A place where cars and other road vehicles may be parked and left.",1,P,"-"
91356,"Car Port",N,"-",1,N,"-"
91357,"CAR RAMP",Y,"An inclined concrete ramp on which cars can move from one level to another.",1,P,"-"
91358,"Car Showroom",N,"-",1,N,"-"
91359,"CARMELITE NUNNERY",Y,"A site inhabited by a modern order of nuns, founded in 1900 at Lanherne, Cornwall, following Carmelite traditions.",1,P,"-"
91360,"Carnary",N,"-",1,N,"-"
91361,"CARPET BED",Y,"A bed of low-growing foliage plants, all of an even height, arranged in patterns that resemble a carpet both in the intricacy of their design and in the uniformity of surface.",1,P,"-"
91362,"CARPET FACTORY",Y,"A factory where carpets are manufactured.",1,P,"-"
91363,"CARPET MANUFACTURING SITE",N,"Includes any textile floor covering.",1,P,"-"
91364,"CARPET WEAVERS WORKSHOP",Y,"A building where carpets and other floor furnishings were woven.",1,P,"-"
91365,"Carpet Works",N,"-",1,N,"-"
91366,"Carport",N,"-",1,N,"-"
91367,"Carriage Post",N,"-",1,N,"-"
91368,"CARRIAGE RAMP",Y,"A ramp or incline between differing levels constructed to allow carriages access.",1,P,"-"
91369,"Carriage Shed",N,"-",1,N,"-"
91370,"CARRIAGE SPLASH",Y,"Purpose built area, incorporating water supply, for the cleaning of carriages, carts, etc.",1,P,"-"
91371,"CARRIAGEWAY",Y,"The part of a road intended for vehicular traffic.",1,P,"-"
91372,"Cart House",N,"-",1,N,"-"
91373,"Cart Lodge",N,"-",1,N,"-"
91374,"CARTERS YARD",Y,"Trading premises of a carter.",1,P,"-"
91375,"Caryatid Terminal",N,"-",1,N,"-"
91376,"CASCADE HOUSE",Y,"An often ornate building housing the source of an ornamental cascade, eg. Chatsworth House.",1,P,"-"
91379,"CASTING FLOOR",Y,"A floor area, covered in sand, onto which hot metal from a furnace is cast.",1,P,"-"
91380,"Casting Shop",N,"-",1,N,"-"
91381,"Castle Gatehouse",N,"Use both terms.",1,N,"-"
91382,"Castle Motte",N,"-",1,N,"-"
91383,"CASUAL WARD BLOCK",Y,"A wing in a workhouse to accommodate vagrants overnight.",1,P,"-"
91384,"CASUALTY DEPARTMENT",Y,"A hospital department, open 24 hours a day, for the immediate reception and treatment of emergency cases.",1,P,"-"
91385,"Cat Memorial",N,"-",1,N,"-"
91386,"CATACOMB (FUNERARY)",Y,"A funerary site, either totally or partially underground, for the depositing of the dead. Often found in cemeteries in the form of a circular or semi-circular sunken area comprising of several galleries with vault entrances built into the side.",1,P,"-"
91387,"Catacomb (Wine Storage)",N,"-",1,N,"-"
91388,"Catadrome",N,"-",1,N,"-"
91389,"CATERING COLLEGE",Y,"A training college for chefs and other catering students.",1,P,"-"
91390,"Cathedral Choir School",N,"-",1,N,"-"
91391,"Cathedral Church",N,"-",1,N,"-"
91392,"Cathedral Priory",N,"Use both terms.",1,N,"-"
91393,"Catholic Cathedral",N,"-",1,N,"-"
91394,"Catholic Chapel",N,"-",1,N,"-"
91395,"Catholic Church",N,"-",1,N,"-"
91396,"Catholic College",N,"-",1,N,"-"
91397,"Cattery",N,"-",1,N,"-"
91398,"CATTLE DOCKS",Y,"Pens for housing cattle awaiting transportation.",1,P,"-"
91399,"Cattle Fodder Factory",N,"-",1,N,"-"
91400,"CATTLE PEN",Y,"An enclosure for cattle.",1,P,"-"
91402,"CATTLE TROUGH",Y,"A long metal or stone vessel for cattle to drink water from.",1,P,"-"
91404,"Cattle Wash",N,"-",1,N,"-"
91405,"Cavalier",N,"Raised earth platform built on bastion or curtain wall.",1,N,"-"
91406,"Cavalry Club",N,"-",1,N,"-"
91407,"Cavalry Riding School",N,"-",1,N,"-"
91408,"Cellarers House",N,"-",1,N,"-"
91409,"CELLARERS RANGE",Y,"Living and working quarters for the cellarer who was in charge of provisions and the running of the cellar.",1,P,"-"
91410,"Cellarium",N,"-",1,N,"-"
91411,"Celluloid Works",N,"-",1,N,"-"
91412,"CEMENT KILN",Y,"A kiln used to calcine the component parts of cement to remove excess water and other ingredients.",1,P,"-"
91413,"CEMENT MANUFACTURING SITE",N,"Buildings, sites and structures associated with the production of cement.",1,P,"-"
91414,"CEMENT SILO",Y,"Large storage structure for powdered cement.",1,P,"-"
91415,"CEMENTATION STEEL WORKS",Y,"Production of steel by reheating wrought iron in charcoal filled containers.",1,P,"-"
91416,"Cemetery Garden",N,"Use both terms.",1,N,"-"
91417,"CESS POOL",Y,"A covered pit into which raw sewage is discharged.",1,P,"-"
91418,"CHAIN SHOP",Y,"A building in which wrought iron or steel chains were manufactured.",1,P,"-"
91419,"Chain Testing House",N,"-",1,N,"-"
91420,"Chainmakers Workshop",N,"-",1,N,"-"
91421,"Chainmaking Workshop",N,"-",1,N,"-"
91422,"Chainshop",N,"-",1,N,"-"
91423,"CHALET",Y,"A Swiss-styled house, usually with steeply pitched and projecting roof.",1,P,"-"
91424,"Chalk Quarry",N,"-",1,N,"-"
91425,"CHAMBER OF COMMERCE",Y,"A building housing a board organized to protect the interests of commerce.",1,P,"-"
91426,"CHAMOIS LEATHER WORKS",Y,"A factory or complex where chamois leather is produced using fish oils as the tanning agent.",1,P,"-"
91427,"Chandlers Shop",N,"-",1,N,"-"
91428,"Changing House",N,"-",1,N,"-"
91429,"Chantry House",N,"-",1,N,"-"
91430,"CHAPLAINCY",Y,"The residence and office of a chaplain.",1,P,"-"
91431,"Chapter Office",N,"-",1,N,"-"
91432,"CHARCOAL PRODUCTION SITE",N,"Buildings, sites and structures associated with the production of charcoal.",1,P,"-"
91433,"Chartered Institute Office",N,"-",1,N,"-"
91434,"CHARTIST COLONY SCHOOL",Y,"A school used by the children of settlers at a Chartist Colony.",1,P,"-"
91435,"Chartist Cottage",N,"-",1,N,"-"
91436,"CHAUFFEURS FLAT",Y,"The residence of a chauffeur or driver",1,P,"-"
91437,"Checker",N,"-",1,N,"-"
91438,"CHEESE FACTORY",Y,"A factory where cheese is produced and processed.",1,P,"-"
91439,"CHEESE LOFT",Y,"An area within a building used for the storage of cheese.",1,P,"-"
91440,"CHEESE MARKET",Y,"A market for the sale of cheeses.",1,P,"-"
91441,"Chemical Factory",N,"-",1,N,"-"
91443,"CHEMICAL INDUSTRY SITE",N,"Sites for the manufacture of substances or items by controlled chemical reactions.",1,P,"-"
91444,"CHEMICAL PRODUCT SITE",N,"Sites where controlled chemical reactions are employed to help manufacture domestic products.",1,P,"-"
91445,"CHEMICAL PRODUCTION SITE",N,"Sites used for the manufacture of chemicals used as the basis for complex chemical processes or products.",1,P,"-"
91446,"CHEMISE",Y,"An outer wall of a castle or similar fortification.",1,P,"-"
91447,"CHEMISTS SHOP",Y,"A shop which dispenses medicinal drugs and other health-related items. Can include an area for the preparation and manufacture of medicines and other drugs.",1,P,"-"
91448,"Chepyn",N,"-",1,N,"-"
91449,"CHEST HOSPITAL",Y,"A specialist hospital treating patients with chest disorders and diseases, can be pre sanatoria.",1,P,"-"
91450,"CHICORY KILN",Y,"A structure used for the roasting or drying of chicory.",1,P,"-"
91451,"Chief Constables Office",N,"-",1,N,"-"
91452,"CHILDRENS PLAYGROUND",Y,"An area of ground used for children to play on, often attached to a school.",1,P,"-"
91453,"CHILDRENS PLAYHOUSE",Y,"Building used for children to play in.",1,P,"-"
91455,"CHINA CLAY DRIES",Y,"Building with underfloor kiln used for drying China Clay slurry prior to packing and transportation. Central feature of China Clay Works.",1,P,"-"
91456,"Chinese Bridge",N,"-",1,N,"-"
91457,"CHINESE GARDEN",Y,"An 18th century garden with a Chinese layout and ornaments.",1,P,"-"
91458,"CHINESE PAVILION",Y,"A light, ornamental structure in a garden, park or place of recreation built in the Chinese style.",1,P,"-"
91459,"CHITTING HOUSE",Y,"A building in which potatoes can sprout and germinate.",1,P,"-"
91460,"CHOCOLATE FACTORY",Y,"A factory where chocolate products are produced.",1,P,"-"
91461,"CHOCOLATE HOUSE",Y,"An establishment where chocolate was available as a beverage.",1,P,"-"
91462,"Cholera Hospital",N,"-",1,N,"-"
91463,"Chop House",N,"-",1,N,"-"
91464,"Choristers House",N,"-",1,N,"-"
91465,"Choristers School",N,"-",1,N,"-"
91466,"CHRISTADELPHIAN CHAPEL",Y,"A place of worship for Christadelphians, a fundamentalist sect founded in America in the late 1840s who rejected the trinity and awaited the second coming of Christ.",1,P,"-"
91467,"CHURCH ARMY HOUSE",Y,"A place of meeting and worship for followers of the Church Army, a body of trained lay evangelists devoted to evangelism and social work.",1,P,"-"
91468,"Church Of England School",N,"-",1,N,"-"
91469,"Church Organ Factory",N,"-",1,N,"-"
91470,"CHURN STAND",Y,"A wooden or stone plinth for depositing milk churns on.",1,P,"-"
91471,"Cider Brewery",N,"-",1,N,"-"
91472,"CIDER VAULT",Y,"A vault used for the storage of cider.",1,P,"-"
91473,"Cider Works",N,"-",1,N,"-"
91474,"Cigarette Factory",N,"-",1,N,"-"
91475,"Cinematograph Theatre",N,"-",1,N,"-"
91476,"CIRCULAR KILN",Y,"A circular kiln or oven used in the manufacture of bricks. Common in Staffordshire in the 18th century.",1,P,"-"
91477,"CIRCUS (RECREATIONAL)",Y,"A site where traditional public shows, in which the display of exotic animals, combined with feats of agility and comedy, were held.",1,P,"-"
91478,"CIRCUS (ROMAN)",Y,"A rectangular arena, rounded at one end designed for chariot racing. The racetrack circled a central barrier (spina) constructed between two turning posts (metae). The only known example found in Britain, so far, is in Colchester.",1,P,"-"
91479,"CIRCUS (URBAN)",Y,"A circular range of houses dating from the 18th century, eg. John Wood's Circus at Bath.",1,P,"-"
91480,"Circus Tent",N,"-",1,N,"-"
91481,"CISTERCIAN ALIEN CELL",Y,"A residence of two or three monks of the Cistercian order dependent on a foreign mother house.",1,P,"-"
91482,"Citadel",N,"-",1,N,"-"
91483,"City Baths",N,"-",1,N,"-"
91484,"City Education Office",N,"-",1,N,"-"
91485,"City Gate",N,"-",1,N,"-"
91486,"City Transport Office",N,"-",1,N,"-"
91487,"City Treasurers Office",N,"-",1,N,"-"
91488,"City Wall",N,"-",1,N,"-"
91489,"CIVIC CENTRE",Y,"A building or building complex where municipal offices and other public buildings are situated.",1,P,"-"
91490,"CIVIL AIRPORT",Y,"A landing and taking off area for civil aircraft, usually with surfaced runways and aircraft maintenance and passenger facilities.",1,P,"-"
91491,"Clairvoyee",N,"-",1,N,"-"
91492,"CLASSROOM",Y,"A room where a class of pupils is taught.",1,P,"-"
91493,"Claustral Buildings",N,"-",1,N,"-"
91494,"CLAY DRAINAGE PIPE WORKS",Y,"A site where clay pipes used for drainage are manufactured.",1,P,"-"
91495,"CLAY EXTRACTION SITE",N,"Buildings, sites and structures associated with the extraction of clay.",1,P,"-"
91496,"CLAY STORE",Y,"Purpose-built structure with thick walls used to store clay before transportation.",1,P,"-"
91497,"CLAY TOBACCO PIPE FACTORY",Y,"A factory where tobacco pipes made of clay are manufactured.",1,P,"-"
91498,"CLAY WORKINGS",Y,"A site where clay is extracted from the surface of the ground.",1,P,"-"
91499,"Claypipe Workshop",N,"-",1,N,"-"
91500,"CLEARING HOUSE",Y,"A central office dealing with financial accounts.",1,P,"-"
91501,"Cliff Lift",N,"-",1,N,"-"
91502,"Clipping Floor",N,"-",1,N,"-"
91503,"Clocher",N,"-",1,N,"-"
91504,"CLOCK SHOP",Y,"A commercial premises where clocks are sold and repaired.",1,P,"-"
91505,"Clogmaking Works",N,"-",1,N,"-"
91506,"CLOISTER GARTH",Y,"The open space surrounded by a cloister.",1,P,"-"
91507,"Closing Stile",N,"-",1,N,"-"
91508,"CLOTH CUTTERS COTTAGE",Y,"The residence of a cloth cutter.",1,P,"-"
91509,"CLOTH CUTTERS WORKSHOP",Y,"A place where processed cloth is cut for use as garments or soft furnishings, etc.",1,P,"-"
91510,"CLOTH DRESSING MILL",Y,"Cloth finishing process using machinery to raise the nap of the cloth before shearing.",1,P,"-"
91511,"CLOTH MARKET",Y,"An open market where cloth and other textiles can be traded.",1,P,"-"
91512,"Cloth Mill",N,"-",1,N,"-"
91513,"CLOTHIERS HOUSE",Y,"The residence of a clothier.",1,P,"-"
91514,"CLOTHING INDUSTRY SITE",N,"Buildings and sites associated with the manufacture of clothing.",1,P,"-"
91515,"Clothing Shop",N,"-",1,N,"-"
91516,"CLOTHING WORKSHOP",Y,"A workshop for the manufacture of clothing, eg. tailor's workshop.",1,P,"-"
91519,"Cludgie",N,"-",1,N,"-"
91520,"Cluniac Alien Priory",N,"Use ALIEN PRIORY and CLUNIAC MONASTERY    /NUNNERY.",1,N,"-"
91521,"CLUNIAC GRANGE",Y,"An outlying farm or estate belonging to the Cluniac order.",1,P,"-"
91522,"Cluniac Priory Cell",N,"-",1,N,"-"
91523,"CLUSTER HOUSE",Y,"A group of four houses in quadruplex form within a single block, of approximately square plan and set in a spacious garden. Such houses were usually provided for supervisory or skilled workers within a textile factory.",1,P,"-"
91524,"Coach Building Works",N,"-",1,N,"-"
91525,"Coach Station",N,"-",1,N,"-"
91526,"COACHMANS COTTAGE",Y,"The residence of a coachman.",1,P,"-"
91527,"Coal And Wine Tax Post",N,"-",1,N,"-"
91528,"COAL DUTY BOUNDARY MARKER",Y,"A cast-iron or stone boundary post, obelisk or plate found on roads, railways, canals etc around London marking the boundary within which a duty was payable on coal.",1,P,"-"
91529,"COAL EXCHANGE",Y,"A stock exchange dealing in the prices for coal and shares in coal production.",1,P,"-"
91530,"COAL FIRED POWER STATION",Y,"A coal-burning power station where domestic electricity for an area is produced, eg. Battersea Power Station, London.",1,P,"-"
91531,"COAL GAS STRUCTURE",N,"Buildings and structures associated with the production, processing and storage of coal gas.",1,P,"-"
91532,"COAL HOLE COVER",Y,"A circular, metal or wooden cover, covering a hole in the pavement where domestic coal deliveries were dropped into a store below.",1,P,"-"
91533,"Coal House",N,"-",1,N,"-"
91534,"Coal Miners Cottage",N,"-",1,N,"-"
91535,"Coal Miners Village",N,"-",1,N,"-"
91536,"COAL MINING SITE",N,"Includes terms for components of site. See also terms in MINING INDUSTRY SITE grouping.",1,P,"-"
91537,"COAL SLURRY TOWER",Y,"A building in which coal slurry, produced in the coal washing process, is recovered.",1,P,"-"
91538,"Coal Store",N,"-",1,N,"-"
91539,"Coal Tip",N,"-",1,N,"-"
91540,"COAL TIPPLER",Y,"Loading machinery tipping coal into railway wagons usually at a pithead.",1,P,"-"
91541,"Coal Waggon Hoist",N,"-",1,N,"-"
91542,"Coal Washery",N,"-",1,N,"-"
91543,"COALING CRANE",Y,"A crane used for the refueling of coal-powered vessels.",1,P,"-"
91544,"Coalminers Union Hall",N,"-",1,N,"-"
91545,"Coastal Fort",N,"-",1,N,"-"
91546,"Coastal Landmark Tower",N,"-",1,N,"-"
91548,"COASTGUARD TOWER",Y,"A tower used as a watch tower by the coastguard. Often, though not always, built as part of a Coastguard Station.",1,P,"-"
91549,"COASTGUARDS COTTAGE",Y,"The residence of a coastguard.",1,P,"-"
91550,"COBBLED ROAD",Y,"A road or street covered with small, rounded cobble stones.",1,P,"-"
91551,"Cobbled Street",N,"-",1,N,"-"
91552,"COBBLERS STALL",Y,"A stall where a cobbler mends shoes.",1,P,"-"
91553,"COCKLE KILN",Y,"A kiln used to reduce the shells of shellfish to calcium carbonate.",1,P,"-"
91554,"Cocoa Tavern",N,"-",1,N,"-"
91555,"Coffee Palace",N,"-",1,N,"-"
91556,"Coffee Public House",N,"-",1,N,"-"
91557,"Coffee Tavern",N,"-",1,N,"-"
91558,"COFFIN REST",Y,"A structure, often within a CHURCHYARD or LYCH GATE, on which a coffin could rest prior to burial.",1,P,"-"
91559,"Cog And Rung Gin",N,"-",1,N,"-"
91560,"COLLECTING BOX",Y,"For the collection of money by charities, churches, etc.",1,P,"-"
91561,"COLLEGE GARDEN",Y,"A formal garden consisting of lawns, walks and borders belonging to a college or university, eg. Oxford or Cambridge.",1,P,"-"
91562,"College Library",N,"Use LIBRARY with other appropriate term.",1,N,"-"
91563,"COLLEGE LODGINGS",Y,"A place of accommodation at a college for staff and students.",1,P,"-"
91564,"College Of Arms",N,"-",1,N,"-"
91565,"College Of Art",N,"-",1,N,"-"
91566,"College Wardens Lodgings",N,"-",1,N,"-"
91567,"Colliery Baths",N,"-",1,N,"-"
91568,"Colliery Chimney",N,"Use both terms.",1,N,"-"
91569,"Colliery Pumphouse",N,"Use both terms.",1,N,"-"
91570,"COLLIERY RAILWAY",Y,"Railway constructed specifically for the movement of coal around the pithead of a coal mine.",1,P,"-"
91571,"Colliery Repair Shop",N,"Use both terms.",1,N,"-"
91572,"Colliery Village",N,"-",1,N,"-"
91573,"Colliery Winding House",N,"Use both terms.",1,N,"-"
91574,"Colonial Office",N,"-",1,N,"-"
91575,"COLOUR HOUSE",Y,"A small dye works, often associated with a CALICO PRINTING WORKS.",1,P,"-"
91576,"COLOUR LOFT",Y,"A naval dockyard building used for the manufacture of flags.",1,P,"-"
91577,"Coloured Cloth Hall",N,"-",1,N,"-"
91578,"COMB MILL",Y,"A water-powered forge or wire mill which manufactured metal wire combs for use in the textile industry.",1,P,"-"
91579,"COMBINATION BARN",Y,"A threshing barn which also houses farm animals and is somethimes used to stotre grain, house carts and other functions.",1,P,"-"
91580,"Commander In Chiefs House",N,"-",1,N,"-"
91581,"COMMEMORATIVE BRASS",Y,"A brass plaque, usually on the ground rather than a wall fixture, commemorating a person or event.",1,P,"-"
91582,"Commemorative Plaque",N,"-",1,N,"-"
91583,"COMMEMORATIVE STONE",Y,"A stone commemorating a person or event.",1,P,"-"
91584,"Commemorative Tablet",N,"Use both terms.",1,N,"-"
91585,"COMMERCIAL ART GALLERY",Y,"A building in which works of art are displayed for sale.",1,P,"-"
91586,"COMMERCIAL COLLEGE",Y,"A college where subjects relating to trade and commerce are taught.",1,P,"-"
91587,"Commercial Gallery",N,"-",1,N,"-"
91589,"Commissioners Church",N,"-",1,N,"-"
91591,"Common House",N,"-",1,N,"-"
91592,"COMMUNAL BAKEHOUSE",Y,"A bakehouse built in association with a group of dwellings who shared the baking facilities. Often found in model settlements.",1,P,"-"
91593,"COMMUNITY GARDEN",Y,"A garden maintained by, and for the benefit of, a community.",1,P,"-"
91594,"COMPOUND STEAM ENGINE",Y,"A steam engine that uses the same steam successively to drive pistons in high and then low pressure cylinders.",1,P,"-"
91595,"COMPREHENSIVE SCHOOL",Y,"A usually large school providing courses for children of all abilities, between the ages of eleven and sixteen.",1,P,"-"
91596,"Concert Rooms",N,"-",1,N,"-"
91597,"CONCRETE FRAMED BUILDING",Y,"A modern building in which the load is carried by a reinforced concrete framework. Use for reinforced concrete buildings.",1,P,"-"
91598,"CONCRETE WORKS",Y,"A site where concrete and concrete products are manufactured from a mixture of cement and aggregate.",1,P,"-"
91599,"Condenser Flue",N,"-",1,N,"-"
91600,"CONDENSING CHIMNEY",Y,"A tall chimney terminating a CONDENSING FLUE, used to extract metal from the smoke produced by a lead smelter.",1,P,"-"
91601,"CONFECTIONERS SHOP",Y,"A place, often including a BAKERY, where sweetmeats and pastries are sold.",1,P,"-"
91602,"Confectionery Factory",N,"-",1,N,"-"
91603,"Congregational College",N,"-",1,N,"-"
91604,"Congregational Hall",N,"-",1,N,"-"
91605,"Congregational School",N,"-",1,N,"-"
91606,"Conical Kiln",N,"-",1,N,"-"
91608,"CONSTABLES OFFICE",Y,"The premises of a police officer for a parish or township who was appointed to act as a conservator of the peace within the district.",1,P,"-"
91609,"Constitutional Club",N,"-",1,N,"-"
91610,"CONTAINER BERTH",Y,"An area of a port, dock or harbour where a container vessel docks to take on or unload its containers.",1,P,"-"
91611,"CONTINUOUS JETTY HOUSE",Y,"A jettied house where the overhanging upper storey runs along the entire length of one side.",1,P,"-"
91612,"CONVALESCENT HOSPITAL",Y,"A hospital where patients can rest and recover after an operation or illness. Medical facilities for treatment are also available.",1,P,"-"
91613,"Conventual Chapel",N,"Use CHAPEL and ABBEY or PRIORY.",1,N,"-"
91614,"Conventual Church",N,"Use CHURCH and ABBEY or PRIORY.",1,N,"-"
91615,"Convocation House",N,"-",1,N,"-"
91616,"Cookery School",N,"-",1,N,"-"
91617,"COOKHOUSE",Y,"A camp kitchen, usually associated with the military.",1,P,"-"
91618,"COOKING PIT",Y,"A pit which shows evidence for having been used for cooking. Often contains charcoal, burnt bone fragments etc.",1,P,"-"
91619,"Cookshop",N,"-",1,N,"-"
91620,"COOLING ROOM",Y,"A processing house or room in a brewery.",1,P,"-"
91621,"Coopers Workshop",N,"-",1,N,"-"
91622,"Copper Smelting Works",N,"-",1,N,"-"
91623,"COPPICE BARN",Y,"Open sided barn for the storage of wood produced by the periodic cutting of small trees.",1,P,"-"
91624,"Cordage House",N,"-",1,N,"-"
91625,"Corn Merchants",N,"-",1,N,"-"
91626,"Corn Millers House",N,"-",1,N,"-"
91627,"Corn Store",N,"-",1,N,"-"
91628,"Corn Warehouse",N,"-",1,N,"-"
91629,"CORNING HOUSE",Y,"A processing house containing equipment for sieving caked gunpowder to produce graded granules.",1,P,"-"
91630,"CORONATION STONE",Y,"A stone on which a monarch traditionally sat during the coronation ceremony.",1,P,"-"
91631,"Corporation Chapel",N,"-",1,N,"-"
91632,"Corporation Office",N,"-",1,N,"-"
91633,"Cortile",N,"-",1,N,"-"
91634,"Cortina",N,"-",1,N,"-"
91635,"Cote",N,"-",1,N,"-"
91636,"COTTAGE GARDEN",Y,"An informal garden attached to a cottage where flowers, vegetables and fruit trees are grown.",1,P,"-"
91638,"Cottage Home Hospital",N,"Use both terms.",1,N,"-"
91639,"COTTAGE HOSPITAL",Y,"Usually a rural hospital with up to 25 beds. Can include small pre-Cranleigh institutions, eg: dispensaries with in-patients.",1,P,"-"
91640,"COTTON EXCHANGE",Y,"A building in which the buying of raw cotton and finished goods took place.",1,P,"-"
91641,"COTTON MANUFACTURING SITE",N,"Buildings and sites associated with the manufacture of cotton.",1,P,"-"
91642,"COUNCIL FLAT",Y,"A council-owned single apartment.",1,P,"-"
91643,"Council Office",N,"-",1,N,"-"
91644,"COUNTRY CLUB",Y,"A building, usually in a rural setting, with a range of facilities for the use of members.",1,P,"-"
91645,"Country Mansion",N,"-",1,N,"-"
91646,"COUNTY COURT",Y,"A court established in England and Wales by Parliament in 1846 to decide minor civil disputes.",1,P,"-"
91647,"County Education Office",N,"-",1,N,"-"
91648,"County Gaol",N,"-",1,N,"-"
91649,"County Library",N,"-",1,N,"-"
91650,"Court Of Speech",N,"-",1,N,"-"
91651,"COURT ROOM",Y,"A hall or chamber in which justice is administered.",1,P,"-"
91652,"Courthouse",N,"-",1,N,"-"
91653,"Courting",N,"-",1,N,"-"
91654,"Covered Market",N,"-",1,N,"-"
91655,"COVERED YARD",Y,"A covered area of ground attached to a building.",1,P,"-"
91656,"COW HOUSE",Y,"A building in which cattle are housed overnight, normally tethered in stalls.",1,P,"-"
91657,"Craft Chapel",N,"-",1,N,"-"
91658,"CRAFT INDUSTRY SITE",N,"Site of small scale industrial production often involving hand work and craft skills.",1,P,"-"
91661,"CRANE HOUSE",Y,"A component part of a treadmill crane, the shed is used to enclose the treadwheel.",1,P,"-"
91662,"CRANEWHEEL",Y,"A tread-wheel by which a crane was formerly worked.",1,P,"-"
91663,"CRATEMAKERS SHOP",Y,"Workshop for producing crates, particularly for the packing of pottery.",1,P,"-"
91664,"Creamery",N,"-",1,N,"-"
91665,"CRECHE",Y,"A nursery for infants, where they are taken care of while their mothers are at work.",1,P,"-"
91666,"Crematorium Chapel",N,"Use both terms.",1,N,"-"
91667,"CREPE MILL",Y,"A textile mill where crepe is manufactured.Crepe is a fine cloth particularly silk or mixture of silk and cotton.",1,P,"-"
91668,"Cricket Stand",N,"-",1,N,"-"
91669,"Criminal Courts",N,"-",1,N,"-"
91670,"Crippled Childrens Home",N,"A historic term for a charitable institution caring for children with physical and/or mental disabilities.",1,N,"-"
91671,"Croquet House",N,"-",1,N,"-"
91672,"CROQUET SHED",Y,"A small garden building used to store equipment used in the game of croquet.",1,P,"-"
91673,"CROSS PASSAGE HOUSE",Y,"A house in which a passage runs across the building, usually adjacent to a hall, between front and back entrance doors.",1,P,"-"
91674,"CROSS WING HOUSE",Y,"A house with a range at the end of it, at right angles to the main range.",1,P,"-"
91675,"CROWN COURT",Y,"A court of criminal, and limited civil, jurisdiction in England and Wales. Established in 1972 to replace the Assize Court, following legislation in 1971.",1,P,"-"
91678,"CRUCIBLE STEEL WORKS",Y,"Production of high quality steel by reheating cementation steel in a refractory crucible.",1,P,"-"
91679,"CRUCK BARN",Y,"A barn in which a pair of curved timbers form a bowed A-frame which supports the roof independently of the walls.",1,P,"-"
91680,"CRUCK HOUSE",Y,"A house in which a pair of curved timbers form a bowed A-frame which supports the roof independently of the walls.",1,P,"-"
91681,"CUBICLE BLOCK",Y,"Block for the treatment of separate diseases.",1,P,"-"
91682,"CUL DE SAC",Y,"A passage or road closed to traffic at one end.",1,P,"-"
91686,"CURFEW BELL TOWER",Y,"A tower containing a curfew bell. The bell was rung in the evening, as a signal that fires were to be extinguished.",1,P,"-"
91687,"Curfew Tower",N,"-",1,N,"-"
91688,"Curtain",N,"-",1,N,"-"
91689,"Customs And Excise Office",N,"-",1,N,"-"
91690,"CUSTOMS LOOKOUT",Y,"A building or site from which a watch can be kept to prevent the illegal import/export of goods.",1,P,"-"
91691,"Customs Post",N,"-",1,N,"-"
91692,"CUTLERY WORKSHOP",Y,"A place where metal knives and edge cutting tools were manufactured.",1,P,"-"
91693,"Dahlia Garden",N,"-",1,N,"-"
91694,"DAME SCHOOL",Y,"A kind of primary school kept by elderly women.",1,P,"-"
91695,"DANCE HALL",Y,"A public building where regular dances were held.",1,P,"-"
91696,"DANCE STUDIO",Y,"A building or room used for the practice and study of dance.",1,P,"-"
91697,"DAY HOSPITAL",Y,"A hospital where elderly people receive medical treatment, but not overnight accommodation.",1,P,"-"
91698,"DAY MARK",Y,"An unlit, highly visible and distinctive feature on the coast that can be used by mariners for navigation during daylight only.",1,P,"-"
91699,"DAYROOM BLOCK",Y,"A hospital block where patients come for day-care medical treatment.",1,P,"-"
91700,"Deans House",N,"-",1,N,"-"
91701,"Deans Lodgings",N,"-",1,N,"-"
91702,"DEBTORS COURT",Y,"A place of law to which debtors were taken for the recovery of monies by their creditors.",1,P,"-"
91704,"DECORATING SHOP",Y,"A workshop used for the decoration of fired pottery or ceramics. Usually part of a larger complex.",1,P,"-"
91705,"Delicatessen",N,"If an eating area is included use both terms, otherwise just SHOP.",1,N,"-"
91706,"Demi Bastion",N,"-",1,N,"-"
91707,"DENTAL DEPARTMENT",Y,"A hospital department where surgical and medical dental treatment takes place.",1,P,"-"
91708,"DENTAL HOSPITAL",Y,"A specialist hospital where medical and surgical dental treatment takes place.",1,P,"-"
91709,"DENTAL SCHOOL",Y,"An educational establishment where dentistry is taught.",1,P,"-"
91710,"Dental Surgery",N,"-",1,N,"-"
91711,"Depository",N,"-",1,N,"-"
91712,"DERRICK",Y,"A structure consisting of a vertical mast and a horizontal boom operated by cables on a separate engine or motor. Used for hoisting and moving heavy loads or objects.",1,P,"-"
91713,"Despence",N,"-",1,N,"-"
91714,"DETACHED HOUSE",Y,"A free-standing house, not joined to another on either side.",1,P,"-"
91715,"Detention Centre",N,"-",1,N,"-"
91716,"Diesel Engine",N,"-",1,N,"-"
91717,"DIORAMA",Y,"A building in which a view is projected onto a wall by means of a lens.",1,P,"-"
91718,"DIPPING HOUSE",Y,"A building in which raw pottery is finished by dipping it in glaze.",1,P,"-"
91719,"DIPPING WELL",Y,"A natural spring located within a, usually small,  man-made structure, such as a niche or a box. The structure is so placed to accomodate use for a specific non-religious function, such as communal bathing.",1,P,"-"
91720,"DISCHARGE BLOCK",Y,"A hospital block from where patients are discharged after an operation or other treatment.",1,P,"-"
91721,"Dish House",N,"-",1,N,"-"
91722,"DISINFECTOR HOUSE",Y,"A building where patients or inmates of a hospital or workhouse were disinfected and their clothes washed or burnt to prevent the spread of infectious diseases or other ailments.",1,P,"-"
91723,"Dispence",N,"-",1,N,"-"
91724,"DISPERSAL",Y,"An area of hardstanding for parking aircraft, in a state of readiness, usually around the perimeter of an airfield.",1,P,"-"
91725,"Dissenters Cemetery Chapel",N,"-",1,N,"-"
91726,"Dissenters Chapel",N,"-",1,N,"-"
91727,"Dissenters Grammar School",N,"-",1,N,"-"
91728,"Dissenters Proprietary School",N,"-",1,N,"-"
91729,"Dissenters School",N,"-",1,N,"-"
91730,"DISTILLATION BLOCK",Y,"A group of buildings, or part of a works, housing apparatus used in the process of distilling.",1,P,"-"
91731,"DISTILLATION PLANT",Y,"A building where distillation, a chemical process used in the production of a range of different chemicals, took place.",1,P,"-"
91732,"Distilling Mill",N,"-",1,N,"-"
91733,"DISTILLING SITE",N,"Buildings, sites and structures associated with the process of distilling.",1,P,"-"
91734,"District Library",N,"-",1,N,"-"
91735,"DIVINITY SCHOOL",Y,"A school where theological subjects are taught.",1,P,"-"
91736,"DOCK AND HARBOUR INSTALLATION",N,"Excludes terms specific to MARINE CONSTRUCTION SITE.",1,P,"-"
91738,"Dock Engine House",N,"Use both terms.",1,N,"-"
91739,"DOCK FLOOR",Y,"The bottom of a dock.",1,P,"-"
91740,"DOCK GATE",Y,"A gate used to seal the entrance to a dock to prevent water escaping from a wet dock or entering a dry dock.",1,P,"-"
91742,"Dock Pumphouse",N,"Use both terms.",1,N,"-"
91743,"Dock Railway",N,"Use both terms.",1,N,"-"
91744,"DOCK SILL",Y,"Horizontal masonry or timber work at the entrance to a dock.",1,P,"-"
91746,"Dock Tower",N,"Use both terms",1,N,"-"
91747,"Dock Traffic Office",N,"-",1,N,"-"
91748,"Dock Wall",N,"Use both terms.",1,N,"-"
91749,"Dock Warehouse",N,"Use both terms.",1,N,"-"
91750,"Dock Watch House",N,"-",1,N,"-"
91751,"DOCK WORKERS COTTAGE",Y,"The residence of a dock worker.",1,P,"-"
91753,"Docks",N,"-",1,N,"-"
91754,"Dockyard Boundary Wall",N,"Use both terms.",1,N,"-"
91755,"Dockyard Church",N,"-",1,N,"-"
91756,"Dockyard Gate",N,"Use both terms.",1,N,"-"
91757,"Dockyard Gatehouse",N,"Use both terms.",1,N,"-"
91758,"Dockyard Office",N,"Use both terms.",1,N,"-"
91759,"DOCKYARD RAILWAY",Y,"A railway at a dockyard used for the transportation of goods to and from the dock side.",1,P,"-"
91760,"Dockyard Stable",N,"Use both terms.",1,N,"-"
91761,"Doctors House",N,"-",1,N,"-"
91762,"Doctors Surgery",N,"-",1,N,"-"
91763,"DOG TROUGH",Y,"A long stone or metal vessel for dogs to drink water from.",1,P,"-"
91764,"Doghouse",N,"-",1,N,"-"
91765,"Dogs Cemetery",N,"-",1,N,"-"
91766,"Dogs Gravestone",N,"-",1,N,"-"
91767,"DOGS HOME",Y,"A range of buildings used to house abandoned or stray dogs.",1,P,"-"
91768,"Dole Table",N,"-",1,N,"-"
91769,"DOLPHINARIUM",Y,"A pool and ancilliary buildings used for the housing of dolphins.",1,P,"-"
91770,"DOMESTIC CHAPEL",Y,"A chapel for a private residence.",1,P,"-"
91772,"Domus Longa",N,"-",1,N,"-"
91773,"DONKEY HOUSE",Y,"A building used to accommodate donkeys.",1,P,"-"
91774,"Dorter",N,"-",1,N,"-"
91775,"Double Cloister",N,"-",1,N,"-"
91776,"Double Cottage",N,"-",1,N,"-"
91777,"Double Dock",N,"-",1,N,"-"
91778,"DOUBLE ENDED HALL HOUSE",Y,"A house consisting of a single storey open hall with a two storey domestic range attached to both ends forming an H shape.",1,P,"-"
91779,"Double Moated Garden",N,"Use both terms.",1,N,"-"
91780,"Double Ropehouse",N,"-",1,N,"-"
91781,"DOUBLING MILL",Y,"A textile factory where the process of doubling, the twisting together of two spun yarns, takes place.",1,P,"-"
91782,"Dovecot",N,"-",1,N,"-"
91783,"DOWNDRAUGHT KILN",Y,"A type of pottery kiln in which air rises up inside the oven to be forced back down and out through the base of the oven.",1,P,"-"
91784,"DRABBET FACTORY",Y,"A factory producing drabbet, a type of linen cloth.",1,P,"-"
91785,"Drain Syphon",N,"-",1,N,"-"
91786,"Drainage Works",N,"-",1,N,"-"
91787,"Drainpipe Tunnel",N,"Drainage tunnel used in mine drainage.",1,N,"-"
91788,"DRAMA SCHOOL",Y,"A building where students study theatre and the dramatic arts.",1,P,"-"
91789,"Drapers Shop",N,"-",1,N,"-"
91790,"Drapery Shop",N,"-",1,N,"-"
91791,"DRAW DOCK",Y,"An inlet in the banks of a navigable river, often lined with brick and gated, into which boats can be drawn for repair etc.",1,P,"-"
91792,"DRAWING OFFICE",Y,"A commercial building used for the production of detailed, often technical, drawings.",1,P,"-"
91793,"Dresser Tomb",N,"-",1,N,"-"
91794,"DRESSING SHED",Y,"A shed, often found at a quarry, in which rough stone is shaped or dressed.",1,P,"-"
91795,"DRIVE",Y,"A road/carriage way giving access from the main road to the house, stables.",1,P,"-"
91796,"Drop Forge Stamps",N,"-",1,N,"-"
91797,"DROVERS HOUSE",Y,"The residence of a drover.",1,P,"-"
91798,"DROVERS INN",Y,"A wayside inn for livestock traders.",1,P,"-"
91799,"Drum Tower",N,"-",1,N,"-"
91800,"Dry",N,"-",1,N,"-"
91801,"Dry Cooperage",N,"-",1,N,"-"
91802,"Drying Oven",N,"-",1,N,"-"
91803,"Drying Shed",N,"-",1,N,"-"
91804,"Drying Yard",N,"For drying clothes.",1,N,"-"
91805,"Duck Keepers Cottage",N,"-",1,N,"-"
91806,"Dummy Yard",N,"-",1,N,"-"
91807,"DUNG PIT",Y,"A pit used for containing manure.",1,P,"-"
91808,"Dungery",N,"-",1,N,"-"
91809,"DUST EXTRACTION PLANT",Y,"A plant where freshly mined coal was washed down and any dust removed before loading for transport away from the colliery.",1,P,"-"
91810,"Dutch Barn",N,"-",1,N,"-"
91811,"DUTCH GARDEN",Y,"A 17th century garden in the Dutch style: usually flat and compact, with an emphasis on small canals, hedges, topiary, lead statuary and flowering shrubs and bulbs.",1,P,"-"
91812,"Dutch Reformed Church",N,"-",1,N,"-"
91813,"DUTY POST",Y,"A boundary post for the payment of tax or duty.",1,P,"-"
91814,"DYE AND PIGMENT SITE",N,"Buildings and sites used for the production of inorganic and organic dyes, pigments and paints.",1,P,"-"
91815,"Dyeing Shop",N,"-",1,N,"-"
91816,"Dyeshop",N,"-",1,N,"-"
91817,"DYKE (DEFENCE)",Y,"A defensive or boundary earthwork.",1,P,"-"
91818,"Dyke (Water Channel)",N,"Use for drain or other water-filled ditch.",1,N,"-"
91819,"EAR HOSPITAL",Y,"A specialist hospital for the medical and surgical treatment of ear disorders and diseases.",1,P,"-"
91820,"EAR NOSE AND THROAT DEPARTMENT",Y,"A hospital department for the medical treatment of ear, nose and throat disorders.",1,P,"-"
91821,"EAR NOSE AND THROAT HOSPITAL",Y,"A specialist hospital for the medical and surgical treatment of ear, nose and throat disorders and diseases.",1,P,"-"
91822,"EASTERN ORTHODOX CATHEDRAL",Y,"The principal Eastern Orthodox church in an area.",1,P,"-"
91823,"EASTERN ORTHODOX CEMETERY",Y,"A burial ground for followers of the Eastern Orthodox church.",1,P,"-"
91824,"Eastern Orthodox Cemetery Chapel",N,"-",1,N,"-"
91825,"EATING AND DRINKING ESTABLISHMENT",N,"For commercial or non commercial use. See narrow terms in each class.",1,P,"-"
91826,"Ebenezer Chapel",N,"-",1,N,"-"
91827,"ECCLESIASTICAL OFFICE",Y,"An office which administers the affairs of the church.",1,P,"-"
91828,"Editorial Office",N,"-",1,N,"-"
91829,"Education Office",N,"-",1,N,"-"
91830,"Eel And Pie Shop",N,"-",1,N,"-"
91831,"EEL STALL",Y,"A stall where eels, either raw or cooked, are sold.",1,P,"-"
91832,"EEL TRAP",Y,"A device with a funnel-shaped entrance designed for catching eels.",1,P,"-"
91833,"EFFIGY",Y,"A sculptured likeness, portrait or image, often found on a tomb or other memorial.",1,P,"-"
91834,"EGYPTIAN GARDEN",Y,"A garden incorporating Egyptian architectural features such as sphinxes and tomb-like features, etc.",1,P,"-"
91836,"ELEANOR CROSS",Y,"One of 12 roadside crosses erected by Edward I in memory of his wife, Eleanor of Castile, the most famous being Charing Cross in London.",1,P,"-"
91837,"ELECTRIC ARC FURNACE",Y,"A refractory lined furnace in which an electric arc is struck between the electrode and the metal to be melted.",1,P,"-"
91838,"Electric Cooperage",N,"-",1,N,"-"
91839,"Electric Generating Station",N,"-",1,N,"-"
91840,"Electric Light Works",N,"-",1,N,"-"
91841,"Electric Theatre",N,"-",1,N,"-"
91842,"ELECTRIC WINCH",Y,"A hoisting mechanism powered by electricity.",1,P,"-"
91843,"Electrical Valve Works",N,"-",1,N,"-"
91844,"ELECTRICITY PRODUCTION SITE",N,"Buildings, sites and structures associated with the production of electricity.",1,P,"-"
91845,"Electro Plating Works",N,"-",1,N,"-"
91846,"ELEMENTARY SCHOOL",Y,"A school in which elementary subjects are taught to young children.",1,P,"-"
91847,"EMBANKED AVENUE",Y,"A monument consisting of parallel banks, normally accompanied by ditches, which appears to mark out an approach to another monument or monuments.",1,P,"-"
91848,"Embankment Steps",N,"-",1,N,"-"
91849,"EMBASSY",Y,"The residence and office of an ambassador.",1,P,"-"
91850,"Emergency Hospital",N,"Emergency Medical Scheme Hospital (WWII). For epidemics use INFECTIOUS DISEASES HOSPITAL.",1,N,"-"
91851,"Emergency Medical Scheme Hospital",N,"-",1,N,"-"
91852,"EMERGENCY WARD BLOCK",Y,"Use for blocks in Emergency Medical Scheme hospitals (WWII).",1,P,"-"
91853,"Emporium",N,"-",1,N,"-"
91854,"ENAMELLING KILN",Y,"A low-temperature oven for the firing of metallic-based colour onto pottery after glazing.",1,P,"-"
91855,"End Chimney House",N,"-",1,N,"-"
91856,"END GABLED HOUSE",Y,"A house with a pitched roof with a double slope and gables on the side elevations of the building.",1,P,"-"
91857,"End Hall",N,"-",1,N,"-"
91858,"End Hall House",N,"-",1,N,"-"
91859,"END JETTY HOUSE",Y,"A jettied house where the upper storey only overhangs the end elevation of the building.",1,P,"-"
91860,"Endowed Grammar School",N,"-",1,N,"-"
91861,"Engineering College",N,"-",1,N,"-"
91862,"ENGINEERING INDUSTRY SITE",N,"Buildings, sites and structures associated with the engineering industry.",1,P,"-"
91863,"ENGINEERS HOUSE",Y,"The residence of an engineer.",1,P,"-"
91864,"Epileptic Colony",N,"-",1,N,"-"
91865,"Equestrian Statue",N,"-",1,N,"-"
91866,"Estate Agent",N,"-",1,N,"-"
91867,"ESTATE BUILDING",Y,"A building situated within the estate of a manor or country house.",1,P,"-"
91868,"Estate Farmhouse",N,"Use both terms.",1,N,"-"
91869,"ESTATE LAUNDRY",Y,"A laundry situated within the estate of a manor or country house.",1,P,"-"
91870,"Estate Managers House",N,"-",1,N,"-"
91871,"ESTATE VILLAGE",Y,"A purpose-built model village for the workers on a country house estate.",1,P,"-"
91872,"Estate Workers Cottage",N,"-",1,N,"-"
91873,"Estate Workers House",N,"-",1,N,"-"
91874,"Estate Workshop",N,"Use both terms.",1,N,"-"
91875,"ETHER PLANT",Y,"A site used for the production of anaesthetic gas.",1,P,"-"
91876,"Ethical Society Hall",N,"-",1,N,"-"
91877,"Eton Fives Court",N,"-",1,N,"-"
91878,"Evangelical Chapel",N,"-",1,N,"-"
91879,"EXAMINATION HALL",Y,"An educational building where examinations are held.",1,P,"-"
91881,"EXCHEQUER",Y,"A building or a room for accounts.",1,P,"-"
91882,"EXCISE OFFICE",Y,"A government office used for the collecting of excise tax/duty.",1,P,"-"
91883,"EXERCISE YARD",Y,"A courtyard in a prison or workhouse for the inmates to take exercise.",1,P,"-"
91884,"Exhibition Cottage",N,"-",1,N,"-"
91885,"EXHIBITION PAVILION",Y,"A pavilion used for exhibitions, e.g. the exhibition pavilions at the Great Empire Exhibition, Wembley, 1925.",1,P,"-"
91886,"Exhibition Tent",N,"-",1,N,"-"
91887,"EXPERIMENTAL HOUSE",Y,"A house built using experimental building techniques and materials.",1,P,"-"
91888,"Experimental Research Station",N,"-",1,N,"-"
91890,"EYE AND EAR HOSPITAL",Y,"A specialist hospital for the medical and surgical treatment of eye and ear disorders and diseases.",1,P,"-"
91891,"EYE DEPARTMENT",Y,"A hospital department for the medical treatment of eye disorders and diseases.",1,P,"-"
91892,"EYE HOSPITAL",Y,"A specialist hospital for the medical and surgical treatment of eye disorders and diseases.",1,P,"-"
91893,"Eyecatcher",N,"-",1,N,"-"
91894,"Fabric Mill",N,"-",1,N,"-"
91895,"FACADE",Y,"Use wider site type where known. Only use term where no other part of original building survives.",1,P,"-"
91898,"Factory Canteen",N,"-",1,N,"-"
91899,"Factory Foremans House",N,"-",1,N,"-"
91900,"Factory Gate Lodge",N,"Use both terms.",1,N,"-"
91901,"Factory Managers House",N,"-",1,N,"-"
91902,"Factory Masters House",N,"-",1,N,"-"
91903,"Factory Model Village",N,"-",1,N,"-"
91904,"FACTORY UNIT",Y,"A modern small factory or workshop, often in the form of a prefabricated shed.",1,P,"-"
91905,"FAIRBAIRN JIB CRANE",Y,"A dockside crane with a solid curving jib made out of rivetted iron plates.",1,P,"-"
91906,"Fairground",N,"-",1,N,"-"
91907,"FAIRLEAD",Y,"A pulley block and metal ring used to guide a line or rope and cause it to run easily without chafing.",1,P,"-"
91908,"Falcon Mews",N,"-",1,N,"-"
91911,"Farm Workers Cottage",N,"-",1,N,"-"
91912,"Farmery",N,"Use INFIRMARY with ABBEY or PRIORY.",1,N,"-"
91913,"FARMYARD CAUSEWAY",Y,"An area of hardstanding to allow movement of farm transport in all weathers.",1,P,"-"
91914,"FATTENING HOUSE",Y,"A building where animals are deliberately fattened before being killed for their meat.",1,P,"-"
91915,"Feeding Trough",N,"-",1,N,"-"
91916,"FELT MILL",Y,"A textile mill where felt is produced.",1,P,"-"
91917,"FENCING SCHOOL",Y,"An establishment where the art of sword fencing is taught.",1,P,"-"
91918,"FERME ORNEE",Y,"A rustic building of picturesque design, often associated with a model farm, country house or estate. Although ornamental in design they are intended to be functional.",1,P,"-"
91919,"FERMENTING BLOCK",Y,"A group of buildings, or part of a works, housing apparatus used in the process of fermentation.",1,P,"-"
91920,"Fermenting Tower",N,"-",1,N,"-"
91921,"FERNERY (GARDEN)",Y,"Area of a garden for the cultivation of ferns.",1,P,"-"
91922,"FERNERY (GLASSHOUSE)",Y,"A glasshouse for the cultivation of ferns.",1,P,"-"
91928,"Fever Hospital",N,"-",1,N,"-"
91929,"FIELD CENTRE",Y,"Building used for field studies and outdoor pursuits in the countryside and in an urban context.",1,P,"-"
91930,"FIELD DRAIN",Y,"An unsocketed earthenware or porous concrete pipe laid end to end unjointed so as to drain the ground.",1,P,"-"
91931,"FIG HOUSE",Y,"A greenhouse for the growing of figs.",1,P,"-"
91932,"FIGUREHEAD",Y,"A carving, often a bust or full-length figure, originally found above a ship's cutwater. Use as an external feature only.",1,P,"-"
91933,"FILEMAKERS WORKSHOP",Y,"A place where metal-cutting hand files were made.",1,P,"-"
91934,"Filling Station",N,"-",1,N,"-"
91935,"FILM STUDIO",Y,"A building or complex of buildings where cinematographic films are produced.",1,P,"-"
91936,"FILTER HOUSE",Y,"A building containing apparatus for the removal of large pieces of detritus from a water supply.",1,P,"-"
91937,"Fine Art Academy",N,"-",1,N,"-"
91938,"FINISHING HOUSE",Y,"A building or area where processes like bleaching, dressing, etc, are conducted under one roof.",1,P,"-"
91939,"FIRE HYDRANT",Y,"A large discharge pipe with a valve for drawing water from a water main. Used to help extinguish fires.",1,P,"-"
91940,"Fire Office",N,"-",1,N,"-"
91941,"FIREPROOF BUILDING",Y,"A building constructed with the minimum amount of combustible materials.",1,P,"-"
91942,"FIREPROOF FACTORY",Y,"A factory, mill or warehouse constructed with the minimum amount of combustible materials.",1,P,"-"
91943,"Fireproof Mill",N,"-",1,N,"-"
91944,"FIRST FLOOR HALL HOUSE",Y,"A high status building of the medieval period, consisting of a hall and attached room at first floor level with rooms below possibly for storage or living accommodation for a lower status family. The first floor was accessed by an external staircase.",1,P,"-"
91945,"Fish Curing House",N,"-",1,N,"-"
91946,"Fish Factory",N,"-",1,N,"-"
91947,"FISH LADDER",Y,"A series of steps designed to enable fish to ascend a fall of water or a dam.",1,P,"-"
91948,"FISH LOCK",Y,"A lock, often containing a fish ladder, which allows fish to swim upstream bypassing a weir or other obstacle.",1,P,"-"
91949,"Fish Processing Unit",N,"-",1,N,"-"
91950,"Fish Smoking House",N,"-",1,N,"-"
91951,"FISH WAREHOUSE",Y,"A large building where fish are stored before sale.",1,P,"-"
91953,"FISHERMANS HOUSE",Y,"A purpose-built fisherman's house, eg. a house with a first floor dwelling and ground floor fish store, or a house with a watch tower for spotting shoals.",1,P,"-"
91954,"FISHING PAVILION",Y,"A waterside building from which one could fish.",1,P,"-"
91955,"FISHING SITE",N,"Buildings, sites and structures associated with the farming of fish.",1,P,"-"
91956,"Fishing Temple",N,"-",1,N,"-"
91957,"FIXED QUAY CRANE",Y,"A crane fixed to a quay, used for the unloading of ships cargoes.",1,P,"-"
91958,"Flag Pole",N,"-",1,N,"-"
91959,"FLANKER",Y,"A battery mounted in the flank of a bastion from which flanking fire is directed across a curtain wall.",1,P,"-"
91960,"FLANKING TOWER",Y,"Small tower projecting from a castle wall, or other fortified wall. Allows defenders to fire along the length of the wall.",1,P,"-"
91961,"FLASH LOCK",Y,"A form of lock on a river, which increased the depth upstream and had a gated opening.",1,P,"-"
91962,"Flatted Factory",N,"-",1,N,"-"
91963,"FLAX BEATING STONE",Y,"A stone on which flax stems were beaten with wooden mallets, a process known as beetling.",1,P,"-"
91964,"FLAX DRY HOUSE",Y,"A building used to dry flax.",1,P,"-"
91965,"Flax Dry Shed",N,"-",1,N,"-"
91966,"FLEA MARKET",Y,"A street market.",1,P,"-"
91967,"FLEECING SHOP",Y,"A workshop, associated with a tannery, in which the fleece is removed from the skin prior to the tanning process.",1,P,"-"
91968,"Flesh Market",N,"-",1,N,"-"
91971,"FLOCK MILL",Y,"A mill for shredding cloth, for use in flock paper, etc.",1,P,"-"
91972,"Flood Barrier",N,"-",1,N,"-"
91973,"FLOOD LOCK",Y,"Gates that can be opened or closed, to admit or exclude water, especially flood water.",1,P,"-"
91974,"FLOOD RELIEF CANAL",Y,"A channel dug, or built up, to carry away surplus water from a river or waterway to prevent it bursting its banks and flooding.",1,P,"-"
91975,"Floodgate",N,"-",1,N,"-"
91976,"FLOORCLOTH FACTORY",Y,"A factory where floorcloths are manufactured.",1,P,"-"
91977,"Floral Market",N,"-",1,N,"-"
91978,"Florists Shop",N,"-",1,N,"-"
91979,"FLOWER BED",Y,"A plot of earth used for the raising of flowers and shrubs.",1,P,"-"
91980,"FLOWER BOX",Y,"A stone, terracotta, wooden or metal receptacle used to grow flowers in.",1,P,"-"
91981,"Flower Conservatory",N,"-",1,N,"-"
91982,"FLOWER MARKET",Y,"An outdoor or indoor place where flowers were sold.",1,P,"-"
91983,"Flying Boat Warehouse",N,"-",1,N,"-"
91984,"FLYOVER",Y,"A bridge for carrying a road or railway over another.",1,P,"-"
91985,"FOG DISPERSAL PLANT",Y,"A system of petrol burners, pipework and pump houses on an airfield used to 'burn' away fog so that aircraft may take off and land safely.",1,P,"-"
91986,"FOG HORN",Y,"A structure found on lighthouses, piers, etc, capable of emitting a loud noise to warn shipping in foggy weather.",1,P,"-"
91987,"Fold Garth",N,"-",1,N,"-"
91988,"Fold Yard",N,"-",1,N,"-"
91989,"Folk Moot",N,"-",1,N,"-"
91990,"Fontevraultine Alien Priory",N,"Use both terms.",1,N,"-"
91991,"FOOD AND DRINK INDUSTRY SITE",N,"Buildings, sites and structures associated with the large-scale production, processing and preserving of food and drink.",1,P,"-"
91992,"FOOD AND DRINK PROCESSING SITE",N,"Terms included here are for small scale agricultural production. See also FOOD AND DRINK INDUSTRY SITE grouping in INDUSTRIAL class.",1,P,"-"
91993,"FOOD DRYING KILN",Y,"A structure used for the drying of food using an indirect source of heat.",1,P,"-"
91994,"FOOD DRYING ROOM",Y,"A room with special ventilation used for the slow drying of foodstuffs.",1,P,"-"
91995,"FOOD PRESERVING SITE",N,"Buildings, sites and structures associated with the preserving of food.",1,P,"-"
91996,"FOOD PROCESSING SITE",N,"Buildings, sites and structures associated with the processing of foodstuffs.",1,P,"-"
91998,"FOOT HOSPITAL",Y,"A specialist hospital for the medical and surgical treatment of foot disorders and diseases.",1,P,"-"
91999,"Foot Scraper",N,"-",1,N,"-"
92000,"Foot Tunnel",N,"-",1,N,"-"
92001,"Football Stadium",N,"Use both terms",1,N,"-"
92002,"Football Stand",N,"-",1,N,"-"
92003,"FOOTBALL TERRACE",Y,"A raised step, usually made of concrete, on which supporters stand to watch a game of football.",1,P,"-"
92004,"Footstone",N,"-",1,N,"-"
92005,"FORD KEEPERS COTTAGE",Y,"The residence of a ford keeper.",1,P,"-"
92006,"FORECOURT",Y,"The court or enclosed space at the front of a building or structure.",1,P,"-"
92007,"FOREIGN LANGUAGE INSTITUTE",Y,"A building in which an organization or society is instituted to promote foreign languages in England such as French and German, etc.",1,P,"-"
92008,"Foreign Office",N,"-",1,N,"-"
92009,"FOREMANS HOUSE",Y,"A purpose-built dwelling for the supervisor of a factory, mine or other industrial complex.",1,P,"-"
92010,"FOREST COURT",Y,"A medieval court established for the administration of forest law.",1,P,"-"
92011,"Forge House",N,"-",1,N,"-"
92012,"Forge Mill",N,"-",1,N,"-"
92013,"Fork Factory",N,"-",1,N,"-"
92014,"FORTIFIED CHURCH",Y,"Any church which bears signs of fortification. Churches on the Welsh and Scottish borders were often fortified, only allowing access to the tower from a single opening in the nave.",1,P,"-"
92015,"Foundling Hospital",N,"-",1,N,"-"
92016,"Foundling Hospital Chapel",N,"Use both terms.",1,N,"-"
92017,"Foundling Hospital School",N,"-",1,N,"-"
92018,"FOUNTAIN HOUSE",Y,"A building, in a garden, park or open space, either housing a fountain or the machinery which powers one.",1,P,"-"
92019,"Fowl House",N,"-",1,N,"-"
92020,"FRAGRANCE GARDEN",Y,"A garden specifically planted with sweet smelling, fragrant plants.",1,P,"-"
92021,"Frame Knitters Workshop",N,"-",1,N,"-"
92022,"Frameshop",N,"-",1,N,"-"
92023,"FRAMEWORK KNITTERS COTTAGE",Y,"The dwelling and workshop of a framework knitter.",1,P,"-"
92024,"Framework Knitters House",N,"-",1,N,"-"
92025,"Frater",N,"-",1,N,"-"
92026,"Free Church",N,"-",1,N,"-"
92027,"Free Grammar School",N,"-",1,N,"-"
92028,"Free Library",N,"-",1,N,"-"
92029,"Free Methodist Chapel",N,"-",1,N,"-"
92030,"FREE SCHOOL",Y,"A school where no fees were charged.",1,P,"-"
92031,"Freemasons Asylum",N,"-",1,N,"-"
92032,"Freemasons Lodge",N,"-",1,N,"-"
92033,"Freemasons Temple",N,"-",1,N,"-"
92034,"Freestore",N,"-",1,N,"-"
92035,"French Institute",N,"-",1,N,"-"
92036,"French Protestant Church",N,"-",1,N,"-"
92037,"French Protestant School",N,"-",1,N,"-"
92038,"Friars Church",N,"Use both terms.",1,N,"-"
92039,"Friary Church",N,"Use both terms.",1,N,"-"
92040,"Friary Gatehouse",N,"Use both terms.",1,N,"-"
92041,"FRONT GABLED HOUSE",Y,"A house with a pitched roof with a double slope and gables on the front and rear elevations of the building.",1,P,"-"
92042,"Frue Vanner House",N,"-",1,N,"-"
92043,"FRUIT AND VEGETABLE MARKET",Y,"An indoor or outdoor market where fruit and vegetables are sold.",1,P,"-"
92044,"Fruit Exchange",N,"-",1,N,"-"
92045,"Fruit Shop",N,"-",1,N,"-"
92046,"FUEL PRODUCTION SITE",N,"Includes sites associated with extraction.",1,P,"-"
92047,"Fullery",N,"-",1,N,"-"
92048,"FUNCTION ROOM",Y,"A place where social and other functions such as parties, presentations and meetings can be held.",1,P,"-"
92049,"FUNERAL DIRECTORS",Y,"The establishment of an undertaker who is responsible for the management of the ceremony connected with the burial or cremation of a dead body.",1,P,"-"
92050,"Funfair",N,"-",1,N,"-"
92051,"FUNICULAR RAILWAY",Y,"A cable railway with ascending and descending cars counterbalanced.",1,P,"-"
92054,"Furnace House",N,"-",1,N,"-"
92055,"FURTHER EDUCATION COLLEGE",Y,"An educational establishment primarily for children aged 16-18 years old but can provide education for more mature students.",1,P,"-"
92056,"Furze House",N,"-",1,N,"-"
92057,"Fustian Cutters Shop",N,"-",1,N,"-"
92058,"GABLED HOUSE",Y,"A house with a pitched or gabled roof with a double slope and gables on two or more sides.",1,P,"-"
92059,"GALILEE",Y,"A chapel in a church for penitents.",1,P,"-"
92060,"GALLERIED ROW HOUSE",Y,"A house within a row. At first floor level a gallery which runs through the front of the building. Access to the gallery was gained by steps set at intervals along the row. Commonly found in the city of Chester.",1,P,"-"
92061,"GALVANIZING WORKSHOP",Y,"A place where an anti-corrosion coating of zinc is added to iron and steel products to prevent them from rusting.",1,P,"-"
92062,"GAMBLING SITE",N,"Buildings where gambling takes place.",1,P,"-"
92063,"Game Store",N,"-",1,N,"-"
92064,"Gamekeepers Cottage",N,"-",1,N,"-"
92065,"Gamekeepers House",N,"-",1,N,"-"
92066,"Gamekeepers Lodge",N,"-",1,N,"-"
92067,"Games Pavilion",N,"-",1,N,"-"
92068,"GAMING HOUSE",Y,"An establishment used for gambling.",1,P,"-"
92069,"Gang Mill",N,"-",1,N,"-"
92070,"GANTRY CRANE",Y,"A crane mounted on a large metal gantry, used for the lifting of large-scale building materials, etc.",1,P,"-"
92071,"GARDEN ARCADE",Y,"A series of arches, linked together, often made out of clipped hedges or trees with the trunks forming the uprights",1,P,"-"
92072,"Garden Archway",N,"-",1,N,"-"
92073,"GARDEN BASIN",Y,"A decorative garden ornament, usually of stone, in the form of a wide, shallow dish.",1,P,"-"
92074,"GARDEN CENTRE",Y,"A place where gardening tools, plants, etc, are sold.",1,P,"-"
92075,"Garden Cottage",N,"-",1,N,"-"
92076,"Garden Lake",N,"Use both terms.",1,N,"-"
92077,"GARDEN ORNAMENT",Y,"A decorative or ornamental structure purposefully situated in a garden. Such as sculptures, sundials, bird baths, gnomes etc.",1,P,"-"
92078,"GARDEN PATH",Y,"A path in a garden.",1,P,"-"
92079,"Garden Pool",N,"Use both terms.",1,N,"-"
92080,"GARDEN PORCH",Y,"A roofed, lightweight structure, usually attached to a house, provdiing access from and to the garden.",1,P,"-"
92081,"GARDEN RETREAT",Y,"A structure or building, often within a secluded area of a garden, where people could go for quiet reflection.",1,P,"-"
92082,"Garden Room",N,"-",1,N,"-"
92083,"GARDEN SCREEN",Y,"Ornamental wrought iron screen associated with gate lodges or entrance lodges.",1,P,"-"
92084,"Garden Staircase",N,"-",1,N,"-"
92085,"Garden Stairs",N,"-",1,N,"-"
92086,"GARDEN STEPS",Y,"Stone, brick or wooden steps or stairs found in a garden.",1,P,"-"
92087,"GARDEN SUBURB",Y,"A town laid out systematically with spacious and garden-like surroundings.",1,P,"-"
92088,"GARDEN TABLE",Y,"A table found in a garden, often made of stone.",1,P,"-"
92089,"GARDEN VILLAGE",Y,"A village laid out systematically with spacious and garden-like surroundings.",1,P,"-"
92090,"Gardeners Cottage",N,"-",1,N,"-"
92091,"Gardeners House",N,"-",1,N,"-"
92094,"Garrison Chapel",N,"-",1,N,"-"
92095,"Garrison Church",N,"-",1,N,"-"
92096,"GAS ENGINE",Y,"A machine producing mechanical power by the internal combustion of gas.",1,P,"-"
92097,"GAS ENGINE HOUSE",Y,"A building housing a gas engine, used as a power source for driving other machinery.",1,P,"-"
92098,"GAS FIRED POWER STATION",Y,"A power station used to produce electricity, fired by coal gas.",1,P,"-"
92099,"Gas Generator House",N,"-",1,N,"-"
92100,"GAS LAMP",Y,"A street lamp in which the light is produced by the burning of coal gas. More recently natural gas has been used.",1,P,"-"
92101,"GAS METER HOUSE",Y,"A building in which apparatus registering the amount of gas consumed is housed.",1,P,"-"
92102,"GAS PLANT",Y,"A factory, works or structure used for the manufacture and purification of gas.",1,P,"-"
92103,"GAS STORAGE TANK",Y,"Storage tank for coal gas and possibly other types of gas .",1,P,"-"
92104,"GAS TURBINE",Y,"A turbine driven by gas flow or the gas from combustion.",1,P,"-"
92105,"Gasometer",N,"-",1,N,"-"
92106,"Gatehouse Chapel",N,"Use both terms.",1,N,"-"
92107,"Gatekeepers Cottage",N,"-",1,N,"-"
92108,"Gatekeepers House",N,"-",1,N,"-"
92109,"Gatekeepers Lodge",N,"-",1,N,"-"
92110,"GATEMANS HUT",Y,"A small building used by a gatekeeper.",1,P,"-"
92111,"GENERAL BAPTIST CHAPEL",Y,"A place of worship for General Baptists, a movement established by John Smyth in 1603 and which grew out of the original Baptist church. They believed in free will and are often referred to simply as Baptists.",1,P,"-"
92112,"GENERAL HOSPITAL",Y,"A non-specialist hospital dealing in general medical and surgical treatment.",1,P,"-"
92113,"General Post Office",N,"-",1,N,"-"
92114,"GENERAL STORE",Y,"A shop selling a variety of goods and merchandise.",1,P,"-"
92115,"Gentlemens Subscription Library",N,"-",1,N,"-"
92116,"GERIATRIC HOSPITAL",Y,"A specialist hospital where the elderly receive medical treatment.",1,P,"-"
92117,"German Institute",N,"-",1,N,"-"
92118,"Gilbertine Priory Cell",N,"-",1,N,"-"
92119,"Gin Case",N,"-",1,N,"-"
92120,"GIN PALACE",Y,"An ornate public house that developed in the 1830s after the passing of a law to encourage the drinking of beer in alehouses licensed for the sale of beer only.",1,P,"-"
92121,"Gingang",N,"-",1,N,"-"
92122,"GIRAFFE HOUSE",Y,"A building in a zoo or wildlife park used to accommodate giraffes.",1,P,"-"
92123,"Girls Club",N,"-",1,N,"-"
92124,"Girls Home",N,"Use appropriate term.",1,N,"-"
92125,"GLACIS",Y,"An artificial mound of earth outside a ditch or wall intended to deflect or absorb cannon fire.",1,P,"-"
92126,"Glass Factory",N,"-",1,N,"-"
92127,"GLASSMAKING SITE",N,"Buildings, sites and structures associated with the production of glass.",1,P,"-"
92128,"Glost Kiln",N,"-",1,N,"-"
92129,"Gong",N,"-",1,N,"-"
92130,"GOODS CLEARING HOUSE",Y,"A building in which goods were kept prior to being cleared by customs officers.",1,P,"-"
92131,"Goods Departure Warehouse",N,"-",1,N,"-"
92132,"Goods Station Office",N,"-",1,N,"-"
92133,"Goods Warehouse",N,"-",1,N,"-"
92134,"Goose House",N,"-",1,N,"-"
92135,"GOOSE PEN",Y,"An enclosure or pen for confining geese.",1,P,"-"
92136,"Government Building",N,"-",1,N,"-"
92137,"GRADUATE HOUSE",Y,"A place where students live, sometimes on a college campus.",1,P,"-"
92138,"GRAIN SILO",Y,"A tower used to store grain in.",1,P,"-"
92139,"GRAND HOTEL",Y,"A large, luxuriously appointed hotel.",1,P,"-"
92140,"Grandmontine Alien Priory",N,"Use both terms.",1,N,"-"
92141,"GRANGE BARN",Y,"A barn belonging to, or associated with, a grange.",1,P,"-"
92142,"GRASS DRYING SHED",Y,"A modern fodder store on a farm.",1,P,"-"
92143,"GRAVEBOARD",Y,"Wooden board marking a grave.",1,P,"-"
92144,"GRAVEL PATH",Y,"A path covered in a layer of water-worn or pounded stones.",1,P,"-"
92145,"GRAVESIDE SHELTER",Y,"A shelter for the parson during the burial service.",1,P,"-"
92146,"Gravewatchers Hut",N,"-",1,N,"-"
92147,"Graveyard Shelter",N,"-",1,N,"-"
92148,"Great Tower",N,"-",1,N,"-"
92149,"Greek Orthodox Cemetery Chapel",N,"-",1,N,"-"
92150,"GREEK ORTHODOX CHURCH",Y,"A place of worship for members of the Greek Orthodox Church, the national church of Greece.",1,P,"-"
92151,"Green Charge House",N,"A storehouse for components used in the manufacture of gunpowder.",1,N,"-"
92152,"Greencoat School",N,"-",1,N,"-"
92153,"GREENGROCERS SHOP",Y,"A shop which sells vegetables and fruit.",1,P,"-"
92154,"Grees",N,"-",1,N,"-"
92155,"Greycoat School",N,"-",1,N,"-"
92156,"GRIDIRON",Y,"A heavy framework of parallel beams used to support a ship in dock.",1,P,"-"
92157,"GRILLE",Y,"An open grating of wrought iron, bronze or wood, forming a screen to a door, window or other opening, or used as a divider.",1,P,"-"
92158,"GRINDING HOUSE",Y,"A building for the crushing of stones and minerals.",1,P,"-"
92159,"Gritstone Quarry",N,"Use both terms.",1,N,"-"
92160,"GROCERS SHOP",Y,"A shop selling tea, butter, flour, sugar, spices, tinned foods and miscellaneous household stores.",1,P,"-"
92161,"Grocery Shop",N,"-",1,N,"-"
92162,"Grot",N,"-",1,N,"-"
92163,"Gryse",N,"-",1,N,"-"
92164,"Guano Works",N,"-",1,N,"-"
92165,"Guards Chapel",N,"-",1,N,"-"
92166,"GUEST COTTAGE",Y,"Cottage provided for guests to a country house.",1,P,"-"
92167,"Guide Stone",N,"-",1,N,"-"
92168,"Guidepost",N,"-",1,N,"-"
92169,"Guild House",N,"-",1,N,"-"
92170,"Guild Of The Holy Cross Chapel",N,"-",1,N,"-"
92171,"GUILLOTINE LOCK",Y,"A lock where the gates rise vertically. Rarely found on canals but common on navgable rivers in the Fens, particularly the river Nene.",1,P,"-"
92172,"Gun Barrel Proof House",N,"-",1,N,"-"
92173,"Gun Carriage Store",N,"-",1,N,"-"
92174,"Gun Foundry",N,"-",1,N,"-"
92175,"GUN TESTING SHOP",Y,"A workshop for testing guns, incorporating louvred sheds to serve as firing ranges.",1,P,"-"
92176,"GUNPOST",Y,"Term used by the RAF to describe an open walled structure built of concrete, brick or sandbags which enclosed one or more machine-guns mounted on pintels for light anti-aircraft and ground defence.",1,P,"-"
92177,"GUNPOWDER DRYING HOUSE",Y,"A processing house where surplus water is removed from gunpowder after incorporating.",1,P,"-"
92179,"Gymnasium (School)",N,"-",1,N,"-"
92180,"GYMNASIUM (SPORTS)",Y,"A building or room, originally equipped for gymnastics or indoor sports but also, more recently, equipped with cross-training machines and free-weights for members to improve their physical fitness.",1,P,"-"
92181,"GYPSUM DRYING KILN",Y,"A kiln where gypsum was dried to a state where it could be used as plaster of Paris or for the production of cement.",1,P,"-"
92182,"HACKNEY STABLE",Y,"A stable used for riding horses or those used to pull coaches, gigs, etc.",1,P,"-"
92183,"Hairdressers Shop",N,"-",1,N,"-"
92184,"Half Moon",N,"Also known as Demi Lune,  another type of outwork associated with the bastion system.",1,N,"-"
92185,"HALF TIDE DOCK",Y,"A dock with gates which open for access for some hours before and after high water.",1,P,"-"
92186,"Half Wealden House",N,"-",1,N,"-"
92187,"Hall And Cellar House",N,"-",1,N,"-"
92188,"Hall Of Memory",N,"Use COMMEMORATIVE MONUMENT with the relevant     hall type.",1,N,"-"
92189,"Hammel",N,"-",1,N,"-"
92192,"Hammerhead Crane",N,"-",1,N,"-"
92194,"HAND CRANE",Y,"A mechanism used for lifting and lowering weights, operated by hand.",1,P,"-"
92195,"HANDBALL WALL",Y,"A wall used in the game of handball.",1,P,"-"
92196,"Handicapped Childrens Home",N,"Disused term: A place where physically and mentally handicapped children are cared for.",1,N,"-"
92197,"HANDLING HOUSE",Y,"Workshop for placing handles on mugs, teapots, etc.",1,P,"-"
92198,"Hanshus",N,"-",1,N,"-"
92199,"Hansom Cabmans Shelter",N,"-",1,N,"-"
92200,"Harbour Light",N,"-",1,N,"-"
92201,"Harbour Masters Office",N,"-",1,N,"-"
92202,"Harbour Wall",N,"-",1,N,"-"
92203,"HARD STANDING",Y,"A purpose-built area of hard material of indeterminate use.",1,P,"-"
92204,"HARDWARE SHOP",Y,"A shop selling ironmonger's goods, household tools and utensils.",1,P,"-"
92205,"Harness Makers Shop",N,"-",1,N,"-"
92206,"HATCHELLING HOUSE",Y,"A workshop for combining flax or hemp as a preparatory stage of rope making.",1,P,"-"
92207,"Hatters Shop",N,"-",1,N,"-"
92208,"Hatting Shop",N,"-",1,N,"-"
92209,"Head Brewers House",N,"-",1,N,"-"
92210,"Headgear",N,"-",1,N,"-"
92211,"Health Centre",N,"-",1,N,"-"
92212,"Health Clinic",N,"-",1,N,"-"
92213,"HEALTH ESTABLISHMENT",N,"Buildings and structures associated with good health and recreation.",1,P,"-"
92214,"HEALTH FARM",Y,"A place where people can recover from illnesses or health problems through controlled eating and programmes of exercise, etc.",1,P,"-"
92215,"HEALTH WORKERS HOUSE",Y,"The residence of health workers. Includes single dwellings of doctors, nurses etc. but not multiple dwellings eg.NURSES HOSTEL",1,P,"-"
92216,"HEARSE HOUSE",Y,"A type of carriage house, usually in a churchyard, for storing a hearse.",1,P,"-"
92217,"HEART HOSPITAL",Y,"A specialist hospital for the medical and surgical treatment of heart disorders and diseases.",1,P,"-"
92219,"Heckling Shop",N,"-",1,N,"-"
92220,"HELICOPTER LANDING PLATFORM",Y,"An artificial, sometimes temporary, platform on which helicopters can take off and land.",1,P,"-"
92221,"HELVE HAMMER",Y,"A cast iron hammer used for shingling iron or making heavy forgings.",1,P,"-"
92222,"HEMP STORE",Y,"A building used for the storage of rope made from the fibrous stems of the hemp plant.",1,P,"-"
92223,"HEN BATTERY",Y,"A series of cages in which hens are confined for intensive egg laying.",1,P,"-"
92224,"Hen Cote",N,"-",1,N,"-"
92225,"Hen House",N,"-",1,N,"-"
92226,"Heraldic Office",N,"-",1,N,"-"
92227,"Heralds College",N,"-",1,N,"-"
92228,"HERB DISTILLERY",Y,"A distillery for the manufacture of perfumes from herbs.",1,P,"-"
92229,"HERBARIUM",Y,"A building or room containing a collection of preserved plants (usually pressed and dried specimens).",1,P,"-"
92230,"HERM",Y,"A pedestal terminating in a head or bust of Hermes or some other deity.",1,P,"-"
92231,"Hermes",N,"-",1,N,"-"
92233,"HIDE",Y,"A shelter, sometimes camouflaged, for the observation of birds and animals at close quarters.",1,P,"-"
92234,"Hide And Skin Works",N,"-",1,N,"-"
92235,"HIDING PLACE",Y,"A place used to hide something or someone.",1,P,"-"
92236,"HIGH BREASTSHOT WHEEL",Y,"A waterwheel where the water enters below the top of the wheel but above the axle.",1,P,"-"
92237,"High Commission Building",N,"-",1,N,"-"
92238,"HIGH LIGHT",Y,"A lighthouse whose lantern is sufficiently high to be seen at a long range and above low lying cloud or fog. In locations where varying weather conditions occur a High Light is usually accompanied by a LOW LIGHT built alongside or nearby.",1,P,"-"
92239,"High Rise Block",N,"-",1,N,"-"
92240,"HIGH SECURITY PRISON",Y,"An establishment where offenders who have committed the most serious crimes, e.g. serial killers, are confined.",1,P,"-"
92241,"Higher Elementary School",N,"-",1,N,"-"
92243,"HOARDING (FENCING)",Y,"A temporary fence of boards, often enclosing a building on which posters and bills are attached.",1,P,"-"
92244,"HOCKEY PITCH",Y,"A playing area for the game of hockey. May be a grass or artificial surface.",1,P,"-"
92245,"Hoffman Kiln",N,"-",1,N,"-"
92246,"Hogg Cote",N,"A pen or enclosure for hoggs (yearling sheep, not pigs).",1,N,"-"
92247,"Hogg House",N,"For the housing of hoggs (yearling sheep, not pigs).",1,N,"-"
92248,"HOGGERY",Y,"A yard for pigs.",1,P,"-"
92249,"HOLDING SHED",Y,"A building where merchandise and goods are temporarily stored before or after transportation by rail.",1,P,"-"
92250,"HOLIDAY CENTRE",Y,"A place with organized amusements for people on holiday.",1,P,"-"
92251,"Home For Girls",N,"-",1,N,"-"
92252,"Home For The Elderly",N,"-",1,N,"-"
92253,"Home For The Mentally Handicapped",N,"A disused term for a place where people with learning difficulties are cared for.",1,N,"-"
92254,"Home Office",N,"-",1,N,"-"
92255,"HOMOEOPATHIC HOSPITAL",Y,"A hospital where more 'natural' means of treatment are used rather than conventional methods.",1,P,"-"
92256,"HOOP HOUSE",Y,"A building in which hoops (for masts) were heated.",1,P,"-"
92257,"HOP BARN",Y,"A barn used to store hops.",1,P,"-"
92258,"HOP EXCHANGE",Y,"A commercial building used primarily as a trading place for breweries and hop merchants.",1,P,"-"
92259,"Hop House",N,"-",1,N,"-"
92260,"HOPSCOTCH COURT",Y,"A specially marked ground used by children for the game of hopscotch.",1,P,"-"
92261,"HORIZONTAL KILN",Y,"A non-vertical kiln where the shaft and burning zone is horizontal to the ground thereby allowing material to be fed in.",1,P,"-"
92262,"HORIZONTAL STEAM ENGINE",Y,"A piston mounted horizontally supplying power via a valve gear directly to a crankshaft or flywheel.",1,P,"-"
92263,"HORIZONTAL WATERMILL",Y,"A water mill where the waterwheel directly drives a vertical shaft with grindstones on.",1,P,"-"
92264,"Horn Bastion",N,"-",1,N,"-"
92265,"HORNWORK",Y,"An outwork joined to the mainwork by two parallel wings.",1,P,"-"
92266,"Horse And Carriage Auction Rooms",N,"-",1,N,"-"
92267,"HORSE ENGINE",Y,"A wheel which is turned by a horse in order to provide power. Used in mines, manufacturing and farming.",1,P,"-"
92268,"HORSE EXERCISE RING",Y,"An area of ground in which horses can be exercised.",1,P,"-"
92269,"Horse Gin House",N,"-",1,N,"-"
92270,"HORSE HOSPITAL",Y,"A specialist veterinary hospital for the medical and surgical treatment of horses.",1,P,"-"
92271,"HORSE RUBBING HOUSE",Y,"A building where horses are rubbed down after training.",1,P,"-"
92272,"HORSE STOCK",Y,"A frame used to lift unco-operative horses off the ground during shoeing.",1,P,"-"
92273,"HORSE TUNNEL",Y,"A tunnel built alongside a canal tunnel to enable a horse to be unhitched and led through the hillside to meet the barge when it emerged from the tunnel. Mainly built prior to the development of the towpath tunnel.",1,P,"-"
92274,"Horse Walk",N,"-",1,N,"-"
92275,"Horse Wash",N,"-",1,N,"-"
92276,"HORSEHAIR FACTORY",Y,"The cleaning and sorting of horse hair mainly for use in the upholstery trade.",1,P,"-"
92277,"Horsehair Works",N,"-",1,N,"-"
92278,"Horsemans Cottage",N,"-",1,N,"-"
92279,"HORTICULTURAL COLLEGE",Y,"An educational establishment where the art of garden cultivation is taught.",1,P,"-"
92280,"HORTICULTURAL HALL",Y,"A hall used for the promotion and selling of horticultural produce and practice.",1,P,"-"
92281,"HOSE TOWER",Y,"A structure sited within the grounds of a fire station used for drying hoses.",1,P,"-"
92282,"HOSIERS COTTAGE",Y,"The residence and small-scale workshop of a hosier.",1,P,"-"
92283,"Hosiery Works",N,"-",1,N,"-"
92284,"HOSIERY WORKSHOP",Y,"A place where knitted fabrics and legware garments were manufactured.",1,P,"-"
92285,"HOSPITAL BLOCK",Y,"A specialist unit within a hospital complex. It may be a separate building or sometimes linked by a corridor or covered walkway to a main building.",1,P,"-"
92286,"HOSPITAL BUILDING",Y,"A hospital building of uncertain function. Use more specific type if known.",1,P,"-"
92287,"Hospital Canteen",N,"-",1,N,"-"
92288,"HOSPITAL DEPARTMENT",Y,"A separate functional unit of a hospital not necessarily on the same site.",1,P,"-"
92289,"HOSPITAL FOR EPILEPTICS",Y,"A specialist hospital for the medical treatment of patients suffering from epilepsy. Originally epilepsy was seen as a mental illness.",1,P,"-"
92290,"HOSPITAL FOR FISTULA AND RECTAL DISEASES",Y,"A specialist hospital for the medical and surgical treatment of fistular and rectal disorders and diseases.",1,P,"-"
92291,"LEARNING DISABILITY HOSPITAL",Y,"A hospital where people with learning disabilities receive medical treatment.",1,P,"-"
92292,"HOSPITAL FOR URINARY DISEASES",Y,"A specialist hospital for the medical and surgical treatment of urinary disorders and diseases.",1,P,"-"
92293,"Hospital Kitchen",N,"Use both terms.",1,N,"-"
92294,"HOSPITAL LAUNDRY",Y,"A laundry attached to a hospital.",1,P,"-"
92295,"HOSPITAL SCHOOL",Y,"A charity school, usually housed in an almshouse.",1,P,"-"
92296,"HOSPITALLERS CHURCH",Y,"A place of worship for the Knights of the Order of the Hospital of St John of Jerusalem, a military order dedicated to the provision of hospitality for pilgrims, to the care of the sick and to the protection of the Holy Land.",1,P,"-"
92297,"Hospitium",N,"-",1,N,"-"
92298,"HOTHOUSE",Y,"A glasshouse used for the cultivation of tropical plants.",1,P,"-"
92301,"House Of Confinement",N,"-",1,N,"-"
92302,"HOUSE OF DETENTION",Y,"A building in which people are held in a state of imprisonment or confinement as punishment. Usually associated with military and political offenders.",1,P,"-"
92303,"House Of Industry",N,"-",1,N,"-"
92304,"House Of Institution",N,"-",1,N,"-"
92305,"House Of Recovery",N,"-",1,N,"-"
92306,"Houses Of Parliament",N,"-",1,N,"-"
92307,"HOVERCRAFT TERMINAL",Y,"An area of a port, dock or harbour, often including buildings for passport control and customs, where passengers and vehicles using hovercraft services can embark/disembark and where supplies can be taken on board.",1,P,"-"
92308,"Hudd",N,"-",1,N,"-"
92309,"HUGUENOT BURIAL GROUND",Y,"A place of burial for members of the French Protestant Church.",1,P,"-"
92310,"HUGUENOT CHURCH",Y,"A place of worship for members of the French Protestant church of the 16th and 17th centuries.",1,P,"-"
92311,"HUNT STANDING",Y,"Structure used for viewing deer hunt.",1,P,"-"
92312,"Hunting Box",N,"-",1,N,"-"
92313,"HUNTING CLUB",Y,"A building used as a social venue by people interested in, and involved with, the sport of hunting.",1,P,"-"
92314,"HUNTING PARK",Y,"An enclosed area of parkland used almost exclusively for the hunting of deer.",1,P,"-"
92315,"Huntsman Furnace",N,"-",1,N,"-"
92316,"Huntsman Kiln",N,"-",1,N,"-"
92317,"Huntsmans Club",N,"-",1,N,"-"
92318,"Hyacinth Garden",N,"-",1,N,"-"
92319,"HYDRAULIC ACCUMULATOR TOWER",Y,"A structure used for the production of hydraulic power. A head of water was raised at the top of the tower by means of pumps. Used for powering machinery.",1,P,"-"
92320,"HYDRAULIC BOX CRANE",Y,"A hydraulically-powered crane constructed from open box girders.",1,P,"-"
92321,"HYDRAULIC CRANE",Y,"A crane whose winding mechanism was operated by hydraulic jiggers.",1,P,"-"
92322,"HYDRAULIC ENGINE",Y,"An engine powered by high pressure water, originally used in mine drainage.",1,P,"-"
92323,"HYDRAULIC ENGINE HOUSE",Y,"An engine house used to pump water to the top of an ACCUMULATOR TOWER.",1,P,"-"
92324,"HYDRAULIC JIGGER",Y,"A hydraulic machine used to magnify the stroke of a hydraulic piston. The pulleys and chains of a crane or other device are attached to the jigger.",1,P,"-"
92325,"HYDRAULIC PILLAR CRANE",Y,"A hydraulically-powered crane where the jib and windlass are mounted on a central pillar.",1,P,"-"
92326,"HYDRAULIC PIPEWORK",Y,"Pipes used to carry water or hydraulic fluid for power transmission within a hydraulic system.",1,P,"-"
92327,"HYDRAULIC POWER SITE",N,"Buildings and structures associated with the creation and use of hydraulic power.",1,P,"-"
92328,"HYDRAULIC TIPPLER",Y,"A tippler, a machine for loading wagons at a pithead, operated by hydraulic power.",1,P,"-"
92329,"Hydro (Hospital)",N,"-",1,N,"-"
92330,"Hydro (Power Station)",N,"-",1,N,"-"
92331,"Hydroelectric Power Plant",N,"-",1,N,"-"
92332,"HYDROELECTRIC POWER STATION",Y,"Power generation by releasing stored water through a turbine driving a generator.",1,P,"-"
92333,"Hydropathic Hospital",N,"-",1,N,"-"
92334,"HYDROPATHIC INSTITUTE",Y,"A 19th century spa building, usually consisting of a hotel with baths used for water treatment.",1,P,"-"
92335,"Hypermarket",N,"-",1,N,"-"
92336,"ICE POND",Y,"A shallow pond, often located near an ICEHOUSE, built to provide ice during the winter.",1,P,"-"
92337,"Ice Rink",N,"-",1,N,"-"
92338,"Ice Skating Rink",N,"-",1,N,"-"
92339,"Ice Well",N,"-",1,N,"-"
92340,"Idiots Asylum",N,"A historic term for a charitable institution caring for people with mental illness and/or learning difficulties.",1,N,"-"
92342,"Imbecile Ward",N,"A historic term for a hospital ward for patients with mental illness and/or learning difficulties.",1,N,"-"
92344,"Incline House",N,"-",1,N,"-"
92345,"INCLINE KEEPERS COTTAGE",Y,"The residence of the supervisor of an inclined plane.",1,P,"-"
92346,"INCORPORATING MILL",Y,"A stone edge-runner grinding machine or mill used for mechanically grinding and mixing the ingredients of gunpowder.",1,P,"-"
92347,"INCURABLES HOSPITAL",Y,"A hospital for the care of patients with incurable illnesses.",1,P,"-"
92348,"Independent Abbey",N,"An abbey unaffilliated with a particular order.",1,N,"-"
92350,"Industrial Craft Centre",N,"-",1,N,"-"
92351,"INDUSTRIAL HOUSE",N,"The residence and sometimes workplace of industrial workers.",1,P,"-"
92352,"Industrial Housing Estate",N,"-",1,N,"-"
92353,"Industrial Model Village",N,"-",1,N,"-"
92354,"INDUSTRIAL SCHOOL",Y,"A boarding or day school for children who had committed minor crimes or who lived in circumstances where they were likely to commit crime.",1,P,"-"
92355,"Infant Orphans Asylum",N,"-",1,N,"-"
92356,"INFANT SCHOOL",Y,"A school where young children, usually under the age of seven, are taught.",1,P,"-"
92357,"Infantry School",N,"-",1,N,"-"
92358,"INFECTIOUS DISEASES HOSPITAL",Y,"An isolation hospital for infectious diseases and leprosy, sometimes known as a Pest House; commonly situated on the edge of a town.",1,P,"-"
92359,"INFORMATION CENTRE",Y,"A building used for the dissemination to the public of such items like tourist brochures, travel maps, guide books and other documents, etc.",1,P,"-"
92360,"INGHAMITE CHAPEL",Y,"A chapel for followers of Benjamin Ingham after he left the Moravians prior to joining the Sandamanians.",1,P,"-"
92361,"Inland Revenue Office",N,"-",1,N,"-"
92362,"INN SIGN",Y,"A decorated, hanging sign, bearing the name and also often a pictorial representation of the inn or public house to which it is attached.",1,P,"-"
92363,"INNS OF CHANCERY",Y,"Buildings in London formerly used as hostels  for law students.",1,P,"-"
92364,"INNS OF COURT",Y,"A building in London belonging to one of four legal societies having exclusive right of admitting persons to practise at the English bar.",1,P,"-"
92365,"Insane Asylum",N,"A historic term for an institution caring for people with mental illness.",1,N,"-"
92366,"Insolvent Debtors Court",N,"-",1,N,"-"
92367,"Institution",N,"-",1,N,"-"
92368,"INSTRUMENT ENGINEERING WORKS",Y,"A site where scientific and technical instruments such as microscopes are assembled.",1,P,"-"
92369,"Insurance Office",N,"-",1,N,"-"
92371,"International Airport",N,"-",1,N,"-"
92372,"INVERTED SYPHON",Y,"A sewer or irrigation channel designed to avoid blockage.",1,P,"-"
92373,"IRON ORE CALCINER",Y,"A type of calcining kiln used in the processing of iron ore.",1,P,"-"
92374,"Iron Working",N,"-",1,N,"-"
92375,"Ironmasters House",N,"-",1,N,"-"
92376,"Ironmongers Shop",N,"-",1,N,"-"
92377,"Ironworkers Cottage",N,"-",1,N,"-"
92378,"ISOLATION BLOCK",Y,"An area within a hospital used for the isolation of patients. Patients were isolated if they had an infectious disease or suffered from a psychiatric illness.",1,P,"-"
92379,"Isolation Hospital",N,"-",1,N,"-"
92380,"ITALIAN GARDEN",Y,"A garden designed in the style of the elaborate gardens of the Renaissance, eg. formal, geometrical layouts of lawn and paths, stone steps, balustrades and statuary and fountains.",1,P,"-"
92381,"JAGGERS HOSTEL",Y,"A hostel for packhorse teamsters.",1,P,"-"
92382,"Jakes",N,"-",1,N,"-"
92383,"JAPANESE GARDEN",Y,"A garden incorporating features of traditional Japanese gardens - a pool, an island, stepping stones or a bridge, cherry trees and other shrubs and flowering plants grown with the emphasis on line.",1,P,"-"
92384,"JAZZ CLUB",Y,"A building where jazz music is performed. Often situated in small venues to afford the intimacy of the musicians performing in close proximity to the audience.",1,P,"-"
92385,"Jesuit College",N,"-",1,N,"-"
92386,"JETTIED HOUSE",Y,"A house where the upper storeys rest on projecting floor joists and so create the effect of an overhang.",1,P,"-"
92387,"Jetty Staith",N,"-",1,N,"-"
92388,"Jewellery Factory",N,"-",1,N,"-"
92389,"JEWISH CEMETERY",Y,"A burial ground for followers of the Jewish faith.",1,P,"-"
92390,"Jewish Temple",N,"-",1,N,"-"
92391,"Jews House",N,"-",1,N,"-"
92392,"JIB CRANE",Y,"A crane with a projecting arm, usually one that can be raised and lowered.",1,P,"-"
92393,"JOCKEYS QUARTERS",Y,"A place where jockeys are accomodated.",1,P,"-"
92394,"Joiners Workshop",N,"-",1,N,"-"
92395,"Jube",N,"-",1,N,"-"
92397,"JUNCTION LOCK",Y,"A lock at the point where two waterways join together.",1,P,"-"
92398,"Junior Reform Club",N,"-",1,N,"-"
92399,"JUNIOR SCHOOL",Y,"A school attended by children between the ages of seven and eleven.",1,P,"-"
92400,"JUVENILE COURT",Y,"A court of summary jurisdiction established, following legislation, in 1908 for the trial of offenders below the age of legal reponsibility.",1,P,"-"
92401,"KEEL BLOCK",Y,"One of a line of blocks on the floor of a building slip on which the keel of the ship to be constructed is laid. Also used in dry docks to rest a ship when a dock is pumped dry.",1,P,"-"
92402,"KEEP AND BAILEY CASTLE",Y,"A castle without a motte.",1,P,"-"
92403,"Kennelmans House",N,"Use both terms",1,N,"-"
92404,"KERBSTONE",Y,"An edging of stone forming the kerb of a path.",1,P,"-"
92409,"Kippering Shed",N,"-",1,N,"-"
92410,"KISSING GATE",Y,"A small gate swinging in a U or V-shaped enclosure, which allows only one person to pass through at a time.",1,P,"-"
92411,"Knife Factory",N,"-",1,N,"-"
92412,"Knife Works",N,"-",1,N,"-"
92413,"Knights Hospitallers Camera",N,"-",1,N,"-"
92414,"Knights Hospitallers Church",N,"-",1,N,"-"
92415,"Knights Hospitallers Commandery",N,"-",1,N,"-"
92416,"Knights Hospitallers Priory",N,"-",1,N,"-"
92417,"Knights Templars Camera",N,"-",1,N,"-"
92418,"Knights Templars Church",N,"-",1,N,"-"
92419,"Knights Templars Preceptory",N,"-",1,N,"-"
92420,"Knitters Workshop",N,"-",1,N,"-"
92421,"KURSAAL",Y,"A building used by visitors at a health resort.",1,P,"-"
92422,"Labour Club",N,"-",1,N,"-"
92423,"LABOUR EXCHANGE",Y,"An employment exchange for unemployed labourers, servicemen, etc.",1,P,"-"
92424,"LABOURERS SHELTER",Y,"A simple, lean-to structure, such as those built by the dock companies to provide shelter for dock workers waiting for work.",1,P,"-"
92425,"Lace Drying Chamber",N,"-",1,N,"-"
92426,"LACE MANUFACTURING SITE",Y,"Buildings, sites and structures associated  with the manufacture of lace.",1,P,"-"
92427,"Lace Market",N,"-",1,N,"-"
92428,"LACE WAREHOUSE",Y,"A building used for the finishing, drying and storage of lace.",1,P,"-"
92429,"LACEMAKERS COTTAGE",Y,"The residence of a lacemaker.",1,P,"-"
92430,"LADIES COLLEGE",Y,"An educational establishment, often privately funded, for young women.",1,P,"-"
92431,"Ladies Seminary",N,"-",1,N,"-"
92432,"LADY CHAPEL",Y,"A chapel dedicated to our Blessed Lady, often placed to the east of the High Altar, sometimes in other positions.",1,P,"-"
92433,"LAITERIE",Y,"A decorative building in the form of a dairy, used for recreation.",1,P,"-"
92434,"LAMBING PEN",Y,"An enclosure where ewes are kept at the time of lambing.",1,P,"-"
92435,"Lamp House",N,"-",1,N,"-"
92436,"Lamp Standard",N,"-",1,N,"-"
92437,"LAMPHOUSE",Y,"For the storage and recharging of battery-powered miners lamps.",1,P,"-"
92438,"Lancashire Barn",N,"-",1,N,"-"
92439,"Lancasterian School",N,"-",1,N,"-"
92440,"Land Fort",N,"-",1,N,"-"
92441,"LAND IMPROVEMENT DRAIN",Y,"A large drainage channel used for improving the land.",1,P,"-"
92442,"Land Stewards Office",N,"-",1,N,"-"
92443,"LAND USE SITE",N,"Areas of land used primarily for agriculture. See also GARDENS, PARKS AND URBAN SPACES.",1,P,"-"
92445,"LANDING HOUSE",Y,"A house to receive boat landings.",1,P,"-"
92446,"LANDING POINT",Y,"A place where vessels can land passengers and goods.",1,P,"-"
92447,"LANDING STEPS",Y,"Steps found at a landing point.",1,P,"-"
92448,"LANDMARK TOWER",Y,"A prominent structure situated on land specifically as a guide to navigation for travellers or as an aid/warning to sailors out at sea.",1,P,"-"
92449,"Landscape Garden Feature",N,"-",1,N,"-"
92450,"Lascar House",N,"-",1,N,"-"
92451,"LAUNDRETTE",Y,"An establishment with automatic washing machines available for public use.",1,P,"-"
92452,"LAVATORIUM",Y,"A wash room. Use with wider site type where known.",1,P,"-"
92453,"LAW COURT",Y,"A place, hall or chamber in which justice is administered.",1,P,"-"
92454,"Lay Apart Store",N,"-",1,N,"-"
92455,"LAY BROTHERS RANGE",Y,"Accommodation in a monastery for new monks.",1,P,"-"
92456,"Lazaretto",N,"-",1,N,"-"
92457,"Lead Crushing Mill",N,"-",1,N,"-"
92458,"Lead Miners Cottage",N,"-",1,N,"-"
92459,"Lead Precipitation Flue",N,"-",1,N,"-"
92460,"Lead Smelting Chimney",N,"-",1,N,"-"
92461,"Lead Smelting Mill",N,"-",1,N,"-"
92462,"Leading Light",N,"-",1,N,"-"
92463,"LEARNED SOCIETY BUILDING",Y,"A building for a society formed for the promotion of some branch of learning or science.",1,P,"-"
92464,"LEATHER INDUSTRY SITE",N,"Buildings or sites used in the preparation, treatment and working of raw animal hide into leather products such as gloves or saddles, etc.",1,P,"-"
92465,"LEATHER MARKET",Y,"An indoor or outdoor market where leather and untreated animal hides are sold.",1,P,"-"
92466,"LEATHER WAREHOUSE",Y,"A large building used for the storage of leather goods or processed animal skins.",1,P,"-"
92467,"LEATHER WORKERS SHOP",Y,"A workshop used for the small-scale production of leather goods.",1,P,"-"
92468,"Leather Works",N,"-",1,N,"-"
92469,"Ledger Stone",N,"-",1,N,"-"
92470,"LEECH HOUSE",Y,"A small house in which leeches were bred for medical purposes.",1,P,"-"
92471,"Legal Inn",N,"-",1,N,"-"
92472,"LEGAL OFFICE",Y,"A building housing the services of professionals with an expert knowledge of the law such as the offices of solicitors, barristers and lawyers.",1,P,"-"
92473,"LEGAL SITE",N,"Buildings, sites and structures associated with the enactment and enforcement of public law.",1,P,"-"
92474,"LENGTHMANS COTTAGE",Y,"The residence of an employee with the duty of maintaining a section of a railway or road.",1,P,"-"
92475,"Leper House",N,"-",1,N,"-"
92476,"Letter Box House",N,"-",1,N,"-"
92477,"Level Crossing Cottage",N,"-",1,N,"-"
92478,"LEVEL CROSSING GATE",Y,"A mechanized gate or barrier at a level crossing used to prevent road vehicles crossing a railway line when a train is approaching.",1,P,"-"
92479,"Liberals Hall",N,"-",1,N,"-"
92480,"LICENSED PREMISES",N,"Establishments authorized to sell or allow the consumption of alcoholic liquors on their premises.",1,P,"-"
92481,"Life Assurance Office",N,"-",1,N,"-"
92482,"Lifeboat House",N,"-",1,N,"-"
92483,"Lift Shaft",N,"-",1,N,"-"
92484,"LIFTING AND WINDING STRUCTURE",N,"Structures used for the lifting or hoisting of goods, machinery, vehicles, people and livestock.",1,P,"-"
92486,"LIGHT ENGINEERING WORKS",Y,"A group of buildings where consumer goods, such as small machines and electrical components, are manufactured.",1,P,"-"
92487,"Light Holder",N,"-",1,N,"-"
92489,"Light Tower",N,"-",1,N,"-"
92490,"Lighthouse Keepers Cottage",N,"-",1,N,"-"
92491,"LILY POND",Y,"A water pond in which lilies are grown.",1,P,"-"
92492,"LIME WALK",Y,"A walk or path lined with lime trees.",1,P,"-"
92493,"Limestone Dispatch Building",N,"-",1,N,"-"
92494,"LINEN OR FLAX MANUFACTURING SITE",N,"Buildings, sites or structures used for the manufacture of linen and/or flax.",1,P,"-"
92495,"LINKMANS HUT",Y,"A small shelter used by a man employed to carry links (torches) to light people along a street.",1,P,"-"
92496,"LINOLEUM FACTORY",Y,"A factory where linoleum is manufactured.",1,P,"-"
92497,"Liquorice Kiln",N,"-",1,N,"-"
92498,"Literary And Philosophical Society",N,"-",1,N,"-"
92499,"LITERARY INSTITUTE",Y,"A building in which an organization or society is instituted to promote literature through lectures, study and research, etc.",1,P,"-"
92500,"Little Boys Home",N,"-",1,N,"-"
92501,"Livery Company Hall",N,"-",1,N,"-"
92502,"Livery Tavern",N,"-",1,N,"-"
92505,"LOCK CHAMBER",Y,"The space enclosed between the gates and side-walls of a lock.",1,P,"-"
92506,"LOCK HOSPITAL",Y,"A hospital for the treatment of venereal disease.",1,P,"-"
92507,"Lock House",N,"-",1,N,"-"
92508,"LOCK SILL",Y,"The masonry beneath a lock gate, sometimes projecting several feet from the gate.",1,P,"-"
92509,"Lock Up House",N,"-",1,N,"-"
92510,"Lockmakers Workshop",N,"-",1,N,"-"
92511,"LOCKSMITHS WORKSHOP",Y,"A place where padlocks and rim locks for doors are made from iron and brass.",1,P,"-"
92512,"LOCOMOTIVE DEPOT",Y,"A place where railway engines are kept.",1,P,"-"
92513,"Locomotive Works",N,"-",1,N,"-"
92514,"LOG CABIN",Y,"A small house built out of rough logs.",1,P,"-"
92516,"LOGWOOD MILL",Y,"A mill used to process logwood, the inner red wood of a South American tree used widely in dyeing. Imported in the form of logs and cut and ground into dye by a mechanical process.",1,P,"-"
92517,"Lookout House",N,"-",1,N,"-"
92518,"Lord Mayors Residence",N,"-",1,N,"-"
92519,"LORRY FACTORY",Y,"A factory used for the manufacture and assembly of lorries.",1,P,"-"
92520,"LOW BREASTSHOT WHEEL",Y,"A waterwheel where water enters below the axle but above the bottom of the wheel.",1,P,"-"
92521,"LUFFING CRANE",Y,"A crane in which, during any alteration of radius, an automatic device causes the load to move horizontally.",1,P,"-"
92523,"Lunatic Ward",N,"A historic term for a hospital ward treating patients with mental illness.",1,N,"-"
92524,"Lunette",N,"-",1,N,"-"
92525,"Lyceum",N,"-",1,N,"-"
92526,"Lying In Hospital",N,"-",1,N,"-"
92527,"MACHINE HOUSE",Y,"A building housing machinery.",1,P,"-"
92528,"MACHINE TOOL ENGINEERING WORKS",Y,"A site where machine tools, machines designed to remove surplus material from a work piece by accurately guided cutting tools, are manufactured.",1,P,"-"
92529,"MACHINERY",Y,"Apparatus used for applying a mechanical force, or to perform a particular function. Use more specific type where known.",1,P,"-"
92530,"Madras School",N,"-",1,N,"-"
92531,"Magenta Works",N,"-",1,N,"-"
92532,"MAIL BAG NET",Y,"A structure to which a net filled with mail bags is attached. Situated next to railway lines, it allows mail to be collected by a train without it stopping, the bag being 'caught' by the train as it passed. Can also be used to 'catch' mail.",1,P,"-"
92533,"Majolica Works",N,"-",1,N,"-"
92534,"MAN ENGINE",Y,"A machine used to raise and lower miners to and from the pit bottom.",1,P,"-"
92535,"Management College",N,"-",1,N,"-"
92536,"Manciples House",N,"-",1,N,"-"
92537,"Manege",N,"-",1,N,"-"
92538,"Manometer Tower",N,"-",1,N,"-"
92539,"Manor House Chapel",N,"-",1,N,"-"
92540,"MANORIAL CHAPEL",Y,"A chapel situated within the demesnes of a manor. Can be a separate building or an integral part of a manor house.",1,P,"-"
92541,"Manorial Court House",N,"Use both terms.",1,N,"-"
92542,"MANSION FLATS",Y,"A type of late 19th century tenement block for tenants of a higher social status - usually reflected in the more ornate facades.",1,P,"-"
92543,"Manufactory",N,"-",1,N,"-"
92544,"Manure Works",N,"-",1,N,"-"
92545,"MARBLE QUARRY",Y,"A place where marble is extracted from the ground.",1,P,"-"
92546,"Marble Works",N,"-",1,N,"-"
92547,"Margarine Factory",N,"-",1,N,"-"
92548,"MARINA",Y,"A dock or basin, often inland, used for mooring yachts and other small pleasure craft.",1,P,"-"
92549,"MARINE CONSTRUCTION SITE",N,"Buildings, sites and structures associated with the construction and repair of ships and boats.",1,P,"-"
92550,"MARINE LABORATORY",Y,"A scientific laboratory where marine life is studied and researched.",1,P,"-"
92551,"Marine Sanatorium",N,"-",1,N,"-"
92552,"Mariners Church",N,"-",1,N,"-"
92553,"MARINERS COTTAGE",Y,"The residence of a sailor.",1,P,"-"
92554,"MARITIME HOUSE",N,"The residences of people associated with the sea.",1,P,"-"
92555,"MARITIME OFFICE",N,"A building from where marine operations are directed.",1,P,"-"
92556,"MARKER STONE",Y,"A stone erected to mark a particular spot in the landscape. Can be used for various reasons.",1,P,"-"
92557,"Market Cross Shelter",N,"-",1,N,"-"
92558,"Market Keepers House",N,"Use both terms.",1,N,"-"
92559,"Market Square",N,"-",1,N,"-"
92560,"Markstone",N,"-",1,N,"-"
92561,"MARRIAGE FEAST HOUSE",Y,"A building, often close to a churchyard, used for the entertainment of poor people on their wedding day.",1,P,"-"
92562,"Marshalsea",N,"-",1,N,"-"
92563,"MARSHMANS COTTAGE",Y,"The residence of a marsh keeper.",1,P,"-"
92564,"MASH HOUSE",Y,"A brewery building where malt is mixed with hot water to form wort.",1,P,"-"
92565,"Masonic Hall",N,"-",1,N,"-"
92566,"Masonic Lodge",N,"-",1,N,"-"
92567,"Masonic School",N,"-",1,N,"-"
92568,"Masons Hall",N,"-",1,N,"-"
92569,"Masons Lodge",N,"-",1,N,"-"
92570,"Masons Temple",N,"-",1,N,"-"
92571,"Master Brewers House",N,"-",1,N,"-"
92572,"Master Hosiers House",N,"-",1,N,"-"
92573,"MASTER ROPEMAKERS HOUSE",Y,"The residence of a master ropemaker.",1,P,"-"
92574,"Master Weavers House",N,"-",1,N,"-"
92577,"MATCH LODGE",Y,"A building at the entrance to an factory manufacturing explosives where a person was searched for matches, prior to entering the workplace.",1,P,"-"
92578,"MATERNITY BLOCK",Y,"A hospital block where pregnant women are accommodated and receive medical treatment before and after child birth.",1,P,"-"
92579,"MATERNITY CLINIC",Y,"A self-contained establishment (out-patients) where pregnant women receive check-ups, counselling and medical treatment.",1,P,"-"
92580,"Maternity Home",N,"-",1,N,"-"
92581,"MATERNITY HOSPITAL",Y,"A hospital for the reception of women during their confinement.",1,P,"-"
92582,"MATHEMATICAL INSTITUTE",Y,"A building used by an organization or society instituted to promote the study of mathematics through lectures, research, etc.",1,P,"-"
92583,"MAYORS RESIDENCE",Y,"The official residence of the chief officer of the municipal corporation of a city or borough in England.",1,P,"-"
92584,"MEADOW",Y,"A piece of grassland, often near a river, permanently covered with grass which is mown for use as hay.",1,P,"-"
92585,"MEAT MARKET",Y,"A place where meat is displayed for sale.",1,P,"-"
92586,"Medical Attendants House",N,"-",1,N,"-"
92587,"MEDICAL COLLEGE",Y,"An establishment where the theory and practice of medicine is taught.",1,P,"-"
92588,"Medical Superintendents House",N,"-",1,N,"-"
92590,"Memorial Chapel",N,"Use both terms.",1,N,"-"
92591,"Mental Deficiency Colony",N,"-",1,N,"-"
92593,"Merchants Trading Hall",N,"-",1,N,"-"
92594,"MESSUAGE",Y,"A dwelling-house with outbuildings and land assigned to its use.",1,P,"-"
92595,"METAL FRAMED BUILDING",Y,"A modern building in which the load is carried by a metal girder framework and infilled with a light curtain wall.",1,P,"-"
92596,"METAL INDUSTRY SITE",N,"Buildings, sites and structures associated with the metal industry.",1,P,"-"
92598,"Meteorological Research Station",N,"-",1,N,"-"
92599,"Methodist Central Hall",N,"-",1,N,"-"
92600,"Methodist College",N,"-",1,N,"-"
92601,"Methodist Hall",N,"-",1,N,"-"
92602,"METHODIST NEW CONNEXION CHAPEL",Y,"A place of worship for followers of the Methodist New Connexion, a movement founded in 1791 when Alexander Kilham led the first group to split from the Methodists.",1,P,"-"
92603,"Methodist School",N,"-",1,N,"-"
92604,"MID BREASTSHOT WHEEL",Y,"A waterwheel where the water enters at the same level as the axle.",1,P,"-"
92605,"MILEPOST",Y,"A post or pillar set up alongside a road to mark the miles from or to a place.",1,P,"-"
92606,"Military Academy",N,"-",1,N,"-"
92607,"MILITARY AIRFIELD",Y,"A landing and taking-off area for military aircraft. Often includes ancilliary structures and buildings for the maintenance and storage of aircraft, etc.",1,P,"-"
92608,"Military Airport",N,"-",1,N,"-"
92609,"Military Asylum",N,"-",1,N,"-"
92610,"MILITARY CEMETERY",Y,"A burial ground for military personnel.",1,P,"-"
92611,"MILITARY CHAPEL",Y,"A place of worship for military personnel.",1,P,"-"
92613,"Military Church",N,"-",1,N,"-"
92614,"MILITARY COASTAL DEFENCES",N,"Buildings, sites and structures associated with the defence of the coastline from foreign invasion.",1,P,"-"
92615,"Military Families Hospital",N,"-",1,N,"-"
92616,"MILITARY HEADQUARTERS",Y,"A building used as the command centre of a military operation.",1,P,"-"
92617,"MILITARY HOSPITAL",Y,"A hospital for the medical and surgical treatment of military personnel and/or their families.",1,P,"-"
92618,"Military Isolation Hospital",N,"-",1,N,"-"
92619,"Military Mental Hospital",N,"-",1,N,"-"
92620,"Military Music School",N,"-",1,N,"-"
92621,"MILITARY POLICE SECTION HOUSE",Y,"A building occupied by the corps responsible for police and disciplinary duties in the armed forces.",1,P,"-"
92622,"MILITARY ROAD",Y,"A road used primarily, but not exclusively, for the rapid transport of military vehicles, equipment and personnel.",1,P,"-"
92623,"MILK DEPOT",Y,"A building where milk is deposited and stored before it is despatched to the consumer.",1,P,"-"
92624,"Milk House",N,"-",1,N,"-"
92625,"Milk Processing Plant",N,"-",1,N,"-"
92626,"MILL LODGE",Y,"A northern term for water reservoirs at steam powered industrial sites that are part of the steam raising plant and are used for recirculating condenser cooling water. The lodge had to be large enough to supply the condenser with cool water for a day.",1,P,"-"
92627,"Mill Managers House",N,"-",1,N,"-"
92628,"Mill Masters House",N,"-",1,N,"-"
92629,"Mill Workers Cottage",N,"-",1,N,"-"
92630,"Mill Workers Village",N,"-",1,N,"-"
92631,"Millers Cottage",N,"-",1,N,"-"
92632,"Milliners Shop",N,"-",1,N,"-"
92633,"Mine Captains House",N,"-",1,N,"-"
92634,"MINE DRAINAGE AND VENTILATION SITE",N,"Buildings, sites and structures associated with the drainage and/or ventilation of mines.",1,P,"-"
92635,"Mine Drainage Tunnel",N,"-",1,N,"-"
92636,"MINE LIFTING AND WINDING STRUCTURE",N,"Buildings and structures associated with lifting and winding at the site of a mine.",1,P,"-"
92637,"Mine Managers House",N,"-",1,N,"-"
92638,"Mine Pumphouse",N,"Use both terms.",1,N,"-"
92639,"MINE PUMPING SHAFT",Y,"A shaft, separate to the main working shaft, used to pump water out of the mine workings.",1,P,"-"
92640,"MINE PUMPING WORKS",Y,"A pumping station for draining a mine or colliery.",1,P,"-"
92641,"MINERAL BATHS",Y,"Baths containing water impregnated with mineral substances in which patients bathe for medicinal purposes.",1,P,"-"
92642,"MINERAL DEPOT",Y,"A depot for the storage of various minerals.",1,P,"-"
92643,"MINERAL EXTRACTION SITE",N,"Sites where minerals are extracted from the ground.",1,P,"-"
92644,"Mineral Line",N,"-",1,N,"-"
92645,"MINERAL PIT",Y,"A pit in the ground from where minerals are dug.",1,P,"-"
92646,"MINERAL PRODUCT SITE",N,"Buildings and sites associated with the production of materials made from minerals.",1,P,"-"
92647,"MINERAL RAILWAY",Y,"A railway used for the conveyance of coal and other minerals.",1,P,"-"
92648,"MINERAL WATER FACTORY",Y,"A factory which produces artificial imitations of mineral water, such as soda water.",1,P,"-"
92649,"MINERAL WATER HOSPITAL",Y,"A specialist hospital where water treatment is given to patients suffering from muscular-skeletal complaints, etc.",1,P,"-"
92650,"Miners Baths",N,"-",1,N,"-"
92651,"Miners Bothy",N,"Hut or crude shelter for miners.",1,N,"-"
92652,"Miners Canteen",N,"-",1,N,"-"
92653,"MINERS CHANGING HOUSE",Y,"A building for miners to change their clothes.",1,P,"-"
92654,"Miners Cottage",N,"-",1,N,"-"
92655,"Miners Hall",N,"-",1,N,"-"
92656,"Miners Lamphouse",N,"-",1,N,"-"
92657,"MINERS READING ROOM",Y,"An area of a building providing reading materials for the benefit of colliery workers.",1,P,"-"
92658,"Miners Union Hall",N,"-",1,N,"-"
92659,"Miners Village",N,"-",1,N,"-"
92661,"MINIATURE GARDEN",Y,"A small-scale garden.",1,P,"-"
92662,"MINING EXCHANGE",Y,"A type of stock exchange for tin which replaced the stannary courts in the mid 19th century.",1,P,"-"
92663,"MINING INDUSTRY SITE",N,"Buildings and structures associated with the mining industry.",1,P,"-"
92664,"Mining Village",N,"-",1,N,"-"
92665,"Ministers Cottage",N,"-",1,N,"-"
92666,"Minories",N,"-",1,N,"-"
92667,"Misericorde",N,"An apartment in a monastery where monks were able to eat and drink.",1,N,"-"
92668,"MISSILE BASE",Y,"A site for the storage, preparation and launching of missiles.",1,P,"-"
92669,"Missionary College",N,"-",1,N,"-"
92671,"MIXED BORDER",Y,"A bed or border in which different species and colours are mixed.",1,P,"-"
92672,"MIXED CEMETERY",Y,"A cemetery containing more than one burial type eg cremations and inhumations.",1,P,"-"
92674,"Moated House",N,"Use both terms.",1,N,"-"
92675,"Moated Manor House",N,"Use both terms.",1,N,"-"
92676,"Model Cottage",N,"-",1,N,"-"
92677,"MODEL FACTORY",Y,"A factory built as a pattern for improved design.",1,P,"-"
92678,"Model Flats",N,"-",1,N,"-"
92679,"Model Lodging House",N,"-",1,N,"-"
92680,"MODEL SETTLEMENT",Y,"A planned village or settlement, usually developed by a philanthropic industrialist , to house workers. Most include facilities for the education and betterment of the workers and their families.",1,P,"-"
92681,"Model Village",N,"-",1,N,"-"
92682,"Monastery Barn",N,"Use both terms.",1,N,"-"
92683,"Monastery Bridge",N,"Use both terms.",1,N,"-"
92684,"Monastery Gateway",N,"Use both terms.",1,N,"-"
92685,"Monastery Kitchen",N,"Use both terms.",1,N,"-"
92686,"Monastic Cathedral",N,"Use both terms. Use specific type of monastery where known.",1,N,"-"
92688,"Montessori School",N,"-",1,N,"-"
92689,"MOORISH GARDEN",Y,"A garden incorporating features of Moorish-influenced Spanish gardens - water features, patios, benches, walls and compartments, evergreens, etc.",1,P,"-"
92690,"MOORISH PAVILION",Y,"An often light and airy garden building in the Moorish style used for recreational purposes.",1,P,"-"
92691,"MORAVIAN CHAPEL",Y,"A place of worship for Protestant followers of Hussite doctrines which accept the Bible as the only source of faith.",1,P,"-"
92692,"Moravian Church",N,"-",1,N,"-"
92693,"Moravian School",N,"-",1,N,"-"
92694,"MORT SAFE",Y,"An iron frame placed over a coffin or at the entrance to a grave to act as a deterrent against resurrectionists.",1,P,"-"
92695,"MOSS HOUSE",Y,"A rustic garden building made of wood with moss pressed between the wall slats. The mosses could be of different types, forming a mossery.",1,P,"-"
92696,"MOTEL",Y,"A long, low-rise building consisting of rows of attached individual suites of rooms used for overnight accommodation by motorists.",1,P,"-"
92697,"MOTOR CYCLE FACTORY",Y,"A building where motor cycles are assembled.",1,P,"-"
92698,"Motor Repair Shop",N,"-",1,N,"-"
92699,"MOTOR VEHICLE ENGINEERING SITE",N,"Buildings and sites associated with the manufacture of motor vehicles.",1,P,"-"
92700,"MOTOR VEHICLE SHOWROOM",Y,"A building or room where motor vehicles are exhibited for sale.",1,P,"-"
92701,"MOULD STORE",Y,"A building or room used for the storage of pottery moulds.",1,P,"-"
92702,"MOULDING HOUSE",Y,"A building or structure in which bricks are made.",1,P,"-"
92703,"MOULDMAKERS SHOP",Y,"A workshop used for the production of pottery moulds.",1,P,"-"
92706,"MOVING CRANE",Y,"A crane which is driven by a petrol or diesel engine and travels on either crawler tracks or rubber tyres.",1,P,"-"
92707,"MOVING QUAY CRANE",Y,"A crane mounted on wheels and/or rails, used for the unloading of ships' cargoes.",1,P,"-"
92708,"MUFFLE KILN",Y,"A kiln in which the contents are protected from the fire, usually by a lining of tiles or refractory bricks.",1,P,"-"
92709,"MUG HOUSE",Y,"An 18th century cottage with a pottery kiln attached.",1,P,"-"
92710,"MULTI STOREY CAR PARK",Y,"A car park, on two or more levels.",1,P,"-"
92711,"MULTIPLE DWELLING",N,"Buildings designed for the accommodation of large numbers of people, rather than single families, etc.",1,P,"-"
92712,"MUNGO MILL",Y,"A mill for the manufacture of low grade cloth made from ground-up heavy woollen rags.",1,P,"-"
92713,"Municipal Baths",N,"-",1,N,"-"
92714,"Municipal Office",N,"-",1,N,"-"
92715,"MUNIMENT HOUSE",Y,"A building where documents such as title-deeds, charters, etc, were kept as evidence of rights or privileges.",1,P,"-"
92716,"MUNITION HOUSE",Y,"A building for the storage of ammunition and other military stores.",1,P,"-"
92717,"Music Academy",N,"-",1,N,"-"
92719,"Music College",N,"-",1,N,"-"
92720,"Music Conservatoire",N,"-",1,N,"-"
92721,"Music House",N,"-",1,N,"-"
92722,"MUSIC SCHOOL",Y,"A building or school where music is taught.",1,P,"-"
92723,"MUSICAL INSTRUMENT FACTORY",Y,"A factory where musical instruments are manufactured.",1,P,"-"
92724,"MUSTARD MILL",Y,"A mill where mustard is produced.",1,P,"-"
92725,"NAIL SHOP",Y,"A small work shop for nail manufacture, most commonly situated at the back of a nailer's dwelling.",1,P,"-"
92726,"NAILERS ROW",Y,"A terrace or row of dwellings, with a NAIL SHOP attached to each house.",1,P,"-"
92727,"National Debt Redemption Office",N,"-",1,N,"-"
92728,"NATIONAL SCHOOL",Y,"A school established by the National Society which was founded in 1811 to promote the education of the poor.",1,P,"-"
92729,"National Society School",N,"-",1,N,"-"
92730,"Naval Academy",N,"-",1,N,"-"
92731,"Naval Architecture School",N,"-",1,N,"-"
92732,"Naval Armament Depot",N,"-",1,N,"-"
92733,"Naval Arsenal",N,"-",1,N,"-"
92734,"Naval Asylum",N,"-",1,N,"-"
92735,"Naval Barracks",N,"-",1,N,"-"
92737,"Naval Club",N,"-",1,N,"-"
92738,"Naval Hospital",N,"Use appropriate term.",1,N,"-"
92739,"NAVAL OFFICERS HOUSE",Y,"The residence of a Royal Navy or Merchant Navy officer.",1,P,"-"
92740,"NAVAL OFFICERS MESS",Y,"A building providing accommodation, dining and recreational facilities for commissioned naval officers.",1,P,"-"
92741,"NAVAL STOREHOUSE",Y,"A building for the storage of all stores supplied for naval service other than victualling and armament.",1,P,"-"
92742,"NAVIGATION AID",N,"Buildings, sites and structures used by mariners for purposes of navigation.",1,P,"-"
92743,"Navigation Light",N,"-",1,N,"-"
92744,"Navigation School",N,"-",1,N,"-"
92745,"Necessary House",N,"-",1,N,"-"
92746,"Neighbourhood Centre",N,"-",1,N,"-"
92747,"NEPHROLOGY HOSPITAL",Y,"A specialist hospital for the medical and surgical treatment of kidney disorders and diseases.",1,P,"-"
92748,"Nervous Diseases Hospital",N,"-",1,N,"-"
92749,"NETBALL COURT",Y,"A prepared area used for the game of netball.",1,P,"-"
92750,"NEUROLOGY HOSPITAL",Y,"A hospital for the treatment of diseases of the nerves and nervous system.",1,P,"-"
92751,"Newsagents Shop",N,"-",1,N,"-"
92752,"NIGHTCLUB",Y,"An establishment open at night for refreshment and entertainment.",1,P,"-"
92753,"NITRATE WORKS",Y,"A building or site producing nitrogen-rich fertilizer.",1,P,"-"
92754,"NITROGLYCERINE WORKS",Y,"A works or factory where nitroglycerine is manufactured.",1,P,"-"
92759,"Nonconformist Academy",N,"-",1,N,"-"
92760,"NONCONFORMIST CHURCH",Y,"A place of worship for members of Protestant sects dissenting from the established Church.",1,P,"-"
92761,"Nonconformist Hall",N,"-",1,N,"-"
92762,"NONCONFORMIST MEETING HOUSE",Y,"A building used for services by a nonconformist protestant sect, especially by Quakers and Presbyterians.",1,P,"-"
92763,"Nonconformist Proprietary School",N,"-",1,N,"-"
92764,"Nonconformist School",N,"-",1,N,"-"
92765,"NORTH LIGHT FACTORY",Y,"A type of factory building, often single-storey, designed so that windows incorporated into the vertical faces of its saw-tooth roof can allow the maximum amount of natural light into its interior.",1,P,"-"
92766,"NUCLEAR BUNKER",Y,"A reinforced concrete structure, often sited underground, used as a shelter from the threat of nuclear attack.",1,P,"-"
92767,"NUCLEAR POWER STATION",Y,"A complex of buildings producing power derived from nuclear energy.",1,P,"-"
92768,"Nuns Church",N,"Use both terms.",1,N,"-"
92769,"NURSERY SCHOOL",Y,"A school for pre-Infant school children, usually 3-5 years old.",1,P,"-"
92770,"Nurses Cottage",N,"-",1,N,"-"
92771,"Nurses Home",N,"-",1,N,"-"
92772,"NURSES TRAINING SCHOOL",Y,"An establishment for the theoretical and practical training of nurses.",1,P,"-"
92773,"Nursing College",N,"-",1,N,"-"
92774,"NYMPHAEUM",Y,"A grotto or shrine dedicated to the nymphs, composed of fountains designed to imitate a natural grotto.",1,P,"-"
92775,"Oast",N,"-",1,N,"-"
92776,"OCCUPATIONAL THERAPY UNIT",Y,"A centre where treatment and rehabilitation training is given to patients recovering from injuries or accidents.",1,P,"-"
92777,"OCEAN LINER TERMINAL",Y,"An area of a port, dock or harbour, often including buildings for passport control and customs, where passengers of ocean liners can embark/disembark and where supplies can be taken on board.",1,P,"-"
92778,"Oceanographic Research Station",N,"-",1,N,"-"
92779,"OCTAGONAL KILN",Y,"A kiln that is octagonal in plan. Use with functional kiln type where known.",1,P,"-"
92780,"OCTAGONAL TEMPLE",Y,"A garden building, octagonal in plan, designed in the style of a classical temple, used for standing or sitting in.",1,P,"-"
92781,"Oddfellows House",N,"-",1,N,"-"
92782,"OIL DISTILLERY",Y,"A site used for the separation of oil into its constituent parts by heating in an enclosed vessel(s).",1,P,"-"
92783,"OIL ENGINE",Y,"An internal combustion engine powered by the combustion of vapourized oil.",1,P,"-"
92784,"OIL FIRED POWER STATION",Y,"An electricity-producing power station fired by oil.",1,P,"-"
92785,"OIL PUMP",Y,"A piece of machinery used to raise oil from a well.",1,P,"-"
92787,"OIL RETORT HOUSE",Y,"A structure erected for the processing of shale, to extract oil through heating.",1,P,"-"
92788,"OIL RIG",Y,"A supporting structure for drilling machinery used in the extraction of or prospecting for mineral oils.",1,P,"-"
92789,"OIL SILO",Y,"An underground structure for the storage of mineral oil.",1,P,"-"
92790,"Old Aged Pensioners Club",N,"-",1,N,"-"
92791,"Old Peoples Asylum",N,"A historic term for a charitable institution caring for destitute, older people.",1,N,"-"
92792,"Omnibus Depot",N,"-",1,N,"-"
92793,"Omnibus Station",N,"-",1,N,"-"
92794,"ONION DRYING SHED",Y,"A building where onions are laid out to dry.",1,P,"-"
92795,"OPEN AIR SCHOOL",Y,"An early to mid 20th century school designed to effect maximum ventilation and sunlight for its pupils.",1,P,"-"
92796,"OPEN AIR THEATRE",Y,"An outdoor theatre for the staging of dramatic productions.",1,P,"-"
92797,"Open Cast Coal Workings",N,"-",1,N,"-"
92798,"Open Cast Copper Workings",N,"-",1,N,"-"
92799,"Open Cast Iron Workings",N,"-",1,N,"-"
92800,"OPEN CAST MINE",Y,"An excavation open to the sky, caused by the extraction of coal, stone or similar. Use with product type where known.",1,P,"-"
92801,"Open Cast Tin Workings",N,"-",1,N,"-"
92802,"Open Cast Workings",N,"-",1,N,"-"
92803,"OPEN HALL HOUSE",Y,"A house consisting of a single storey hall with two storey domestic ranges attached to either one or both ends.",1,P,"-"
92804,"OPEN HEARTH FURNACE",Y,"A form of blast furnace. Steel is smelted in an open hearth while the waste gases are used to preheat the air blast.",1,P,"-"
92805,"Open Prison",N,"-",1,N,"-"
92806,"OPERATING THEATRE",Y,"A room where surgical operations are performed. Originally in the form of a room with a raised table surrounded by tiered seating from where students could watch an operation or disection be performed.",1,P,"-"
92807,"Operating Theatre Block",N,"-",1,N,"-"
92808,"Ophthalmic Department",N,"-",1,N,"-"
92809,"Ophthalmic Hospital",N,"-",1,N,"-"
92810,"OPTICIANS",Y,"An establishment for the testing of eyesight, making up of optical prescriptions and the sale of spectacles.",1,P,"-"
92811,"ORCHARD HOUSE",Y,"A forcing house used for various types of fruit which first appeared in the 19th century. Lean-to houses were used for wall-grown fruit and free-standing houses for fruit grown in pots or for trees planted in the ground.",1,P,"-"
92812,"Ordnance Office",N,"-",1,N,"-"
92813,"ORDNANCE STOREKEEPERS HOUSE",Y,"The residence of a storekeeper of naval ordnance.",1,P,"-"
92814,"Ordnance Survey Office",N,"-",1,N,"-"
92815,"ORDNANCE YARD",Y,"A storage area usually for naval weapons and stores.",1,P,"-"
92816,"Ore Crushing Mill",N,"-",1,N,"-"
92818,"ORE WASHING PLANT",Y,"A plant incorporating a range of ore processing operations such as buddles.",1,P,"-"
92819,"ORGAN FACTORY",Y,"A factory where musical organs are manufactured.",1,P,"-"
92820,"ORIENTAL INSTITUTE",Y,"A building used by an organization or society to promote the study of oriental languages and history through lectures, research, etc.",1,P,"-"
92821,"Oriental Strangers Home",N,"A historic term for temporary accommodation offered to foreign sailors employed by British shipping companies but destitute while awaiting their next ship. The 'Strangers' Home for Asiatics, Africans and South Sea Islanders' opened in London in 1857.",1,N,"-"
92822,"Orillon",N,"-",1,N,"-"
92823,"ORNAMENTAL BRIDGE",Y,"A bridge built to enhance or compliment the surrounding landscape. Mainly found on estates or in parkland and usually 18th and 19th century.",1,P,"-"
92824,"Ornamental Dairy",N,"-",1,N,"-"
92825,"Orphan Asylum",N,"-",1,N,"-"
92826,"Orphan Houses",N,"-",1,N,"-"
92827,"ORPHAN SCHOOL",Y,"A school for parentless children.",1,P,"-"
92828,"Orphanage Chapel",N,"Use both terms.",1,N,"-"
92829,"Orphanage School",N,"-",1,N,"-"
92830,"ORTHODONTICS DEPARTMENT",Y,"A hospital department for the medical and surgical treatment of teeth disorders.",1,P,"-"
92831,"ORTHODOX CHURCH",Y,"A place of worship for followers of the Orthodox Catholic Church. Use only where the specific denomination is unknown.",1,P,"-"
92832,"ORTHOPAEDIC DEPARTMENT",Y,"A department devoted to the curing or correcting of physical deformities.",1,P,"-"
92833,"ORTHOPAEDIC HOSPITAL",Y,"A hospital devoted to the curing or correcting of physical deformities.",1,P,"-"
92834,"OUTFALL SEWER",Y,"The outlet or mouth of a sewer where it dispenses into the sea, lake, etc.",1,P,"-"
92835,"OUTFARM",Y,"A multi-purpose farm building in an outlaying area of a farm.",1,P,"-"
92836,"OUTPATIENTS DEPARTMENT",Y,"A hospital department which treats patients without keeping them in overnight or for a longer period.",1,P,"-"
92837,"Overflow Weir",N,"-",1,N,"-"
92839,"Overlookers House",N,"-",1,N,"-"
92840,"Overseers House",N,"-",1,N,"-"
92841,"Overshot Waterwheel",N,"-",1,N,"-"
92842,"OVERSHOT WHEEL",Y,"A waterwheel turned by the force of water falling upon the top of the wheel into buckets placed round the circumference.",1,P,"-"
92843,"OXHOUSE",Y,"A building in which oxen are accommodated.",1,P,"-"
92844,"Packhorse Track",N,"-",1,N,"-"
92845,"PACKING HOUSE",Y,"An ancillary building in a factory or other industrial complex where manufactured goods are packaged.",1,P,"-"
92846,"PADDOCK",Y,"An enclosed field for horses.",1,P,"-"
92847,"Palace Of Varieties",N,"-",1,N,"-"
92848,"PALISSADE",Y,"Originally a fence against which trees and shrubs were grown. Later used to describe a row of trees and shrubs forming a hedge clipped into a green wall.",1,P,"-"
92849,"PALM HOUSE",Y,"A greenhouse used for growing palms and/or tropical plants.",1,P,"-"
92850,"Panels Office",N,"-",1,N,"-"
92851,"PANORAMA",Y,"A building, usually circular, or containing circular rooms, for the exhibition of panorama paintings.",1,P,"-"
92852,"Pant",N,"-",1,N,"-"
92853,"Pantechnicon",N,"-",1,N,"-"
92854,"PAPER INDUSTRY SITE",N,"Buildings, sites and structures associated with the production and use of paper.",1,P,"-"
92855,"Parish Office",N,"-",1,N,"-"
92856,"PARISH SCHOOL",Y,"A school serving or supported by a parish. Usually teaching religious as well as conventional education.",1,P,"-"
92857,"Parish Watch House",N,"-",1,N,"-"
92858,"Park Rangers Lodge",N,"-",1,N,"-"
92859,"PARK SHELTER",Y,"A shelter in a public park.",1,P,"-"
92860,"PARKING METER",Y,"A coin-operated meter receiving fees for parking a vehicle in a street, and indicating time allowed.",1,P,"-"
92861,"PARLIAMENT HOUSE",Y,"A building in which a parliament meets and conducts the business of government.",1,P,"-"
92862,"PARROT HOUSE",Y,"A building or cage in which parrots are bred and kept.",1,P,"-"
92863,"PARTICULAR BAPTIST CHAPEL",Y,"A place of worship for Particular Baptists, a Calvinistic Baptist denomination who believe in predestination.",1,P,"-"
92864,"Patent Office",N,"-",1,N,"-"
92865,"PATHOLOGY DEPARTMENT",Y,"A hospital department where research and treatment into the causes and nature of diseases or abnormal bodily conditions is carried out.",1,P,"-"
92866,"PATIENTS VILLA",Y,"A detached block within a hospital complex used as sleeping accommodation for patients.",1,P,"-"
92867,"PATIO",Y,"A small paved area attached to a building.",1,P,"-"
92868,"Pauper Lunatic Asylum",N,"-",1,N,"-"
92869,"PAUPER SCHOOL",Y,"A school for the teaching of poor children, often the recipients of Poor Law relief.",1,P,"-"
92870,"PAVILION WARD BLOCK",Y,"Detached block comprising one or more storeys of wards.",1,P,"-"
92871,"Pawn Shop",N,"-",1,N,"-"
92872,"PAWNSHOP",Y,"A pawnbrokers shop or place of business.",1,P,"-"
92873,"Paymaster Generals Office",N,"-",1,N,"-"
92874,"Pea Sorting Warehouse",N,"A building used for the sorting of peas.",1,N,"-"
92875,"Peabody Flats",N,"-",1,N,"-"
92876,"PEACOCK HOUSE",Y,"A building used to house peacocks.",1,P,"-"
92877,"Peat House",N,"-",1,N,"-"
92878,"PEAT WORKINGS",N,"Sites and structures associated with the cutting and processing of peat.",1,P,"-"
92879,"Pedestal Monument",N,"-",1,N,"-"
92880,"Pedestal Tomb",N,"-",1,N,"-"
92881,"Pedestrian Bridge",N,"-",1,N,"-"
92882,"PEDESTRIAN CROSSING",Y,"A path across a road, usually marked as a crossing for pedestrians.",1,P,"-"
92883,"PEDESTRIAN TRANSPORT SITE",N,"Sites and structures associated with pedestrian transport.",1,P,"-"
92884,"PEDESTRIAN TUNNEL",Y,"An underground foot tunnel primarily constructed to allow for the passage of pedestrians beneath an over ground obstacle.",1,P,"-"
92885,"PEN POND",Y,"A pond storing water to supply a HAMMER POND.",1,P,"-"
92887,"PENITENTIARY",Y,"An institution for convicted prisoners held under a regime which strove to reform by means of silent isolation and labour.",1,P,"-"
92888,"Penny Bank",N,"A savings bank where a sum as low as a penny may be deposited.",1,N,"-"
92889,"Pens",N,"-",1,N,"-"
92890,"Pentrough",N,"-",1,N,"-"
92891,"PEOPLES COLLEGE",Y,"A training college where workers can attend classes in vocational subjects. The classes are often day-release and sanctioned by the employer.",1,P,"-"
92892,"Peoples Palace",N,"-",1,N,"-"
92893,"PERCEE",Y,"A cutting through a wood to open up a view or establish an allee.",1,P,"-"
92894,"Perfume Distillery",N,"-",1,N,"-"
92895,"PERFUMERY",Y,"A place where perfume is sold, as well as manufactured.",1,P,"-"
92896,"PERIMETER TRACK",Y,"The outer boundary of an airfield.",1,P,"-"
92897,"Pet Cemetery",N,"-",1,N,"-"
92898,"PETROCHEMICAL SITE",N,"Buildings and plant used for the refining of oil or the production of chemicals using oil.",1,P,"-"
92899,"PETROL PUMP",Y,"A pump used to transfer petrol from a storage tank into cars, lorries and other road vehicles.",1,P,"-"
92900,"PHARMACEUTICAL CHEMICAL SITE",N,"Sites used for the production of drugs and other medical products.",1,P,"-"
92901,"PHARMACY",Y,"A building where the study and practice of preparing, preserving, compounding and dispensing drugs is performed.",1,P,"-"
92902,"PHILOLOGICAL SCHOOL",Y,"A place where the science of historical and comparative language is taught.",1,P,"-"
92903,"PHOTOGRAPHIC GALLERY",Y,"A place where photographs are displayed for sale.",1,P,"-"
92904,"PHOTOGRAPHIC STUDIO",Y,"A place where photographs are taken of people or things on a commercial basis.",1,P,"-"
92905,"PHYSIC GARDEN",Y,"A garden maintained for the study and cultivation of plants for medicinal purposes.",1,P,"-"
92906,"Physicians College",N,"-",1,N,"-"
92907,"PHYSIOTHERAPY DEPARTMENT",Y,"A hospital department where heat, light, sound, electricity, etc, is administered to patients suffering from muscular or skeletal disorders.",1,P,"-"
92908,"PIANO FACTORY",Y,"A factory where pianos are manufactured.",1,P,"-"
92909,"Piazza",N,"-",1,N,"-"
92910,"PICKER HOUSE",Y,"Working area for rag sorting and grading.",1,P,"-"
92911,"Picture House",N,"-",1,N,"-"
92912,"Picture Palace",N,"-",1,N,"-"
92913,"PIE AND MASH SHOP",Y,"A cheap eating establishment traditionally serving jellied eels, pies and mash.",1,P,"-"
92914,"Piece Hall",N,"-",1,N,"-"
92915,"PIER PAVILION",Y,"A pavilion at the end of a PLEASURE PIER.",1,P,"-"
92916,"PIERMASTERS HOUSE",Y,"The residence of a piermaster.",1,P,"-"
92917,"Pig Cote",N,"-",1,N,"-"
92918,"Pig Market",N,"-",1,N,"-"
92919,"Pig Sty",N,"-",1,N,"-"
92920,"Pigeon Loft",N,"-",1,N,"-"
92921,"PIGGERY",Y,"A place where pigs are reared.",1,P,"-"
92922,"Pilot Station",N,"-",1,N,"-"
92923,"PIN FACTORY",Y,"A building where pins are manufactured.",1,P,"-"
92924,"PIN MILL",Y,"A building or site used for the manufacture of pins.",1,P,"-"
92925,"PINERY",Y,"A glasshouse used for growing pineapples.",1,P,"-"
92926,"PINETUM",Y,"An arboretum devoted mainly to the growing of conifers.",1,P,"-"
92927,"PINNACLE",Y,"A vertical, pointed structure usually resembling a pyramid or cone. Use for component of a larger building type where it is now used as a freestanding ornament.",1,P,"-"
92928,"PIPE BRIDGE",Y,"Bridge for carrying pipes between buildings or working areas.",1,P,"-"
92929,"PIPE WORKSHOP",Y,"A workshop used for the manufacture of clay tobacco pipes.",1,P,"-"
92930,"Pit Prop Shop",N,"Use both terms.",1,N,"-"
92931,"Pit Village",N,"-",1,N,"-"
92932,"PITCHBACK WHEEL",Y,"A type of waterwheel where the incoming supply of water leaves a launder near the top of the wheel, and drops onto the paddles or buckets of the wheel which rotates in the reverse direction to that of the incoming flow.",1,P,"-"
92933,"PLACE OF WORSHIP",Y,"A place where appropriate acts, rites and ceremonies are performed to honour or revere a supernatural being, power or holy entity. Use specific type where known.",1,P,"-"
92934,"PLAGUE CEMETERY",Y,"A burial ground for victims of the plague.",1,P,"-"
92935,"Plague Churchyard",N,"-",1,N,"-"
92936,"PLAGUE MEMORIAL",Y,"A commemorative monument to victims of the plague.",1,P,"-"
92937,"Plainsong School",N,"-",1,N,"-"
92938,"PLANETARIUM",Y,"A building incorporating a model representation of the planetary system projected onto the ceiling.",1,P,"-"
92939,"PLANING MILL",Y,"Mill for producing a smooth surface and edges on newly sawn timber.",1,P,"-"
92940,"Plank Road",N,"-",1,N,"-"
92941,"Planned Farm",N,"-",1,N,"-"
92942,"PLASTER MANUFACTURING SITE",N,"Buildings, sites and structures associated with the manufacture of plaster.",1,P,"-"
92943,"PLATE GLASS WORKS",Y,"A factory used for the production of thick, flat glass used for shop window panes, etc. Plate glass is produced by rolling and casting rather than traditional blowing.",1,P,"-"
92944,"PLATE RACK",Y,"A storage rack for sections of steel plate used in the construction of ships.",1,P,"-"
92945,"PLATERS SHOP",Y,"Large covered spaces where the steel plate used for ship construction was cut and marked out, prior to being craned onto the hull, etc.",1,P,"-"
92946,"Play School",N,"-",1,N,"-"
92947,"Playground",N,"-",1,N,"-"
92948,"PLAYGROUND SHELTER",Y,"A rudimentary roofed building found in school playgrounds, open at the side. Used as a shelter from bad weather.",1,P,"-"
92949,"Playhouse",N,"-",1,N,"-"
92950,"PLAYING FIELD",Y,"A field or piece of ground used for the playing of games and other activities.",1,P,"-"
92951,"PLEASURE PIER",Y,"A seaside pier used as a promenade and amusement park.",1,P,"-"
92952,"PLEDGE DEPOT",Y,"A municipal pawnshop.",1,P,"-"
92953,"Plymouth Brethren Meeting House",N,"-",1,N,"-"
92954,"Pointed Bastion",N,"-",1,N,"-"
92955,"POLICE HOUSE",Y,"A building providing lodgings for police constables.",1,P,"-"
92956,"Police Office",N,"-",1,N,"-"
92957,"POLICE TELEPHONE PILLAR",Y,"A metal pillar with a flashable lamp on top containing an emergency telephone for use by members of the public and by officers of the local police force.",1,P,"-"
92958,"POLICE TRAINING COLLEGE",Y,"An educational establishment for the training of police cadets.",1,P,"-"
92959,"Police Wireless Station",N,"-",1,N,"-"
92960,"POLO FIELD",Y,"A piece of prepared ground on which the game of polo is played.",1,P,"-"
92961,"Poor Law Guardians Home",N,"-",1,N,"-"
92962,"Poor Law Guardians Office",N,"-",1,N,"-"
92963,"Poor Law Infirmary",N,"Use both terms.",1,N,"-"
92964,"Poor Law Institution",N,"-",1,N,"-"
92965,"Poor Law Office",N,"-",1,N,"-"
92966,"Poor Law Union Hospital",N,"Use both terms.",1,N,"-"
92967,"Porcelain Showroom",N,"-",1,N,"-"
92968,"PORT ADMIRALS HOUSE",Y,"The residence of an admiral of a port.",1,P,"-"
92969,"PORT AUTHORITY OFFICE",Y,"The office of the body controlling a harbour and docks.",1,P,"-"
92970,"PORTAL",Y,"A door, gate, doorway or gateway of grand or elaborate construction. Use specific type where possible.",1,P,"-"
92971,"PORTERS LODGE",Y,"A small building used by the keeper of a castle, park, etc.",1,P,"-"
92972,"Porters Office",N,"-",1,N,"-"
92973,"PORTERS REST",Y,"A small structure comprising of a 'shelf' of wood or metal sitting on pillars and erected for the benefit of porters to allow them to rest their burdens.",1,P,"-"
92974,"Post House",N,"-",1,N,"-"
92975,"Post Office Headquarters",N,"-",1,N,"-"
92976,"Post Office Tower",N,"-",1,N,"-"
92977,"POSTAL SYSTEM STRUCTURE",N,"Buildings, sites and structures associated with the collection, distribution, sending and reception of mail.",1,P,"-"
92978,"Posting House",N,"-",1,N,"-"
92979,"Poultry Market",N,"-",1,N,"-"
92980,"Pound Keepers Cottage",N,"-",1,N,"-"
92981,"POUND LOCK",Y,"A common type of lock in the form of a chamber with gates on either side.",1,P,"-"
92982,"Powder Store",N,"-",1,N,"-"
92983,"POWER GENERATION SITE",N,"Buildings, sites and structures associated with the generation and transmission of power.",1,P,"-"
92985,"Preceptors College",N,"-",1,N,"-"
92986,"Preceptory Of The Knights Of St Lazarus",N,"-",1,N,"-"
92987,"PRECINCT",Y,"The ground immediately surrounding a place, particularly a religious building.",1,P,"-"
92988,"Prefab",N,"Use most appropriate term.",1,N,"-"
92989,"PREMONSTRATENSIAN ALIEN CELL",Y,"A residence of two or three monks of the Premonstratensian order dependent on a foreign mother house.",1,P,"-"
92990,"Premonstratensian Alien Priory",N,"Use ALIEN PRIORY and PREMONSTRATENSIAN MONASTERY/NUNNERY.",1,N,"-"
92991,"Premonstratensian Priory Cell",N,"-",1,N,"-"
92992,"PREPARATORY SCHOOL",Y,"An independent school for children up to the age of 11 or 13 in which pupils are prepared for entry into a public school.",1,P,"-"
92993,"Presbyterian Meeting House",N,"-",1,N,"-"
92994,"PRESS HOUSE",Y,"A building containing presses for the compaction of mill cake gunpowder as part of the gunpowder manufacturing process.",1,P,"-"
92995,"PRESS SHOP",Y,"A workshop containing machinery used to press textiles.",1,P,"-"
92996,"PRIMARY SCHOOL",Y,"A school which combines the functions of both Infant and Junior Schools, teaching children up to the age of eleven. Use specific type where known.",1,P,"-"
92997,"PRIMITIVE METHODIST CHAPEL",Y,"A place of worship for Primitive Methodists, a group who were formed in Staffordshire and influenced by American evangelical ideas and who left the Methodists in 1811.",1,P,"-"
92998,"PRINT SHOP",Y,"A printer's workshop in the newspaper/publishing industries.",1,P,"-"
92999,"PRINTING AND PUBLISHING SITE",N,"Buildings and sites associated with the printing and publishing industry.",1,P,"-"
93000,"PRINTING SHOP",Y,"A workshop for printing textiles in a CALICO PRINTING WORKS.",1,P,"-"
93001,"Prioresses House",N,"-",1,N,"-"
93002,"Prioresses Lodging",N,"-",1,N,"-"
93003,"Priors Lodging",N,"-",1,N,"-"
93004,"Priory Barn",N,"Use both terms.",1,N,"-"
93005,"Priory Church",N,"Use both terms.",1,N,"-"
93006,"Priory Gate",N,"Use both terms.",1,N,"-"
93007,"Priory Gatehouse",N,"Use both terms.",1,N,"-"
93008,"Priory Kitchen",N,"Use both terms.",1,N,"-"
93009,"Priory Wall",N,"Use both terms.",1,N,"-"
93010,"Prison Garden",N,"Use both terms.",1,N,"-"
93011,"Prison Infirmary",N,"Use both terms.",1,N,"-"
93012,"PRISON TREADMILL",Y,"An appliance for producing motion by the stepping of men on movable steps on a revolving cylinder. Used as a form of punishment in prisons.",1,P,"-"
93013,"Private Art Gallery",N,"-",1,N,"-"
93014,"PRIVATE CHAPEL",Y,"A small private chapel in a church or house, either attached or in a separate building.",1,P,"-"
93017,"PRIVATE SQUARE",Y,"An open area, often paved or cobbled, surrounded by privately owned buildings and inaccessible to the public.",1,P,"-"
93018,"Probation Office",N,"-",1,N,"-"
93019,"PRODUCER GAS HOUSE",Y,"A building used to manufacture Producer Gas. Producer Gas is a mix of gases formed by passing compressed air through hot coke.",1,P,"-"
93020,"PROFESSIONAL INSTITUTE",Y,"A building used by organizations or societies for the promotion of a particular profession through lectures, research, etc.",1,P,"-"
93021,"PROMENADE",Y,"A place for strolling, public walks, etc. Usually associated with coastal resorts.",1,P,"-"
93022,"Proof House",N,"-",1,N,"-"
93023,"PROPRIETARY SCHOOL",Y,"A school in which the funds were raised through a system of shareholding whereby parents bought shares in the school and thus paid for their children's education.",1,P,"-"
93024,"Protestant Church",N,"-",1,N,"-"
93025,"Protestant School",N,"-",1,N,"-"
93026,"Provender Mill",N,"-",1,N,"-"
93027,"Provender Store",N,"-",1,N,"-"
93028,"PROVOSTS HOUSE",Y,"The residence of the head or president of a chapter, or community of religious persons.",1,P,"-"
93029,"Provosts Lodgings",N,"-",1,N,"-"
93030,"PSYCHIATRIC HOSPITAL",Y,"Nowadays a hospital where patients suffering from psychiatric disorders receive medical care and treatment. Traditionally they were often places where psychiatric patients were kept confined away from society receiving minimal medical care or attention.",1,P,"-"
93031,"Psychiatric Unit",N,"-",1,N,"-"
93032,"Pub",N,"-",1,N,"-"
93033,"Pub Sign",N,"-",1,N,"-"
93034,"Public Gallery",N,"-",1,N,"-"
93035,"Public Laundry",N,"-",1,N,"-"
93036,"PUBLIC SQUARE",Y,"An open area, often paved or cobbled, surrounded by buildings and accessible to the public.",1,P,"-"
93037,"Public Toilets",N,"-",1,N,"-"
93038,"Public Urinal",N,"-",1,N,"-"
93039,"PULPIT",Y,"Use as an external architectural feature only.",1,P,"-"
93040,"Pumping Shed",N,"-",1,N,"-"
93041,"PUNISHMENT PLACE",N,"A site where acts of corporal and capital punishment were carried out.",1,P,"-"
93042,"Punt Shelter",N,"-",1,N,"-"
93043,"PURIFIER HOUSE",Y,"A building, within a gas works, housing a gas purifier.",1,P,"-"
93044,"PUT ON STONE",Y,"A stone used to instruct a coachman to take an extra trace horse to assist on roads of a steep gradient.",1,P,"-"
93045,"PUTTY MILL",Y,"A factory where putty, used as a means of securing windows and for setting plumbing fixtures, is produced from a combination of whiting and oil.",1,P,"-"
93047,"QUADRIGA",Y,"A sculptured group comprising a chariot drawn by four horses.",1,P,"-"
93048,"Quaker Burial Ground",N,"-",1,N,"-"
93049,"Quaker Graveyard",N,"-",1,N,"-"
93050,"Quaker Meeting House",N,"-",1,N,"-"
93051,"Quaker School",N,"-",1,N,"-"
93052,"Quarriers Cottage",N,"-",1,N,"-"
93053,"QUARRY HOIST",Y,"Machinery for lifting pieces of stone or loaded trucks out of a quarry.",1,P,"-"
93054,"Quarry Office",N,"Use both terms.",1,N,"-"
93055,"Quarrymans Cottage",N,"-",1,N,"-"
93056,"QUARTERMASTERS STORE",Y,"A building or group of buildings used for the storage and issuing of rations and equipment to an army unit.",1,P,"-"
93057,"QUASI AISLED HOUSE",Y,"A house with no row of posts between the central space and the aisles.",1,P,"-"
93058,"QUAY CRANE",Y,"A crane located on a quayside used for the loading and unloading of goods and materials to and from vessels.",1,P,"-"
93059,"Queen Eleanor Cross",N,"-",1,N,"-"
93060,"Queristers House",N,"-",1,N,"-"
93061,"QUOITS GROUND",Y,"An area of ground used for the game of quoits.",1,P,"-"
93062,"RACECOURSE PAVILION",Y,"A building situated next to a horse racing course with facilities for participants and spectators.",1,P,"-"
93063,"Racing Track",N,"-",1,N,"-"
93064,"RACKING ROOM",Y,"A building or room where beer is decanted from conditioning tanks, into casks or barrels.",1,P,"-"
93065,"RACQUETS COURT",Y,"A plain four walled court used to play the game of racquets on.",1,P,"-"
93066,"RADAR BEACON",Y,"A structure which allows aircraft fitted with radar equipment to 'home' in on an airfield in the dark or in poor visibility, and land safely. Radar beacons can also be used as navigation aids.",1,P,"-"
93067,"Radio Beacon",N,"-",1,N,"-"
93068,"RADIO BROADCASTING STUDIO",Y,"A place where radio programmes are produced and broadcast.",1,P,"-"
93069,"Radio Mast",N,"For broadcast radio programmes use BROADCASTING TRANSMITTER, for radar transmissions use TRANSMITTER SITE.",1,N,"-"
93070,"RADIO STUDIO",Y,"A room or building used for recording and broadcasting radio programmes.",1,P,"-"
93071,"RADIO TELESCOPE",Y,"A large dish-like structure designed to observe the invisible outerspace phenomena detected by radio waves, eg. Jodrell Bank.",1,P,"-"
93072,"RADIO VALVE WORKS",Y,"A complex of buildings used for the manufacture of radio valves or similar electronic components.",1,P,"-"
93073,"RADIUM INSTITUTE",Y,"A building where radium is used in the treatment of cancer.",1,P,"-"
93074,"RAG GRINDING MILL",Y,"A mill in which textile rags were ground, either to enable the fibres to be respun or to use the pulp in the manufacture of paper.",1,P,"-"
93075,"RAG MILL",Y,"A mill used for grinding textile rags.",1,P,"-"
93076,"RAGGED SCHOOL",Y,"A free school for poor children.",1,P,"-"
93077,"RAILWAY BUFFET",Y,"A small eating and drinking establishment or refreshment bar at a railway station for the use of passengers.",1,P,"-"
93078,"RAILWAY ENGINEERING SITE",N,"Buildings, sites and structures associated with the construction and maintenance of railways and rolling stock.",1,P,"-"
93079,"RAILWAY INCLINED PLANE",Y,"An embankment or cutting on a railway system, surfaced at a uniform gradient, up or down which materials were hauled by rope.",1,P,"-"
93080,"RAILWAY JUNCTION",Y,"A place where two or more railway lines meet.",1,P,"-"
93081,"RAILWAY LIFT",Y,"A mechanically operated lift used to transfer rolling stock from one level of track to another.",1,P,"-"
93082,"RAILWAY LOOKOUT TOWER",Y,"A semaphore signalling tower on a railway.",1,P,"-"
93083,"Railway Navvys Cottage",N,"-",1,N,"-"
93084,"Railway Orphanage",N,"-",1,N,"-"
93085,"RAILWAY PLATFORM",Y,"A raised floor along the side of a line at a railway station, for convenience in entering and alighting from a train.",1,P,"-"
93086,"Railway Provender Store",N,"-",1,N,"-"
93087,"Railway Sidings",N,"-",1,N,"-"
93088,"RAILWAY STABLE",Y,"A stable located at a railway station or goods yard. Horses were necessary both for freight and passengers to continue their journey beyond the railway.",1,P,"-"
93089,"RAILWAY STOREHOUSE",Y,"A small store building at a railway station for the storage of equipment and other stores associated with the railway.",1,P,"-"
93090,"RAILWAY TRANSPORT SITE",N,"Buildings, sites and structures associated with railway transport.",1,P,"-"
93091,"Railway Tunnel Entrance",N,"-",1,N,"-"
93092,"Railway Water Tank",N,"-",1,N,"-"
93093,"Railway Workers Village",N,"-",1,N,"-"
93094,"RAISED BED",Y,"A bed raised above the level of the surrounding walks. A common feature of medieval and Renaissance gardens.",1,P,"-"
93095,"Raised Slab",N,"-",1,N,"-"
93098,"Ranters Chapel",N,"-",1,N,"-"
93100,"REAL TENNIS COURT",Y,"An indoor court where the ancient and complex sport of real tennis is played, eg. the court at Hampton Court Palace.",1,P,"-"
93101,"RECEIVING BLOCK",Y,"A building as part of a workhouse, prison or hospital, often including porter's lodge, baths, clothes store, washrooms, casual cells, rooms etc, for receiving inmates/patients. Use term from Components thesaurus if it is part of a building complex.",1,P,"-"
93102,"Recital Room",N,"-",1,N,"-"
93103,"RECORD OFFICE",Y,"A building where official archives are kept for public inspection.",1,P,"-"
93104,"RECORDING STUDIO",Y,"A room or building used for the making of films, television or radio programmes and musical recordings (CDs, LPs, etc).",1,P,"-"
93105,"RECREATIONAL HALL",Y,"A hall built as part of a complex and used for the recreation of the workers or inhabitants. Usually associated with model estates, factories, flats etc.",1,P,"-"
93106,"RECRUITING STATION",Y,"A building where civilians are enlisted to join the military forces.",1,P,"-"
93107,"Rectory Pele",N,"-",1,N,"-"
93108,"Redan",N,"-",1,N,"-"
93110,"REELING SHED",Y,"A building wherein silk worm cocoons are boiled to release the silk fibres.",1,P,"-"
93111,"REFERENCE LIBRARY",Y,"A library where books may be consulted but not taken away.",1,P,"-"
93112,"Reform Club",N,"-",1,N,"-"
93113,"REFRESHMENT PAVILION",Y,"A type of pavilion sometimes found in public parks or country house estates.",1,P,"-"
93115,"REFUGE BEACON",Y,"A beacon, firmly embedded on the sea floor, consisting of an iron mast, with ladder steps leading up to the refuge cage considerably above high-water mark, and capable of holding several people.",1,P,"-"
93116,"REFUSE DEPOT",Y,"A place where domestic refuse is collected for disposal.",1,P,"-"
93117,"REFUSE DESTRUCTOR STATION",Y,"Power station using domestic refuse as its principal fuel.",1,P,"-"
93118,"REFUSE TRANSFER DEPOT",Y,"A depot for the transfer of town refuse to river barges before transportation to the REFUSE DEPOT.",1,P,"-"
93119,"REGIMENTAL DEPOT",Y,"Any military base where the depot battalion of a regiment is based. Depot battalions maintain the stores and records of a regiment and train new recruits.",1,P,"-"
93120,"Regimental Hospital",N,"-",1,N,"-"
93121,"REGISTER OFFICE",Y,"An office at which the registration of marriages, births and deaths are recorded, and in which marriage ceremonies may take place.",1,P,"-"
93122,"REHABILITATION CENTRE",Y,"A place where people recovering from illnesses or accidents are helped to recover their physical and/or mental capabilities.",1,P,"-"
93124,"Remand Home",N,"-",1,N,"-"
93125,"Reredorter",N,"-",1,N,"-"
93126,"RESEARCH INSTITUTE",Y,"A building used by an organization or society instituted to promote research.",1,P,"-"
93127,"Research Laboratory",N,"-",1,N,"-"
93128,"RESERVOIR INSPECTION CHAMBER",Y,"A chamber built into the side of a covered reservoir to enable the water level to be inspected.",1,P,"-"
93129,"RESIDENTIAL BUILDING",N,"Buildings used as non-permanent homes.",1,P,"-"
93130,"Residential Home",N,"-",1,N,"-"
93131,"Residentiary",N,"-",1,N,"-"
93132,"RESORT VILLAGE",Y,"Model village built as a holiday resort.",1,P,"-"
93133,"RETREAT",Y,"A house or centre used for meditation, contemplation and/or prayer.",1,P,"-"
93134,"Retreat House",N,"-",1,N,"-"
93135,"Rhodonite Mine",N,"-",1,N,"-"
93136,"RIBBON FACTORY",Y,"A factory where ribbons are manufactured.",1,P,"-"
93137,"Ribbon Wall",N,"-",1,N,"-"
93138,"Riding House",N,"-",1,N,"-"
93139,"Riding Stables",N,"-",1,N,"-"
93140,"Rifle Factory",N,"-",1,N,"-"
93141,"RIGGING HOUSE",Y,"A workshop with equipment for the making and repair of ships' rigging.",1,P,"-"
93142,"Ripe Charge House",N,"A storehouse for components used in the manufacture of gunpowder.",1,N,"-"
93144,"RIVER INTAKE GAUGE",Y,"A balance engine used to replenish the water levels of a river by transferring water from a reservoir or other supply.",1,P,"-"
93145,"RIVER PORT",Y,"A port situated on a river, often associated with a town or overland goods transport facilities.",1,P,"-"
93146,"River Stairs",N,"-",1,N,"-"
93147,"River Steps",N,"-",1,N,"-"
93150,"ROAD JUNCTION",Y,"A place where two or more roads meet.",1,P,"-"
93151,"ROAD SIGN",Y,"A sign, often mounted on a post next to a roadside, giving directions or other instructions.",1,P,"-"
93152,"ROAD TRANSPORT DEPOT",Y,"A place where goods and merchandise are temporarily stored before being transported to or from somewhere by road.",1,P,"-"
93153,"ROAD TRANSPORT SITE",N,"Buildings, sites and structures associated with road transport.",1,P,"-"
93154,"ROAD TUNNEL PORTAL",Y,"The entrance to a road tunnel, sometimes of a grand construction.",1,P,"-"
93155,"Roadhouse",N,"-",1,N,"-"
93156,"ROADSIDE LIGHTHOUSE",Y,"A lighted pillar or LIGHTHOUSE, eg. Dunston Pillar, Lincs., erected in 1751 to guide travellers over the heath.",1,P,"-"
93157,"ROCK BRIDGE",Y,"A bridge constructed using rockwork to create a craggy, naturalistic appearance. A feature of 18th century rococo gardens and parks.",1,P,"-"
93158,"Rock Dwelling",N,"-",1,N,"-"
93159,"ROCKET MOTOR FACTORY",Y,"A factory for the manufacture of rocket motors, both for civil and military use.",1,P,"-"
93160,"Rolling Stock Hoist",N,"-",1,N,"-"
93161,"Rolls Office",N,"-",1,N,"-"
93162,"ROMAN CATHOLIC CATHEDRAL",Y,"The principal Roman Catholic church in a diocese in which the cathedra or bishop's throne is to be found.",1,P,"-"
93163,"ROMAN CATHOLIC CEMETERY",Y,"A burial ground for Roman Catholics.",1,P,"-"
93164,"Roman Catholic College",N,"-",1,N,"-"
93165,"Roman Kiln",N,"-",1,N,"-"
93166,"ROND POINT",Y,"An open circular area where avenues converge.",1,P,"-"
93167,"Roof Crane",N,"-",1,N,"-"
93168,"ROOT HOUSE",Y,"A picturesque garden building decorated with tree roots, often serving as a HERMITAGE or ARBOUR.",1,P,"-"
93169,"ROOT ROOM",Y,"Room, usually part of another building, for storing and preparing roots and other animal feed.",1,P,"-"
93170,"ROPE MANUFACTURING SITE",N,"Buildings and structures associated with the manufacture of rope.",1,P,"-"
93171,"Ropehouse",N,"-",1,N,"-"
93172,"ROSE BORDER",Y,"A long bed containing rose plants.",1,P,"-"
93173,"ROSTRAL COLUMN",Y,"A column set on a pedestal and decorated with the bows of warships to celebrate naval victories. Originally a Roman form, it was revived in 17th and 18th century decoration.",1,P,"-"
93174,"ROTARY KILN",Y,"A kiln in which stone is burnt as it falls through a heated and slightly inclined steel tube.",1,P,"-"
93175,"ROTATIVE BEAM ENGINE",Y,"An engine in which the oscillating motion of the beam is translated via gearing to a rotative motion.",1,P,"-"
93177,"Round House (Horse Engine)",N,"-",1,N,"-"
93178,"Roundhouse (Lock Up)",N,"-",1,N,"-"
93179,"ROUNDHOUSE (RAILWAY)",Y,"A circular building for housing and repairing railway locomotives.",1,P,"-"
93180,"ROW",Y,"A row of buildings built during different periods, as opposed to a TERRACE.",1,P,"-"
93181,"ROW HOUSE",Y,"A terrace house sharing a common wall with its neighbours.",1,P,"-"
93182,"ROWING CLUB",Y,"A building used as a social venue by people interested in, and involved with, the sport of rowing. An area of the building may be used for the storage of canoes, sculls etc. Often situated by a river.",1,P,"-"
93183,"Royal Air Force College",N,"-",1,N,"-"
93184,"ROYAL AIR FORCE HOSPITAL",Y,"A hospital where Air Force personnel and their families receive medical and surgical treatment.",1,P,"-"
93185,"ROYAL CHAPEL",Y,"A private chapel for a royal court.",1,P,"-"
93186,"Royal Hunting Lodge",N,"-",1,N,"-"
93187,"Royal Institution",N,"-",1,N,"-"
93188,"Royal Merchant Navy School",N,"-",1,N,"-"
93189,"Royal Mint",N,"-",1,N,"-"
93190,"Royal Pavilion",N,"-",1,N,"-"
93191,"Rugby Football Stadium",N,"-",1,N,"-"
93192,"RUGBY PITCH",Y,"A prepared area of grass on which the game of rugby is played.",1,P,"-"
93193,"RUM WAREHOUSE",Y,"A type of warehouse found in naval victualling yards, used for the storage of rum, a ration of which was given on a daily basis to members of the Royal Navy, up until the 1980s, when this practice ceased.",1,P,"-"
93194,"RUNWAY",Y,"A hard level roadway or other surface from which aircraft take off and land.",1,P,"-"
93195,"Rural Institute",N,"-",1,N,"-"
93196,"RUSSIAN ORTHODOX CHURCH",Y,"A place of worship for members of the Russian Orthodox Church, the national church of Russia.",1,P,"-"
93197,"SACRISTY",Y,"A place for keeping vestments and sacred vessels.",1,P,"-"
93198,"SAFETY RAMP",Y,"Emergency deceleration lane.",1,P,"-"
93199,"Sag Pipe",N,"-",1,N,"-"
93200,"SAGGAR MAKERS WORKSHOP",Y,"A workshop in which saggars - fire clay boxes to protect ware from direct action of flame and gases during firing - were manufactured.",1,P,"-"
93201,"SAILMAKING WORKS",Y,"A building or site where boat sails are manufactured from processed cloth.",1,P,"-"
93202,"Sailors Chapel",N,"-",1,N,"-"
93203,"Sailors Church",N,"-",1,N,"-"
93204,"Sailors Cottage",N,"-",1,N,"-"
93205,"Sailors Exchange",N,"-",1,N,"-"
93206,"Sailors Hostel",N,"-",1,N,"-"
93207,"Sailors Orphan Asylum",N,"-",1,N,"-"
93208,"Sailors Registry",N,"-",1,N,"-"
93209,"Salmon Coop",N,"-",1,N,"-"
93210,"Salmon Ladder",N,"-",1,N,"-"
93211,"SALT STORE",Y,"Buildings incorporating a high degree of protection against damp for the bulk storage of salt.",1,P,"-"
93212,"Salt Warehouse",N,"-",1,N,"-"
93214,"SALTCOTE",Y,"A hut, usually containing lead pans, in which salt water is boiled to produce salt.",1,P,"-"
93215,"SALTING HOUSE",Y,"A room or building used for curing fish or meat.",1,P,"-"
93216,"SALTPETRE STORE",Y,"A place where saltpetre, the chief component of gunpowder, is kept.",1,P,"-"
93217,"Saltpie",N,"-",1,N,"-"
93218,"Saltworkers Cottage",N,"-",1,N,"-"
93219,"SALUTING BATTERY",Y,"A battery equipped and ready to fire salutes",1,P,"-"
93220,"SALVATION ARMY HALL",Y,"A place of worship and meeting hall for members of the Salvation Army, an evangelical sect founded by William Booth in Nottingham in 1865 and derived from Wesleyan Methodism. They rejected the sacraments and adopted a quasi-military rhetoric and style.",1,P,"-"
93221,"Salvation Army Hostel",N,"-",1,N,"-"
93222,"SAND AND GRAVEL EXTRACTION SITE",Y,"A site associated with the extraction, from the ground, of sand and gravel. Use more specific type where known.",1,P,"-"
93223,"SAND WORKINGS",Y,"A place where sand is extracted from surface workings.",1,P,"-"
93224,"SANDEMANIAN CHAPEL",Y,"A place of worship for Sandemanians, a movement founded by John Glass after his expulsion from the Church of Scotland in 1728. It was spread to England by his son-in-law, Robert Sandeman.",1,P,"-"
93225,"Sarsen Stone",N,"Use stone where natural and not utilized by man.",1,N,"-"
93226,"Scallage",N,"-",1,N,"-"
93227,"Scallenge",N,"-",1,N,"-"
93228,"SCARP",Y,"A steep bank or slope. In fortifications, the bank or wall immediately in front of and below the rampart.",1,P,"-"
93229,"SCAVELLMANS CABIN",Y,"A building used by labourers who clean and pump the docks, and in general, assist shipwrights.",1,P,"-"
93230,"School Board Office",N,"-",1,N,"-"
93231,"SCHOOL BOARDING HOUSE",Y,"A building, usually within the grounds of a school and often containing dormitories, used by pupils who board.",1,P,"-"
93232,"School Canteen",N,"Use both terms.",1,N,"-"
93233,"School For Nurses",N,"-",1,N,"-"
93234,"SCHOOL HALL",Y,"A large room or building at a school used for assembly and other activities.",1,P,"-"
93235,"School Infirmary",N,"Use both terms.",1,N,"-"
93236,"School Laboratory",N,"Use both terms.",1,N,"-"
93237,"School Library",N,"Use both terms.",1,N,"-"
93238,"School Of Arts And Crafts",N,"-",1,N,"-"
93239,"School Of Industry",N,"-",1,N,"-"
93240,"School Teachers House",N,"-",1,N,"-"
93241,"Schoolmasters House",N,"-",1,N,"-"
93242,"SCIENTIFIC INSTITUTE",Y,"A building used by an organization or society instituted to promote science through lectures, research, etc.",1,P,"-"
93243,"SCOOP WHEEL",Y,"A wheel driven by wind or steam for the lifting of water.",1,P,"-"
93244,"Scotch Baptist Chapel",N,"-",1,N,"-"
93245,"SCOTCH KILN",Y,"A type of updraught intermittent kiln of rectangular plan and battered sides, but with an open top.",1,P,"-"
93246,"Scottish National School",N,"-",1,N,"-"
93247,"Scottish Office",N,"-",1,N,"-"
93248,"SCRAP YARD",Y,"A place where scrap metal is collected.",1,P,"-"
93249,"Screen Wall",N,"-",1,N,"-"
93250,"SCREENS HOUSE",Y,"A building housing filters for sewage. Usually associated with a sewage pumping station.",1,P,"-"
93251,"SCULPTURE GARDEN",Y,"A garden designed to display sculpture, publicly or privately.",1,P,"-"
93252,"SCYTHE MILL",Y,"A factory used for the manufacture of scythes.",1,P,"-"
93253,"SEA BATHING HOSPITAL",Y,"A hospital where patients would bathe daily in the sea or in indoor salt-water swimming baths.",1,P,"-"
93254,"SEA BEACON",Y,"A mark erected on or near danger or on shore as an aid to pilotage.",1,P,"-"
93255,"SEA LOCK",Y,"An entrance chamber from tide water to basin, with gates at each end and means of pumping up or lowering the level of water to suit.",1,P,"-"
93256,"Sea Mill",N,"-",1,N,"-"
93257,"SEA TERMINAL",Y,"A port, dock or harbour where ferries, hovercraft, ocean liners and cargo vessels can load and unload. May include road and/or rail terminals for transportation to the port.",1,P,"-"
93258,"Sea Wall",N,"-",1,N,"-"
93260,"SEAMENS CHURCH",Y,"A place of worship specifically for mariners and their families.",1,P,"-"
93261,"SEAMENS HOSPITAL",Y,"A hospital for the medical and surgical treatment of sailors and/or their families. For Royal Naval seamen use ROYAL NAVAL HOSPITAL.",1,P,"-"
93262,"SEAPORT",Y,"A port on the sea, rather than on river or estuary.",1,P,"-"
93263,"Seaside Sanatorium",N,"-",1,N,"-"
93264,"SEAT",Y,"An external structure used to sit on.",1,P,"-"
93265,"SECONDARY MODERN SCHOOL",Y,"A school attended by children between the ages of eleven and sixteen offering a vocationally orientated curriculum.",1,P,"-"
93266,"SECONDARY SCHOOL",Y,"A school attended by children between the ages of eleven and sixteen.",1,P,"-"
93267,"SECTION HOUSE",Y,"A building providing lodgings for members of the police force.",1,P,"-"
93268,"SECULAR CATHEDRAL",Y,"A cathedral in which the chapter was composed of canons who lived in their own houses and were not governed by a monastic rule. Nine such cathedrals existed in England between the 11th and 16th centuries.",1,P,"-"
93269,"SECULAR HALL",Y,"The meeting hall of a secular or ethical society.",1,P,"-"
93270,"SEDAN CHAIR LIFT",Y,"A stepped, roadside platform, usually of stone on which a sedan chair was placed to allow the porters to lift the chair without having to bend.",1,P,"-"
93271,"SEDILIA BUILDING",Y,"A building containing a series of seats for use by the clergy during services. The seats are usually placed in the church and as such this is a very rare monument type, being purpose-built. An example being St. Germoe's Chair in Germoe, Cornwall.",1,P,"-"
93272,"Semi Detached Cottage",N,"-",1,N,"-"
93273,"Seminary",N,"Use specific term.",1,N,"-"
93274,"Senate House",N,"-",1,N,"-"
93275,"SENTRY BOX",Y,"A small structure providing cover and protected accommodation for a sentry.",1,P,"-"
93276,"SERBIAN ORTHODOX CHURCH",Y,"A place of worship for members of the Serbian Orthodox Church, the national church of Serbia.",1,P,"-"
93277,"SERGE FACTORY",Y,"A factory used for the manufacture of serge, a heavy woollen cloth.",1,P,"-"
93278,"Serjeants Inn",N,"-",1,N,"-"
93279,"SERPENTINE PATH",Y,"A winding path in a garden or park, common in the late 17th and early 18th centuries.",1,P,"-"
93280,"SERPENTINE WALK",Y,"A winding walk, common in early 18th century Rococo gardens and parks.",1,P,"-"
93281,"SERPENTINE WALL",Y,"A wall for growing fruit, dating in England from the mid-18th century, whose curving lines gave added strength, thus doing away with the need for buttressing.",1,P,"-"
93282,"SERVANTS HALL",Y,"Usually a servants' dining room.",1,P,"-"
93283,"Servants Quarters",N,"-",1,N,"-"
93284,"Service Block",N,"-",1,N,"-"
93285,"SERVICE STATION",Y,"Use for complexes where services (eg. restaurants, shops) are provided in addition to facilities for buying petrol.",1,P,"-"
93286,"SERVICES CLUB",Y,"A place where current and former members of the armed services meet for social and recreational activities.",1,P,"-"
93287,"SERVICES HOME",Y,"A residential establishment for retired armed servicemen and women.",1,P,"-"
93288,"Settle",N,"Use as an external architectural feature only.",1,N,"-"
93290,"Seventh Day Adventists Church",N,"-",1,N,"-"
93291,"Sewage Treatment Works",N,"-",1,N,"-"
93292,"Sewer Commissioners Office",N,"-",1,N,"-"
93293,"SHAFT KILN",Y,"A vertical structure, sometimes made of steel, often used in the manufacture of cement. Material is loaded at the top, burnt in the middle and removed at the bottom.",1,P,"-"
93294,"Sham Ruin",N,"-",1,N,"-"
93295,"Sheep Cote",N,"-",1,N,"-"
93296,"SHEEP SHEARING SHED",Y,"A building in which sheep are sheared.",1,P,"-"
93297,"SHEEP WASH",Y,"A place used to clean the fleece of sheep before shearing. This could be a watercourse temporarily dammed in order to wash sheep.",1,P,"-"
93298,"SHEER HULK",Y,"An old ship hull used as a base for lifting tackle.",1,P,"-"
93299,"SHEER LEGS",Y,"A structure comprising two upright spars, joined at the top to form a triangle, with a hoisting tackle suspended from the apex. Used to lift cargo or other weights.",1,P,"-"
93300,"SHELL BRIDGE",Y,"A bridge decorated with shells forming an ornamental feature.",1,P,"-"
93301,"SHELL FOUNTAIN",Y,"A fountain decorated with shells forming an ornamental feature.",1,P,"-"
93302,"SHELL GROTTO",Y,"A grotto decorated with shells, sometimes a room in a house, sometimes a detached building.",1,P,"-"
93303,"SHELL HOUSE",Y,"An ornamental building, usually decorated with or displaying shells.",1,P,"-"
93304,"SHELTERED ACCOMMODATION",Y,"Accommodation designed for the elderly, disabled, etc, as individual units.",1,P,"-"
93306,"SHIP CANAL",Y,"A canal that can accommodate ocean-going ships, usually built across an isthmus or to give access to a river port e.g. Manchester ship canal",1,P,"-"
93307,"SHIP CHANDLERY",Y,"A commercial premises supplying ships with provisions.",1,P,"-"
93308,"SHIP REPAIR WORKS",Y,"A site containing slipways and associated buildings used specifically for the repair of ships and larger ocean-going craft.",1,P,"-"
93309,"SHIPHOUSE FRAME",Y,"An open metalwork structure supporting either a fabrication shed or the runners for an overhead crane.",1,P,"-"
93310,"Shipping Insurance Office",N,"-",1,N,"-"
93311,"SHIPWRIGHTS WORKSHOP",Y,"A place where dockyard craftsmen both design and build ships.",1,P,"-"
93312,"SHODDY MILL",Y,"A mill in which poor quality woollen cloth was made from fibres produced by grinding light woollen rags.",1,P,"-"
93313,"Shooting Box",N,"-",1,N,"-"
93314,"Shooting Lodge",N,"-",1,N,"-"
93315,"Shopping Mall",N,"-",1,N,"-"
93316,"Showrooms",N,"-",1,N,"-"
93317,"SHRUB BORDER",Y,"A long bed planted with mixed shrubs, usually found near the house.",1,P,"-"
93318,"SHRUBBERY",Y,"A plantation of shrubs.",1,P,"-"
93320,"SHUTTER TELEGRAPH STATION",Y,"A signalling station which used a series of shutters to indicate various messages.",1,P,"-"
93321,"Shutting Stile",N,"-",1,N,"-"
93322,"Sick Childrens Hospital",N,"-",1,N,"-"
93323,"Sick House",N,"Use INFIRMARY with appropriate complex type (eg. SCHOOL).",1,N,"-"
93324,"Siemens Furnace",N,"-",1,N,"-"
93325,"SIGNAL TOWER",Y,"A tower in a semaphore communication system. Often a three-storey building on a hill in line-of-sight, signal towers provided working and living space, usually for two crewmen with their families.",1,P,"-"
93326,"SIGNALLING STRUCTURE",N,"Buildings and structures associated with signal communication.",1,P,"-"
93327,"SIGNALMANS COTTAGE",Y,"The residence of a signalman.",1,P,"-"
93328,"Silage Silo",N,"-",1,N,"-"
93329,"SILK DRYING SHED",Y,"A building in which silk was dried.",1,P,"-"
93330,"SILK MANUFACTURING SITE",N,"Buildings, sites and structures associated with the manufacture of silk.",1,P,"-"
93331,"Silk Weavers Cottage",N,"-",1,N,"-"
93332,"Silk Weavers Workshop",N,"-",1,N,"-"
93333,"SILKWORM FARM",Y,"A farm or group of buildings where Silkworms are bred. The Silkworm when changing into a pupa spins a cocoon made of silken filaments, these are then unwound and used to manufacture silk thread.",1,P,"-"
93334,"SILVER HEARTH",Y,"Ore hearth specifically for the refining of silver.",1,P,"-"
93335,"SINGLE AISLED HOUSE",Y,"A house with an aisle on one side only.",1,P,"-"
93336,"Single Ended Hall",N,"-",1,N,"-"
93337,"SINGLE ENDED HALL HOUSE",Y,"A house consisting of a single storey open hall with a two storey domestic range attached at one end, forming a T shape.",1,P,"-"
93338,"SINGLE ENDED WEALDEN HOUSE",Y,"A wealden house with only one end being jettied.",1,P,"-"
93339,"Single Mens Hostel",N,"-",1,N,"-"
93340,"Sink House",N,"-",1,N,"-"
93341,"Sisters House",N,"-",1,N,"-"
93342,"Skating Pond",N,"-",1,N,"-"
93343,"Skilling",N,"-",1,N,"-"
93344,"SKIN DISEASE HOSPITAL",Y,"A specialist hospital for the medical treatment of skin diseases.",1,P,"-"
93345,"Skin Market",N,"-",1,N,"-"
93346,"SKITTLE ALLEY",Y,"A place where the game of skittles is played.",1,P,"-"
93347,"Slate Mine",N,"-",1,N,"-"
93348,"Slate Works",N,"-",1,N,"-"
93349,"Slip (Maritime)",N,"-",1,N,"-"
93350,"SLIP SHED",Y,"A wooden or metal structure covering a shipbuilding slip way.",1,P,"-"
93351,"SLIPPER BATHS",Y,"Originally partially covered baths shaped somewhat like a slipper, now usually a number of single baths of the modern domestic style installed for hire at public baths.",1,P,"-"
93352,"Small Arms Factory",N,"Manufacture of hand held weapons such as rifles, pistols, etc.",1,N,"-"
93353,"Smallpox Hospital",N,"-",1,N,"-"
93354,"Smelt Mill Chimney",N,"-",1,N,"-"
93355,"Smelt Mill Flue",N,"-",1,N,"-"
93356,"Smelter",N,"-",1,N,"-"
93357,"Smelting Works",N,"-",1,N,"-"
93358,"Smithery",N,"-",1,N,"-"
93359,"Smiths Shop",N,"-",1,N,"-"
93360,"Smoking House",N,"-",1,N,"-"
93361,"Snack Bar",N,"-",1,N,"-"
93362,"SOAKING PIT",Y,"A furnace for holding hot steel ingots to equalize their temperature before they are hot-rolled in a steel-making or rolling mill complex.",1,P,"-"
93363,"Soccer Stadium",N,"Use both terms.",1,N,"-"
93364,"SODA WORKS",Y,"A site used for the production of sodium bicarbonate, soda ash or caustic soda.",1,P,"-"
93365,"SOLARIUM",Y,"A terrace, balcony or room exposed to the rays of the sun which were thought to be beneficial to recovering from an illness.",1,P,"-"
93366,"Solicitors Office",N,"-",1,N,"-"
93367,"Song School",N,"-",1,N,"-"
93368,"Sough Tunnel",N,"-",1,N,"-"
93369,"Sound Dish",N,"-",1,N,"-"
93370,"SOUND MIRROR",Y,"An early warning structure built during and after WWI along the south and east coasts of England. Sound detecting acoustic dishes and walls could detect the sound of approaching enemy aircraft at a distance of 8 to 15 miles.",1,P,"-"
93371,"SOUP KITCHEN",Y,"A place where soup and food is available to the homeless.",1,P,"-"
93372,"SPA PAVILION",Y,"A light, ornamental building or structure built to incorporate, or in association with, a mineral spring.",1,P,"-"
93373,"Spa Well",N,"-",1,N,"-"
93374,"Spade And Shovel Works",N,"-",1,N,"-"
93375,"Spade Forge",N,"-",1,N,"-"
93376,"Spale Makers Workshop",N,"-",1,N,"-"
93377,"SPECIAL SCHOOL",Y,"A school for pupils with physical or learning difficulties.",1,P,"-"
93378,"SPECIALIST HOSPITAL",N,"A hospital providing medical, surgical or psychiatric testing and treatment for patients with specific illnesses or injuries.",1,P,"-"
93379,"Speech House",N,"Use both terms.",1,N,"-"
93380,"Spelk Makers Workshop",N,"-",1,N,"-"
93381,"Spelter Factory",N,"-",1,N,"-"
93382,"SPHINX",Y,"A sculptured, carved or moulded representation of an imaginary creature with a human head and breast combined with the body of a lion.",1,P,"-"
93383,"Spike",N,"-",1,N,"-"
93384,"SPIRITUALIST CHURCH",Y,"A place of worship for the believers of spiritualism: The belief that the spirits of the dead can somehow manifest themselves and speak with the living.",1,P,"-"
93385,"Spital",N,"-",1,N,"-"
93386,"Spittle House",N,"-",1,N,"-"
93387,"Split Bridge",N,"-",1,N,"-"
93389,"SPLIT SHAFT KILN",Y,"A twin-shafted kiln, circular or oval in plan, consisting of a fire chamber, pre-heater and cooling chamber.",1,P,"-"
93390,"Spoon Factory",N,"-",1,N,"-"
93391,"SPORTS GROUND",Y,"An area of prepared ground on which a sport is played. Use more specific type where known.",1,P,"-"
93392,"SPORTS SITE",N,"Buildings, sites and structures associated with sporting activities.",1,P,"-"
93393,"Sports Stadium",N,"-",1,N,"-"
93394,"SPRING SHOP",Y,"An engineering workshop for the manufacture and repair of springs.",1,P,"-"
93395,"SQUATTER SETTLEMENT",Y,"A site occupied by people who have no legal right to the land or buildings on it.",1,P,"-"
93396,"SQUATTERS COTTAGE",Y,"A cottage erected over a short period of time, by people who had no legal right to the land. Squatters were often tolerated by the landlord as they provided cheap labour.",1,P,"-"
93397,"STABLEHANDS LODGINGS",Y,"A place of accommodation for a stablehand.",1,P,"-"
93398,"Stableyard",N,"Use both terms.",1,N,"-"
93399,"STACK YARD",Y,"A farmyard or enclosure containing regularly built stacks of hay, corn, peas etc.",1,P,"-"
93400,"STALLION HOUSE",Y,"A building where a stallion is kept.",1,P,"-"
93401,"Stanch",N,"-",1,N,"-"
93402,"Stand",N,"-",1,N,"-"
93403,"Standing",N,"-",1,N,"-"
93404,"Standpipe Tower",N,"-",1,N,"-"
93405,"STANNARY COURT",Y,"A medieval court for tin miners in Devon and Cornwall.",1,P,"-"
93406,"STAR FORT",Y,"A fort with a star trace plan, designed to increase the angles of fire.",1,P,"-"
93407,"State Paper Office",N,"-",1,N,"-"
93408,"Station Buffet",N,"-",1,N,"-"
93409,"Station Garden",N,"Use both terms.",1,N,"-"
93410,"STATION MASTERS HOUSE",Y,"The residence of a station master.",1,P,"-"
93411,"STATION SIGN",Y,"A board indicating the name of the railway station.",1,P,"-"
93412,"Statue Factory",N,"-",1,N,"-"
93413,"STATUE FOUNDRY",Y,"A workshop or factory where statues are made by casting molten material into moulds.",1,P,"-"
93414,"STAUNCH",Y,"A lock or a dam in a river.",1,P,"-"
93415,"Steading",N,"-",1,N,"-"
93416,"Steam Baths",N,"-",1,N,"-"
93417,"Steam Cooperage",N,"-",1,N,"-"
93418,"STEAM CRANE",Y,"A crane powered by a steam engine.",1,P,"-"
93419,"STEAM ENGINE HOUSE",Y,"A building housing a steam engine.",1,P,"-"
93420,"STEAM POWER PRODUCTION SITE",N,"Buildings, sites and structures associated with the production and use of steam power.",1,P,"-"
93421,"STEAM PUMP",Y,"A machine used to raise and move water and other liquids, compress gases etc. and powered by a steam engine.",1,P,"-"
93422,"STEAM TURBINE",Y,"A motor in which rotary motion is produced by steam power.",1,P,"-"
93423,"STEAM TURBINE POWER STATION",Y,"A complex of buildings where electricity is produced using steam-powered turbines.",1,P,"-"
93424,"STEAM WINCH",Y,"A winch powered by a steam engine.",1,P,"-"
93425,"STEAM WINDER",Y,"A steam powered winding gear used at a colliery or other mine.",1,P,"-"
93426,"Steel Forge",N,"-",1,N,"-"
93427,"Steel House",N,"-",1,N,"-"
93428,"Steel Workers Village",N,"-",1,N,"-"
93429,"STEPPED TERRACE",Y,"A terrace of houses built on a slope giving the roofline a stepped appearance.",1,P,"-"
93430,"STEWARDS HOUSE",Y,"The residence of a person entrusted with the management of a great house or castle.",1,P,"-"
93431,"Stick House",N,"-",1,N,"-"
93432,"Stiddy",N,"-",1,N,"-"
93433,"STILL HOUSE",Y,"A building housing equipment for the process of distillation.",1,P,"-"
93434,"Still Room",N,"-",1,N,"-"
93435,"STILLING HOUSE",Y,"A distilling or brewing house.",1,P,"-"
93436,"Stithy",N,"-",1,N,"-"
93437,"Stockingers Cottage",N,"-",1,N,"-"
93438,"STONE BREAKING YARD",Y,"A place where inmates of a workhouse or prison carried out stone breaking.",1,P,"-"
93439,"Stone Crusher",N,"-",1,N,"-"
93440,"STONE CRUSHING PLANT",Y,"A place where pieces of stone are crushed and ground.",1,P,"-"
93441,"STONE DISPATCH BUILDING",Y,"A building in a quarry consisting of a series of loading bays in which stone is loaded onto wagons.",1,P,"-"
93442,"STONE EXTRACTION SITE",N,"Buildings, sites and structures associated with the extraction of stone. Includes preparation processes.",1,P,"-"
93443,"STONE TABLE",Y,"A table made of stone, found in streets, parks, etc.",1,P,"-"
93444,"Stonemasons Workshop",N,"-",1,N,"-"
93445,"STOP LOCK",Y,"A lock at the end of one company's canal where it joins another company's canal.",1,P,"-"
93446,"Store Building",N,"-",1,N,"-"
93447,"STOUP",Y,"A vessel to contain holy water located near the entrance of a church.",1,P,"-"
93448,"Stowce",N,"-",1,N,"-"
93449,"Straddle Stone",N,"-",1,N,"-"
93450,"Straw Hat Factory",N,"-",1,N,"-"
93451,"Stream Works",N,"-",1,N,"-"
93452,"STREET LAMP",Y,"A light, often suspended from a lamp-post, to illuminate a street or road.",1,P,"-"
93453,"STUD FARM",Y,"A farm where stallions and mares are kept for breeding.",1,P,"-"
93454,"Students Hostel",N,"-",1,N,"-"
93455,"STUDENTS UNION",Y,"A building used, as a meeting place and administration block, by an organization run for the benefit of students at a school, college or university.",1,P,"-"
93456,"STUDIO HOUSE",Y,"A purpose-built residence for an artist, containing a studio.",1,P,"-"
93457,"Studio Theatre",N,"-",1,N,"-"
93459,"Subdeanery",N,"-",1,N,"-"
93460,"Subscription Library",N,"-",1,N,"-"
93461,"Subscription School",N,"-",1,N,"-"
93462,"SULPHUR STORE",Y,"A building used for storing Sulphur, a highly inflammable chemical element used in the manufacture of matches, gunpowder and sulphuric acid. It is also used in bleaching, for vulcanizing rubber and as a disinfectant.",1,P,"-"
93463,"SUMMERHOUSE",Y,"A building in a garden or park designed to provide a shady retreat from the heat of the sun.",1,P,"-"
93464,"Sunken Wall",N,"-",1,N,"-"
93465,"SUNSHINE RECORDER",Y,"A glass sphere in a metal frame standing on a small pillar. A card is placed behind the sphere which focuses any sunlight, marking the card and thus indicating how many hours of sunlight there was on that day.",1,P,"-"
93466,"SUPERPHOSPHATE FACTORY",Y,"A building or site where phosphorous-based fertilizers are produced by controlled chemical reactions.",1,P,"-"
93467,"Superstore",N,"-",1,N,"-"
93468,"Surgeons College",N,"-",1,N,"-"
93469,"Surgeons Institute",N,"-",1,N,"-"
93470,"SURGERY",Y,"A room or office at a general practitioners' or veterinary practice, where patients or animals are seen and medicine dispensed.",1,P,"-"
93471,"SURVEY TOWER",Y,"A tower used for surveying, especially in civil engineering projects such as bridges.",1,P,"-"
93472,"Surveyors Office",N,"-",1,N,"-"
93473,"Swanneck Crane",N,"-",1,N,"-"
93474,"SWANNERY POND",Y,"A pond located at or near a swannery.",1,P,"-"
93475,"SWEDENBORGIAN CHAPEL",Y,"A place of worship for followers of Emmanuel Swedenborg who believed he was the medium through which the New Jerusalem would be founded on earth. The church was formed in 1787.",1,P,"-"
93476,"Swill Kitchen",N,"-",1,N,"-"
93477,"Swill Makers Workshop",N,"-",1,N,"-"
93478,"Swine Cote",N,"-",1,N,"-"
93479,"SWISS COTTAGE",Y,"A chalet designed in the Swiss style, eg. Kenwood, London.",1,P,"-"
93480,"SWISS GARDEN",Y,"A garden with real or supposed Swiss features, including buildings and plantings.",1,P,"-"
93481,"Swiss Protestant Church",N,"-",1,N,"-"
93482,"Sword Cutlers Cottage",N,"-",1,N,"-"
93483,"Symphony Hall",N,"-",1,N,"-"
93484,"SYNODAL HALL",Y,"A building used as a meeting place by a synod, an assembly of the clergy.",1,P,"-"
93485,"Synthetic Textile Factory",N,"-",1,N,"-"
93486,"Tabernacle",N,"-",1,N,"-"
93487,"Tackle House",N,"-",1,N,"-"
93488,"Tailbridge",N,"-",1,N,"-"
93489,"Tailoring Factory",N,"-",1,N,"-"
93490,"Tailors Shop",N,"-",1,N,"-"
93492,"TAKE OFF STONE",Y,"A stone used to instruct a coachman to unhitch a horse, previously taken on to help pull the coach up a steep gradient.",1,P,"-"
93493,"TALLOW FACTORY",Y,"A building where tallow is produced, ie. solid animal fat that has been separated by heating, usually for making candles.",1,P,"-"
93494,"Tammy Hall",N,"-",1,N,"-"
93495,"TANK FURNACE",Y,"An enclosed furnace used for the continuous casting of plate glass.",1,P,"-"
93496,"TAPESTRY WEAVING WORKSHOP",Y,"A workshop where tapestries were made.",1,P,"-"
93497,"Tar Cellar",N,"-",1,N,"-"
93498,"TAR HOUSE",Y,"A storehouse associated with rope manufacture (eg. in naval dockyards).",1,P,"-"
93499,"Tar Tunnel",N,"-",1,N,"-"
93500,"Tarpaulin Drying Shed",N,"-",1,N,"-"
93501,"Tarred Yarn House",N,"-",1,N,"-"
93502,"Taxi Station",N,"-",1,N,"-"
93503,"TAXIWAY",Y,"A marked path along which aircraft taxi to or from a parking area, runway, etc.",1,P,"-"
93504,"TEA ROOM",Y,"An establishment where tea and other non-alcoholic refreshments and light meals are served.",1,P,"-"
93505,"TEA WAREHOUSE",Y,"A large building used to store tea.",1,P,"-"
93506,"TEACHERS CENTRE",Y,"A building used by teachers for in-service training.",1,P,"-"
93507,"TEACHING HOSPITAL",Y,"A working hospital, often near or associated with a university, where doctors and nurses are trained.",1,P,"-"
93508,"TEAGLE",Y,"A crane or hoist within a building found mainly in the North of England. Can also refer to a projecting crane located above a loading slot.",1,P,"-"
93509,"Tearoom Pavilion",N,"-",1,N,"-"
93510,"TEAZLE DRYING HOUSE",Y,"A building used to dry teazle heads in. Teazles were used to raise the nap on cloth in teazle shops.",1,P,"-"
93511,"TECHNICAL SCHOOL",Y,"A school where the applied sciences and the mechanical arts are taught.",1,P,"-"
93512,"TECHNOLOGY INSTITUTE",Y,"A building used by an organization or society instituted to promote technology through lectures, research, etc.",1,P,"-"
93513,"Teetotal Public House",N,"-",1,N,"-"
93514,"TELECOMMUNICATION BUILDING",Y,"A building housing electrical or electronic equipment used for communicating over long distances. Use specific type where known.",1,P,"-"
93515,"TELEGRAPH OFFICE",Y,"The main office of a telegraph company containing rows of tables set with Morse sounders, keys, relays and pigeon holes from where MORSE coded messages were transmitted and received and telegrams dispatched.",1,P,"-"
93516,"TELEGRAPH POLE",Y,"A tall wooden pole used to support telegraph wires.",1,P,"-"
93517,"Telegraph Tower",N,"-",1,N,"-"
93518,"Telephone Booth",N,"-",1,N,"-"
93519,"Telephone Kiosk",N,"-",1,N,"-"
93520,"Telephone Pole",N,"-",1,N,"-"
93521,"TELEPHONE REPEATER STATION",Y,"A building, similar in style to a telephone exchange but smaller. They were used to compensate for the inadequacies of 1920's and 30's equipment over long distances, by repeating the signal every 200 miles.",1,P,"-"
93522,"TELESCOPE (CELESTIAL)",Y,"An optical instrument for making distant objects appear nearer and larger, usually found at an observatory, through which astronomical or meteorological phenomena may be observed.",1,P,"-"
93523,"TELESCOPE (TERRESTRIAL)",Y,"An optical instrument for making distant objects appear nearer and larger, often found on the promenade or pleasure pier at a seaside resort or at a site of scenic beauty.",1,P,"-"
93524,"Television Mast",N,"-",1,N,"-"
93525,"TELEVISION STUDIO",Y,"A building or series of rooms specially designed for the recording and transmission of live or taped television programmes.",1,P,"-"
93526,"TEMPERANCE HOTEL",Y,"A hotel where no alcohol is available.",1,P,"-"
93527,"TEMPERANCE PUBLIC HOUSE",Y,"A public house where no alcohol is sold.",1,P,"-"
93528,"TEMPERATE HOUSE",Y,"A building with a regulated moderate temperature for the cultivation of plants.",1,P,"-"
93529,"TEMPLARS CHURCH",Y,"A church, sometimes circular in plan, founded by the Poor Knights of Christ and the Temple of Solomon, commonly known as the Knights Templar.",1,P,"-"
93530,"Tenaille",N,"-",1,N,"-"
93531,"Tenaillon",N,"-",1,N,"-"
93532,"TENANTS HALL",Y,"A communal room or building attached to flats.",1,P,"-"
93533,"TENEMENT FACTORY",Y,"A purpose-built factory for more than one occupier (eg. for several different workshops).",1,P,"-"
93534,"TENNIS CLUB",Y,"A site containing a tennis court, changing facilities and a club house.",1,P,"-"
93535,"Term",N,"-",1,N,"-"
93536,"TERMINAL BUILDING",Y,"A building within a transport terminal, often associated with the registration and clearing of incoming and outgoing passengers or freight.",1,P,"-"
93537,"Terminal Figure",N,"-",1,N,"-"
93538,"TERMINUS STONE",Y,"To mark the end of a turnpike road.",1,P,"-"
93539,"TERRACED LAWN",Y,"A raised lawn in a garden or park.",1,P,"-"
93540,"TERRACED WALK",Y,"A walk, common in 18th century gardens, providing a view across the surrounding countryside.",1,P,"-"
93541,"TERRACOTTA WORKS",Y,"A site where terracotta, made from weathered clay and grog, was manufactured.",1,P,"-"
93542,"TEST HOUSE",Y,"A building used for the testing of aircraft and aircraft engines.",1,P,"-"
93543,"Tester Tomb",N,"-",1,N,"-"
93544,"TESTING RANGE",Y,"A site, containing installations and machinery, used for measuring the power of explosives.",1,P,"-"
93545,"Testing Works",N,"-",1,N,"-"
93546,"TEXTILE FINISHING SITE",N,"Includes bleaching, dressing, dyeing and printing.",1,P,"-"
93547,"TEXTILE INDUSTRY SITE",Y,"Includes all stages of production process of textiles, eg. wool, cotton, linen, etc, and textile products. Use only for sites where there is evidence of textile manufacture but no specific monument type, otherwise use more specific term.",1,P,"-"
93550,"Theater",N,"-",1,N,"-"
93551,"Theatre Pay Box",N,"-",1,N,"-"
93552,"Theatre School",N,"-",1,N,"-"
93553,"Theatre Workshop",N,"-",1,N,"-"
93554,"Theatrical School",N,"-",1,N,"-"
93555,"THEOSOPHICAL COLLEGE",Y,"An establishment dedicated to the study of God and religion.",1,P,"-"
93556,"Therm",N,"-",1,N,"-"
93557,"THERMAL BATHS",Y,"A building containing a number of areas for bathing, some of which are naturally heated by thermal springs.",1,P,"-"
93558,"THROWING HOUSE",Y,"A building in which pottery ware is made by shaping plastic clay on a spinning turntable, known as a potter's wheel or throwing wheel.",1,P,"-"
93559,"THROWING MILL",Y,"A textile mill where thread undergoes the processes of twisting and doubling to provide material strong enough to be spun and woven.",1,P,"-"
93560,"Ticket Office",N,"-",1,N,"-"
93561,"TIDAL BASIN",Y,"A basin or harbour, which is open to the tides. Vessels can only enter and leave at high tide and are stranded at low tide.",1,P,"-"
93562,"Tidal Canal Lock",N,"-",1,N,"-"
93563,"TIDAL DOOR",Y,"A gate which allows water to pass into a dock, etc, at flood tide, and by which it is retained during the ebb tide.",1,P,"-"
93564,"TIDE GAUGE",Y,"An instrument for measuring and indicating the height of tide.",1,P,"-"
93565,"Tide Gauge House",N,"-",1,N,"-"
93566,"Tied Cottage",N,"-",1,N,"-"
93567,"TILEMAKING WORKSHOP",Y,"A place where ceramic tiles are manufactured.",1,P,"-"
93569,"TILTYARD",Y,"A long, narrow yard used for jousting.",1,P,"-"
93570,"TILTYARD TOWER",Y,"A 16th century tower for observing tournaments, eg. at royal palaces.",1,P,"-"
93571,"Timber Drying Shed",N,"-",1,N,"-"
93573,"TIMBER FRAMED BUILDING",Y,"A building constructed with a basic timber framework; between the members are panels which can be infilled with timber, wattle and daub, plaster, brick or other materials.",1,P,"-"
93574,"TIMBER FRAMED HOUSE",Y,"A house constructed with a basic timber framework; between the members are panels which can be infilled with timber, wattle and daub, plaster, brick or other materials.",1,P,"-"
93575,"TIMBER MARKET",Y,"A place where processed wood is sold.",1,P,"-"
93576,"TIMBER PROCESSING SITE",N,"Buildings, sites and structures associated with the processing of timber.",1,P,"-"
93577,"TIMBER PRODUCT SITE",N,"Buildings, sites and structures associated with the manufacture of timber products.",1,P,"-"
93578,"TIMEBALL TOWER",Y,"A structure for visually communicating the exact time to ships in anchorage. A ball slides down a mast at the top of the tower, usually at noon or one o'clock exactly.",1,P,"-"
93579,"Tin Workers Cottage",N,"-",1,N,"-"
93580,"Tinworkers Cottage",N,"-",1,N,"-"
93581,"Tironensian Abbey",N,"Use both terms.",1,N,"-"
93582,"TIRONIAN ALIEN CELL",Y,"A residence of two or three monks of the Order of Tiron dependent on a foreign mother house.",1,P,"-"
93583,"Tironian Alien Priory",N,"Use both terms.",1,N,"-"
93584,"Tironian Alien Priory Cell",N,"-",1,N,"-"
93585,"Tobacco Drying Kiln",N,"-",1,N,"-"
93586,"TOBACCO WAREHOUSE",Y,"A building designed specifically for handling tobacco. This may be a bonded warehouse containing facilities for removing tobacco leaves from the hogsheads in which they were imported, and pressing them.",1,P,"-"
93587,"Tobacconists Shop",N,"-",1,N,"-"
93588,"TOILET",Y,"A small room or building containing a lavatory and, in more recent times, washing facilities.",1,P,"-"
93589,"Toll Bar Cottage",N,"-",1,N,"-"
93590,"TOLL BOARD",Y,"A sign, situated near a road or bridge, indicating a toll.",1,P,"-"
93591,"Toll Sign",N,"-",1,N,"-"
93592,"Tollhouse",N,"-",1,N,"-"
93593,"Tolstoyan Community Village",N,"-",1,N,"-"
93594,"TOPIARY AVENUE",Y,"A tree-lined way or approach where the trees have been cut into various forms and shapes.",1,P,"-"
93595,"TOPSHOP",Y,"An attic workshop for textile manufacture, usually weaving.",1,P,"-"
93596,"Tour En Bec",N,"-",1,N,"-"
93597,"Towbridge",N,"-",1,N,"-"
93598,"TOWER BLOCK",Y,"A tall, multi storeyed building either used as business premises or, more usually, as residential accomodation.",1,P,"-"
93599,"TOWING PATH BRIDGE",Y,"A bridge which takes a towing path over a branch canal, basin, etc.",1,P,"-"
93600,"Town Cellars",N,"-",1,N,"-"
93601,"Town Gatehouse",N,"-",1,N,"-"
93602,"Town Mansion",N,"-",1,N,"-"
93603,"Traction Engine Works",N,"-",1,N,"-"
93604,"TRACTION STEAM ENGINE",Y,"Small mobile steam engine.",1,P,"-"
93605,"TRADE HALL",Y,"A meeting hall, or sale room in a town, for manufacturers and traders.",1,P,"-"
93606,"TRADE SCHOOL",Y,"A school where handicrafts are taught.",1,P,"-"
93607,"TRADES UNION BUILDING",Y,"A building where the administrative functions of a Trade Union are carried on.",1,P,"-"
93608,"TRADES UNION HALL",Y,"A hall used by the members of a trade union for meetings and social functions.",1,P,"-"
93609,"Trading Hall",N,"-",1,N,"-"
93610,"TRAFFIC LIGHTS",Y,"A mechanical device consisting of a system of signal lights operating in sequence, placed at road intersections and pedestrian crossings to regulate traffic.",1,P,"-"
93611,"TRAINING SCHOOL",Y,"A school where specialist skills, relating to a particular subject, are taught. Use specific type where known.",1,P,"-"
93612,"TRAM SHED",Y,"A building for the housing of trams.",1,P,"-"
93613,"TRAM SHELTER",Y,"A structure providing protection against the weather at tram stops.",1,P,"-"
93614,"TRAM TRANSFORMER STATION",Y,"A building housing transformers to convert AC electricity supply to DC supply for use by tramcars.",1,P,"-"
93615,"Tram Tunnel",N,"-",1,N,"-"
93616,"Tramp Ward",N,"-",1,N,"-"
93617,"TRAMWAY EMBANKMENT",Y,"An embankment of earth alongside a tramway.",1,P,"-"
93618,"TRAMWAY TRANSPORT SITE",N,"Buildings, sites and structures associated with tramway transport.",1,P,"-"
93619,"TRAMWAY TUNNEL",Y,"A tunnel through which a tramway runs.",1,P,"-"
93620,"Tramway Tunnel Entrance",N,"-",1,N,"-"
93621,"TRAMWAY TUNNEL PORTAL",Y,"The entrance to a tramway tunnel.",1,P,"-"
93622,"TRANSFORMER PILLAR",Y,"A pillar housing a transformer to convert AC electricity supply, for use by electrified transport systems or for domestic purposes.",1,P,"-"
93623,"Transhumance Hut",N,"-",1,N,"-"
93624,"TRANSPORT OFFICE",Y,"The administrative office of a transport company who provide a service for the conveyance and transportation of either goods or people.",1,P,"-"
93625,"TRANSPORT TUNNEL",N,"Sites and structures used for the transportation of goods and people under roads and rivers, or through hills, etc.",1,P,"-"
93626,"TRANSPORT WORKERS HOUSE",N,"The residences of people involved in transport work.",1,P,"-"
93628,"TRAVELLING OVERHEAD CRANE",Y,"A crane suspended from running rails in the roof of an engineering workshop or similar establishment.",1,P,"-"
93629,"Travelling Roof Crane",N,"-",1,N,"-"
93630,"TRAVERSER",Y,"A platform which moves laterally on wheels, by which boats, railway carriages and engines may be moved from one place to another, eg. from one slipway to another parallel to it.",1,P,"-"
93631,"TREADWHEEL",Y,"A wheel rotated by the treading of persons or animals to power machinery to raise water, etc.",1,P,"-"
93632,"TREADWHEEL CRANE",Y,"A crane powered by a treadwheel and used for lifting and lowering, dating from the Roman period. Also used in later periods to assist on building sites, at mines and in ports.",1,P,"-"
93633,"TREASURERS HOUSE",Y,"A house provided for the treasurer of a cathedral, palace or similar.",1,P,"-"
93634,"Treasurers Office",N,"-",1,N,"-"
93635,"TREASURY",Y,"A free-standing building or a room used as a storage place for valuable objects.",1,P,"-"
93636,"Treasury Office",N,"-",1,N,"-"
93637,"TREE HOUSE",Y,"Ornamental garden building constructed within the branches of trees.",1,P,"-"
93639,"TRELLIS",Y,"A framework used as a support upon which fruit-trees or climbing plants are trained.",1,P,"-"
93640,"TRIANGULATION PILLAR",Y,"A purpose-built triangulation pillar used for the metrical survey of Britain carried out by the Ordnance Survey.",1,P,"-"
93642,"TRICK FOUNTAIN",Y,"An automata or water device which surprises the unwary onlooker with water. A feature of 16th and 17th century gardens.",1,P,"-"
93643,"Trigonometrical Survey Point",N,"-",1,N,"-"
93645,"Tropical Diseases Hospital",N,"-",1,N,"-"
93646,"Trout Farm",N,"-",1,N,"-"
93647,"TUBE MILL",Y,"A plant used for the manufacture of tubes and tubing, from wrought iron or steel.",1,P,"-"
93648,"Tube Station",N,"-",1,N,"-"
93649,"Tube Tunnel",N,"-",1,N,"-"
93650,"TUBERCULOSIS CHALET",Y,"A small detached building used to accommodate patients with tuberculosis.",1,P,"-"
93651,"Tuberculosis Hospital",N,"-",1,N,"-"
93652,"Tuck Mill",N,"-",1,N,"-"
93653,"TUDOR GARDEN",Y,"A 19th century Tudor revival garden.",1,P,"-"
93654,"TUMBLING WEIR",Y,"An outfall from a canal, river or reservoir.",1,P,"-"
93655,"Tun Hall",N,"-",1,N,"-"
93656,"Tun Room",N,"-",1,N,"-"
93657,"TUNNEL ARBOUR",Y,"An extended arbour, eg. the beech arbour at Hampton Court, Middlesex.",1,P,"-"
93658,"TUNNEL CHAMBER",Y,"A large space in an underground tunnel, usually wider than the tunnel itself, used for storage, etc.",1,P,"-"
93659,"TUNNEL KILN",Y,"A lime kiln in which coal is burnt, as distinct from a flame-free kiln in which wood or peat is used.",1,P,"-"
93660,"TURBINE MILL",Y,"A mill which is powered by a turbine.",1,P,"-"
93661,"Turf Accountants",N,"-",1,N,"-"
93662,"TURFED SEAT",Y,"Seats or benches covered in turf, built against a wall, tree or fountain,  were a common feature of medieval enclosed gardens.",1,P,"-"
93663,"TURFED STEPS",Y,"Garden steps covered in turf.",1,P,"-"
93664,"TURNING CIRCLE",Y,"Mechanism for turning around vehicles in a confined space.",1,P,"-"
93665,"Turnip House",N,"-",1,N,"-"
93666,"Turnpike Bridge",N,"-",1,N,"-"
93667,"TURNSTILE",Y,"A barrier which rotates on an axis and is usually so arranged as to allow a person to pass through  an opening only in one direction.",1,P,"-"
93668,"Tutors House",N,"-",1,N,"-"
93669,"Tutors Lodgings",N,"-",1,N,"-"
93670,"TWEED MILL",Y,"A factory where tweed, a twilled woollen fabric with an unfinished surface, is manufactured.",1,P,"-"
93671,"TWIST MILL",Y,"A mill in which strands of yarn are twisted together to produce a strong thread with a uniform thickness.",1,P,"-"
93672,"UNDERGROUND CAR PARK",Y,"A car park situated beneath the surface of the ground.",1,P,"-"
93673,"UNDERGROUND RAILWAY TUNNEL",Y,"A tunnel carrying a railway beneath the surface of the ground.",1,P,"-"
93674,"Underground Station",N,"-",1,N,"-"
93675,"UNDERPASS",Y,"A section of road that provides a passage beneath another road or railway.",1,P,"-"
93676,"Undershot Waterwheel",N,"-",1,N,"-"
93677,"UNDERSHOT WHEEL",Y,"A waterwheel where the inflow of water strikes the paddles or floatboards well below the axis of the wheel, ie. the water more or less passes under it.",1,P,"-"
93678,"Undertakers",N,"-",1,N,"-"
93679,"Union House",N,"-",1,N,"-"
93680,"UNION ROOM",Y,"Area in a brewery used for the production of beer by the Burton Union method.",1,P,"-"
93681,"Unitarian Church",N,"-",1,N,"-"
93682,"Unitarian Meeting House",N,"-",1,N,"-"
93683,"UNITED REFORMED CHURCH",Y,"A place of worship for members of the United Reformed Church, a group formed in 1972 by the amalgamation of most of the Congregational Churches in England and Wales with the Presbyterian Church in England.",1,P,"-"
93684,"UNIVERSITY ADMINISTRATION OFFICE",Y,"An office where the administrative duties of a university are performed.",1,P,"-"
93685,"University Chapel",N,"Use both terms.",1,N,"-"
93686,"University Church",N,"Use both terms.",1,N,"-"
93687,"University Library",N,"Use both terms.",1,N,"-"
93688,"University Office",N,"-",1,N,"-"
93689,"UPDRAUGHT KILN",Y,"A type of pottery oven in which the air passes from the base of the kiln out through the top.",1,P,"-"
93690,"Upper Floor Hall House",N,"-",1,N,"-"
93691,"Urban District Office",N,"-",1,N,"-"
93692,"URBAN SPACE",N,"Areas within the urban environment with their surfaces open to the sky, that have been consciously acquired or publicly regulated to serve urban shaping function, in addition others may provide recreational opportunities.",1,P,"-"
93693,"UTOPIAN COMMUNITY VILLAGE",Y,"A model village built by a utopian society or group of artists.",1,P,"-"
93694,"VALVE HOUSE",Y,"A small building housing a valve which controls the flow within a water regulation system.",1,P,"-"
93695,"Vanner House",N,"-",1,N,"-"
93696,"VAT HALL",Y,"A building, or room within a brewery, where beer or cider undergoes fermentation in vats or tuns.",1,P,"-"
93697,"Vat House",N,"-",1,N,"-"
93698,"VEGETABLE GARDEN",Y,"A garden devoted to the growth of vegetables.",1,P,"-"
93699,"VEHICLE ENGINEERING SITE",N,"Sites associated with the manufacture and engineering of vehicles.",1,P,"-"
93700,"Vehicle Repair Shop",N,"-",1,N,"-"
93701,"Vehicle Repair Workshop",N,"-",1,N,"-"
93702,"Vehicle Showroom",N,"-",1,N,"-"
93703,"Velvet Cutters Workshop",N,"-",1,N,"-"
93704,"VENEREAL DISEASE UNIT",Y,"A centre where patients suffering from venereal and associated diseases receive treatment.",1,P,"-"
93705,"Venison House",N,"-",1,N,"-"
93706,"Venison Larder",N,"-",1,N,"-"
93707,"Ventilating Fanhouse",N,"-",1,N,"-"
93708,"VENTILATION CHIMNEY",Y,"A tall stack used to disperse foul air from the bottom of a mine.",1,P,"-"
93709,"VENTILATION FURNACE",Y,"Small furnace, used to create an upward draught of air in mine workings.",1,P,"-"
93710,"Ventilation House",N,"-",1,N,"-"
93711,"Ventilation Tower",N,"-",1,N,"-"
93712,"VERDERERS COTTAGE",Y,"A forester's cottage.",1,P,"-"
93713,"VERDERERS HALL",Y,"A meeting hall of the verderers, who were the officers appointed to maintain the King's forests.",1,P,"-"
93714,"VERTICAL STEAM ENGINE",Y,"An engine in which a vertical piston rod supplies energy via a crankshaft directly to the flywheel suspended above the cylinder. Extensively used as mine winding engines.",1,P,"-"
93715,"Veterans Club",N,"-",1,N,"-"
93716,"VETERINARY HOSPITAL",Y,"A hospital for the medical or surgical treatment of domestic or wild animals.",1,P,"-"
93717,"Veterinary Infirmary",N,"-",1,N,"-"
93718,"Veterinary Surgery",N,"-",1,N,"-"
93719,"Vets Surgery",N,"-",1,N,"-"
93720,"Vicars Pele",N,"-",1,N,"-"
93723,"VILLAGE COLLEGE",Y,"A rural school serving a number of villages, built in Cambridgeshire in the 1930s.",1,P,"-"
93724,"Village Pound",N,"-",1,N,"-"
93725,"VILLAGE TAP",Y,"A point in a village providing water for drinking and washing.",1,P,"-"
93726,"Vinegar Distillery",N,"-",1,N,"-"
93727,"Vinegar Factory",N,"-",1,N,"-"
93728,"Vinegar Vat Hall",N,"-",1,N,"-"
93729,"Vinegar Works",N,"-",1,N,"-"
93730,"VINERY",Y,"A glass-house or hot-house constructed for the cultivation of a grapevine.",1,P,"-"
93731,"VISITORS CENTRE (LEISURE)",Y,"A building or complex, often associated with a historic site or place of interest, containing interpretation panels and information for visitors to the site or area.",1,P,"-"
93732,"Vista Closer",N,"-",1,N,"-"
93733,"Voluntary Hospital",N,"-",1,N,"-"
93734,"VOLUNTARY SCHOOL",Y,"A school built and/or supported by voluntary contributions.",1,P,"-"
93735,"Wagon Weighing Machine",N,"-",1,N,"-"
93736,"Wainhouse",N,"-",1,N,"-"
93737,"WALK",Y,"A place or path for walking in a park or garden. Use more specific type where possible.",1,P,"-"
93738,"WALL CRANE",Y,"A small crane fixed to the wall of a warehouse or similar building.",1,P,"-"
93739,"WALL MONUMENT",Y,"A substantial monument attached to a wall and often standing on the floor.",1,P,"-"
93740,"WALLPAPER FACTORY",Y,"A place where paper, frequently printed in ornamental designs, used for covering the interior walls of buildings, is manufactured.",1,P,"-"
93741,"War Memorial Chapel",N,"Use both terms.",1,N,"-"
93742,"War Memorial Cloister",N,"Use both terms.",1,N,"-"
93743,"War Memorial Garden",N,"Use both terms.",1,N,"-"
93744,"War Office",N,"-",1,N,"-"
93745,"WARD BLOCK",Y,"Non-pavilion type of attached ward block.",1,P,"-"
93746,"WARMING HOUSE",Y,"A building or room within a monastery in which the monks were allowed to warm themselves. The warming house was often the only place where a fire was allowed.",1,P,"-"
93747,"Warming Room",N,"-",1,N,"-"
93748,"WARPING DRAIN",Y,"A ditch or channel, cut or used to carry silt-laden water from the river to the area to be warped and back to the river once the silt has settled out on to the land.",1,P,""
93749,"Washery",N,"-",1,N,"-"
93750,"WASHING PIT",Y,"A pit or tank where the chemicals used in tanning are washed from the animal hides.",1,P,"-"
93751,"WASHING PLACE",Y,"Outdoor site for domestic washing, etc.",1,P,"-"
93752,"WASHING SHOP",Y,"A building containing a range of processes for cleaning and processing metallic ores.",1,P,"-"
93753,"WASTE DISPOSAL SITE",N,"Buildings, sites and structures associated with the disposal of domestic and industrial waste.",1,P,"-"
93756,"WATCH OFFICE",Y,"A building, originally used as a shelter for the duty pilot or officer on watch on an airfield, and later used to direct air traffic. Use more specific type where known.",1,P,"-"
93757,"Watchmakers Shop",N,"-",1,N,"-"
93758,"WATCHMAKERS WORKSHOP",Y,"A place where watches and timepieces are manufactured and mended.",1,P,"-"
93759,"WATCHMANS BOX",Y,"A small building used as a shelter by a constable of the watch responsible for patrolling the streets at night to safeguard life and property.",1,P,"-"
93760,"Watchmans Hut",N,"-",1,N,"-"
93761,"Water Board Office",N,"-",1,N,"-"
93762,"WATER CHUTE",Y,"A structure consisting of a large plastic pipe attached to a high tower and sloping down to a swimming pool. Water flows down the inside allowing people to slide down into the pool below.",1,P,"-"
93763,"WATER LILY HOUSE",Y,"A garden building or greenhouse, containing pools in which Water Lilies are grown.",1,P,"-"
93764,"WATER POINT",Y,"A water tank, often raised on stilts, used to supply water to steam trains.",1,P,"-"
93765,"WATER POWER PRODUCTION SITE",N,"Buildings, sites and structures associated with the production and use of water power.",1,P,"-"
93766,"Water Pumphouse",N,"-",1,N,"-"
93767,"WATER PUMPING STATION",Y,"A pumping station used as part of a clean water supply system.",1,P,"-"
93768,"WATER REGULATION INSTALLATION",N,"Buildings, structures and sites for regulating the flow of water.",1,P,"-"
93769,"Water Softening Plant",N,"-",1,N,"-"
93770,"Water Sulphurisation Plant",N,"-",1,N,"-"
93771,"WATER SUPPLY AND DRAINAGE",N,"Sites, building, structures & features associated with the supply & drainage of water & the disposal of sewage and waste water. Includes bodies of water, waterways & associated ancillary structures.",1,P,"-"
93772,"Water Supply Fountain",N,"-",1,N,"-"
93773,"WATER TAP",Y,"A water point with a device to regulate the flow of water.",1,P,"-"
93774,"WATER TRANSPORT SITE",N,"Buildings, sites and structures associated with water transport.",1,P,"-"
93775,"Water Treatment Plant",N,"-",1,N,"-"
93776,"WATER TUNNEL",Y,"A large, undergound watercourse.",1,P,"-"
93777,"WATER TURBINE",Y,"A prime mover in which a central wheel with curved vanes, enclosed in a chamber, receives water directed onto the curved vanes by a ring of fixed guide vanes, causing the wheel to rotate about its axis.",1,P,"-"
93778,"Watering Standard",N,"-",1,N,"-"
93780,"WATERWORKS COTTAGE",Y,"A house occupied by an employee of a waterworks. Usually found in association with a pumping station or waterworks.",1,P,"-"
93781,"Waulk Mill",N,"-",1,N,"-"
93782,"WAYSIDE PUMP",Y,"A water pump situated at the side of a road or track for use by travellers and their animals.",1,P,"-"
93783,"Wealden Row",N,"-",1,N,"-"
93784,"WEALDEN TERRACE",Y,"A continuous row of WEALDEN HOUSES.",1,P,"-"
93785,"Weather Cock",N,"-",1,N,"-"
93786,"Weaving Loft",N,"-",1,N,"-"
93787,"WEIGHING MACHINE",Y,"An apparatus for weighing people, animals or things.",1,P,"-"
93788,"Weights And Measures Office",N,"-",1,N,"-"
93789,"WELL CHAPEL",Y,"A chapel adjacent to, associated with or containing a well.",1,P,"-"
93790,"WELL COVER",Y,"A lid for a well. Well covers are often ornate and can be made of various materials.",1,P,"-"
93791,"WELL KEEPERS COTTAGE",Y,"The residence of a well keeper.",1,P,"-"
93792,"Well Shaft",N,"-",1,N,"-"
93793,"Welsh Presbyterian Chapel",N,"-",1,N,"-"
93794,"Welsh Presbyterian Church",N,"-",1,N,"-"
93795,"Wesleyan Meeting House",N,"-",1,N,"-"
93797,"Wet Cooperage",N,"-",1,N,"-"
93798,"Wharf Managers House",N,"-",1,N,"-"
93799,"Wharf Wall",N,"Use both terms.",1,N,"-"
93800,"WHEEL MOULD",Y,"A circle made out of stones, which is used for making wheels.",1,P,"-"
93801,"Whim Engine House",N,"-",1,N,"-"
93802,"Whim Gin",N,"-",1,N,"-"
93803,"Whimsey House",N,"-",1,N,"-"
93804,"Whips Office",N,"-",1,N,"-"
93805,"White Cloth Hall",N,"-",1,N,"-"
93806,"WHITE GARDEN",Y,"A garden deliberately planted with white plants and shrubs.",1,P,"-"
93807,"White Market",N,"-",1,N,"-"
93808,"White Yarn House",N,"-",1,N,"-"
93809,"WHITESMITHS WORKSHOP",Y,"A workshop with a forge for the melting and working of white metal, ie. low-melting alloys. Also used for a smith specializing in decorative or finely finished wrought iron work.",1,P,"-"
93810,"WHOLESALE MARKET",Y,"A market where goods are bought and sold in bulk, rather than by retail.",1,P,"-"
93811,"WHOLESALE WAREHOUSE",Y,"A large storehouse where wholesale goods are stored.",1,P,"-"
93812,"Wiccamical Prebendaries House",N,"-",1,N,"-"
93813,"Widows Home",N,"-",1,N,"-"
93814,"WIGMAKERS SHOP",Y,"A place where wigs, hair-pieces and hair extensions are made and sold.",1,P,"-"
93815,"WINCH",Y,"A stationary hoisting machine consisting of a rotating drum around which a cable, rope or chain is attached.",1,P,"-"
93816,"WINCH HOUSE",Y,"A building housing a winching mechanism.",1,P,"-"
93817,"WIND POWER SITE",N,"Buildings, sites and structures associated with the production and use of wind power.",1,P,"-"
93818,"WINDING CIRCLE",Y,"An area of ground indicating the site of a horse or man-powered winding mechanism.",1,P,"-"
93819,"Winding Gear Shop",N,"Use both terms.",1,N,"-"
93820,"Winding House",N,"-",1,N,"-"
93822,"WINE AND CIDERMAKING SITE",N,"Buildings, sites and structures associated with the production of wine and cider.",1,P,"-"
93823,"WINE BAR",Y,"A licenced establishment where wine and other alcoholic drinks are sold for drinking on the premises.",1,P,"-"
93824,"WINE LODGE",Y,"A public house licensed for the sale of wine and other alcoholic drinks.",1,P,"-"
93825,"WINE PRESS",Y,"A press in which the juice is extracted from grapes in the manufacture of wine.",1,P,"-"
93826,"WINERY",Y,"An establishment where wine is produced.",1,P,"-"
93827,"Wireless Station",N,"-",1,N,"-"
93828,"WOMEN AND CHILDRENS HOSPITAL",Y,"A specialist hospital for the medical and surgical treatment of women and children.",1,P,"-"
93829,"WOMENS HOSPITAL",Y,"A specialist hospital where women receive medical and surgical treatment.",1,P,"-"
93830,"WOMENS INSTITUTE",Y,"A building used by members of the Womens Institute, an organization which meets regularly and engages in various social and cultural activities.",1,P,"-"
93831,"WOOD CHEMICAL WORKS",Y,"A factory or works used for the production of turpentine, wood alcohol and similar chemicals by the distillation of pulped wood.",1,P,"-"
93832,"Wood House",N,"-",1,N,"-"
93833,"WOOD PROCESSING SITE",N,"Includes processing and manufacturing of all forms of wood.",1,P,"-"
93835,"WOOD PRODUCT SITE",N,"Manufacture and use of wood side products, ie. unprocessed wood rather than processed timber.",1,P,"-"
93836,"Wood Screw Mill",N,"-",1,N,"-"
93837,"Wood Turners Shop",N,"-",1,N,"-"
93838,"WOODEN ROAD",Y,"A road surface made out of wooden blocks or planks. It was much used in English cities before 1940, but the cost of wooden blocks eventually made it uneconomical.",1,P,"-"
93839,"Woodworking Shop",N,"-",1,N,"-"
93840,"WOODWORKING SITE",Y,"A site where unprocessed wood is used to manufacture goods.",1,P,"-"
93841,"WOOL BARN",Y,"A barn used for the storage and drying of wool.",1,P,"-"
93842,"WOOL DRY HOUSE",Y,"A building used to dry wool in.",1,P,"-"
93843,"Wool Hall",N,"-",1,N,"-"
93844,"WOOL LOFT",Y,"A room or building used for the storage of fleeces.",1,P,"-"
93845,"WOOL MANUFACTURING SITE",N,"Includes worsted and other wool-related textiles.",1,P,"-"
93846,"WOOL WALL",Y,"A structure used for drying yarn in open fields.",1,P,"-"
93847,"WOOLCOMBERS SHOP",Y,"A workshop in which carded wool was passed through heated combs to straighten and separate the long and short fibres prior to spinning. Associated with the worsted branch of the textile industry.",1,P,"-"
93848,"Woollen Carding Mill",N,"-",1,N,"-"
93849,"Workers Flats",N,"-",1,N,"-"
93850,"Workers House",N,"-",1,N,"-"
93851,"Workhouse Infirmary",N,"Use both terms.",1,N,"-"
93853,"Workhouse Mental Ward Block",N,"Use both terms.",1,N,"-"
93854,"Workhouse Sanatorium",N,"Use both terms.",1,N,"-"
93855,"Workhouse School",N,"Use both terms.",1,N,"-"
93856,"Working Ladies Hostel",N,"-",1,N,"-"
93857,"WORKING MENS COLLEGE",Y,"A college founded for the education and betterment of the working classes. Lectures usually being held after the end of the working day.",1,P,"-"
93858,"Working Mens Hostel",N,"-",1,N,"-"
93859,"WORKING MENS INSTITUTE",Y,"A place where working men could educate themselves through lectures and the use of a reading room with newspapers, etc.",1,P,"-"
93860,"Working Mens Lodgings",N,"-",1,N,"-"
93861,"Workmans Institute",N,"-",1,N,"-"
93862,"Works Managers House",N,"-",1,N,"-"
93863,"Works Office",N,"-",1,N,"-"
93864,"Yacht Club",N,"-",1,N,"-"
93865,"Yachting Lodge",N,"-",1,N,"-"
93866,"Yard House",N,"-",1,N,"-"
93867,"YARN DRY HOUSE",Y,"A heated room or building used to dry yarn after it has been washed.",1,P,"-"
93868,"YARN HOUSE",Y,"A building associated with rope manufacture, especially in naval dockyards.",1,P,"-"
93869,"Yarn Market",N,"-",1,N,"-"
93870,"YARN MILL",Y,"A building containing machinery for the spinning of yarn.",1,P,"-"
93871,"Yelling House",N,"-",1,N,"-"
93872,"YEW GARDEN",Y,"A garden where yew and other coniferous trees are grown.",1,P,"-"
93873,"YEW WALK",Y,"A garden walk lined with yew trees and hedges.",1,P,"-"
93874,"Yielding House",N,"-",1,N,"-"
93875,"Ymca Hostel",N,"-",1,N,"-"
93876,"Youth Custody Centre",N,"-",1,N,"-"
93877,"Ywca Hostel",N,"-",1,N,"-"
93878,"ZEBRA CROSSING",Y,"A path across a road marked with black and white stripes where pedestrians may cross.",1,P,"-"
93881,"ROCKET TEST FACILITY",Y,"An area for the testing of rockets and guided missiles. Includes all structures associated with both the firing and testing of rockets and missiles.",1,P,"-"
93884,"FLOODLIGHT",Y,"A metal structure supporting high powered lights.",1,P,"-"
93886,"RECREATION CENTRE",Y,"A site available to the public for the pursuit of leisure and recreational activities.",1,P,"-"
93887,"ARD MARKS",Y,"The subsoil traces of prehistoric cultivation, presumed to have been caused by the use of an ard to till the soil.",1,P,"-"
93889,"SPEEDWAY TRACK",Y,"A specially prepared track used for fast motorcycle racing.",1,P,"-"
93891,"Seamens Hostel",N,"-",1,N,"-"
93892,"Underground Testing Range",N,"-",1,N,"-"
93893,"INK FACTORY",Y,"A factory in which is ink is prepared from pigments and additives.",1,P,"-"
93931,"MODEL",Y,"Use for miniaturized monument type. Index with actual monument type where possible.",1,P,"-"
93932,"ELECTRICAL GOODS FACTORY",Y,"A site where small electrical goods such as radios, lamps and heaters are manufactured.",1,P,"-"
93933,"Electric Lamp Factory",N,"-",1,N,"-"
93934,"BICYCLE SHED",Y,"A shelter for the storage of bicycles.",1,P,"-"
93935,"Tenter Loft",N,"-",1,N,"-"
93936,"Millinery Warehouse",N,"-",1,N,"-"
93937,"Fashion Wholesale Warehouse",N,"-",1,N,"-"
93938,"FURRIERS SHOP",Y,"A place where furs are made into finished products.",1,P,"-"
93939,"Probate Court",N,"-",1,N,"-"
93940,"CEREMONIAL PLATFORM",Y,"A structure used for music, dance, ceremonial or civic events.",1,P,"-"
93941,"Naqqakhana",N,"-",1,N,"-"
93942,"Stamp Office",N,"An office for the issuing of government stamps and receiving of stamp duty.",1,N,"-"
93943,"LAW SCHOOL",Y,"An educational establishment where law is taught.",1,P,"-"
93944,"Law College",N,"-",1,N,"-"
93945,"TEXTILE WORKERS COTTAGE",Y,"The residence of a person employed in the textile industry.",1,P,"-"
93946,"Flax Workers Cottage",N,"-",1,N,"-"
93948,"Tax Assessment Centre",N,"-",1,N,"-"
93949,"ROOF GARDEN",Y,"A garden or collection of potted plants on the flat roof of a house or other building.",1,P,"-"
93950,"Jailers House",N,"Use both terms.",1,N,"-"
93951,"Gaolers House",N,"Use both terms.",1,N,"-"
93952,"Blast House",N,"-",1,N,"-"
93954,"LAY SISTERS HOUSE",Y,"A building in which the lay sisters resided. Lay sisters were not nuns and as such weren't bound by any vows. They could leave the convent and even marry if they wished.",1,P,"-"
93955,"Beguinage",N,"-",1,N,"-"
93956,"CASEMATE",Y,"An explosive-proof vaulted chamber used for the storage or ordnance.",1,P,"-"
93958,"SHIPPING WAREHOUSE",Y,"A large store for the temporary accommodation of goods awaiting transportation to or from the sea.",1,P,"-"
93959,"Piepowder Court",N,"-",1,N,"-"
93960,"Turn Over Bridge",N,"-",1,N,"-"
93962,"SUGAR WAREHOUSE",Y,"A building where sugar is stored.",1,P,"-"
93963,"Ventilation Station",N,"-",1,N,"-"
93969,"KNOCKING SLATE",Y,"A slate situated at the end of a terrace for a coal company employee to wake the miners for their shift. The slate had the time of the shifts written on it.",1,P,"-"
93971,"Rocket Testing Range",N,"-",1,N,"-"
93972,"Test Stand",N,"-",1,N,"-"
93974,"BOMBING DECOY",Y,"A system of lights, controlled fires or dummy constructions, used during WWII to provide a counterfeit target for enemy aircraft.",1,P,"-"
93981,"HOUSE OVER HOUSE",Y,"A house in a terrace built on top of another, with access at high and low level to either side.",1,P,"-"
93982,"Up And Down House",N,"-",1,N,"-"
93983,"Jigger House",N,"-",1,N,"-"
93984,"LIFEBOATMANS COTTAGE",Y,"The residence of a lifeboatman.",1,P,"-"
93985,"Blanket Hall",N,"-",1,N,"-"
93987,"FOREST LODGE",Y,"A building associated with the legal administration of a forest, eg. Forest of Dean.",1,P,"-"
93988,"MARKER POST",Y,"A post, made of wood, metal or other material, erected to mark a particular spot in the landscape. Can be used for various reasons such as measurement, calibration etc.",1,P,"-"
93989,"WAYSIDE CHAPEL",Y,"A chapel for the use of travellers and pilgrims.",1,P,"-"
93990,"Miners Institute",N,"-",1,N,"-"
93991,"Forestry School",N,"-",1,N,"-"
93992,"Film Library",N,"-",1,N,"-"
93993,"LIDO",Y,"A public recreational complex centred around an open-air swimming pool. Use SWIMMING POOL as a component of LIDO.",1,P,"-"
93994,"GLOVERS COTTAGE",Y,"The residence of a glover.",1,P,"-"
93996,"BISCUIT FACTORY",Y,"A factory where biscuits are manufactured.",1,P,"-"
93997,"Dung House",N,"-",1,N,"-"
93998,"Elim Church",N,"-",1,N,"-"
93999,"Standpipe",N,"-",1,N,"-"
94000,"ROMAN CATHOLIC NUNNERY",Y,"A house of Roman Catholic nuns or canonesses.",1,P,"-"
94001,"FRUIT GROWING WALL",Y,"A usually south-facing wall used for the cultivation of fruit plants.",1,P,"-"
94002,"SERVITE FRIARY",Y,"A friary of the Order of the Friar servants of the Blessed Virgin Mary or Servites. The Servite Fathers came to England in 1864.",1,P,"-"
94003,"Hydraulic Tower",N,"-",1,N,"-"
94004,"UPHOLSTERY WORKS",Y,"A factory or building where furniture is upholstered.",1,P,"-"
94005,"Headteachers House",N,"-",1,N,"-"
94006,"CARRIERS PREMISES",Y,"A site used by a carrier to accommodate his horses and vehicles and store goods awaiting transportation, etc.",1,P,"-"
94007,"Headmistresses House",N,"-",1,N,"-"
94008,"Pleasaunce",N,"-",1,N,"-"
94009,"ALMS TABLE",Y,"Place where food or money was handed out to the poor.",1,P,"-"
94010,"Grey Warehouse",N,"A building for the storage of unbleached, untreated fabric.",1,N,"-"
94012,"Forcing Wall",N,"-",1,N,"-"
94015,"Millwheel",N,"-",1,N,"-"
94016,"KERB CIRCLE",Y,"A low, hemispherical cairn surrounded by a freestanding, continuous circle of boulders.",1,P,"-"
94017,"Complex Ring Cairn",N,"Use appropriate term.",1,N,"-"
94018,"LINEAR CLEARANCE CAIRN",Y,"A long, narrow, irregularly constructed and generally unstructured mound of stones. Normally a by-product of field clearance for agricultural purposes, though prehistoric examples may include burials and other deposits.",1,P,"-"
94019,"TIMBER AVENUE",Y,"A monument consisting of parallel lines of spaced post- holes which appears to mark out an approach to another monument or monuments.",1,P,"-"
94020,"EMBANKED PIT ALIGNMENT",Y,"A pit alignment accompanied by a linear bank (or banks) running parallel and adjacent to the line(s) of pits.",1,P,"-"
94021,"Segmented Embanked Pit Alignment",N,"-",1,N,"-"
94022,"Cemetery Barrow",N,"A round barrow containing or covering a number of burials. Use both terms.",1,N,"-"
94023,"ANNEXE ENCLOSURE",Y,"A subsidiary enclosure externally attached to an enclosure of known or unknown date and function. The annexe is generally smaller than, and secondary to, the main enclosure. Use more specific site type where known. Do not use for Roman military sites.",1,P,"-"
94027,"TRANSPORT WAREHOUSE",Y,"A large building, situated by or near a dock, canal, road or railway and used for the temporary storage of goods or merchandise awaiting transportation.",1,P,"-"
94036,"ROUND HOUSE (DOMESTIC)",Y,"Circular structure, normally indicated by one or more rings of post holes and/or a circular gulley, and usually interpreted as being of domestic function.",1,P,"-"
94039,"ADVANCED LANDING GROUND",Y,"A temporary airfield in use during the build-up to D-Day. They consisted of a natural earth or grass surface reinforced with wire mesh.",1,P,"-"
94040,"BEACH DEFENCE BATTERY",Y,"Gun battery built specifically to mount short range weapons to defend a beach against an attempted landing.",1,P,"-"
94044,"SEAPLANE FACTORY",Y,"A factory where seaplanes are manufactured.",1,P,"-"
94045,"Fort Captains House",N,"-",1,N,"-"
94046,"Submersion Font",N,"-",1,N,"-"
94047,"MOTORING TELEPHONE BOX",Y,"A roadside telephone box for use by motorists in need of assistance.",1,P,"-"
94048,"Aa Box",N,"-",1,N,"-"
94049,"OFFICIAL RESIDENCE",Y,"Used where an existing building is designated as the residence of an official.",1,P,"-"
94050,"Yeoman Farmers House",N,"-",1,N,"-"
94051,"RAG SORTING HOUSE",Y,"A building in which textile rags are sorted according to fibre types.",1,P,"-"
94052,"Soll",N,"-",1,N,"-"
94053,"Non Conformist School",N,"-",1,N,"-"
94054,"BAGGAGE HALL",Y,"Use for distinct structure on a large scale.",1,P,"-"
94055,"PRIMATE HOUSE",Y,"A building used to house apes and monkeys.",1,P,"-"
94056,"Monkey House",N,"-",1,N,"-"
94057,"CAMEL HOUSE",Y,"A house used to accommodate camels, often found at a zoo or wildlife park.",1,P,"-"
94058,"HIPPOPOTAMUS HOUSE",Y,"A building used to accommodate hippopotami.",1,P,"-"
94061,"Town Beam",N,"-",1,N,"-"
94062,"Wool Scales",N,"-",1,N,"-"
94063,"Jet Test Facility",N,"Complex of buildings and structures associated with the testing of jet engines.",1,N,"-"
94083,"STAKE HOLE",Y,"A hole in the ground which has been created by driving or hammering an upright stake into the ground. As a feature of some archaeological sites they may often represent the only surviving evidence for the former presence of an above-ground structure.",1,P,"-"
94084,"SERVITE NUNNERY",Y,"A nunnery of nuns belonging to the Order of the Servants of the Blessed Virgin Mary or Servites.",1,P,"-"
94085,"Postillions House",N,"-",1,N,"-"
94086,"ANIMAL SANCTUARY",Y,"A place where injured or endangered animals are kept and looked after.",1,P,"-"
94088,"Cartwash",N,"-",1,N,"-"
94089,"Count House",N,"-",1,N,"-"
94090,"Naval Captains House",N,"-",1,N,"-"
94093,"PSYCHIATRIC WARD BLOCK",Y,"Nowadays a hospital block where patients suffering from psychiatric disorders receive medical and surgical treatment. Formerly a place where psychiatric patients were primarily segregated from other patients in a hospital.",1,P,"-"
94094,"Mental Ward Block",N,"A disused term for a hospital block where patients suffering from psychiatric disorders are treated and cared for. Previously a segregated area separate from other hospital patient wards.",1,N,"-"
94098,"Coast Defence Battery",N,"-",1,N,"-"
94099,"Light Anti Aircraft Gun Emplacement",N,"-",1,N,"-"
94102,"Coast Battery",N,"-",1,N,"-"
94103,"Examination Battery",N,"-",1,N,"-"
94104,"POWER LOOM SHED",Y,"A building housing a number of power looms.",1,P,"-"
94105,"LUTHERAN CHURCH",Y,"A place of worship for followers of the teachings of Martin Luther.",1,P,"-"
94114,"DOUBLE PILE HOUSE",Y,"A house having four rooms of equal height on each of two floors; in larger houses there are often two parallel and equal roofs.",1,P,"-"
94115,"AISLED HALL HOUSE",Y,"A house with an open hall whose main span is separated by an arcade from the side aisles.",1,P,"-"
94116,"CELLAR DWELLING",Y,"A basement or cellar, usually within a house, leased as a separate dwelling.",1,P,"-"
94117,"COUNTER BOMBARDMENT BATTERY",Y,"A coastal battery used for delivering fire at long distance thus forcing a warship threatening or bombarding shore installations to withdraw out of range.",1,P,"-"
94118,"MINEFIELD",Y,"An area of ground or water containing explosive mines.",1,P,"-"
94120,"Air Gunnery And Bombing Range",N,"-",1,N,"-"
94122,"AUXILIARY HIDE",Y,"WWII secret bases, sometimes partially underground, intended for use by the British resistance in the eventuality of a foreign invasion.",1,P,"-"
94123,"BARRAGE BALLOON CENTRE",Y,"An RAF Base, used specifically for the storage and maintenance of barrage balloons.",1,P,"-"
94124,"BORING MILL",Y,"A building containing a machine tool for boring out large cylindrical holes in items such as steam engine cylinders, pump barrels, etc.",1,P,"-"
94125,"CASINO",Y,"A public music or dancing establishment often with facilities for gambling.",1,P,"-"
94126,"Chequer",N,"-",1,N,"-"
94127,"CATTLE STALL",Y,"A stall, often within a cow house, where cattle are kept individually.",1,P,"-"
94128,"COTTAGE FACTORY",Y,"Three storey house with a topshop; machinery powered by shafting through the upper floor.",1,P,"-"
94149,"OCCUPATION SITE",Y,"A site showing some signs of occupation but evidence is insufficient to imply permanent settlement.",1,P,"-"
94150,"LOOPHOLED WALL",Y,"A wall containing apertures to allow a weapon to be fired through it.",1,P,"-"
94166,"Radio Direction Finding Station",N,"-",1,N,"-"
94167,"Coastal Defence Battery",N,"-",1,N,"-"
94168,"CLOSE DEFENCE BATTERY",Y,"A coastal battery designed for use in short range engagements with enemy vessels, minelayers, blockships ad torpedo craft.",1,P,"-"
94170,"ESSENCE FACTORY",Y,"A factory, or group of buildings, containing apparatus used to extract specific properties, e.g flavour or scent, from natural ingredients.",1,P,"-"
94171,"JEWISH SCHOOL",Y,"A school where Jewish children are educated.",1,P,"-"
94172,"Temperance Restaurant",N,"-",1,N,"-"
94173,"REEL DRYING STOVE",Y,"A structure or building used in the manufacture of the explosive cordite. After the cordite had been pressed to extract moisture it was placed on racks within the stove prior to being taken to the reeling house for winding.",1,P,"-"
94174,"MINERAL JELLY STORE",Y,"A building where mineral jelly was stored. Mineral jelly was used as a stabilizer in the manufacture of the explosive, cordite.",1,P,"-"
94175,"EXPLOSIVES STORE",Y,"A building used for the storage of explosives of a non-military function, eg. mining explosives, signal explosivres etc.",1,P,"-"
94176,"MASTER SHIPWRIGHTS HOUSE",Y,"The residence of a master shipwright.",1,P,"-"
94177,"Horse Weighing Machine",N,"-",1,N,"-"
94178,"Roller Skating Rink",N,"-",1,N,"-"
94179,"INDIAN PAVILION",Y,"A structure, often ornamental, in a garden, park or area of recreation, designed to reflect the style of Indian architecture. The most famous example of which is the Royal Pavilion in Brighton.",1,P,"-"
94180,"OX ENGINE HOUSE",Y,"A round or polygonal building containing a wheel turned by an ox to provide power.",1,P,"-"
94181,"Paddy Room",N,"A lodging for itinerant Irish labourers.",1,N,"-"
94182,"NOTICE BOARD",Y,"A large board, often attached to the side of a building, on which advertisements can be displayed. Use for external structures only.",1,P,"-"
94183,"CEREMONIAL MAST",Y,"The rigging mast of a sailing ship erected as a monument. Used for naval displays.",1,P,"-"
94184,"FAIR BOOTH",Y,"A covered stall at a market or fair, etc.",1,P,"-"
94185,"Burning House",N,"-",1,N,"-"
94186,"Puritan Chapel",N,"-",1,N,"-"
94187,"SILAGE CLAMP",Y,"A three-sided structure for the production and storage of silage.",1,P,"-"
94188,"COAL SHUTE",Y,"An embanked shute, often stone paved, allowing carts to tip their loads of coal from the road into a storage area.",1,P,"-"
94190,"ARCH BRIDGE",Y,"A curved structural span which is supported at the sides or ends. May vary in shape from the horizontal flat arch through semicircular and semielliptical forms.",1,P,"-"
94191,"Hump Back Bridge",N,"-",1,N,"-"
94192,"Ribbed Arch Bridge",N,"-",1,N,"-"
94193,"Round Arch Bridge",N,"-",1,N,"-"
94194,"Segmental Arch Bridge",N,"-",1,N,"-"
94195,"Semi Circular Arch Bridge",N,"-",1,N,"-"
94196,"Semi Elliptical Arch Bridge",N,"-",1,N,"-"
94197,"Two Hinged Arch Bridge",N,"-",1,N,"-"
94198,"Two Pinned Arch Bridge",N,"-",1,N,"-"
94199,"Three Hinged Arch Bridge",N,"-",1,N,"-"
94200,"Three Pinned Arch Bridge",N,"-",1,N,"-"
94202,"MOVABLE BRIDGE",Y,"A type of bridge which has machinery and movable elements, eg. to allow vessels to pass.",1,P,"-"
94204,"CABLE STAYED BRIDGE",Y,"A bridge whose deck is directly supported from pylons by straight cables without vertical suspenders.",1,P,"-"
94205,"CANTILEVER BRIDGE",Y,"A specialized form of truss bridge that extends or cantilevers from both sides of the pier, the inner 'arms' usually supporting a central span.",1,P,"-"
94206,"GIRDER BRIDGE",Y,"A bridge supported by large beams or girders, originally of wood or iron, now usually of steel or reinforced concrete.",1,P,"-"
94207,"Box Girder",N,"-",1,N,"-"
94208,"Lattice Girder Bridge",N,"-",1,N,"-"
94209,"TRUSS BRIDGE",Y,"A bridge made up of many relatively small members joined together in a series of interconnecting triangles.",1,P,"-"
94210,"Lenticular Truss",N,"-",1,N,"-"
94211,"Bowstring Arch Truss",N,"-",1,N,"-"
94212,"Cave Site",N,"-",1,N,"-"
94213,"LITHIC SCATTER",Y,"A spatially discrete, though sometimes extensive, scatter of lithic artefacts recovered from the surface, eg. by fieldwalking, rather than from a particular archaeological context. Use particular types where appropriate.",1,P,"-"
94214,"LITHIC WORKING SITE",Y,"A site which has produced evidence of in situ working of stone for the manufacture of tools, weapons or other objects. Such sites will usually, but not always, be of prehistoric date. Use object material where known.",1,P,"-"
94296,"FINDSPOT",Y,"The approximate location at which stray finds of artefacts were found. Index with object name.",1,P,"-"
94324,"CUPOLA FURNACE",Y,"A furnace used for melting metals for casting or for heating shot.",1,P,"-"
94325,"Dyke (Flood Defence)",N,"Use for flood defence embankment.",1,N,"-"
94326,"Television Repeater Station",N,"-",1,N,"-"
94348,"Lithics Scatter",N,"-",1,N,"-"
94349,"ANTI AIRCRAFT DEFENCE SITE",N,"Sites, buildings and structures for the control and mounting of anti aircraft artillery. Also, structures for passive or indirect defence against enemy aircraft.",1,P,"-"
94350,"CIVIL DEFENCE SITE",N,"Sites and buildings used in the coordination of the defence of the civilian population during times of war. Could also be used during times of national emergency.",1,P,"-"
94351,"COASTAL DEFENCE SITE",N,"Sites, buildings and structures for the defence of the coastline from sea and air invasion.",1,P,"-"
94352,"DEFENCE OBSTRUCTION",N,"Sites and structures, often un-manned, intended to impede or confuse enemy forces.",1,P,"-"
94353,"MILITARY AIRFIELD SITE",N,"Buildings, structures and sites directly associated with the operation of military airfields. See also AIR TRANSPORT SITE in the TRANSPORT Class.",1,P,"-"
94354,"MILITARY OBSERVATION SITE",N,"Buildings, structures and sites for the detection of encroaching enemy forces.",1,P,"-"
94355,"MILITARY SIGNALLING SITE",N,"Buildings and structures used for sending and receiving signals.",1,P,"-"
94356,"MILITARY SUPPORT BUILDING",Y,"An ancilliary building or structure associated with a military base. Use only where exact function is unknown otherwise use more specific term.",1,P,"-"
94357,"MILITARY TRAINING SITE",Y,"Buildings, structures and sites for the training of military personnel.",1,P,"-"
94358,"MILITARY TRANSPORT SITE",N,"Sites and structures for the transport of military personnel, vehicles and armaments.",1,P,"-"
94359,"Early Warning Radar Station",N,"-",1,N,"-"
94360,"PARACHUTE STORE",Y,"Distinctive clerestory-roofed building, used for the drying and storage of military parachutes.",1,P,"-"
94361,"ROADBLOCK",Y,"A combination of obstructions, used either to stop enemy forces or force them off the road.",1,P,"-"
94363,"WEAPONS PIT",Y,"Usually a small, two or three man trench, dug as an isolated fieldwork rather than as part of a defensive system. A WWI and WWII feature.",1,P,"-"
94366,"AIR RAID WARDENS POST",Y,"A purpose-built or adapted structure intended as a headquarters for an air raid precautions warden.",1,P,"-"
94367,"BOMB STORE",Y,"A complex of buildings and earthworks constructed for the storage of bombs and pyrotechnics.",1,P,"-"
94368,"Embrasure",N,"-",1,N,"-"
94369,"Firing Loop",N,"-",1,N,"-"
94370,"CATHOLIC APOSTOLIC CHURCH",Y,"A nonconformist church for the followers of Edward Irving.",1,P,"-"
94371,"FIRST AID POST",Y,"A building with first aid facilities to deal with accidents and other medical emergencies.",1,P,"-"
94372,"DECONTAMINATION BUILDING",Y,"A building used for the treatment of victims of chemical, gas or other forms of contamination.",1,P,"-"
94373,"Gas Decontamination Centre",N,"-",1,N,"-"
94374,"Gas Cleansing Station",N,"-",1,N,"-"
94375,"Aid Post",N,"-",1,N,"-"
94376,"Pyrotechnics Store",N,"-",1,N,"-"
94377,"Wardens Post",N,"-",1,N,"-"
94378,"ANTI TANK WALL",Y,"A wall, usually of reinforced concrete, designed to obstruct the progress of a tank or armoured vehicle",1,P,"-"
94380,"Range Blockhouse",N,"Use both terms.",1,N,"-"
94384,"HOLED STONE",Y,"An upright, or originally upright, stone featuring a hole which is often large enough in diameter for a person to pass through, eg. Men an Tol, Cornwall. Do not use for perforated portable stone artefacts.",1,P,"-"
94386,"Fish Pond",N,"-",1,N,"-"
94387,"SUGAR SILO",Y,"A building or structure used for the storage of sugar.",1,P,"-"
94388,"ANGLICAN MONASTERY",Y,"A place of residence and worship for Anglican monks.",1,P,"-"
94389,"Fellmongers Works",N,"-",1,N,"-"
94390,"TROLLEYBUS TURNTABLE",Y,"A mechanism used to turn a trolleybus around.",1,P,"-"
94391,"Cadaver Tomb",N,"-",1,N,"-"
94392,"Fruit Garden",N,"-",1,N,"-"
94393,"Language School",N,"-",1,N,"-"
94394,"Chiropractic Surgery",N,"-",1,N,"-"
94395,"Feather Factory",N,"-",1,N,"-"
94396,"Steeplejacks Yard",N,"-",1,N,"-"
94397,"SIKH TEMPLE",Y,"A place of worship for followers of Sikhism.",1,P,"-"
94398,"IRON WAREHOUSE",Y,"A large building where iron is stored.",1,P,"-"
94399,"GANGWAY",Y,"A raised platform or walkway connecting two buildings or a ship with the quay, etc.",1,P,"-"
94401,"INSTITUTE FOR THE BLIND",Y,"A building used by an organization instituted to promote the needs and rights of the blind.",1,P,"-"
94402,"CHAIN LOCKER SHOP",Y,"A building for the storage, repair and maintenance of chains for lighthouses, lightships and lightbouys.",1,P,"-"
94403,"Integrated Textile Mill",N,"Use both terms.",1,N,"-"
94404,"HERDERS HOUSE",Y,"The residence of a herder.",1,P,"-"
94405,"HINDU TEMPLE",Y,"A place of worship for followers of Hinduism.",1,P,"-"
94406,"SCHOOL FOR THE DEAF",Y,"A specialist school for the teaching of deaf people.",1,P,"-"
94407,"Penny School",N,"-",1,N,"-"
94409,"Fire Watchers Post",N,"-",1,N,"-"
94410,"Gun Laying Radar Site",N,"Use both terms.",1,N,"-"
94411,"BATTLE HEADQUARTERS",Y,"A concrete structure designed to be the headquarters for the coordination of an airfield's defences. Constructed partially underground it was only intended to be occupied during an attack.",1,P,"-"
94412,"Royal Observer Corps Post",N,"-",1,N,"-"
94413,"Beach Light Emplacement",N,"-",1,N,"-"
94414,"Fire Control Radar",N,"-",1,N,"-"
94415,"Battery Observation Post",N,"Use both terms.",1,N,"-"
94416,"Coastal Battery Observation Post",N,"Use both terms.",1,N,"-"
94417,"MOTOR TRANSPORT SHED",Y,"A building, on a military airfield or base, in which motor vehicles are housed.",1,P,"-"
94418,"BOLT WORKS",Y,"A site where iron or steel bolts, and often their accompanying nuts, are manufactured. Sometimes referred to as NUT AND BOLT WORKS.",1,P,"-"
94421,"Cutlers Hall",N,"-",1,N,"-"
94422,"Beaming Room",N,"-",1,N,"-"
94423,"Winding Room",N,"-",1,N,"-"
94819,"Vertical Winding Engine",N,"-",1,N,"-"
94820,"Fox Hole",N,"-",1,N,"-"
94821,"Weapons Slit",N,"-",1,N,"-"
95027,"CAISSON",Y,"Floatable vessel used as a floodgate in docks.",1,P,"-"
95045,"OPEN AIR WARD BLOCK",Y,"A hospital ward block, completely open on the south side apart from a low railing and sun blind. It was thought beneficial for the recovery of wounded soldiers as well as those with diseases of the chest.",1,P,"-"
95047,"REVOLVING SHELTER",Y,"Small revolving wooden chalets that could be turned with their backs to the prevailing wind so that hospital patients could recline in them on long chairs in all weathers.",1,P,"-"
95048,"MILITARY BUILDING",Y,"A building of unknown purpose found at a military site. Use more specific type where known.",1,P,"-"
95049,"ARTIFICIAL DYE WORKS",Y,"A site used for the production of dyes from controlled chemical reactions. In use from the mid 19th century onwards.",1,P,"-"
95052,"Deserted Hamlet",N,"-",1,N,"-"
95898,"Wool House",N,"-",1,N,"-"
97127,"X Ray Department",N,"-",1,N,"-"
97128,"NISSEN HUT",Y,"A prefabricated structure of a steel frame clad in corrugated iron. Semi-circular in section they were used as accommodation for the armed forces and, during WWII, as emergency housing for bombed out civilians. Also used for storage.",1,P,"-"
97184,"Coal Mill",N,"Use both terms.",1,N,"-"
97254,"MANAGED WOODLAND",Y,"An area of cultivated, managed woodland producing wood which is used for a variety of purposes.",1,P,"-"
97258,"CASKET BURIAL",Y,"A Roman cremation burial in which the human cremated remains are placed inside or adjacent to a wooden casket, frequently decorated with lion-headed mounts and studs.",1,P,"-"
97259,"Salting Trough",N,"-",1,N,"-"
97260,"RADIOGRAPHY DEPARTMENT",Y,"A place where patients have X-Rays taken to highlight an illness or irregularity.",1,P,"-"
97262,"BARBED WIRE OBSTRUCTION",Y,"Rolls of barbed wire with supporting metal posts designed to impede enemy advance.",1,P,"-"
97263,"BLAST PEN",Y,"A protective structure, often made of sandbags with reinforcement, designed to protect aircraft at airfields from enemy attack.",1,P,"-"
97264,"CIVIL DEFENCE BUILDING",Y,"A building used to coordinate civil defence in times of war. Can also be utilized as aid centres in times of national emergency.",1,P,"-"
97265,"FLAME DEVICE",Y,"A WWII structure designed to project sheets of flame across an area such as a beach, the sea or a road, to hinder attacking forces.",1,P,"-"
97266,"Sea Flame Device",N,"-",1,N,"-"
97267,"Flame Fougasse",N,"-",1,N,"-"
97268,"Naval Base",N,"-",1,N,"-"
97269,"RESCUE CENTRE",Y,"A place from where rescue missions are co-ordinated and casualties treated after an accident, offensive action or disaster.",1,P,"-"
97270,"TRAINING STRUCTURE",Y,"An undefined structure used in the training of people in a certain skill.",1,P,"-"
97271,"COMMAND POST",Y,"A military building from which the guns of a battery were directed.",1,P,"-"
97272,"Resistance Hideout",N,"-",1,N,"-"
97273,"Zero Station",N,"-",1,N,"-"
97274,"WARNING SIREN",Y,"An instrument used for making a loud sound for information or warning.",1,P,"-"
97275,"Air Raid Siren",N,"-",1,N,"-"
97276,"MILITARY DEPOT",Y,"A building or group of buildings, often enclosed by a system of fortifications, used by an armed force for the storage and distribution of military equipment.",1,P,"-"
97277,"GENERATOR HOUSE",Y,"A building housing a generator.",1,P,"-"
97278,"FLYING BOAT STATION",Y,"A complex of buildings at a seaport, comprising of a terminal building, landing pier and hangars, used for the embarkation of passengwers and/or freight on flying boat services during the 1930's-50's.",1,P,"-"
97279,"DEGAUSSING STATION",Y,"A site where the magnetic signature of ships was lowered thereby making them less susceptible to magnetic mines.",1,P,"-"
97280,"DESERTED SETTLEMENT",Y,"An abandoned settlement, usually of the Medieval period, often visible only as earthworks or on aerial photographs.",1,P,"-"
97281,"SUCCAH",Y,"An ancillary building to a synagogue, used as a place of worship at the feast of the tabernacle.",1,P,"-"
97461,"ROYAL NAVAL HOSPITAL",Y,"A hospital where Royal Naval personnel and their families receive medical and surgical treatment.",1,P,"-"
97463,"PUBLISHING HOUSE",Y,"An establishment where books, periodicals, music, etc, are produced from original manuscripts and distributed to booksellers, dealers and the public.",1,P,"-"
97466,"PLASTIC SURGERY DEPARTMENT",Y,"A hospital department concerned with the reconstruction or repair of parts of the human body using transferred tissue, either in the treatment of injury or for cosmetic reasons.",1,P,"-"
97476,"Temple Mausoleum",N,"Use both terms.",1,N,"-"
97483,"BASCULE BRIDGE",Y,"A bridge that incorporates one or two spans that tilt at the abutments, to move up and out of the way of shipping. The most famous example of which is Tower Bridge, London.",1,P,"-"
97696,"HISTOLOGY DEPARTMENT",Y,"A hospital department for the identification and treatment of skin tissue disorders.",1,P,"-"
99535,"TOR ENCLOSURE",Y,"A large hilltop or hillslope enclosure in South West England, located close to rock outcrops, and surrounded by one or more circuits of stone built walls. All are prehistoric; some are definitely Neolithic.",1,P,"-"
99536,"Quarantine Station",N,"-",1,N,"-"
99537,"BUDDHIST MONASTERY",Y,"A place of worship and residence for followers of Buddha.",1,P,"-"
99538,"WEAPONS TESTING SITE",Y,"A building, site or structure associated with the demonstration and testing of weapons and military equipment.",1,P,"-"
99539,"GAS TESTING TRENCH",Y,"A purpose-built trench used to test chemical warfare weapons.",1,P,"-"
99540,"Christian Brethren Meeting House",N,"-",1,N,"-"
99541,"United Brethren Chapel",N,"-",1,N,"-"
99542,"PRESBYTERIAN CHURCH OF WALES CHAPEL",Y,"A place of worship for Welsh Presbyterians. Formerly known as Calvinistic Methodists, the Presbyterian Church of Wales separated from the established church in 1811.",1,P,"-"
99543,"EXCLUSIVE BRETHREN MEETING HOUSE",Y,"A place of meeting and worship for Exclusive Brethren, an exclusive fundamentalist puritan sect which was created when the Brethren split in 1847.",1,P,"-"
99544,"OPEN BRETHREN MEETING HOUSE",Y,"A place of meeting and worship for Open Brethren, a non exclusive fundamentalist puritan sect which was created when the Brethren split in 1847.",1,P,"-"
99545,"Kilhamite Chapel",N,"-",1,N,"-"
99546,"Primitive Methodist Connexion Chapel",N,"-",1,N,"-"
99547,"INDEPENDENT METHODIST CHAPEL",Y,"A place of worship for Primitive Methodists, a group founded in Manchester who broke away from the Methodists in 1806.",1,P,"-"
99548,"United Church Of Christ Chapel",N,"-",1,N,"-"
99549,"United Free Gospel Church",N,"-",1,N,"-"
99551,"PROTESTANT METHODIST CHAPEL",Y,"A place of worship for Protestant Methodists, a group who broke away from the Methodists to form their church in Leeds in 1828.",1,P,"-"
99552,"WESLEYAN ASSOCIATION CHAPEL",Y,"A place of worship for followers of the Wesleyan Association. This group split from the Methodists in 1836 and were separate until joining the Methodist Reform Church in 1857.",1,P,"-"
99553,"Methodist Reform Church",N,"-",1,N,"-"
99554,"United Methodist Free Church",N,"-",1,N,"-"
99556,"United Methodist Church",N,"-",1,N,"-"
99557,"Church Of Christ Scientist",N,"-",1,N,"-"
99558,"Christian Science Reading Room",N,"-",1,N,"-"
99559,"NEW CONNEXION OF GENERAL BAPTISTS CHAPEL",Y,"A place of worship for members of the New Connexion of General Baptists,an orthodox Baptist church which broke away from the General Baptists in 1770 when the latter became influenced by Unitarianism.",1,P,"-"
99560,"Society Of Friends Meeting House",N,"-",1,N,"-"
99561,"ROMANIAN ORTHODOX CHURCH",Y,"A place of worship for members of the Romanian Orthodox Church, the national church of Romania.",1,P,"-"
99562,"Oriental Orthodox Church",N,"-",1,N,"-"
99563,"Glassite Chapel",N,"-",1,N,"-"
99564,"New Jerusalem Church",N,"-",1,N,"-"
99565,"New Church",N,"-",1,N,"-"
99566,"SALTPETRE WORKS",Y,"A building, factory or works which was engaged in the manufacture of refining saltpetre. Often part of a gunpowder works.",1,P,"-"
99567,"AMMONIUM NITRATE WORKS",Y,"A chemical works engaged in the production of Ammonium Nitrate, used as a fertilizer or for use in the explosives industry.",1,P,"-"
99568,"AMMONIUM PERCHLORATE WORKS",Y,"A chemical works engaged in the production of Ammonium Perchlorate, a product used in the explosives industry.",1,P,"-"
99570,"PICRIC ACID WORKS",Y,"A chemical works engaged in the manufacture of the coal tar derivative, picric acid, often associated with the textile industry where it was used as a dye, but more commonly with the explosives industry where it was used as the shell filling Lyddite.",1,P,"-"
99571,"AMMONAL WORKS",Y,"A works engaged principally in the manufacture of ammonal explosives.",1,P,"-"
99572,"BELLITE WORKS",Y,"A works engaged principally in the manufacture of the explosive bellite.",1,P,"-"
99573,"DYNAMITE FACTORY",Y,"A works or factory principally engaged in the manufacture of dynamite",1,P,"-"
99574,"FILLING FACTORY",Y,"A factory where explosives and the components of munitions of all types are brought together for assembly.",1,P,"-"
99576,"GELIGNITE WORKS",Y,"A factory or works principally engaged in the manufacture of the explosive Gelignite.",1,P,"-"
99577,"GUNCOTTON FACTORY",Y,"A factory or works engaged in the manufacture of the explosive guncotton. They may be found as separate factories or form part of a cordite factory.",1,P,"-"
99578,"NITROCELLULOSE POWDER FACTORY",Y,"A factory or works principally engaged in the production of a single base propellant, using nitrocellulose without the addition of nitroglycerine.",1,P,"-"
99579,"SABULITE FACTORY",Y,"A factory or works principally engaged in the manufacture of the mining explosive sabulite.",1,P,"-"
99580,"SMALL ARMS AMMUNITION FACTORY",Y,"A factory engaged in the manufacture of small arms ammunition, especially the metal components and filling with the explosive propellant.",1,P,"-"
99581,"CHARCOAL WORKS",Y,"A works using sealed retorts to produce charcoal. Wood distillates may be produced as byproducts of this process. They may be found at separate works or comprise part of a gunpowder works.",1,P,"-"
99582,"SHELL FACTORY",Y,"A works or factory where shells or projectiles were machined before they were dispatched to a filling factory to be filled with explosives.",1,P,"-"
99583,"Projectile Factory",N,"-",1,N,"-"
99584,"GUNPOWDER MANUFACTURING SITE",N,"Buildings, sites and structures associated with the production, testing and storage of gunpowder.",1,P,"-"
99585,"EXPLOSIVES MANUFACTURING SITE",N,"Buildings, sites and structures associated with the production, testing and storage of explosives.",1,P,"-"
99586,"CORDITE FACTORY",Y,"A factory principally engaged in the  manufacture of the propellant explosive cordite.",1,P,"-"
99587,"TRINITROTOLUENE FACTORY",Y,"A factory or works principally engaged in the refining or manufacture of TNT.",1,P,"-"
99588,"PHENOL WORKS",Y,"A chemical works engaged in the production of the coal tar derivative phenol, a chemical used for the manufacture of explosives during WWI.",1,P,"-"
99589,"Acetate Of Lime Works",N,"-",1,N,"-"
99590,"Acetone Works",N,"-",1,N,"-"
99591,"Cotton Waste Mill",N,"-",1,N,"-"
99592,"Rocket Research Facility",N,"Use both terms.",1,N,"-"
99593,"Bronze Plaque",N,"-",1,N,"-"
99594,"Brass Plaque",N,"-",1,N,"-"
99596,"TRIANGULATION POINT",Y,"A purpose-built triangulation point used for the metrical survey of Britain carried out by the Ordnance Survey.",1,P,"-"
99634,"London Vestry Hall",N,"-",1,N,"-"
99643,"Minimum Security Prison",N,"-",1,N,"-"
99644,"Prison Without Walls",N,"-",1,N,"-"
99645,"Prison Without Bars",N,"-",1,N,"-"
99646,"Young Offenders Institute",N,"-",1,N,"-"
99649,"Workers Subscription Hospital",N,"-",1,N,"-"
99653,"Bog Body",N,"-",1,N,"-"
99654,"Passage Tomb",N,"-",1,N,"-"
99655,"Pit Circle Henge",N,"-",1,N,"-"
99656,"Portal Tomb",N,"-",1,N,"-"
99657,"METHODIST REFORM CHAPEL",Y,"A place of worship for members of the Methodist Reform Church. This group was the result of a secession from the Methodists in 1849. They remained until joining with the Wesleyan Association in 1857.",1,P,"-"
99658,"SEVENTH DAY ADVENTISTS CHAPEL",Y,"A place of worship for members of the Seventh Day Adventists Church. This was formed in 1843 by followers believing in the imminent second coming of Christ.",1,P,"-"
99659,"UNITED METHODIST CHAPEL",Y,"A place of worship for members of the United Methodists Church, a group formed in 1907 by the amalgamation of the United Methodist Free Church, the Methodist New Connection and the Bible Christians.",1,P,"-"
99660,"UNITED METHODIST FREE CHAPEL",Y,"A place of worship for members of the United Methodist Free Church. Formed in 1857 by the amalgamation of the Methodist Reform Church and the Wesleyan Association they later became part of the United Methodist Church in 1907.",1,P,"-"
99661,"United Reformed Chapel",N,"-",1,N,"-"
99662,"JEHOVAHS WITNESSES MEETING HOUSE",Y,"A place of meeting and worship for Jehovahs Witnesses.",1,P,"-"
99670,"BOMBING RANGE",Y,"An area of land, with associated buildings and targets, used for practicing the dropping of bombs and other aspects of air warfare.",1,P,"-"
99671,"Circle Henge",N,"A henge which contains a circle of standing stones. Use both terms.",1,N,"-"
99672,"INEBRIATE REFORMATORY",Y,"Reformatory established under the Inebriates Acts 1879-1900 for repeat alcohol related offenders",1,P,"-"
99960,"WESLEYAN REFORM UNION CHAPEL",Y,"A place of worship for followers of the Wesleyan Reform Union, a movement formed in 1859 by those members of the Methodist Reform Church who did not join the Wesleyan Association.",1,P,"-"
99961,"GARDENS PARKS AND URBAN SPACES",N,"Planned &/or landscaped areas designed for aesthetic or recreational purposes. Includes all sites, buildings, structures & features normally associated with parks & urban spaces including street furniture.",1,P,"-"
99962,"RELIGIOUS RITUAL AND FUNERARY",N,"Sites, buildings, structures & features related to the practice of rituals & religious beliefs, including funerary rites. Includes ancillary buildings, structures & features of uncertain use, which are thought to be â€˜ritualâ€™ (eg. hill figures).",1,P,"-"
99963,"MUSIC SPEECH AND DANCE VENUE",N,"Buildings and structures associated with the performance of musical, oratory and dance events.",1,P,"-"
99964,"Shifted Settlement",N,"-",1,N,"-"
99965,"Migrated Settlement",N,"-",1,N,"-"
99966,"Aggregate Settlement",N,"-",1,N,"-"
100005,"SOCKETED STONE",Y,"A stone which has a socket for an unknown function. Use specific term where known.",1,P,"-"
100006,"COTTON WASTE WORKS",Y,"A works where cotton waste is stored or processed.",1,P,"-"
100007,"BRIDGETTINE GRANGE",Y,"An outlying farm or estate belonging to the Bridgettine order.",1,P,"-"
100008,"PROOF RANGE",Y,"A site where weapons and/or explosives are tested experimentally, or are routinely tested as part of a manufacturing quality control process.",1,P,"-"
100022,"PRACTICE TRENCH",Y,"A system of trenches dug by troops for practice purposes.",1,P,"-"
100023,"ARTIFICIAL LIMB FACTORY",Y,"A factory used for the production of artificial limbs. They were often located within the precincts of a hospital, to enable fittings to take place and help the amputee to get used to wearing the limb.",1,P,"-"
100042,"ROCOCO GARDEN",Y,"Garden comprising rockwork features including grottoes, cascades and arches, often in different architectural styles ie. Gothic, Chinese and rustic. In use from the mid C18.",1,P,"-"
100192,"BUFFER DEPOT",Y,"A strategic food store, directly operated by, or on behalf of, the government. The stores were used to store a variety of foodstuffs. They were in operation from the end of the Second World War until the early 1990's.",1,P,"-"
100194,"Ionic Rotunda",N,"-",1,N,"-"
100195,"MISSILE FACTORY",Y,"A factory for the production of missiles",1,P,"-"
100196,"HEAVY ANTI AIRCRAFT BATTERY",Y,"An anti aircraft battery usually mounting weapons with a larger calibre ammunition such as the QF 3.75 inch (94mm) gun.",1,P,"-"
100198,"FAIRGROUND RIDE",Y,"Forms of ride which are designed for entertainment.",1,P,"-"
100199,"Bicycle Railway",N,"-",1,N,"-"
100200,"Switchback Railway",N,"-",1,N,"-"
100201,"Tubular Crane",N,"-",1,N,"-"
100202,"Limb Fitting Hospital",N,"-",1,N,"-"
100203,"Communications Trench",N,"-",1,N,"-"
100205,"Inebriate Retreat",N,"-",1,N,"-"
100206,"BOMBING RANGE MARKER",Y,"A range marker allowing bombers to locate the bombing range.",1,P,"-"
100207,"SUBSCRIPTION HOSPITAL",Y,"A hospital where people would pay a subscription in order to recieve treatment when ill.",1,P,"-"
100210,"REGIONAL GOVERNMENT HEADQUARTERS",Y,"A reinforced concrete structure, usually sited underground, from where it was intended to conduct the business of government in the event of nuclear war. Date specific from mid 1980's to early 1990's.",1,P,"-"
100211,"TIMBER FRAMED BARN",Y,"A barn which is constructed with a timber framework; between the members are panels which are infilled with timber, wattle and daub, plaster, brickwork, stone or other materials.",1,P,"-"
100212,"JAM FACTORY",Y,"A factory, where preserves such as jam and marmalade, are manufactured.",1,P,"-"
100213,"PHOENIX CAISSON",Y,"A floatable concrete vessel, numbers of which made up the main breakwater of the Mulberry Harbours used to secure beachheads during the allied invasion of Europe in June 1944.",1,P,"-"
100215,"SLYPE",Y,"A covered way or passage especially in a cathedral or monastic church, leading east from the cloisters between transept and chapter house.",1,P,"-"
100216,"ORLIT POST",Y,"A small prefabricated, reinforced concrete structure manufactured by Messrs Orlit Ltd for the Royal Observer Corps.  The first were ordered in 1951, most were redundant by 1955, a few remained in use in eastern England until 1965.",1,P,"-"
100217,"UNDERGROUND MONITORING POST",Y,"A small underground chamber from where it was intended to monitor radioactive fallout in the event of nuclear attack.  The majority were built between 1956 and 1964, although construction continued into the early 1970s.",1,P,"-"
100218,"Picket Hamilton Fort",N,"-",1,N,"-"
100219,"Temperance Billiard Hall",N,"Use both terms",1,N,"-"
100220,"GAS PURIFIER",Y,"A mechanism through which crude coal gas is passed to remove any impurities eg Ammonia and Sulphur.",1,P,"-"
100221,"MASTING SHEERS",Y,"A pair of SHEER LEGS mounted on shore or on a SHEER HULK, used as a crane to hoist a mast and lower it into place on a ship.",1,P,"-"
100222,"Defence Electric Light Emplacement",N,"-",1,N,"-"
100223,"OVERHEAD CRANE",Y,"A hoist suspended from a girder within the roof of a building or workshop.",1,P,"-"
100224,"CANTILEVER CRANE",Y,"A crane consisting of a lattice girder carried on a lattice tower forming a T-shaped structure. A hoist is carried along the girder by a 'crab', enabling the crane to perform a variety of tasks eg loading/unloading of ships.",1,P,"-"
100225,"Semi Aisled House",N,"-",1,N,"-"
100226,"SINGLE AISLED BUILDING",Y,"A building with an aisle on one side only.",1,P,"-"
100227,"Semi Aisled Building",N,"-",1,N,"-"
100228,"AISLED BUILDING",Y,"A building with an aisle along one or both sides. Usually a row of posts separates the main space from the aisle.",1,P,"-"
100230,"Higher Grade School",N,"-",1,N,"-"
100233,"WRECK",Y,"The remains of a vessel which has either sunk or suffered structural damage to the extent where it can no longer function.",1,P,"-"
100507,"RADIO TELEGRAPHY STATION",Y,"A building or group of buildings, incorporating radio masts, built to intercept radio transmissions from enemy vessels and aircraft during WWI and WWII.",1,P,"-"
100508,"Wireless Telegraphy Station",N,"-",1,N,"-"
100509,"Y STATION",Y,"A site, incorporating radio masts, built for high-frequency direction finding of enemy vessels and aircraft based on the interception of radio transmissions. Originally established during the First World War they were again used during the Second World War.",1,P,""
100513,"Pickle Factory",N,"-",1,N,"-"
100514,"HARD",Y,"A firm beach or foreshore used for landing and loading of ships and other vessels. In more recent times hards have been reinforced with concrete.",1,P,"-"
100515,"ANTENNA ARRAY",Y,"A structure used for the transmission and interception of radio signals. Usually composed of a number of different elements such as aerials, receiving equipment and supporting pylons.",1,P,"-"
100530,"ROYAL OBSERVER CORPS SITE",Y,"A site or structure associated with the activities of the Royal Observer Corps. The Corps was reformed on 1 January 1947 and disbanded in 1991.",1,P,"-"
100531,"WALLED CEMETERY",Y,"A high status, walled, Roman burial ground containing cremations and/or inhumations in mausolea, tombs, barrows, coffins or cists. Dating from the late 1st to the 4th Century AD. DO NOT USE for cemeteries of later dates which are walled.",1,P,"-"
100532,"ANTI AIRCRAFT OPERATIONS ROOM",Y,"A one or two storey reinforced concrete structure, usually associated with two T shaped radio masts. Term is specific to army anti-aircraft control centres operational between 1950-55.",1,P,"-"
100533,"PALISADE DITCH",Y,"A ditch associated with a palisade.",1,P,"-"
100535,"Dog Memorial",N,"-",1,N,"-"
100536,"Horse Memorial",N,"-",1,N,"-"
100537,"Rick Yard",N,"-",1,N,"-"
100539,"EMERGENCY PLANNING CENTRE",Y,"A structure, building or room within a building, used by a local authority for the continuance of local government in the event of a military or civil emergency.",1,P,"-"
100540,"EXTENDED DEFENCE OFFICER POST",Y,"An observation post for a naval officer in charge of a marine minefield.",1,P,"-"
100541,"TRANSMITTER SITE",Y,"A site, including buildings and structures, from which communication signals are transmitted.",1,P,"-"
100542,"Salle",N,"The sorting department of a paper factory.",1,N,"-"
100543,"GROUP HEADQUARTERS",Y,"A building used as a headquarters and reporting centre for an Army, Navy or Air Force Group.",1,P,"-"
100544,"British School",N,"-",1,N,"-"
102667,"PLATFORM BARROW",Y,"The rarest of the recognized types of round barrow, consisting of a flat, wide circular mound, which may be surrounded by a ditch. They occur widely across southern England with a marked concentration in East and West Sussex.",1,P,"-"
102668,"PARCHMENT WORKS",Y,"A works used for the production of parchment from animal skin.",1,P,"-"
102682,"REGIONAL SEAT OF GOVERNMENT",Y,"A reinforced concrete structure, usually sited underground, from where it was intended to conduct the business of government in the event of nuclear war. Date specific late 1950's to early 1970's.",1,P,"-"
102683,"SUB REGIONAL SEAT OF GOVERNMENT",Y,"A structure, often sited underground, from where it was intended to conduct the business of government in the event of nuclear war. Sub RSGs were introduced between the RSGs and local authorities to allow the RSGs to focus on strategic direction.",1,P,"-"
102692,"WASTER TIP",Y,"A dump for wasters; pieces of pottery spoiled in the manufacturing process.",1,P,"-"
102732,"BROADCASTING RADIO STATION",Y,"A building used for broadcasting radio programmes for public entertainment. Often includes recording studios, transmitters and offices. Use RADIO STATION for non-broadcasting uses eg. Military.",1,P,"-"
102872,"MONUMENT <BY FORM>",N,"Sites, buildings, structures & features categorized by their form rather than their function, where this has been deemed to be useful for retrieval purposes. Careful consideration will be given to the inclusion of new terms within this class.",1,P,"-"
102892,"JETTIED BUILDING",Y,"A building where the upper storeys rest on projecting floor joists and so create the effect of an overhang.",1,P,"-"
102912,"ARCHAEOLOGICAL FEATURE",Y,"Use only for features assumed to be archaeological but which cannot be identified more precisely without further investigation .Use more specific term where known",1,P,"-"
102932,"BUILDING COMPONENT",N,"A structure which can be an area within a building, a separate building within a complex or a detached architectural component of a building",1,P,"-"
102952,"DECORATIVE SURFACE",N,"An area of the floor, wall or ceiling of a building, which has been painted, carved, sculpted or decorated.",1,P,"-"
102972,"BARRIER",Y,"An obstruction, usually manmade, which is used to restrict or prevent access to a settlement, building or area of land. Use more specific type where known.",1,P,"-"
102992,"Compter",N,"-",1,N,"-"
103012,"Pledgehouse",N,"-",1,N,"-"
103032,"STREET MARKET",Y,"A market consisting of stalls erected in the street and selling a variety of goods.",1,P,"-"
103052,"FRUIT AND VEGETABLE WAREHOUSE",Y,"A warehouse used for the storage of fruit and/or vegetables.",1,P,"-"
103072,"Rac Box",N,"-",1,N,"-"
103092,"Z BATTERY",Y,"An anti aircraft battery armed with 3 inch rockets with a ceiling of 22,000 feet. Both single and multiple launchers were designed. Single launchers being used to defend vulnerable points such as coastal batteries with multiple launchers defending town.",1,P,"-"
103112,"COAST ARTILLERY SEARCHLIGHT",Y,"A searchlight battery, which points out to sea, used to locate enemy shipping",1,P,"-"
103113,"Fixed Defence Light",N,"-",1,N,"-"
103132,"Instrument Landing System",N,"-",1,N,"-"
103133,"Standard Beam Approach",N,"-",1,N,"-"
103134,"Beam Approach Beacon",N,"-",1,N,"-"
103152,"High School",N,"-",1,N,"-"
103172,"JEWISH RITUAL BATH",Y,"A large bath used for Jewish ritual ceremonies.",1,P,"-"
103173,"Mikveh",N,"-",1,N,"-"
103212,"CARYATID",Y,"A column, in the form of a female figure, used to support an entablature.",1,P,"-"
103232,"HOSPITAL WARD",Y,"A large room, similar to a dormitory, within a hospital, and used for the temporary or permanent accommodation of patients, either waiting for or recovering from operations or undergoing long term treatment.",1,P,"-"
103235,"CHILDRENS WARD",Y,"An area within a hospital where children are accommodated during the period of their medical or surgical treatment.",1,P,"-"
103236,"EMERGENCY WARD",Y,"A large room within a hospital set aside for emergency patients.",1,P,"-"
103252,"PRIVATE PATIENTS WARD",Y,"An area within a hospital where patients receiving privately-funded medical and surgical treatment are accommodated. Often includes separate rooms.",1,P,"-"
103272,"ISOLATION WARD",Y,"An area within a hospital where patients with contagious diseases are isolated from the rest of the hospital.",1,P,"-"
103292,"CLUB",Y,"A building used by an association of persons for social and recreational purposes or for the promotion of some common object.",1,P,"-"
103312,"REPOSITORY",Y,"A room or building used as a store, usually for documents, works of art, books etc.",1,P,"-"
103372,"MILITARY RESIDENCE",Y,"A residence for military personnel.",1,P,"-"
103392,"MONASTIC DWELLING",Y,"A residence for a member of a religious community eg. Abbot, Prior, Manciple etc. For multiple occupancy use more specific term eg. DORMITORY.",1,P,"-"
103412,"TRANSHUMANCE DWELLING",Y,"A house or shelter used by drovers, herders or shepherds during the seasonal moving of livestock from the highlands to the lowlands. Use more specific type where known.",1,P,"-"
103432,"LOCK",Y,"A section of the water channel on a canal or river shut off above and below by lock gates provided with sluices to let the water out and in, and thus raise or lower boats from one level to another. Use more specific type where known.",1,P,"-"
103452,"BEAR ENCLOSURE",Y,"An enclosure, usually within a zoo, designed to represent the natural environment for bears, including shelter. For bear baiting enclosures use BEAR PIT.",1,P,"-"
103472,"RACKET SPORTS SITE",N,"A building, site or structure associated with the playing of racket sports.",1,P,"-"
103473,"BALL SPORTS SITE",N,"A building, site or structure associated with the playing of ball sports.",1,P,"-"
103474,"RACING SPORTS SITE",N,"A building, site or structure associated with various racing sports.",1,P,"-"
103492,"CRICKET PITCH",Y,"An area of grass, marked out for use in the game of cricket.",1,P,"-"
103572,"GRAVE MARKER",Y,"A stone, slate, iron or wooden structure used to mark the site of a grave. Use only where evidence of the form is uncertain otherwise use more specific type.",1,P,"-"
103612,"WATER SUPPLY SITE",N,"Site and structures associated with the supply of clean water.",1,P,"-"
103613,"WATER STORAGE SITE",Y,"Sites and structures associated with the storage of water and waste water. Use only where the exact form or function is unknown otherwise use more specific term.",1,P,"-"
103614,"WATER DISPOSAL SITE",N,"Sites and structures associated with the disposal of waste water and waterborne refuse.",1,P,"-"
103653,"WAR ROOM",Y,"A reinforced concrete structure, which may be sited above ground or semi-sunken, from where it was intended to conduct the business of government from, in the event of nuclear war. Date specific to the early-mid 1950's.",1,P,"-"
103673,"AGRICULTURAL DWELLING",N,"Buildings and structures inhabited by agricultural workers.",1,P,"-"
103693,"STATUE WORKSHOP",Y,"A workshop used for the manufacture of statues, either cast or carved.",1,P,"-"
103713,"VEHICLE FACTORY",Y,"A factory for the manufacture of vehicles",1,P,"-"
103733,"METAL WORKERS WORKSHOP",Y,"A workshop used by a craftsman who works in base or precious metals.",1,P,"-"
103753,"WOOD WORKERS WORKSHOP",Y,"A workshop in which products are made using wood and timber.",1,P,"-"
103773,"Xdo Post",N,"-",1,N,"-"
103774,"Exdo Post",N,"-",1,N,"-"
103793,"CLOSED TRAINING PRISON",Y,"An institution for the detention of prisoners, surrounded by a wall and/or fence as a barrier to escape. The level of security depends on the category of inmate detained.",1,P,"-"
103813,"MILITARY PRISON",Y,"An institution for the imprisonment of military personnel convicted under military law by a military court.",1,P,"-"
103814,"OPEN TRAINING PRISON",Y,"An institution for the imprisonment of prisoners who can be trusted to serve their sentence without likelihood of escape and of being a threat to the public. There is no physical barrier designed to prevent absconding.",1,P,"-"
103833,"LOCAL PRISON",Y,"An institution created with the merging of Gaols and Houses of Correction in 1865. Nowadays term used for a prison to which people are sent whilst remanded in custody before trial or direct from court after conviction.",1,P,"-"
103853,"DISPERSAL PRISON",Y,"An institution for the detention of prisoners considered to be a major threat to public safety and/or to the security of the nation.",1,P,"-"
103873,"Crucible",N,"-",1,N,"-"
103874,"Funnel",N,"-",1,N,"-"
103875,"Mount",N,"-",1,N,"-"
103876,"RAKE",Y,"A vertical vein of metallic ore, usually lead, occuring between walls of rock and cutting through the bedding. Often rakes have been worked from early times leaving deep trenches several km long, with adits leading off and shafts sunk at the side.",1,P,"-"
103877,"HAMMER",Y,"A machine in which a heavy block of metal is used for beating, breaking or driving something.",1,P,"-"
103893,"TIMBER MILL",Y,"A mill used to process raw timber.",1,P,"-"
103913,"METAL SMELTING SITE",N,"Buildings, sites and structures associated with the smelting of metals.",1,P,"-"
103933,"METAL EXTRACTION SITE",N,"Buildings, sites and structures associated with the extraction of metal ores.",1,P,"-"
103934,"METAL PRODUCT SITE",N,"Buildings, sites and structures associated with the manufacture of products from metals.",1,P,"-"
103935,"METAL PROCESSING SITE",N,"Buildings, sites and structures associated with the processing of non ferrous metal ores.",1,P,"-"
103953,"VIOLIN FACTORY",Y,"A building where violins are manufactured and the art of violin making is taught.",1,P,"-"
103954,"School Of Violin Making",N,"-",1,N,"-"
103973,"Explosives Works",N,"-",1,N,"-"
103993,"METAL WORKS",Y,"A complex of buildings used for the processing of metals. Use more specific type where known.",1,P,"-"
104013,"Portal Bungalow",N,"-",1,N,"-"
104014,"Phoenix Prefab",N,"-",1,N,"-"
104015,"ANDERSON SHELTER",Y,"An air raid shelter, designed to be placed in the garden. Made from prefabricated components, they were often semi-sunken and the structure then covered with soil for added protection.",1,P,"-"
104073,"Q SITE",Y,"A decoy site designed to simulate the flarepath lighting of permanent RAF stations, to lure attacking night bombers away from legitimate targets.",1,P,"-"
104074,"QL SITE",Y,"A decoy site designed to simulate permitted lighting, such as locomotives, furnaces and tramwire flashes, to lure attacking night bombers away from legitimate targets.",1,P,"-"
104113,"PREFABRICATED HOUSE",Y,"A type of prefabricated house erected, to 11 approved designs, as part of the Temporary Housing Programme, between 1944 and 1948. This scheme was devised to relieve the post-war housing shortage at a time when conventional materials were unavailable.",1,P,"-"
104133,"PREFABRICATED BUILDING",Y,"A building constructed from prefabricated sections. Use more specific type where known.",1,P,"-"
104173,"LONGHOUSE",Y,"A building that housed humans and cattle under one roof, with a shared entrance providing access to the cattle housing (usually downslope) and the dwelling area.",1,P,"-"
104193,"BARYTES MILL",Y,"A mill in which barytes concentrates were ground to fine white powder, normally by use of flat millstones similar to those of a corn mill.",1,P,"-"
104233,"WATER METER HOUSE",Y,"A building in which apparatus measuring the amount of water supplied/used is housed.",1,P,"-"
104253,"FUNERAL PYRE",Y,"A structure consisting of combustible material, typically wood, on which a body is placed and then cremated, sometimes with accompanying grave goods. Use only when evidence of structure exists.",1,P,"-"
106923,"Spur Dyke",N,"-",1,N,"-"
107173,"Salmon Weir",N,"-",1,N,"-"
107253,"PORTCULLIS",Y,"A heavy grating, often made of wood or iron, usually lowered vertically as a defensive barrier at the entrance to a gatehouse or barbican.",1,P,"-"
107313,"JEWEL HOUSE",Y,"A building used for the safe storage and public display of jewellery, eg. the Jewel House at the Tower of London.",1,P,"-"
107473,"Piano Bar",N,"-",1,N,"-"
107813,"ACETONE FACTORY",Y,"A factory or group of buildings engaged in the manufacture of acetone. A variety of processes may be used to manufacture acetone including the use of destructive distallation of wood and fermentation technology.",1,P,"-"
107993,"Anti Submarine Searchlight Battery",N,"-",1,N,"-"
108113,"OPEN ROPEWALK",Y,"A long, narrow, rectangular plot of land used for the manufacture of rope. Usually walled, it may include small buildings and awnings at each end. Often attached to a warehouse.",1,P,"-"
108133,"WADDING MILL",Y,"A mill used for the production of wadding, as opposed to yarn or cloth. Often associated with steam or water power.",1,P,"-"
108233,"DRAWBRIDGE PIT",Y,"A purpose built pit, usually below a gatehouse or barbican, into which the counterweight of a drawbridge could be lowered, thus enabling the bridge to be raised.",1,P,"-"
109353,"BLOODHOUND MISSILE SITE",Y,"A missile base armed with the Bristol Bloodhound surface-to-air missile. Bloodhounds were deployed to defend the launch sites of Thor Intermediate Range Ballistic Missiles.",1,P,"-"
109354,"THOR MISSILE SITE",Y,"A missile base armed with the Thor Intermediate Range Ballistic Missile. Thor Missiles were deployed in Britain under joint British/US control between 1959 and 1964.",1,P,"-"
109673,"TOLUENE WORKS",Y,"A chemical works engaged in the production or refining of toluene, a substance extracted from coal tar or specific types of crude oil, and used in the production of explosives during WW1.",1,P,"-"
109674,"Toluol Works",N,"-",1,N,"-"
110053,"Tram Subway",N,"-",1,N,"-"
110054,"Tram Underpass",N,"-",1,N,"-"
110553,"GELATINE WORKS (ANIMAL PRODUCT)",Y,"A works producing gelatine from animal products for use as a culinary setting agent and in the photography, dyeing, brewing and glue industries. For explosives use GELATINE WORKS (EXPLOSIVE)",1,P,"-"
110554,"FININGS WORKS",Y,"A factory used for the processing of isinglass, a product obtained from the swim bladders of sturgeon and used in the brewing industry as part of the  process for clearing wine and beer.",1,P,"-"
110573,"Sailors Bethel",N,"-",1,N,"-"
110893,"LIMEHOUSE",Y,"A crude, stone-built shelter for persons involved in lime production and the processing of lime burning.",1,P,"-"
111173,"SIGNALLING BATTERY",Y,"A gun battery used to signal warnings to ships during bad weather.",1,P,"-"
111193,"Fog Battery",N,"-",1,N,"-"
111213,"COURTYARD INN",Y,"An inn, with an integral courtyard, for the lodging and entertainment of travellers. Often with open galleried wings overlooking the courtyard.",1,P,"-"
111253,"CREOSOTE WORKS",Y,"A factory or complex of buildings where creosote oil is produced. Creosote oil is distilled from coal tar and used as a wood preservative.",1,P,"-"
111273,"CLAMP",Y,"A temporary structure used for the firing of bricks or tiles. Unfired bricks or tiles were stacked upon a layer of fuel (usually wood) and then surrounded by a wall of old bricks and covered by a layer of mud or clay. The clamp was then fired.",1,P,"-"
111293,"WHALING STATION",Y,"A building or site where the carcasses of whales were butchered and rendered into by products such as oil, fenk and whalebone.",1,P,"-"
111453,"ORE WORKS",Y,"A site or building where ore is processed to obtain metal.",1,P,"-"
111473,"Bombardon",N,"-",1,N,"-"
111493,"HORSE MEASURING SLAB",Y,"A flat slab of stone used to provide a level surface from which to measure the height of racehorses at a meeting, as part of the handicapping and anti fraud systems.",1,P,"-"
111513,"FERTILIZER WORKS",Y,"A building or site used for the production of both chemical and organic fertilizer.",1,P,"-"
111515,"FERTILIZER STOREHOUSE",Y,"A building used to store fertilizers.",1,P,"-"
111533,"ECONOMIZER HOUSE",Y,"A building housing an economizer, a machine designed to preheat water for boilers.",1,P,"-"
111553,"Fertilizer Plant",N,"-",1,N,"-"
111573,"Mulberry Harbour",N,"-",1,N,"-"
111593,"CATTLE GRID",Y,"A pit in a road or trackway covered with a grid, usually of metal poles (but can be of wood or stone) with sufficient space between the poles to prevent animals from crossing, without restricting access for vehicles and people.",1,P,"-"
111653,"VEGETABLE STORE",Y,"A building or room for the storage of vegetables, particularly root vegetables, for human consumption.",1,P,"-"
111654,"Potato Store",N,"-",1,N,"-"
118514,"ROUND TOWERED CHURCH",Y,"A church, usually found in East Anglia, of early Medieval and/or Medieval date with attached or detached round tower.",1,P,"-"
118594,"ANIMAL BREEDING FACILITY",Y,"A building or group of buildings designed for the breeding and rearing of animals, including fish and birds. Often include incubators and heated rooms.",1,P,"-"
118613,"RHINOCEROS HOUSE",Y,"A building, or group of buildings, deliberately designed for rhinos.",1,P,"-"
118853,"VIEWING TERRACE",Y,"A man made terrace, often constructed in concrete, built to allow spectators a view of organized outdoor events or activities.",1,P,"-"
118873,"BOOM",Y,"A barrier, usually of wood or chain, stretched across the entrance to a harbour, port or anchorage, to control entry and/or limit the effect of the weather on the wave action.",1,P,"-"
118893,"INSECT HOUSE",Y,"A building designed to house insects.",1,P,"-"
118913,"WILD CAT ENCLOSURE",Y,"An enclosure for wild cats such as Lions and Tigers",1,P,"-"
118953,"EXCARNATION PLATFORM",Y,"A platform on which corpses are placed and allowed to decompose in the open air, so as to leave only the bones for subsequent burial.",1,P,"-"
118954,"Exposure Platform",N,"-",1,N,"-"
118973,"DUNGEON",Y,"An underground cell, or group of cells, used for imprisonment.",1,P,"-"
118974,"OUBLIETTE",Y,"An underground cell, usually hidden and accessed only through a trapdoor, in which a prisoner was confined and then allegedly forgotten about.",1,P,"-"
118993,"STEEL TEST HOUSE",Y,"A building used for the testing of steel.",1,P,"-"
119013,"OIL WORKS",Y,"Buildings, sites and structures associated with the retrieval, refining, processing and storage of petroleum oil.",1,P,"-"
119033,"Pilots Lookout",N,"-",1,N,"-"
119053,"BARRAGE",Y,"A manmade barrier built across a river in order to increase the depth of water.",1,P,"-"
119074,"Boom Defence",N,"-",1,N,"-"
119075,"Chain Defence",N,"-",1,N,"-"
119373,"Railway Loading Platform",N,"-",1,N,"-"
119393,"TRIBUNAL (MILITARY)",Y,"A raised platform from which an officer can address or review his troops.",1,P,"-"
119413,"Tribunal (Legal)",N,"-",1,N,"-"
119433,"Mowhay",N,"-",1,N,"-"
119453,"POST BUILT STRUCTURE",Y,"A structure indicated by the presence of post holes and of uncertain interpretation.",1,P,"-"
119473,"REGIMENTAL INSTITUTE",Y,"An institute provided by a regiment for the improvement of the soldiers and to reduce excessive drinking.",1,P,"-"
119493,"MARRIED QUARTERS",Y,"Purpose built accommodation for members of the armed forces and their families.",1,P,"-"
119513,"Gunnery School",N,"-",1,N,"-"
119793,"LAUNDER",Y,"A trough or gutter for conveying liquids such as water or molten metal. It can be cut in the surface or formed of wood or other materials.",1,P,"-"
121253,"Bingstead",N,"-",1,N,"-"
121254,"HORSE PATH",Y,"A purpose built section of path linking two sections of a canal enabling a horse to be led over or around an obstacle such as a hill. Horse paths predate towpath tunnels.",1,P,"-"
121255,"TOWPATH TUNNEL",Y,"A canal tunnel built with one or more integral towpaths",1,P,"-"
121256,"RAIN GAUGE",Y,"An instrument for gauging the amount of rain which has fallen over a stated period.",1,P,"-"
121257,"WEATHER STATION",Y,"A building, group of buildings or installation in which experiments and observations are undertaken to gather and record information about the weather.",1,P,"-"
121258,"ANIMAL QUARANTINE CENTRE",Y,"A building complex, usually including kennels and cages and built close to a port or airport, in which animals can be securely held, for a designated period, to ensure that they are not carrying any infectious diseases which could be spread to others.",1,P,"-"
121259,"Hydraulic Pillbox",N,"-",1,N,"-"
121260,"SLEDWAY",Y,"An early form of railway for the transportation of freight by sleds.",1,P,"-"
121261,"PACKHORSE SHELTER",Y,"A building in which pack animals could shelter.",1,P,"-"
121262,"Eel Coop",N,"-",1,N,"-"
121263,"Fox Trap",N,"-",1,N,"-"
121264,"Alabaster Mine",N,"-",1,N,"-"
121265,"CLAIM STONE",Y,"A marker stone erected to indicate a claim to the rights, usually mineral, of an area.",1,P,"-"
121266,"COBALT MINE",Y,"A site where cobalt is mined",1,P,"-"
121267,"CORPSE REST",Y,"A place, where a corpse could be laid whilst being carried on its way to a burial, to allow the bearers to rest.",1,P,"-"
121268,"CORPSE ROAD",Y,"A road, used traditionally for the transportation of a corpse to a place of burial.",1,P,"-"
121269,"DRYING GROUND",Y,"An open area used for drying products manufactured using an industrial process.",1,P,"-"
121273,"Sett Stone",N,"-",1,N,"-"
121373,"Axe Working Floor",N,"-",1,N,"-"
122493,"BEAM BRIDGE",Y,"A bridge in which the load is carried by a single beam, or beams, spanning the space between two supports.",1,P,"-"
122494,"CAUSEWAY BRIDGE",Y,"A bridge, carrying a footpath or road, usually across marshy or waterlogged ground.",1,P,"-"
122495,"Elliptical Arch Bridge",N,"-",1,N,"-"
122496,"Corbelled Arch Bridge",N,"-",1,N,"-"
122497,"Four Centred Arch Bridge",N,"-",1,N,"-"
122498,"Pointed Arch Bridge",N,"-",1,N,"-"
122499,"TEMPORARY BRIDGE",Y,"A type of bridge which was designed for temporary use and then capable of being moved to another site. Use for temporary bridges which have remained in situ since erection.",1,P,"-"
122500,"BAILEY BRIDGE",Y,"A type of temporary bridge designed by Sir Donald C.Bailey during the Second World War.",1,P,"-"
122501,"Spandrel Arch Bridge",N,"-",1,N,"-"
122502,"Chantry Chapel Bridge",N,"-",1,N,"-"
122503,"Clam Bridge",N,"-",1,N,"-"
122504,"Cantilever Span Bridge",N,"-",1,N,"-"
122505,"Town Lattice Girder Bridge",N,"-",1,N,"-"
122506,"Howe Truss Bridge",N,"-",1,N,"-"
122507,"Rider Truss Bridge",N,"-",1,N,"-"
122508,"Warren Truss Bridge",N,"-",1,N,"-"
122509,"Pratt Trusss Bridge",N,"-",1,N,"-"
122510,"FORTIFIED BRIDGE",Y,"A bridge which is fortified at one or both ends.",1,P,"-"
122511,"INHABITED BRIDGE",Y,"A bridge on which dwellings or commercial premises have been built.",1,P,"-"
122512,"Level Beam Bridge",N,"-",1,N,"-"
122513,"Deep Section Truss Bridge",N,"-",1,N,"-"
122514,"THROUGH BRIDGE",Y,"A type of bridge which completely encloses the traffic using it.",1,P,"-"
122515,"Tubular Bridge",N,"-",1,N,"-"
122516,"HALF THROUGH BRIDGE",Y,"A bridge whose trusses or girders form parapets on either side of the deck.",1,P,"-"
122517,"Continuous Girder Bridge",N,"-",1,N,"-"
122518,"PREFABRICATED BRIDGE",Y,"A bridge manufactured from prefabricated sections.",1,P,"-"
122519,"Scherzer Bascule Bridge",N,"-",1,N,"-"
122520,"TELESCOPIC BRIDGE",Y,"A bridge in which one leaf may be retracted in a horizontal plane, passing on rollers over or under the adjacent fixed leaf.",1,P,"-"
122674,"Mobilisation Centre",N,"-",1,N,"-"
125633,"BONE WORKING SITE",Y,"A site used for the production of items derived from animal bones.",1,P,"-"
126733,"RAILWAY CONTROL CENTRE",Y,"A building used to coordinate movement of railway engines and rolling stock in the event of war.",1,P,"-"
127133,"BOAT SHED",Y,"A light, mostly wooden errected structure serving as workshop for the building, storage, repair and maintenance of boats.",1,P,"-"
127353,"AMMUNITION DUMP",Y,"An installation used for the storage of ammunition.",1,P,"-"
127354,"AMMUNITION STAND",Y,"An area of hardstanding on which ammunition is stored.",1,P,"-"
127613,"PRISON VISITORS CENTRE",Y,"A centre attached to a prison where families and friends can visit with the inmates.",1,P,"-"
127913,"HOLLOW POST MILL",Y,"A post mill in which the drive is taken down to the base of the mill by putting an upright shaft in the hollowed post.",1,P,"-"
127993,"BURGAGE PLOT",Y,"A plot of land longer than it is wide, can include any structures on it. Typical of medieval towns.",1,P,"-"
129033,"Dyewood Mill",N,"-",1,N,"-"
129034,"FELLMONGERY",Y,"A building used for the preparation of animal skins and hides prior to the tanning process.",1,P,"-"
129035,"TEXTILE WORKSHOP",Y,"A workshop used in the manufacture and preparation of textiles.",1,P,"-"
129036,"Flax Workshop",N,"-",1,N,"-"
129037,"Plush Workshop",N,"-",1,N,"-"
129038,"Plush Works",N,"-",1,N,"-"
129039,"Fustian Mill",N,"-",1,N,"-"
129040,"Webbing Factory",N,"-",1,N,"-"
129041,"Twinewalk",N,"-",1,N,"-"
129042,"Sailcloth Mill",N,"-",1,N,"-"
129043,"RETTING POND",Y,"A pit used for the prolonged steeping of the flax plant in water to separate the fibres from the wood.",1,P,"-"
129044,"Privy Block",N,"-",1,N,"-"
129045,"NORTH LIGHT SHED",Y,"A single storey building designed so that windows incorporated into the saw tooth roof catch the available light.",1,P,"-"
129046,"MULTI STOREY MILL",Y,"A mill, on two or more levels.",1,P,"-"
129047,"DRYING STOVE",Y,"A type of drying house, usually circular with a conical roof.",1,P,"-"
129048,"DRYING LOFT",Y,"A loft for the drying of thread or cloth.",1,P,"-"
129049,"DOMESTIC WORKSHOP",Y,"A workshop forming part of a domestic dwelling.",1,P,"-"
129573,"DIVING TANK",Y,"A large tank used for training divers.",1,P,"-"
129933,"SHED MILL",Y,"A single storey mill used in the textile industry.",1,P,"-"
130013,"Wheel Chamber",N,"-",1,N,"-"
130113,"SEAPLANE BASE",Y,"A building complex with hangars and slipways built adjacent to a body of water where seaplanes can be stored and maintained.",1,P,"-"
130153,"Burgage House",N,"-",1,N,"-"
130173,"BOMB SITE",Y,"A site which has been bombed but where there is no crater, eg. bombed buildings.",1,P,"-"
130174,"SCOWLE",Y,"An old opencast iron ore site, which has been abandoned.",1,P,"-"
130193,"WALKING STICK MILL",Y,"A mill used for the manufacture of walking sticks.",1,P,"-"
130194,"Stick Mill",N,"-",1,N,"-"
130213,"Handicapped Peoples Home",N,"A disused term for a place where people who are physically disabled and/or have learning difficulties are cared for.",1,N,"-"
130373,"Wolfram Mine",N,"-",1,N,"-"
130553,"GELATINE WORKS (EXPLOSIVE)",Y,"A factory or works principally engaged in the manufacture of blasing or explosive gelatine.",1,P,"-"
130913,"STEAMING SHED",Y,"A building used specifically for testing the boilers of railway engines, both hydraulically and with live steam.",1,P,"-"
130933,"PENITENCE MAZE",Y,"A maze used for the act of penitence.",1,P,"-"
132213,"LIFT TESTING TOWER",Y,"A tower, consisting of one or several testing shafts, for testing lifts and for training personnel.",1,P,"-"
132373,"CHARGE HOUSE",Y,"Workshop, as part of a gunpowder works complex, in which explosive is loaded into shells. Also used for expense magazine, where powder was stored between work processes.",1,P,"-"
132473,"SHAFT MOUND",Y,"Circular spoil heap surrounding a wide central depression, the entrance to a mine shaft.",1,P,"-"
132733,"BREAKING DOWN HOUSE",Y,"A building within a gunpowder works complex, where the mill cake (pulverised and incorporated ingredients of gunpowder) was broken down. It was crushed or broken down by passing it between pairs of revolving gunmetal rollers in a breaking-down machine.",1,P,"-"
132734,"DUSTING HOUSE",Y,"A building within the gunpowder works complex. During the gunpowder production process, the mill cake was broken down, pressed and then corned. The remaining dust was removed from the corned powder by tumbling it in gauze-covered revolving cylinders.",1,P,"-"
132753,"CARTRIDGE HOUSE",Y,"A component building of an explosives works where cartridges were filled with explosives with the aid of cartridging machines.",1,P,"-"
133073,"CLINKER MILL",Y,"A mill which ground clinker in the cement production process. During cement production a mixture of lime and clay is burnt which forms a clinker which is then ground into powder. When mixed with water it solidifies to hard cement.",1,P,"-"
133453,"HEDGE BANK",Y,"A bank, often faced with stone, with a hedge planted on top.",1,P,"-"
133533,"CALCINATION CLAMP",Y,"A clamp in which alum shale was burnt in the initial stage of processing.",1,P,"-"
133534,"LIQUOR TROUGH",Y,"A channel which carried processed alum as liquid from the alum quarry/works to the alum house",1,P,"-"
133573,"Pan Kiln",N,"-",1,N,"-"
133653,"LAMP BOX",Y,"A post box mounted on a lamp post.",1,P,"-"
133654,"WALL BOX",Y,"A post box mounted in, or on, a wall.",1,P,"-"
133655,"CART LOADING BAY",Y,"A structure, into which a cart can be drawn, to enable it to be loaded from above.",1,P,"-"
133656,"Cart Bay",N,"-",1,N,"-"
133657,"MOTOR TRANSPORT PARK",Y,"A site, usually including hardstandings and associated buildings, used for the storage of military vehicles.",1,P,"-"
133659,"URANIUM MINE",Y,"A mine used for the extraction of uranium bearing ores.",1,P,"-"
133660,"MILITARY INSTALLATION",Y,"A site and associated buildings used by the military for various purposes. Use only where exact function is unknown otherwise use more specific term.",1,P,"-"
133673,"Block Works",N,"-",1,N,"-"
134654,"FLINT KILN",Y,"Component part of a Flint Mill where flint is calcined before it is brittle enough to be ground in the mill. Ground, burnt flint is used in the production of earthenware pottery, which whitens and strenghens the body.",1,P,"-"
135000,"PALAEOCHANNEL",Y,"The course or channel of a river or stream preserved as a geological feature.",1,P,"-"
135015,"MOBILIZATION CENTRE",Y,"An installation used to store ammunition and equipment ready for the mobilization of armed forces in the event of a war.",1,P,"-"
135016,"DOG RACING TRACK",Y,"A racing track, often within a permanent stadium, for racing dogs, usually greyhounds and whippets.",1,P,"-"
135035,"HEEL FACTORY",Y,"A factory for the manufacture of heels for the shoe making trade.",1,P,"-"
135076,"TAPE SIZING WORKS",Y,"A building, usually part of a textile mill complex, where warp yarn is sized prior to weaving. Sizing is the application of a starch solution to warp threads to add strength and protection.",1,P,"-"
135095,"SHUTTLE WORKS",Y,"A manufacturing site producing weaving shuttles for the textile industry.",1,P,"-"
135115,"ELECTRONICS FACTORY",Y,"A building or buildings where electronic components or devices are designed, developed, manufactured and assembled.",1,P,"-"
135262,"LAST WORKS",Y,"A site used for the manufacture of lasts, shoemaker's models of the foot for shaping and repairing footwear. Lasts can be from a variety of materials, such as wood or iron.",1,P,"-"
135315,"COMBINED COURT CENTRE",Y,"A law court builidng established during the 1970's accommodating offices and courtrooms fro the Crown and County Courts.",1,P,"-"
135316,"COURT OF REQUESTS",Y,"A local civil court first established during the 17th Century by local Acts of Parliament to deal with minor cases of debt. Based on a model established during the reign of Henry VII.",1,P,"-"
135317,"SESSIONS HOUSE",Y,"A building housing court rooms and associated offices and cells, in which the Quarter Sessions were held.",1,P,"-"
135318,"PETTY SESSIONS COURT",Y,"A court of summary jurisdiction formally recognized by statute in 1848. Renamed Magistrates Court, following legislation, in 1949.",1,P,"-"
135319,"YOUTH COURT",Y,"A magistrates court sitting for the purpose of holding trials for children and young people. Replaced the juvenile court, following legislation, in 1991.",1,P,"-"
135320,"Police Court",N,"-",1,N,"-"
135321,"Quarter Sessions Court",N,"-",1,N,"-"
135322,"FAMILY PROCEEDINGS COURT",Y,"A distinctive magistrates court established by legislation in 1980, dealing with civil family proceedings.",1,P,"-"
135607,"VISITORS CENTRE (PRISON)",Y,"A building or complex in which visitors to a prison can meet with the inmates under the supervision of the prison staff.",1,P,"-"
136572,"SHOE MACHINERY WORKS",Y,"An engineering works that produces machinery specially for use in shoe making.",1,P,"-"
136632,"CARDBOARD BOX FACTORY",Y,"A factory where packaging products, such as cardboard boxes, are produced.",1,P,"-"
136697,"STORAGE TANK",Y,"Container for the storage of unspecified materials.",1,P,"-"
136710,"Hyperfix Station",N,"-",1,N,"-"
136730,"FERRIS WHEEL",Y,"A large, vertical revolving wheel with passenger cars or pods on the periphery used to give a bird's eye view of the surrounding area.",1,P,"-"
136770,"CLEARANCE",Y,"An area of ground which has been cleared of plants and other obstruction.",1,P,"-"
136810,"ARCHERY GROUND",Y,"An open flat gound where the sport of shooting with bow and arrows is pursued. The ground can be equipped with targets mounted on butts and various fixed distance marker.",1,P,"-"
136830,"MESS",Y,"A military dining room where members of the armed forces eat and take recreation.",1,P,"-"
136910,"AMUSEMENT PARK",Y,"A recreation ground with usually permanent structure. It usually contains rides such as ghost trains, helter skelter and roller coasters.",1,P,"-"
136930,"COAL MERCHANTS",Y,"The premises of a coal merchant where coal and other kinds of solid fuel can be bought.",1,P,"-"
136950,"VICTUALLING YARD",Y,"A complex of buildings with the purpose of providing and storing food and drink supplies (esp. for the navy).",1,P,"-"
136990,"WATERHOLE",Y,"An artificial pond or pool constructed for the purpose of watering  livestock, particularly in prehistory.",1,P,"-"
137170,"MINEWATCHERS POST",Y,"A building with small observation ports used for plotting mines dropped by parachute.",1,P,"-"
138486,"COPROLITE WORKINGS",Y,"An open pit from which coprolites or phosphatic nodules were extracted. Commonly found in the Fens and East Anglia coprolites were ground up and used as fertilizer.",1,P,"-"
138696,"SUBAQUEOUS TUNNEL",Y,"A man-made passageway, which is built through a sea- or riverbed.",1,P,"-"
138698,"CARBONISING SHED",Y,"Component part of a mungo and shoddy mill, where non-wool fibres from shredded material are destroyed by either soaking rags in an acid solution or rotating them in drums in a hot acidic gas followed by heat. The result is an all-wool product.",1,P,"-"
138835,"Wildfowl Trap",N,"-",1,N,"-"
139022,"WIND TUNNEL",Y,"A structure used to test the aerodynamics of aircraft or vehicles.",1,P,"-"
139023,"POST ALIGNMENT",Y,"An alignment of posts or postholes of unknown function",1,P,"-"
139024,"STAKE ALIGNMENT",Y,"An alignment of stakes or stakeholes of unknown function",1,P,"-"
139025,"TREE BELT",Y,"An alignment of trees planted as part of a designed landscape. For a belt lining a road use TREE AVENUE.",1,P,"-"
139026,"TREE CLUMP",Y,"A group of trees planted as part of a designed landscape.",1,P,"-"
139027,"ANCHOR WORKS",Y,"A building or site used for the production of anchors.",1,P,"-"
139028,"ENAMEL WORKS",Y,"A building or site used in the production of enamelled goods.",1,P,"-"
139029,"JAPANNING WORKS",Y,"A building or site used in the production of japanned goods. Japanning was the process of covering a material with a hard, black lacquer in imitation of Japanese lacquer work.",1,P,"-"
139030,"Japanning Factory",N,"-",1,N,"-"
139031,"LOCK FACTORY",Y,"A building or site for the industrial manufacture of locks.",1,P,"-"
139032,"BRINE KILN",Y,"A kiln used for extracting salt through the evaporation of salt water.",1,P,"-"
139036,"PEAT EXTRACTION SITE",Y,"A site used for the extraction of peat.",1,P,"-"
139076,"BEER GARDEN",Y,"Garden area next to public house used for the comsumption of alcoholic beverages.",1,P,"-"
139084,"BUSINESS PARK",Y,"An area speciallly developed to accommodate commercial buildings.",1,P,"-"
139094,"CORNISH HEDGE",Y,"A stone faced earth bank, usually with a concave batter, and with the base the same width as its height and the top half the width of the base.  Vegetation usually grows out of the top.  Found mainly in Cornwall, but also elsewhere in the Atlantic Arc.",1,P,"-"
139095,"HOUSEBOAT",Y,"A boat roofed over and fitted up as a home for living in permanently or temporarily.",1,P,"-"
139102,"MUSEUM SHIP",Y,"Permanently moored historic maritime craft preserved and converted into a museum and open to the public.",1,P,"-"
139129,"DEER COURSE",Y,"Area in a deer park where a single deer was chased by dogs over a set distance, with bets made on the outcome. It usually includes a stand (for viewing) and can also include  three distance markers, a finishing post and a ditch behind the last post.",1,P,"-"
139319,"WIND FARM",Y,"A group of electricity-producing windmills or wind turbines.",1,P,"-"
139321,"WIND TURBINE",Y,"An apparatus designed with a large vaned wheel rotated by the wind in order to generate electricity.",1,P,"-"
139322,"MISSION",Y,"A building or compound housing a permanent establishment of members of a religious organization to do missionary work.",1,P,"-"
139326,"NATURE RESERVE",Y,"Area of land set aside and managed for the preservation of flora, fauna, their natural habitats and physical features.",1,P,"-"
139339,"TEA GARDEN",Y,"Garden or open-air enclosure, usually connected to commercial premises, where tea and other refreshments are served to the public.",1,P,"-"
139340,"DOMUS CONVERSORUM",Y,"House, where destitute Jews converted to Christianity after the expulsion. Latin for House of Converts"."",1,P,"-"
139348,"VILLAGE SIGN",Y,"A decorative emblem stating the name of a village or town and depicting aspects of the place's history of culture. Most signs are mounted on a post and usually errected in a central position near the church or village green.",1,P,"-"
139357,"AIRFIELD SLEEPING SHELTER",Y,"Shelter on military airfield to provide night time accommodation for airmen during WWII.",1,P,"-"
139359,"GAS COMPRESSOR STATION",Y,"A facility where natural gas is made smaller in volume, to facilitate its distribution through the National Transmission System. Term can also be used for a station, which recompresses the gas to the required pressure.",1,P,"-"
139365,"JEWELLERY SHOP",Y,"A building or other establishment used for the retail, making and repairing of jewellery.",1,P,"-"
139394,"JOBCENTRE",Y,"A government employment agency for those out of work offering advice on jobs, training and retraining.",1,P,"-"
139404,"INSULA",Y,"In Roman architecture either 1. A block of buildings enclosed by four streets or 2. A large tenement house or apartment block.",1,P,"-"
139426,"TRI RADIAL CAIRN",Y,"Starshaped cairn with three radial arms of equal length, a monument unique to upland Northumberland. (Late Neolithic or early Bronze Age).",1,P,"-"
139548,"CONSULATE",Y,"The residence or official premises of a consul, the official appointed by a state to protect its citizens and commercial interests in a foreign state.",1,P,"-"
139579,"PEN FACTORY",Y,"A building or buildings used for the production of pens.",1,P,"-"
139614,"WHISTLE FACTORY",Y,"A building or buildings used for the production of whistles.",1,P,"-"
139645,"FERRY CROSSING",Y,"A route across a river, or lake. Use only for small inland ferries and index with LANDING POINT/STAGE/STEPS or PIER where known.",1,P,"-"
139766,"CHAIN HOME STATION",Y,"Part of the WWII air defence radar system, whereby in 1939 a chain of radar stations were established along the south and east coast of Britain. The equipment was based upon apparatus developed for ionospheric research.",1,P,"-"
139771,"ROSTRUM",Y,"A raised platform or stage for public speaking or conducting an orchestra. Also a platform for supporting cameras during filming.",1,P,"-"
139779,"BARGE BED",Y,"A foreshore structure to prevent barges from sinking in the river mud. Made by placing chalk on fascines of brushwood, which is in some cases retained by a timber revetement.",1,P,"-"
139780,"VELODROME",Y,"A sports arena with a steeply banked oval track for bicycle racing. There are outdoor as well as indoor velodromes.",1,P,"-"
139789,"DEFENDED ENCLOSURE",Y,"An enclosed area of land of varying size and shape which shows traces of defence.",1,P,"-"
139847,"VANTAGE POINT",Y,"A position or place that allows a wide or favourable overall view of a scene or situation.",1,P,"-"
139855,"RABBIT TRAP",Y,"Term applied to both the pit trap itself, and the walled enclosure containing pit trap(s).",1,P,"-"
139857,"MINKA",Y,"Standard dwelling of the non-ruling classes of Japan until the mid twentieth century. Minkas are timber-framed houses with mud-plastered panels and thatched roofs. The design varies from region to region. Minkas served as home as well as workplace.",1,P,"-"
140057,"GRINDERY DEALERS SHOP",Y,"A shop housing the business of a grindery dealer. Grindery are the tools and materials used by shoemakers and other leather-workers.",1,P,"-"
140059,"RUTWAY",Y,"A track of two parallel ruts deliberately cut in the ground or living rock for the guidance of two-wheeled carts when the way was obscured by darkness or water.",1,P,"-"
140060,"CEMENTSTONE MINE",Y,"A site where cementstone nodules are extracted under ground.",1,P,"-"
140061,"CEMENTSTONE QUARRY",Y,"A site where cementstone nodules are extracted.",1,P,"-"
140066,"Paddock Course",N,"-",1,N,"-"
140067,"Naval Victualling Yard",N,"-",1,N,"-"
140068,"Underwater Tunnel",N,"-",1,N,"-"
140069,"RADIO POSITIONING STATION",Y,"An offshore station, equipped with a fixed electronic radio navigation and positioning system such as Hyperfix. The transmission principle are pulsed and phase comparisons systems. Superceded by Global Positioning System in 1994.",1,P,"-"
140070,"Carbonizing Shed",N,"-",1,N,"-"
140071,"ASSART",Y,"A piece of forest land converted into arable.",1,P,"-"
140075,"NATURAL GAS STRUCTURE",N,"Buildings and structures associated with the processing and storage of natural gas.",1,P,"-"
140076,"Minka House",N,"-",1,N,"-"
140077,"Japanese Farmhouse",N,"-",1,N,"-"
140078,"Bicycle Racing Track",N,"-",1,N,"-"
140079,"Floating Museum",N,"-",1,N,"-"
140080,"Viewpoint",N,"-",1,N,"-"
140082,"WATERCRAFT",Y,"A boat, ship or other vessel either whole or in part. Watercraft often survive as commemorative monuments or have been reused as floating restaurants, museums, hotels etc.",1,P,"-"
140083,"Boat",N,"-",1,N,"-"
140084,"ANCHORAGE (MARITIME)",Y,"An area off the coast where ships anchor.",1,P,"-"
140085,"Coal Pit",N,"-",1,N,"-"
140087,"Salt Workings",N,"-",1,N,"-"
140088,"SALT PAN",Y,"A boiling vessel used in the direct boiling process, or the sleeching process, used for the manufacture of salt. For evaporating features associated with SOLAR and PARTIAL SOLAR sites use SALT POND.",1,P,"-"
140091,"Datum Post",N,"-",1,N,"-"
140092,"SHOE MACHINERY DEPOT",Y,"A depot or warehouse for the storage, distribution and repair of shoe making machines.",1,P,"-"
140094,"WAR SHELTER",Y,"A 19th century structure of various shape or material for the protection of troops in an emergency.",1,P,"-"
140099,"AIRCRAFT HANGAR (TYPE C)",Y,"A type of large steel framed aircraft hangar introduced by the Royal Air Force in its Expansion Period with a number of designs between 1934 and 1939, to accomodate heavy bombers.",1,P,"-"
140101,"GRINDERY",Y,"A place for sharpening metal objects like tools and weapons.",1,P,"-"
140103,"Grinding Mill",N,"Use Grinding House for a place material is crushed and Grindery for a place where metal objects are sharpened.",1,N,"-"
140105,"CANAL JUNCTION",Y,"A place where two artificial waterways meet each other.",1,P,"-"
140106,"Aeroplane Shed (Type C)",N,"-",1,N,"-"
140107,"Type C Aeroplane Shed",N,"-",1,N,"-"
140108,"NUCLEAR TEST SITE",Y,"Site associated with the testing of nuclear material or its containers.",1,P,"-"
140109,"BEDSTEAD WORKS",Y,"A building or site used for the production of frameworks of beds.",1,P,"-"
140112,"ANTLER WORKING SITE",Y,"A site which has produced evidence of in situ production of items derived from antler.",1,P,"-"
140113,"CONSTRUCTION TRENCH",Y,"A trench dug in order to receive the foundations of a structure such as a stone wall etc.",1,P,"-"
140114,"SOAKAWAY",Y,"A pit filled with rubble, etc., into which rain or waste water flows in order to disperse into the surrounding soil.",1,P,"-"
140115,"AIRCRAFT HANGAR (TYPE T2)",Y,"A type of temporary military aircraft hangar introduced in 1940; of steel welded and bolted construction typically clad in galvanized corrugated iron sheets. The T2 became the standard temporary hangar for the RAF in World War Two.",1,P,"-"
140116,"CREW BRIEFING ROOM",Y,"A type of military building associated with military airfields, where air crews were briefed for missions. The room could be a seperate building or part of an operations block and are built of varying types of temporary brick or nissen hut constructions.",1,P,"-"
140117,"SEWER INSPECTION CHAMBER",Y,"A chamber attached to the sewer of a building to facilitate the removal of any blockage.",1,P,"-"
140122,"BLISTER AIRCRAFT HANGAR",Y,"A type of transportable aircraft hangar patented by Miskins and Sons in 1939. The arched hangar was constructed of steel or wooden ribs and generally clad in steel sheets. The hangar did not require any foundations and could be anchored by iron stakes.",1,P,"-"
140126,"KNACKERS YARD",Y,"A slaughterhouse for horses.",1,P,"-"
140127,"Knackery",N,"-",1,N,"-"
140128,"AIRCRAFT HANGAR (TYPE B1)",Y,"A large type of military repair hangar mainly used on WWII bomber bases, constructed using steel stanchions and clad in corrugated iron. B 1 hangars were part of a series of prefabricated buildings intended to supplement existing hangars on bases.",1,P,"-"
140129,"Ship",N,"-",1,N,"-"
140130,"Fishermans Hut",N,"-",1,N,"-"
140131,"OPERATIONS BLOCK",Y,"A building of varying designs intended for directing military aviation operations. Normally associated with military airfields.",1,P,"-"
140132,"Blister Hangar",N,"-",1,N,"-"
140137,"AIRCRAFT HANGAR (TYPE T1)",Y,"A type of steel framed transportable British military aircraft hangar developed from 1941onwards. The hangar had a steel frame, some versions used commercially available sheeting for cladding. It was similar to but smaller than the arcraft hangar type T2.",1,P,"-"
140152,"STUDY CENTRE",Y,"A building that houses material that can be used to facilitate the study of a site, landscape or an historical event/period. Such centres are often found in close proximity to the sites and/or landscapes that they seek to encourage the study of.",1,P,"-"
140153,"BELLMAN AIRCRAFT HANGAR",Y,"A type of temporary transportable aircraft hangar designed in 1936 by N.S. Bellman. It was designed for ease of installation, and was composed of light rolled steel sections.",1,P,"-"
140154,"NAVAL OFFICE",Y,"A building used for a variety of administrative purposes, usually at a naval dockyard.",1,P,"-"
140155,"Bellman Hangar",N,"-",1,N,"-"
140156,"DISPLACED PERSONS CAMP",Y,"A camp where people who fled from danger or problem whithin their country or across international borders and who are in need of international protection are temporarily placed.",1,P,"-"
140157,"RESETTLEMENT CAMP",Y,"A camp for the temporary accommodation of uprooted civilians or foreign ex-service personnel, who had fought for the British forces during WWII (e.g.Polish).",1,P,"-"
140158,"POST MILL ROUNDHOUSE",Y,"A circular or octagonal building at the base of a post mill to provide storage space and to give protection to the superstructure. The roundhouse is not attached to the mill itself. Some roundhouses were later converted for domestic purposes.",1,P,"-"
140163,"AIRCRAFT HANGAR (TYPE A)",Y,"A permanent military RAF aircraft hangar type, designed in 1924. It features a steel frame (with longitudinal ridge and valley trusses for the roof) reinforced concrete and brick infilling for the walls. Typically 122 foot span by 249 foot in length.",1,P,"-"
140171,"ROYAL FLYING CORPS AIRCRAFT HANGAR",Y,"The earliest side-opening standard type of aircraft hangar designed in 1913 and used in WWI. Originally constructed from wooden trusses and struts, some examples have steel frames. It comprised a single or coupled shed with rear workshops.",1,P,"-"
140180,"Type A Aeroplane Shed",N,"-",1,N,"-"
140181,"Aeroplane Shed (Type A)",N,"-",1,N,"-"
140182,"Aeroplane Shed",N,"Early name for aircraft hangar (up until around 1940), when the term hangar was only used for a tent construction.",1,N,"-"
140183,"Aircraft Shed",N,"Early name for aircraft hangar (ca. up until 1940), when the term hangar was only used for a tent construction.",1,N,"-"
140184,"Royal Flying Corps Aeroplane Shed",N,"-",1,N,"-"
140185,"ANIMAL BURIAL PIT",Y,"A place where dead animals are buried.",1,P,"-"
140186,"LIME SLAKING PIT",Y,"A pit where calcium oxide (Quicklime) has been hydrated to produce calcium hydroxide, known as slaked lime.",1,P,"-"
140187,"RFC SIDE OPENING AIRCRAFT HANGAR",Y,"The earliest side-opening standard type of aircraft hangar designed in 1913 and used in WWI. Originally constructed from wooden trusses and struts, one example has steel frames. It comprised a single or coupled shed with rear workshops.",1,P,"-"
140189,"CHINA STONE MILL",Y,"A mill where china stone is grinded.",1,P,"-"
140190,"CRUCIBLE FACTORY",Y,"A building or buildings used for the manufacture of crucibles.",1,P,"-"
140191,"AIRCRAFT HANGAR (TYPE J)",Y,"A large steelframed military aircraft hangar designed in 1939, intended for aircraft maintenance on operational stations. It includes side annexes for workshops and offices, provided with a large number of windows. The annexes are of brick or concrete.",1,P,"-"
140192,"HUERS HUT",Y,"Hut along the coast, which provided shelter for lookouts, known as huers, who kept watch for the pilchard shoals that passed by the coast. Built of stone or wood. Particular common to Cornwall.",1,P,"-"
140194,"Wagon Turntable",N,"-",1,N,"-"
140195,"TRAINING WALL (WATER REGULATION)",Y,"A wall structure built to direct a current into the desired channel in a harbour, river etc.",1,P,"-"
140196,"OCHRE MINE",Y,"A site where iron oxide and iron sulphate is extracted.",1,P,"-"
140197,"Ochre Works",N,"-",1,N,"-"
140199,"FLIGHT OFFICE",Y,"Building block (often a temporary brick structure or Nissen hut) comprising office accommodation for flight commanders and flight sergeants as well as pilots' rest rooms, storerooms and locker rooms. Some flight offices have central corridors.",1,P,"-"
140201,"AIRCRAFT HANGAR (TYPE L)",Y,"A curved military aircraft hangar produced in 1939. The frame is steel which is then clad with steel sheeting and reinforced concrete and typically covered with a thin layer of concrete, earth and turf.",1,P,"-"
140205,"Aeroplane Shed (Type J)",N,"-",1,N,"-"
140206,"Aircraft Shed (Type J)",N,"-",1,N,"-"
140207,"BESSONNEAU AIRCRAFT HANGAR",Y,"The first transportable aircraft hangar developed by the RFC/RAF, which comprised a kit of timber and canvas that could be assembled in 48 hours. The canvas doors open one end only. Also known as Type H hangar.",1,P,"-"
140208,"Bessonneau Hangar (Type H)",N,"-",1,N,"-"
140209,"Aircraft Hangar (Type H)",N,"-",1,N,"-"
140211,"Aircraft Shed (Type L)",N,"-",1,N,"-"
140212,"Type L Aircraft Shed",N,"-",1,N,"-"
140220,"WOAD MILL",Y,"A mill for the processes of grinding, balling, couching, drying and packing of woad. The mill can be demountable, enabling it being located close to the fields, as woad crop has to be rotated and move to new fields as soon as the ground is exhausted.",1,P,"-"
140221,"Coprolite Working Site",N,"Site where fossils where mined for use as artificial fertilizer. Use both terms",1,N,"-"
140222,"CHAMBERED GRAVE",Y,"Saxon rectangular burial chamber comprising a large sunken 'room' lined with wood. 6th and 7th century AD.",1,P,"-"
140223,"BURIED SOIL HORIZON",Y,"A surface interpreted as a buried cultivation layer, for example an agriculturally cultivated field.",1,P,"-"
140224,"Roadside Settlement",N,"-",1,N,"-"
140225,"AIRCRAFT HANGAR (TYPE T3)",Y,"A steel framed transportable hangar similar in construction to Type T2 but about half the size. Designed in 1941 and 1942.",1,P,"-"
140231,"WINDING HOLE",Y,"A widening in a canal to allow boats to turn around.",1,P,"-"
140232,"Winding Place",N,"-",1,N,"-"
140233,"Winning Hole",N,"-",1,N,"-"
140234,"Winning Place",N,"-",1,N,"-"
140235,"CORRODY HOUSE",Y,"Accommodation given rent-free along with or as part of a corrody, which is a provision of an annual allowance of food and money by a religious house to an individual, usually in return for service or by purchase. Term used until mid 16th century AD.",1,P,"-"
140236,"Mylke House",N,"-",1,N,"-"
140237,"SUBRECTANGULAR ENCLOSURE",Y,"A monument consisting of an area enclosed by a ditch, bank, wall, palisade or similar barrier, where the barrier follows an almost rectangular course.",1,P,"-"
140255,"DARLAND FIELD SYSTEM",Y,"Medieval Fenland ditched field system where the land is divided into strips for agricultural production. The strips are separated by hand-dug wide shallow drainage ditches with the spoil thrown up to create a dryer ridge.",1,P,"-"
140256,"Dyling Field System",N,"Term used in particular in Lincolnshire instead of Darland Field System.",1,N,"-"
140257,"Dyland Field System",N,"-",1,N,"-"
140258,"BED BURIAL",Y,"An inhumation burial in which the corpse is laid on a wooden bed, often surrounded by a collection of grave-goods. Anglo-Saxon rite of 7th century AD.",1,P,"-"
140259,"STRIP FIELD",Y,"An area of agriculturally used land, which is divided into small, elongated, rectangular fields running parallel to each other.",1,P,"-"
140260,"TETT TURRET",Y,"A small concrete turret placed on top of a standard 4 ft. diameter concrete pipe sunk into the ground. Intended for use in defending road junctions, airfields and beach exits.",1,P,"-"
140261,"MANORIAL BOUNDARY",Y,"The limit line of an area pertaining to a medieval manor.",1,P,"-"
140264,"HUNDRED BOUNDARY",Y,"The limit line of a medieval local administrative unit of a hundred.",1,P,"-"
140265,"BELFAST TRUSS AIRCRAFT HANGAR",Y,"A type of aircraft hangar from the closing years of WWI either of steel or wood utilising a type of lattice work roof support known as a Belfast Truss, which features diagonally interlaced pieces of thin pine. The roof appears as a smooth curve.",1,P,"-"
140268,"COMPOSITE FRAMED BUILDING",Y,"A modern building system in which both steel and concrete are utilized together to carry the load in ways that neither material predominates over the other. There are many varieties e. g. a steel frame surrounding a concrete core.",1,P,"-"
140272,"CAPONIER",Y,"A covered passageway projecting into or across a ditch of a fortified place to provide flanking fire to the ditch in which it stands or for the purpose of sheltering communication with outworks.",1,P,"-"
140273,"SIGNAL SQUARE",Y,"A signalling structure used on WWII airfields, comprising a concrete square base with a kerbed border into which concrete signal symbols could be placed to advise pilots in the air of current airfield state e.g. directions of landing and airfield circuit.",1,P,"-"
140274,"AIRFIELD CODE LETTERS",Y,"Large concrete letters representing the ground-to-air airfield code. It has been used to show pilots in WWII the name of the airfield they were above e.g. DW for Dunkeswell.",1,P,"-"
140275,"Caponiere",N,"-",1,N,"-"
140276,"Kaponier",N,"-",1,N,"-"
140277,"TURRET INSTRUCTIONAL BUILDING",Y,"An airfield building housing a turret gunnery trainer used to teach air gunners how to report the correct position of enemy aircraft by practising shooting against projected moving images of enemy aircraft displayed on a target screen (WWII).",1,P,"-"
140278,"Turret Trainer",N,"-",1,N,"-"
140279,"HEATING PLANT",Y,"Building or buildings housing  equipment for generating heat for a building complex.",1,P,"-"
140280,"DOPE SHOP",Y,"An aircraft maintenance workshop deriving from the use of  weather proofing varnish to aircraft canvas called dope" in order to keep the canvas taut and airtight. From 1912 onwards."",1,P,"-"
140290,"CIRCULAR REDOUBT",Y,"A large circular defence work surrounded by a brick revetted ditch and sunken below a glacis. Usually built out of brick with the embrasures lined with granite blocks. Armed with ten or elven guns. Early 19th century as part of coastline defence.",1,P,"-"
140292,"COUNCIL HOUSING ESTATE",Y,"A housing estate comprised of housing stock owned and let by a local authority.",1,P,"-"
140295,"WHITING MILL",Y,"A building housing machinery for crushing chalk for whiting. Whiting was used in toothpaste, paint, tablets, putty and other products.",1,P,"-"
140296,"Chalk Crushing Mill",N,"-",1,N,"-"
140297,"MOTOR VEHICLE TESTING TRACK",Y,"A ground used for the performance testing of motor vehicles, for example prototype vehicles.",1,P,"-"
140298,"Green",N,"-",1,N,"-"
140299,"REDOUBT",Y,"A defence work, either a detached fieldwork or an outwork built as part of a fortification as a last defensive position.",1,P,"-"
140302,"RAVELIN",Y,"In fortification, a detached triangular outwork consisting of two battered faces forming a salient angle. Usually positioned in the ditch in front of a rampart and between two bastions. Term mainly for military architecture from 15th century and later.",1,P,"-"
140305,"CARGO",Y,"Use for the remains of a cargo which have been accidentally lost at sea, or purposefully dumped, and which consist the only physical evidence of a vessel.",1,P,"-"
140311,"ABLUTIONS BLOCK",Y,"A building housing washing facilities and toilets. The term occurs mainly in a military context.",1,P,"-"
140312,"DOMESTIC MILITARY BUILDING",N,"Buildings used for the accommodation, welfare and recreation of servicemen, especially those serving in the Royal Air Force. Use only for buildings associated with military installations. For non-military, use DOMESTIC class and its narrower terms.",1,P,"-"
140320,"BRENNAN TORPEDO STATION",Y,"A land based installation armed with wire -guided and powered  Brennan torpedoes" which were in operation beween 1890 and 1906. These torpedoes were invented by Louis Philip Brennan. The stations were used to defend the coast from enemy shipping."",1,P,"-"
140321,"INTERPRETATION CENTRE",Y,"A building housing material used to explain the significance of a site or landscape to the public e. g. an archaeological site or nature reserve.",1,P,"-"
140322,"Municipal Aircraft Hangar",N,"A type of 1930s civillian aircraft hangar comprising a large gabled building  with a mild steel structure and asbestos cladding.",1,N,"-"
140331,"SEA FORT",Y,"A defensive construction situated in the sea, designed to protect the land from seabourne attack. The term applies mainly to those monuments built from around 1860 onwards.",1,P,"-"
140334,"PAN HOUSE",Y,"A component of a salt works housing iron pans where the brine was evaporated above a furnace and flue. Such houses were lightly built in order to allow the heat and steam to escape.",1,P,"-"
140337,"Position Finding Cell",N,"-",1,N,"-"
140338,"POSITION FINDING STATION",Y,"A structure consisting of different cells equipped with instrument posts which supported finders. These provided range and bearing of the projected position of the target to guns emplaced in a nearby battery. Errected along the coast in the late 1870s.",1,P,"-"
140339,"ROBIN AIRCRAFT HANGAR",Y,"A small dispersal WWII military aircraft hangar featuring an A" shaped steel frame clad with corrugated iron; end doors were supported by outriggers when open.Typically used on aircraft storage units or satellite landing grounds. Variations in size."",1,P,"-"
140340,"Boiling House (Salt Works)",N,"-",1,N,"-"
140341,"SALT PRODUCTION SITE",N,"Sites, buildings or stuctures associated with the entire process of salt production.",1,P,"-"
140344,"STOVE HOUSE",Y,"A component of salt works containing flues and drying areas where salt blocks are dried before being crushed and bagged.",1,P,"-"
140345,"Hot House",N,"-",1,N,"-"
140346,"AIRCRAFT HANGAR (TYPE K)",Y,"A type of large permanent military aircraft hangar with a curved steel frame and storage annexes on its side used in World War II. It was intended for storage purposes on Aircraft Storage Unit stations.",1,P,"-"
140350,"RELIGIOUS EDUCATION CENTRE",Y,"A building or part of a building, sometimes attached to a religious community, where religious activities such as worshipping, meetings, teaching about the faith and conferences take place. It can also provide accommodation.",1,P,"-"
140351,"CLIMBING WALL",Y,"An artificially constructed wall with recessed and projecting grips for hands and feet and places to attach ropes. Used for practising rock climbing. If the wall is situated within a sports centre use term from Components thesaurus.",1,P,"-"
140352,"Gunpowder Mixing House",N,"-",1,N,"-"
140357,"PICKETT HAMILTON FORT",Y,"A sunken, circular, concrete pillbox used on airfields. They remained flush with the surface to permit the free movement of aircraft but, if attack threatened, could be raised hydraulically or by a counterbalance, and manned to give covering fire.",1,P,"-"
140358,"HARDENED AIRCRAFT SHELTER",Y,"A type of military aircraft hangar of the Cold War, hardened and therefore protected against the effects of nuclear weapons. It comprises a semi-circular structure built of corrugated-steel supporting a reinforced-concrete skin. Three NATO designs.",1,P,"-"
140366,"FLYING CLUB",Y,"Buildings and structures associated with a private aviation club undertaken as a leisure pursuit. Usually situated on or near an airfield.",1,P,"-"
140375,"SEAPLANE SHED (TYPE F)",Y,"A military side-opening aircraft hangar originally designed for seaplanes and used RNAS bases from 1916. Steel framed with asbestos or corrugated iron cladding.",1,P,"-"
140376,"AIRCRAFT STORAGE FACILITY",Y,"A building or site where aircraft can be stored and maintained.",1,P,"-"
140377,"Aero Club",N,"-",1,N,"-"
140388,"STATION HEADQUARTERS",Y,"Headquarters buildings on military airfields for administrative purposes housing offices, lecture rooms and in some cases a library and a meteorological office. On smaller airfields it is called Station Offices. Abbreviation SQH.",1,P,"-"
140389,"AIRCRAFT HANGAR (TYPE D)",Y,"A military storage aircraft hangar built  in the late 1930s. It comprises a semicircular concrete structure with reinforced concrete columns, featuring a curved roof and straight walls.",1,P,"-"
140390,"AIRCRAFT HANGAR (TYPE E)",Y,"A military storage aircraft hangar designed in 1937. It has a curved profile and is constructed from steel ribs supporting a concrete skin. The roof is covered with earth and turf.",1,P,"-"
140392,"Aircraft Storage Shed (Type E)",N,"-",1,N,"-"
140393,"Aircraft Shed (Type D)",N,"-",1,N,"-"
140394,"AIR TRAFFIC CONTROL SCHOOL",Y,"A special school to train personnel for employment in Air Traffic Control and operation duties.",1,P,"-"
140395,"Air Traffic Control College",N,"-",1,N,"-"
140397,"Multiple Ditched Enclosure",N,"-",1,N,"-"
140398,"Single Ditched Enclosure",N,"-",1,N,"-"
140402,"Refugee Camp",N,"-",1,N,"-"
140431,"COMMISSARY",Y,"A supermarket for American military personnel, the National Guard and the Reserves and their immediate family, usually sited on a military installation throughout the world. Use term only in conjunction with an American military base.",1,P,"-"
140432,"BASEBALL COURT",Y,"A prepared area used for the game of baseball.",1,P,"-"
140434,"LAMELLA AIRCRAFT HANGAR",Y,"A steel aircraft hangar evolved from the German Lamellendach, a segmental roof design of the 1920s using a diamond shaped web of pressed steel producing a hangar with a shallow curving profile. Used for both military and civil purposes.",1,P,"-"
140435,"Lamella Hangar",N,"-",1,N,"-"
140436,"Lamella Aircraft Storage Shed",N,"-",1,N,"-"
140437,"DISTRIBUTION CENTRE",Y,"A short-term storage centre of goods or special parts to facilitate the rapid processing of orders and supply of goods to customers; unlike a warehouse, the emphasis is on the moving of goods rather than on a long-term storage.",1,P,"-"
140438,"Car Testing Track",N,"-",1,N,"-"
140439,"BUTLER COMBAT HANGAR",Y,"A mutiple role hangar for aircraft and general storage, manufactured in the USA as a kit for on-site assembly  during WWII and post-war. It comprises a steel box frame and a canvas covering.",1,P,"-"
140445,"Seaplane Hangar (Type J)",N,"-",1,N,"-"
140446,"SEAPLANE SHED (TYPE J)",Y,"A steel framed seaplane hangar designed for Royal Navy Air Stations by the admiralty in 1917-1918.",1,P,"-"
140449,"OPERATIONAL READINESS PLATFORM",Y,"An area on post-war military airfields for parking aircraft on quick reaction alert to allow immediate access to the runway. Abbreviation ORP.",1,P,"-"
140466,"AIRCRAFT PICKETING POINT",Y,"A device on an airfield for securing aircrafts when parked outside in order to prevent major movement due to the weather or other conditions.",1,P,"-"
140467,"Aircraft Tie Down Point",N,"-",1,N,"-"
140468,"Tie Down Point",N,"-",1,N,"-"
140479,"AIRCRAFT HANGAR (TRANSPORTABLE)",Y,"An aircraft hangar designed to be moved from site to site as necessary.",1,P,"-"
140480,"AIRCRAFT HANGAR (TYPE T)",Y,"A temporary, steel-framed transportable hangar developed by Teesside Bridge and Engineering Company to replace the obsolete Bellman hangars.",1,P,"-"
140481,"CALLENDER HANGAR",Y,"A transportable hangar designed by Callender Cable and Construction to Air Ministry drawing number 6633/37. A steel box-girder framework with corrugated iron cladding and canvas doors it had a clear door height of 25ft.",1,P,"-"
140482,"FROMSON HANGAR",Y,"A small arched hangar built by the Canadian company Fromson of Byfleet to drawing number 3971/43. Used only as storage sheds on RNASs.",1,P,"-"
140483,"MAIN HANGAR",Y,"A transportable hangar designed by A & J Main of Glasgow.",1,P,"-"
140484,"PENTAD HANGAR",Y,"An all-steel end-opening, hangar with canted sides designed for folded-wing aircraft.",1,P,"-"
140485,"AIRCRAFT HANGAR (TYPE A1)",Y,"An aircraft hangar built to Air Ministry design. Mainly constructed on aircraft factory aerodromes.",1,P,"-"
140486,"AIRCRAFT HANGAR (TYPE A2)",Y,"An aircraft hangar built to Air Ministry design number 454/43. Mainly constructed on aircraft factory aerodromes",1,P,"-"
140487,"AIRCRAFT HANGAR (TYPE B)",Y,"Aircraft hangars designed by T. Bedford Consulting Engineers to meet the requirement to repair damaged heavy bombers in situ on their airfields.",1,P,"-"
140488,"AIRCRAFT HANGAR (TYPE B2)",Y,"An aircraft hangar designed by T. Bedford Consulting Engineers usually erected on aircraft factory sites rather than operational airfields.",1,P,"-"
140489,"AIRCRAFT HANGAR (TYPE VR1)",Y,"A single-span aircraft hangar designed by Boulton & Paul of London and Norwich (drawing number 4178/44). Mainly used on aircraft factory sites and at Armament Training Schools.",1,P,"-"
140490,"AIRCRAFT HANGAR (TYPE VR2)",Y,"A double-span aircraft hangar designed by Boulton & Paul of London and Norwich. Mainly used on aircraft factory sites and at Armament Training Schools.",1,P,"-"
140491,"HINAIDI AIRCRAFT SHED",Y,"A semi-permanent ahed designed to Air Ministry specification 1136/27 as a quick and cheap hangar for stations overseas",1,P,"-"
140492,"Robins (Type B)",N,"-",1,N,"-"
140493,"SUPER ROBINS HANGAR",Y,"An aircraft hangar designed to Air Ministry specification (drawing number 6910/43). Similar in design to the ROBINS AIRCRAFT HANGAR but larger.",1,P,"-"
140494,"SUPER ROBINS HANGAR (TYPE A)",Y,"An aircraft hangar designed to Air Ministry specifications (drawing number 2243/41). Constructed from prefabricated A-frames and clad in corrugated iron.",1,P,"-"
140495,"SEAPLANE SHED",Y,"An aircraft hangar designed to house seaplanes.",1,P,"-"
140496,"SEAPLANE SHED (TYPE G)",Y,"A side-opening steel framed shed. A smaller version of the SEAPLANE SHED (TYPE F) they were built from 1916 on RNAS seaplane bases",1,P,"-"
140497,"BOMBER SATELLITE STATION WATCH OFFICE",Y,"A watch office designed for bomber satellite station comprising a long, temporary brick hut with a watch office, operations room and crew briefing room.",1,P,"-"
140498,"WATCH OFFICE (13726/41)",Y,"A detached building without an operations block and crew briefing room designed on modern lines similar to, but smaller than WATCH OFFICE (12779/41). Began appearing on new stations from September 1941.",1,P,"-"
140499,"CHIEF INSTRUCTORS BLOCK (5740/36)",Y,"A central tower with a single-storey wing either side. The tower contained the watch office on the ground floor, observation room on the second with each wing containing an office for the Chief Flying Instructor or the officer commanding and their aides.",1,P,"-"
140500,"PILLBOX (AIR MINISTRY PATTERN)",Y,"A pillbox built to a design drawn up by the Air Ministry. Usually found on or near airfields.",1,P,"-"
140501,"AIRFIELD DEFENCE SITE",Y,"A site or building associated with active or passive defence of the landing ground and buildings of an airfield.",1,P,"-"
140502,"PILLBOX (ASSAULT TRAINING)",Y,"A pillbox constructed for use in training exercises forming part of a simulated defensive position",1,P,"-"
140503,"PILLBOX (CANTILEVERED)",Y,"A pillbox in which the roof is detached from the walls and supported by a central pillar, thus leaving an embrasure allowing a 360 degree field of fire.",1,P,"-"
140504,"PILLBOX (MODIFIED)",Y,"A pillbox which has been modified from a standard Directorate of Fortifications and Works design. Double index with specific type where known.",1,P,"-"
140505,"DUMMY PILLBOX",Y,"A construction designed to look like a pillbox in order to deceive or confuse the enemy.",1,P,"-"
140506,"PILLBOX (PREFABRICATED)",Y,"A pillbox constructed of prefabricated concrete panels. Double index with specific type where known.",1,P,"-"
140507,"PILLBOX (SHELLPROOF)",Y,"A pillbox with walls that have been thickened to protect against shells. Double index with specific type where known.",1,P,"-"
140508,"PILLBOX (TYPE 391)",Y,"A pillbox built to a design drawn up by the chief engineer of GHQ home forces.",1,P,"-"
140509,"PILLBOX (TYPE CE124/41)",Y,"A pillbox built to a design drawn up by the chief engineer of South-Eastern Command.",1,P,"-"
140510,"PILLBOX (TYPE CE2717)",Y,"A pillbox built to a design drawn up the chief engineer of Scottish Command",1,P,"-"
140511,"PILLBOX (TYPE CE2843)",Y,"A pillbox built to a design drawn up the chief engineer of Scottish Command",1,P,"-"
140512,"PILLBOX (TYPE CE390)",Y,"A pillbox built to a design drawn up by the chief engineer of GHQ home forces.",1,P,"-"
140513,"PILLBOX (TYPE CP/6/40/111)",Y,"A circular pillbox, usually consisting of a concrete pipe with a timber and corrugated iron roof, surrounded and covered by earth and sandbags. Built to a design by Norcon Ltd, a company dealing in concrete pipes.",1,P,"-"
140514,"Norcon Pillbox",N,"-",1,N,"-"
140515,"PILLBOX (TYPE CRE TL62)",Y,"A pillbox built to a design drawn up by the commander of the Royal Engineers in Southern Area (Taunton Line).",1,P,"-"
140516,"PILLBOX (TYPE CRE1094)",Y,"A pillbox built to a design drawn up by the commander of the Royal Engineers for the Colchester Garrison.",1,P,"-"
140517,"PILLBOX (TYPE CRE1116)",Y,"A pillbox built to a design by the commander of the Royal Engineers for the Colchester Garrison.",1,P,"-"
140518,"PILLBOX (TYPE FW3/22)",Y,"A hexagonal pillbox, with an internal anti-ricochet wall and loopholes for fives light machine guns and one rifle. Originally designed to have 15in bulletproof walls many were built with 42in thick shellproof walls. Designed by DFW branch 3.",1,P,"-"
140519,"PILLBOX (TYPE FW3/23)",Y,"A rectangular pillbox with an enclosed square plan section for three light machine guns and an adjacent open area housing a mounting for a light anti-aircraft weapon. Designed by DFW branch 3.",1,P,"-"
140520,"LIGHT ANTI AIRCRAFT BATTERY",Y,"An anti aircraft battery usually mounting smaller, faster weapons such as Bofors guns or a single anti-aircraft machine gun, intended to engage fast low flying aircraft.",1,P,"-"
140521,"PILLBOX (TYPE FW3/24)",Y,"A hexagonal pillbox with an interanl anti-ricochet wall. The rear wall was lengthened to take two rifle loopholes in addition to the five light machine gun. Both 15in and 42in thick walls are common. Designed by DFW branch 3.",1,P,"-"
140522,"PILLBOX (TYPE FW3/25)",Y,"A circular pillbox designed by the Engineering and Metals Company using 'Armco' corrugated iron sheets as the inner and outer skins into which concrete was poured, giving a 12in wall thickness. The design was taken up by DFW and assigned a drawing number.",1,P,"-"
140523,"Armco Pillbox",N,"-",1,N,"-"
140524,"PILLBOX (TYPE FW3/26)",Y,"A square pillbox with loopholes for four light machine guns with 18 in thick walls. Probably designed by DFW branch 3 although it may have been adapted from an external source as Southern Command correspondence refers to the type as 'Stento'.",1,P,"-"
140525,"PILLBOX (TYPE FW3/27)",Y,"A large octagonal pillbox, with a projecting entrance, equipped with loopholes for eight light machine guns and a light anti-aircraft mounting sited in a central well which was accessed from inside the pillbox. Designed by DFW branch 3.",1,P,"-"
140526,"PILLBOX (TYPE FW3/28)",Y,"A square pillbox with walls up to 48in thick, designed to emplace a 2 pounder anti-tank gun. A large opening in the back allowed the gun to be wheeled into position at the large embrasure in the front wall. Designed by DFW branch 3.",1,P,"-"
140527,"ANTI TANK GUN EMPLACEMENT",Y,"A defensive structure or site where an anti-tank gun is emplaced.",1,P,"-"
140528,"PILLBOX (TYPE FW3/28A)",Y,"A large, rectangular pillbox based on the FW3/28 with the addition of a small infantry chamber to one side of the main gun chamber.",1,P,"-"
140529,"PILLBOX (TYPE FW3/45)",Y,"A pillbox design, assigned a drawing number by DFW branch 3. Although originally believed to be a distinct type, FW3/45 has recently been found to be a design for modifications to existing types. Double index with specific type where known.",1,P,"-"
140530,"PILLBOX (TYPE FW3/46)",Y,"A pillbox design, assigned a drawing number by DFW branch 3. Although originally believed to be a distinct type, FW3/45 has recently been found to be a design for modifications to existing types. Double index with specific type where known.",1,P,"-"
140531,"PILLBOX (VARIANT)",Y,"A pillbox which varies from standard designs.",1,P,"-"
140532,"RUCK MACHINE GUN POST",Y,"A machine gun post designed by James Ruck constructed from hollow blocks and prefabricated concrete sheeting with loopholes allowing for a garrison of eight.",1,P,"-"
140533,"ALLAN WILLIAMS TURRET",Y,"A rotating, domed, steel turret set over a circular pit used as a gun emplacement.",1,P,"-"
140534,"Alan Williams Turret",N,"-",1,N,"-"
140535,"Allen Williams Turret",N,"-",1,N,"-"
140536,"BISON MOBILE PILLBOX",Y,"A flatbed lorry with a concrete defensive position fitted on the back enabling the pillbox" to be driven to where it was most needed in the event of an airborne force landing on the airfield."",1,P,"-"
140537,"Counter Balance Fort",N,"-",1,N,"-"
140538,"Pop Up Pillbox",N,"-",1,N,"-"
140539,"DUTY PILOTS OFFICE (2072/26)",Y,"The first standardized design for a building for the duty pilot. It took the form of a small bungalow with a bay window on the front elevation.",1,P,"-"
140540,"FIGHTER SATELLITE STATION WATCH OFFICE",Y,"A small single storey structure with just one room containing a pyrotechnic cupboard and built of rendered brick with a flat reinforced concrete roof",1,P,"-"
140541,"WATCH OFFICE (14383/40)",Y,"A fighter satellite station watch office built to Air Ministry design drawing number 14383/40.",1,P,"-"
140542,"WATCH OFFICE (17658/40)",Y,"A fighter satellite station watch office built to Air Ministry design drawing number 17658/40.",1,P,"-"
140543,"WATCH OFFICE (18441/40)",Y,"A fighter satellite station watch office built to Air Ministry design drawing number 18441/40.",1,P,"-"
140544,"WATCH OFFICE (3156/41)",Y,"A fighter satellite station watch office built to Air Ministry design drawing number 3156/41.",1,P,"-"
140545,"NIGHT FIGHTER STATION WATCH OFFICE",Y,"A two storey building with a watch office on the ground floor and a control room above. Originally based on drawing number 12096/4.",1,P,"-"
140546,"WATCH OFFICE (15684/41)",Y,"A night fighter station watch office based on the standard design dor Bomber Satellite Station watch offices",1,P,"-"
140547,"ROYAL NAVAL AIR STATION CONTROL TOWER",Y,"A control tower constructed on RNAS stations by the Royal Marine Engineers. Built to a common ground floor plan they could be built with one, two or three storeys above this depending on the requirements of the station.",1,P,"-"
140548,"CONTROL TOWER (3860/42)",Y,"A three-storey RNAS control tower, incorporating meteorological office on the ground floor and an air watch office on the second floor.",1,P,"-"
140549,"CONTROL TOWER (566/42)",Y,"A four-storey RNAS control tower. The first floor contained offices for the commander flying and meteorological offices and the upper two floors, in the form of a central tower, provided offices for air traffic control.",1,P,"-"
140550,"TRAINING SCHOOL WATCH OFFICE (641/41)",Y,"Based on a typical 18ft span, 40ft long temporary brick hut but with two bay windows in the front elevation, one for the watch office and one for the chief instructor.",1,P,"-"
140551,"POLISSOIR",Y,"Stone used for grinding or polishing during the manufacture of lithic implements",1,P,"-"
140552,"WATCH OFFICE (1072/26)",Y,"A small, single storey building used as the Pilots' room on fighter stations and as the watch office on bomber stations.",1,P,"-"
140553,"WATCH OFFICE (12779/41)",Y,"A two-storey, structure with a brick ground floor and a reinforced concrete upper floor with balcony and large windows to the watch office and control room. This became the most common building design for air traffic control in the Second World War.",1,P,"-"
140554,"WATCH OFFICE (1597/27)",Y,"A small building housing pilot's and locker rooms with flight offices and a watch office. The only known example was built at Tangmere.",1,P,"-"
140555,"WATCH OFFICE (1959/34)",Y,"A two-storey watch office, built to Air Ministry drawing number 1959/34. It became the standard design for watch offices with a large, almost square, ground plan with a central observation tower.",1,P,"-"
140556,"PROTEST CAMP",Y,"A temporary settlement established as a public protest against an aspect of government policy or more specifically the development of a site.",1,P,"-"
140557,"PEACE CAMP",Y,"An informal encampment, usually near a military establishment, set up as a public protest against that establishment or against some aspect of military policy.",1,P,"-"
140630,"WELFARE CENTRE",Y,"A building where advice and aid appertaining to physical and economic wellbeing of disadvantaged members of a community are made available.",1,P,"-"
140647,"EMERGENCY FOOD CENTRE",Y,"An establishment from which food is distributed to the public during wartime or similar states of emergency.",1,P,"-"
140725,"SWALLOW HOLE",Y,"An opening or cavity through which a stream or natural watercourse disappears underground.",1,P,"-"
140769,"UNDERGROUND GOVERNMENT HEADQUARTERS",Y,"A secure, bomb-proof, undergound complex designed to be used by the government in the event of a national emergency such as nuclear war. Usually equipped with communications equipment, emergency rations and water and air filtering plants.",1,P,"-"
140770,"UNDERGROUND HOSPITAL",Y,"A hospital which has been built either wholly, or partially, underground in order to protect it from attacks by enemy aircraft.",1,P,"-"
140771,"Red Cross Hostel",N,"-",1,N,"-"
140776,"RAIL DEPOT",Y,"A railway yard with associated buildings used for the maintenance and storage of locomotive engines and rolling stock.",1,P,"-"
140782,"EMERGENCY WATER SUPPLY",Y,"A reservoir or tank used to hold a supply of water for fire-fighting purposes in the event of the main supply being damaged or cut off.",1,P,"-"
140783,"SIGN",Y,"A board, wall painting or other structure displaying advice, giving information or directions",1,P,"-"
140784,"COUNTERMEASURES STATION",Y,"A radio station set up to broadcast signals aimed at 'bending' or altering German navigation transmissions.",1,P,"-"
140803,"HELIOCHRONOMETER",Y,"A sundial capable of giving an accurate reading of standard time to the minute.",1,P,"-"
140809,"ESCAPE TUNNEL",Y,"A tunnel built to allow internees (in a camp, prison etc.) to escape.",1,P,"-"
140822,"SUBMARINE TELEPHONE CABLE STATION",Y,"A telephone exchange housing one end of an underwater cable and used to send messages overseas.",1,P,"-"
140823,"SUBMARINE CABLE REPEATER STATION",Y,"A cable repeater station for the undersea telephone and telegraph cables. Repeater stations compensated for the inadequacies of 1920's and 30's equipment over long distances, by repeating the signal every 200 miles.",1,P,"-"
140847,"TOWN DITCH",Y,"A ditch constructed to surround a town for defensive purposes.",1,P,"-"
141020,"MICROBREWERY",Y,"A small brewery, often situated in a public house, producing limited quantities of beer, for consumption locally and/or on the premises.",1,P,"-"
141039,"GREYHOUND STADIUM",Y,"Stadium housing a track and associated buildings and structures for the public racing of greyhounds.",1,P,"-"
141072,"BELLAND YARD WALL",Y,"A wall within a lead mine surrounding a dressing floor, where waste from mining and smelting is deposited, to protect livestock from entering and consuming contaminated material and becoming poisoned, or 'bellanded'.",1,P,"-"
141083,"LADIES CLUB",Y,"A building with a range of educational and recreational facilities for the exclusive use of its all-female membership.",1,P,"-"
141084,"BET TAHARA",Y,"A cleansing house associated with Jewish burial ceremonies",1,P,"-"
141126,"INTERNMENT CAMP",Y,"An enclosed encampment, often featuring temporary or semi-permanent structures, used for the detention of prisoners of war, refugees or other civilians detained on political or social grounds.",1,P,"-"
141166,"TELEPHONE WORKS",Y,"A place where telephones and their components are manufactured",1,P,"-"
141168,"BEAUTY SALON",Y,"An establishment where beauty treatments and associated therapies are provided by professional practitioners.",1,P,"-"
141169,"BERM",Y,"A horizontal surface separating the base of a rampart or earthwork from an associated ditch or moat. Can also refer to a continuously sloping bank of earth against a wall, as in a fortified city wall.",1,P,"-"
141170,"FLOATING ROADWAY",Y,"A section of roadway attached at one end to a harbour or dockside and ending at a landing stage, rising and falling with the tide, for the loading and unloading of vehicles and pedestrians.",1,P,"-"
141171,"SHOWGROUND",Y,"A large area, usually open-air, used for permanent, seasonal or regular shows, events or exhibitions.",1,P,"-"
141178,"TAKE-AWAY",Y,"An establishment for the preparation and selling of food to be consumed off the premises.",1,P,"-"
141248,"Holy Spring",N,"-",1,N,"-"
141255,"IMMERSION BATH",Y,"A structure, often sunk into the ground, for the purpose of allowing total bodily immersion in mineral sprinwater or similarly beneficial substances.",1,P,"-"
141275,"CHATTRI",Y,"An umbrella-shaped pavilion, Indian in origin, constructed over a funerary site. Can also refer to a funerary monument or cenotaph constructed in this style.",1,P,"-"
141280,"IMPACT CRATER",Y,"A depression in the ground caused by the impact of a falling object, such as a crashed aircraft.",1,P,"-"
141293,"GARDEN OF REST",Y,"Garden associated with a crematorium where the ashes of the deceased are scattered or buried.",1,P,"-"
141328,"RETIREMENT HOME",Y,"Residence for retired people, often in the form of an apartment complex, differing from a nursing home as the residents live independently.",1,P,"-"
141329,"REFUGEE HOUSING",Y,"Housing provided for refugees. Similar to refugee camp but with the reuse of existing buildings rather than a temporary camp.",1,P,"-"
141335,"SUBMARINE BASE",Y,"Coastal base for the docking, launch and maintenance of submarines.",1,P,"-"
141403,"PIECE ROOM",Y,"Part of textile mills.",1,P,"-"
141419,"SLAG WORKS",Y,"A site or factory where waste slag from ironworking if further processed for use in manufacturing.",1,P,"-"
141431,"BUSINESS CENTRE",Y,"A building providing business premises to companies or individuals, sometimes for short periods, in exchange for a membership fee.",1,P,"-"
141442,"ABBOTS PALACE",Y,"The official residence of an abbot.",1,P,"-"
141448,"ORNAMENTAL CLOCK",Y,"A functioning clock designed to serve also as an ornamental feature or sculpture.",1,P,"-"
141449,"Fitness Club",N,"-",1,N,"-"
141457,"PARK HOME",Y,"A prefrabicated home sited in parks where a pitch fee is charged. Although technically mobile they usually only make one journey before being permanently installed.",1,P,"-"
141676,"OUTDOOR SWIMMING POOL",Y,"An unenclosed feature, usually sub-terranean, constructed to contain water for public or private recreation and sporting avtivities. Sometimes part of a LIDO complex. Use INDOOR SWIMMING POOL for pools with a covering structure.",1,P,"-"
141678,"INDOOR SWIMMING POOL",Y,"An enclosed feature, usually sub-terranean, constructed to contain water for public or private recreation and sporting activities. Often part of a larger SPORTS CENTRE. Use OUTDOOR SWIMMING POOL for unenclosed pools.",1,P,"-"
141681,"RHYTHM AND BLUES CLUB",Y,"A club where predominantly rhythm and blues style music is played, analagous to a jazz club.",1,P,"-"
141830,"ANTI BOAT LANDING OBSTACLE",Y,"Obstacles, including scaffolding and anti tank blocks designed to impede an enemy's attempts to land forces onto open beaches.",1,P,"-"
141860,"COMMUNE",Y,"A place where a group of people live together sharing accomodation and goods, forming their own community based upon common ideals.",1,P,"-"
141861,"MEDITATION CENTRE",Y,"A building where people congregate to undertake sustained mental contemplation or religious or spiritual reflection.",1,P,"-"
141874,"TIDAL SWIMMING POOL",Y,"Manmade structure for bathing or swimming that is located on the beachfront and filled by tidal waters. Similar to a LIDO, with the main difference being the extent of the built up complex around the pool.",1,P,"-"
141875,"MACELLUM",Y,"A Roman market hall principally selling meat and poultry but also other provisions.",1,P,"-"
141889,"RAILWAY WORKERS TEMPORARY SETTLEMENT",Y,"A temporary settlement or shanty-town erected by railway construction workers or navvys"."",1,P,"-"
141892,"ROLLER COASTER",Y,"A type of fairground or seaside amusement, often a permanent structure, where carriages travel at high speeds on an undulating track raised some distance from the ground.",1,P,"-"
141898,"Open Air Swimming Pool",N,"-",1,N,"-"
141906,"LOCAL GOVERNMENT DEPOT",Y,"A depot for the depositing, storage and dispatch of plant or other resources associated with the delivery of local government public services.",1,P,"-"
141913,"MARINE LAKE",Y,"Seaside structure, usually consisting of a manmade retaining wall that keeps a relatively large area of the tidal water partitioned off for controlled boating or swimming.",1,P,"-"
141915,"LYE PIT",Y,"A pit in which lye is used to clean hides/bones/etc. generally as part of the tanning process to remove excess fat, flesh, hair, etc. from the raw hide.  The residue from these pits formed a crude soap which could be used for various cleaning purposes.",1,P,"-"
141936,"BATTLE HEADQUARTERS (11008/41)",Y,"A concrete structure, based on drawing number (11008/41), intended to be the headquarters for the coordination of an airfield's defences. Constructed partially underground it was considered less vulnerable than the (3329/41).",1,P,"-"
141940,"HOME GUARD SHELTER",Y,"A structure, often concrete or brick, used as a shelter by members of the British citizen army during watch or patrol duties, or air raids, in wartime.",1,P,"-"
141942,"ANTI TANK DITCH",Y,"Stop-line against invading tanks in form of a ditch during the defence of Britain.",1,P,"-"
141943,"RAILBLOCK",Y,"Obstacles, often semi permanent, which are placed on railway lines to prevent the enemy from using them. Set up during the defence of Britain.",1,P,"-"
141944,"HOME GUARD STORE",Y,"Place for the Home Guard to store equipment and amunition, either structural or subterranean during the defence of Britain.",1,P,"-"
141945,"DEFENCE WORK",Y,"General term describing any defence work where no more specific term is applicable.",1,P,"-"
141946,"MINED BRIDGE",Y,"A bridge which has had mines placed within its structure to enable it to be destroyed in the event of an invasion.",1,P,"-"
141947,"DEMOLITION CHAMBER",Y,"Chamber built into underside of a structure to exercise demolition.",1,P,"-"
141948,"MACHINE GUN POST",Y,"Fixed or hardened installation for machine guns. Temporary soft installations are possible as well.",1,P,"-"
141949,"ANTI TANK OBSTACLE",Y,"Obstacles like concrete cubes, cylinders or pimples erected in the defence of Britain.",1,P,"-"
141951,"MOORING BLOCK",Y,"Block, often made of concrete, to secure smaller maritime craft. Many were made during the Second Wold War to secure craft which were to be used in the D-Day landings.",1,P,"-"
141975,"PETROLEUM WARFARE SITE",Y,"A site, usually including fuel tanks, pipe works and control buildings, where flaming petroleum was intended to be used as a weapon against a hostile invasion.",1,P,"-"
141982,"VIERECKSCHANZEN",Y,"A rectilinear ritual enclosure of Iron Age date",1,P,"-"
141986,"ACETATE FACTORY",Y,"A factory used for the production of acetate.",1,P,"-"
141988,"BELL MAST",Y,"A tall pole topped with a bell used to summon the workforce to their place of work.",1,P,"-"
141989,"Blacking Mill",N,"-",1,N,"-"
141990,"BRAKE HOUSE",Y,"A building housing the brakes for an incline railway or tramway.",1,P,"-"
141991,"BRINE PUMP",Y,"A pump used for moving brine (salt water).",1,P,"-"
141992,"Buttery Well",N,"Use both terms",1,N,"-"
141994,"CALAMINE MILL",Y,"A mill used for the preparation and production of Calamine.",1,P,"-"
141995,"CONSTRUCTION WORKS",Y,"A site associated with the large scale construction of buildings or items manufactured by the building industry.",1,P,"-"
141997,"Early Christian Enclosure",N,"-",1,N,"-"
142000,"LEAD SMELTER",Y,"A building or site where lead is obtained from ore.",1,P,"-"
142001,"MILLSTONE ROUGHOUT",Y,"To aid migration from RSM to IDS. DO NOT USE FOR INDEXING!",1,C,"-"
142002,"Non Archaeological Site",N,"-",1,N,"-"
142003,"Nunnery Cell",N,"-",1,N,"-"
142004,"ORE CHUTE",Y,"A stone or timber lined channel for conveying ore out of a working.",1,P,"-"
142005,"PEAT MOUND",Y,"To aid migration from RSM to IDS. DO NOT USE FOR INDEXING!",1,C,"-"
142006,"POTTERY",Y,"To aid migration from RSM to IDS. DO NOT USE FOR INDEXING!",1,C,"-"
142007,"QUERN",Y,"To aid migration from RSM to IDS. DO NOT USE FOR INDEXING!",1,C,"-"
142008,"QUERN ROUGHOUT",Y,"To aid migration from RSM to IDS. DO NOT USE FOR INDEXING!",1,C,"-"
142009,"RABBIT TYPE",Y,"Term applied to a pit trap itself and also a walled enclosure containing one or more pit traps.",1,P,"-"
142010,"ROCK CUT GRAVE",Y,"A grave which has been formed by cutting into the bedrock of a site.",1,P,"-"
142011,"SALT CHUTE",Y,"A chute for conveying salt.",1,P,"-"
142012,"SLAG",Y,"To aid migration from RSM to IDS. DO NOT USE FOR INDEXING!",1,C,"-"
142013,"Sleeping Shelter",N,"-",1,N,"-"
142014,"STONE COVE",Y,"A group of, usually three, standing stones forming a square with an open side and often found with a stone circle.",1,P,"-"
142015,"TANK PARK",Y,"A site where tanks and armoured fighting vehicles can be stored.",1,P,"-"
142016,"TROUGH ROUGHOUT",Y,"To aid migration from RSM to IDS. DO NOT USE FOR INDEXING!",1,C,"-"
142018,"WHITING WORKS",Y,"A building or site used for the manufacture of whiting either from crushed chalk, limestone, marble or through chemical preparation.",1,P,"-"
142019,"EYOT",Y,"A small island, especially within a river.",1,P,"-"
142020,"INTERNET CAFE",Y,"An establishment originally providing terminals to allow the public to access the internet, usually for a fee. They originally provided snacks and drinks to customers although now this is not always the case.",1,P,"-"
142031,"ROCK ART",Y,"Refers to art, whether carving or painting, applied to free -standing stones or cave walls.",1,P,"-"
142032,"ROCK PAINTING",Y,"Art applied in pigment to rock wether in the form of a free-standing stone or the walls of a cave.",1,P,"-"
142036,"BEACH DEFENCE LIGHT",Y,"A searchlight battery used to light a beach.",1,P,"-"
142038,"ALLOTMENT SHED",Y,"A slight structure built on an allotment for shelter or storage, or for use as a workshop, by the allotment holder.",1,P,"-"
142040,"ACCESS BARRIER",Y,"Purpose-built structure, other than a bollard, to prevent vehicle or pedestrian access to a road or site, for example concrete blocks to obstruct vehicles accessing beaches on the north-east coast for illegal sea-coaling.",1,P,"-"
142041,"Cave Art",N,"-",1,N,"-"
142042,"Beauty Parlour",N,"-",1,N,"-"
142045,"Chhatri",N,"-",1,N,"-"
142046,"MOTORWAY",Y,"Fast arterial road with separate carriageways limited to motor vehicles",1,P,"-"
142048,"ROUNDABOUT",Y,"A circular construction at the intersection of two or more roads to aid the passage of vehicles from one road to another.",1,P,"-"
142050,"COVER PLATE",Y,"A cover consisting of a plate for covering over or closing in a chamber or receptacle.",1,P,"-"
142051,"MANHOLE COVER",Y,"An iron cover for a manhole",1,P,"-"
142052,"NAPHTHA WORKS",Y,"A building or site used for the production of naphtha, a volatile petroleum-derived product used in the manufacture of solvents, cleaning fluids etc.",1,P,"-"
142054,"DIVING PLATFORM",Y,"A tower with one or more horizontal platforms extending out over deep water for use in diving competitions.",1,P,"-"
142070,"CREMATION BURIAL",Y,"The site of the formal burial of cremated bone, sometimes 'urned' in a vessel or casket of glass, wood or, more commonly, ceramic.",1,P,"-"
142071,"CREMATION GRAVE",Y,"An intrusive feature cut for the purpose of containing a cremation burial within it.",1,P,"-"
142072,"Bustum",N,"-",1,N,"-"
142073,"Pyre Site",N,"-",1,N,"-"
142074,"COMMUNITY KITCHEN",Y,"A kitchen set up, specifically during World War Two, to serve food to members of the public, especially families whose homes had succumbed to enemy bombing.",1,P,"-"
142075,"COUNTRY ESTATE",Y,"An area of privately owned land attached to, and incorporating, a country house and associated buildings.",1,P,"-"
142076,"FERRY CROSSING SHELTER",Y,"A structure providing protection from the elements to passengers waiting to board a ferry service at a dock, riverside, harbour or quay.",1,P,"-"
142077,"WHEEL RUT",Y,"A linear groove worn into the surface of a road or thoroughfare by the continuous passage of wheeled vehicles. Usually expected to occur in pairs.",1,P,"-"
142083,"TAR TANK",Y,"A tank found on hop farms in which creosote was held, heated from below by a fire with a chimney. The ends of hop poles were dipped in the tar to prevent rotting in soil.",1,P,"-"
142084,"HOPPERS HUT",Y,"A hut provided as accommodation for hop pickers and may also be know as a Hop Pickers' Hut",1,P,"-"
142091,"Catacomb",N,"For funerary monuments use CATACOMB (FUNERARY), for wine use WINE CELLAR",1,N,"-"
142092,"HOME GUARD HEADQUARTERS",Y,"A building used as the headquarters for the Home Guard during the Second World War.",1,P,"-"
142098,"LIGHT INDUSTRIAL UNIT",Y,"A workshop or factory unit where small or light goods are manufacture without the need for large-scale industrial machinery.",1,P,"-"
142866,"DEFENDED LOCALITY",Y,"An area, with fixed defences, designed to act as a focal point for a defending force.",1,P,"-"
142867,"ANTI INVASION DEFENCE SITE",N,"Sites, buildings and structures associated with the prevention of an invasion by a hostile force.",1,P,"-"
142868,"NODAL POINT",Y,"A designated area, usually sited at a strategic crossroads, with fixed defences such as pillboxes, anti tank ditches and gun emplacements, designed to act as a rallying point for defenders.",1,P,"-"
142870,"RIVER DEFENCE SITE",Y,"A fortified river or river bank forming part of the anti invasion infrastructure.",1,P,"-"
142958,"AUXILIARY UNIT OPERATIONAL BASE",Y,"A well concealed structure, usually constructed underground, intended for use by members of the British Resistance Organization in the event of invasion.",1,P,"-"
142959,"BARREL FLAME TRAP",Y,"An anti-personnel device consisting of a 40 gallon fuel drum placed on top of an explosive charge and detonator. When detonated the barrel would explode sending burning fuel over the intended target.",1,P,"-"
142960,"PUBLIC ASSISTANCE INSTITUTION",Y,"Name given to a workhouse after 1929. The Local Government Act of 1929 abolished Poor Law Unions and Guardians, and control passed to public assistance authorities run by county boroughs and county councils. Lasted until 1948 when poor laws were repealed.",1,P,"-"
142962,"STARFISH SITE",Y,"A decoy site designed to simulate a burning urban area during a bombing raid in order to lure enemy bombers away from legitimate targets.",1,P,"-"
142963,"IN SITU BURNT DEPOSIT",Y,"A deposit that has been burnt and not subsequently disturbed. Refer to Archaeological Science thesaurus for terminology relating to those redeposited from their original location.",1,P,"-"
142964,"POST TRENCH",Y,"A construction trench dug to receive a line of posts for a wall, with associated packing.",1,P,"-"
142965,"EMERGENCY EXIT TUNNEL",Y,"A tunnel with strengthened construction, used as an emergency exit from a civil defence building.",1,P,"-"
142966,"PITCH MAKING HEARTH",Y,"A hearth constructed specifically for the manufacture of pitch.",1,P,"-"
142967,"Wheeled Sports Park",N,"-",1,N,"-"
142968,"BURIED LAND SURFACE",Y,"A former ground surface buried beneath an earthwork or other sequence of deposits. (includes palaeosoils, turf lines)",1,P,"-"
142969,"CONSTRUCTION DEBRIS",Y,"Debris consisting of excess construction material used in the building of a nearby site or structure. If unsure of whether debris is from construction or demolition, index with both terms.",1,P,"-"
142970,"DEMOLITION DEBRIS",Y,"Debris derived from the demolition of buildings or other structures. If unsure of whether debris is resulting from construction or demolition, index with both terms.",1,P,"-"
142989,"PRIVATE NURSING HOME",Y,"A privately-funded home for the care of the elderly.",1,P,"-"
142991,"Rig",N,"-",1,N,"-"
142992,"BENCH MARK",Y,"Mark, usually consisting of a horizontal line above an arrow, cut by the Ordnance Survey as part of the survey of Britain and referenced to a known height above mean sea level.",1,P,"-"
142993,"VITRIFIED STONE",Y,"A stone, of unidentified function, showing evidence of great heating at some point in the past, leading to vitrification.",1,P,"-"
142994,"DIRECTION ARROW",Y,"A concrete marker placed to indicate the direction of a target on a bombing range to aircraft.",1,P,"-"
142995,"QUADRANT TOWER",Y,"An enclosed observation tower, usually made of brick or concrete and raised on four legs, associated with WW2 bombing ranges.",1,P,"-"
142996,"Hay Ree",N,"A store for hay, at a remove from the farm (Scots)",1,N,"-"
142997,"LAIRDS HOUSE",Y,"Residence of a leading land-holding family within the district.",1,P,"-"
142998,"TOWNSHIP",Y,"Cluster of dwellings of medieval or later date (Scots)",1,P,"-"
142999,"PIT TRAP",Y,"A pit used to trap game. Often originally covered and consealed, and sometimes with sharpened stakes in the base.",1,P,"-"
143000,"EVACUEE CENTRE",Y,"Temporary accommodation for war evacuees.",1,P,"-"
143001,"DUN",Y,"A building or settlement enclosure with a thick drystone wall, generally circular or oval in plan, usually sited in an elevated position.",1,P,"-"
143002,"BURGH",Y,"A civil and administrative area incorporating a town of medieval origin.",1,P,"-"
143003,"BROCH",Y,"An Iron Age round defended house, found mainly in the north and west of Scotland. Brochs have a tapering profile and thick, usually hollow dry stone walls which contain galleries, cells and a stairway, with guard cells at the entrance.",1,P,"-"
143004,"Brandy Hole",N,"-",1,N,"-"
143011,"Nut And Bolt Works",N,"-",1,N,"-"
143012,"SAFE FACTORY",Y,"A factory where security safes are manufactured.",1,P,"-"
143013,"TANK FACTORY",Y,"A factory for the manufacture of military tanks.",1,P,"-"
143014,"LORINERY",Y,"Factory or workshop making bits, spurs and other small metal objects associated with horse harness.",1,P,"-"
143016,"SKATEPARK",Y,"A purpose-built facility providing an area for wheeled sports, such as skateboarding, skating and BMX cycling, equipped with ramps and other structures and obstacles for the performance of tricks and manoeuvres.",1,P,"-"
143017,"SAND PAPER MILL",Y,"A mill for producing abravive papers and cloths such as glass paper or emery cloth.",1,P,"-"
143018,"OCHRE MILL",Y,"A mill for grinding ochre for the paint making process.",1,P,"-"
143165,"CARAVAN PARK",Y,"A camping place set aside for the use of caravans.",1,P,"-"
143170,"Gate Guard",N,"-",1,N,"-"
143172,"CRICKET CENTRE",Y,"A purpose built indoor cricket facility for training and playing matches",1,P,"-"
143173,"ANTI SEAPLANE OBSTACLE",Y,"Submerged obstacles to stop the landing of Seaplanes",1,P,"-"
143175,"TRIM TRAIL",Y,"An outdoor trail that has keep fit equipment with supporting information plaques intermittently positioned along its route",1,P,"-"
143176,"PETANQUE TERRAIN",Y,"A prepared piece of ground on which the game of Petanque is played.",1,P,"-"
143177,"Saltern Mound",N,"-",1,N,"-"
143179,"BUTCHERY SITE",Y,"A site used for the butchery of animals.",1,P,"-"
143197,"FUN HOUSE",Y,"Fairground attraction designed to create optical illusions to give a sense of unbalance and unease.",1,P,"-"
143198,"HAUNTED HOUSE",Y,"Fairground attraction containing a number of ghoulish displays designed to scare visitors.",1,P,"-"
143199,"SOFT PLAY AREA",Y,"A building containing soft play equipment for children.",1,P,"-"
143222,"VULNERABLE DEFILE",Y,"A pass, vulnerable to attack from the enemy but essential for the movement of troops and which, if captured, could divide a defending force. As a result such passes are defended with anti invasion defences such as pillboxes.",1,P,"-"
143223,"CENTRE OF RESISTANCE",Y,"An area, often a village, with fixed defences such as pillboxes, anti tank ditches and gun emplacements, designed to stop the advance of an enemy force and to hold out for an agreed period of time.",1,P,"-"
143228,"FILM SET",Y,"Purpose built or modified structure used for scenery in a film.",1,P,"-"
143229,"EXTRA MURAL SUBURB",Y,"A suburb of a town, especially Roman or Medieval, situtated or extending beyond its formal limits, usually demarked by defences.",1,P,"-"
143231,"HOLIDAY CAMP",Y,"Purposely built camp with recreational facilities and individual chalets for accommodation.",1,P,"-"
143253,"ROCKET PROJECTOR BATTERY (TYPE 55373)",Y,"Rocket projector site with a circular or octagonal concrete holdfast, 1.5m across, surrounded by a 4.6m radius octagonal concrete surround. Six such rocket projectors were arranged in a 3 x 2 grid. Personnel shelters placed midway between each site.",1,P,"-"
143254,"ROCKET PROJECTOR BATTERY (TYPE U2P)",Y,"64 Type DFW55373 projector sites arranged in and 8x8 grid or in 4 groups of 16. 30m between each projector, with hardened personnel and ammunition shelters located midway between each",1,P,"-"
143256,"ROCKET PROJECTOR BATTERY (TYPE U9P)",Y,"6 DFW55373 projector emplacements spaced in a 3x2 rectangular gid, but each spaced 35m apart. No blast protection was provided at the shelters, which were placed between the projector emplacements.",1,P,"-"
143257,"ROCKET PROJECTOR BATTERY",Y,"Unspecified Second World War anti-aircraft battery. There were three types of battery. The U2P and U20P had different arrangements of DFW55373 projector sites for the 20-barrelled 3 projectors. The U9P mounted 12-barrelled projectors.",1,P,"-"
143261,"HOLDFAST",Y,"A plinth or pedestal, usually of concrete, to which an anti aircraft or coastal battery gun was fitted. Holdfasts are often the only evidence for a weapon which survive.",1,P,"-"
143265,"BLOOD DONOR CENTRE",Y,"A centre in which the public donate blood that will be used for the care of patients in hospitals.",1,P,"-"
143268,"SEARCHLIGHT EMPLACEMENT",Y,"A site in which one or more searchlights and their accompanying structures were positioned to locate enemy aircraft or surface vessels for the benefit of batteries and night fighter aircraft.",1,P,"-"
143269,"ANTI AIRCRAFT GUN EMPLACEMENT",Y,"Gun emplacement for static or mobile light anti aircraft artillery.",1,P,"-"
143310,"ROCKET PROJECTOR BATTERY (TYPE UP)",Y,"64 Type DFW55373 single projector sites arranged in an 8x8 grid or in 4 groups of 16. 30m between each projector, with hardened personnel and ammunition shelters located midway between each",1,P,"-"
143325,"NAVAL GUNNERY RANGE",Y,"Range used by the Navy with reinforced observation huts which housed quadrant equipment to record accuracy and damage.",1,P,"-"
143366,"AIR RAID PRECAUTIONS HEADQUARTERS",Y,"A building used in the Second World War to co-ordinate action against enemy air raids.",1,P,"-"
143367,"GREAT ROOM",Y,"A roomspace within an abode which combines the specific functions of several of the more traditional roomspaces into a singular unified space.",1,P,"-"
143368,"ANTI SUBMARINE DEFENCE",Y,"Second World War defence work usually consisting of securinng points for a boom defence, associated gun, and searchlight, emplacements",1,P,"-"
143369,"BOMBING RANGE OBSERVATION POST",Y,"Buildings and structures used to monitor the accuracy of bombs dropped on a bombing range",1,P,"-"
143370,"TERRITORIAL ARMY CENTRE",Y,"A centre used by the Territorial Army, the volunteer reserve of the British army.",1,P,"-"
143371,"VEHICLE DEPOT",Y,"A storage facility used for the accommodation and dispersal of vehicles. Often used by the military and emergency services.",1,P,"-"
143372,"EMBARKATION BEACH",Y,"Beaches used for the departure of troops and equipment for the D-day landings.",1,P,"-"
143373,"EMBARKATION HARD",Y,"Special concrete loading ramps nicknamed 'hards' had been constructed along river banks, beaches and inlets to enable organised embarkation onto various types of landing craft to take place, irrespective of tides.",1,P,"-"
143374,"ACTIVITY CENTRE",Y,"Site or building constructed or adapted for indoor and/or outdoor leisure and sport activities, for example archery, team-building and outward-bound" activities based on military training."",1,P,"-"
143375,"BLAST SHELTER",Y,"A structure, usually of earth and concrete, and usually, although not always, subterranean, designed for protection against explosives.",1,P,"-"
143376,"AIRFIELD BUILDING",Y,"Non-specific building type associated with an airfield.",1,P,"-"
143383,"Gun Cotton Mill",N,"-",1,N,"-"
143389,"MURAL",Y,"A picture or pattern produced by either by cementing together small pieces of stone or glass of various colours or by painting directly onto a wall.",1,P,"-"
143390,"REED AND HEALD WORKS",Y,"An establishment used for the manufacture of reeds and healds, which are components of a textile loom with related functions, in that they move and control the threads, and similar wire-based construction.",1,P,"-"
143391,"JACQUARD AND DOBBY WORKS",Y,"An establishment used for the manufacture of jacquards and dobbys, which are textile loom components that control the weaving of complicated or figured patterns.",1,P,"-"
143392,"REVERBERATORY CALCINER",Y,"A calciner dating from the early 17th to early 20th centuries, usually made of brick and without moving parts, consisting of a reverberatory furnace, and used for the extraction of arsenic.",1,P,"-"
143393,"SCRUBBER",Y,"A device used to remove pollutants from gas or smoke produced during industrial processes such as burning high-sulphur fuels.",1,P,"-"
143394,"BRUNTON CALCINER",Y,"A calciner used in arsenic production from the 1820s to the 1950s featuring a distinctive, slowly rotating hearth.",1,P,"-"
143413,"SIGNALS GATHERING STATION",Y,"Buildings and structures associated with the acquisition of electronic signals for the purpose of intelligence gathering.",1,P,"-"
143415,"COMPUTER CENTRE",Y,"A building housing computers and information technology equippment e.g. for a business, factory or other instituion.",1,P,"-"
143422,"WAR PRODUCTION FACTORY",Y,"A factory or works which has been temporarily turned over to the manufacture of goods for the war effort.",1,P,"-"
143423,"SEASIDE SCHOOL",Y,"School built by the local Education Authority to provide residental schooling at the seaside for children from urban communities.",1,P,"-"
143424,"TUBE CALCINER",Y,"A calciner commonly used between 1870 and circa 1900 for extracting arsenic from mined ores  and featuring a slightly inclined rotating iron tube with a firebox at the bottom and an ore feed at the top.",1,P,"-"
143426,"EMBARKATION POINT",Y,"A site from which troops could be embarked onto transport vessels prior to the D-Day landings can also apply to muster/departure points from which troops embarked for their journey to the Front.",1,P,"-"
143427,"ROCKET PROJECTOR BATTERY (TYPE U20P)",Y,"6 Type DFW 55373s placed in a 3X2 rectangular plan. Each projector was separated by 31-34m. Hardened personnel and ammunition shelters located midway between each projector, but ammunition stored outside the perimeter.",1,P,"-"
143428,"Anti Aircraft Rocket Projector Battery",N,"-",1,N,"-"
143429,"AIR RAID PRECAUTIONS SITE",N,"A site used by the Air Raid Precautions network. Use more specific term.",1,P,"-"
143430,"GUEST WING",Y,"A seperate wing of a large house provide accommodation for guests.",1,P,"-"
143432,"CARE HOME",Y,"A short or long term residential home for people not requiring medical intervention or nursing care, usually for older people.",1,P,"-"
143433,"MACHINE BED",Y,"A solid concrete or stone base on which a machine (often an engine and therefore called the engine bed, forming part of an engine house) was mounted to power an industrial process. Dates from the 19th century.",1,P,"-"
143434,"CONDENSER",Y,"An apparatus used for the process of condensing: the conversion of vapour into a liquid.",1,P,"-"
143435,"SHAFT CALCINER",Y,"A nineteenth century stone calciner, similar to a lime kiln, used for extracting arsenic from mined ores, consisting of a solid structure with a central shaft and a drawing-hole at the base for calciner waste.",1,P,"-"
143436,"REFINERY",Y,"An industrial building, plant or site where crude substances, such as sugar, metal, oil etc., are purified or refined.",1,P,"-"
143437,"Engine Bed",N,"-",1,N,"-"
143439,"ICE CREAM PARLOUR",Y,"An establishment used to serve ice cream to the general public.",1,P,"-"
143440,"TORPEDO RANGE CONTROL BUILDING",Y,"A building from which the firing of torpedoes can be controlled and evaluated.",1,P,"-"
143441,"MINIATURE GOLF COURSE",Y,"A prepared area of ground, featuring a 'mini' golf course with obstacles, used to undertake the leisure pursuit of miniature golf or 'crazy golf'. Often popular at seaside resorts.",1,P,"-"
143443,"AIRCRAFT MAINTENANCE UNIT",Y,"Site used for the maintenance of aircraft.",1,P,"-"
143444,"COMMUNICATIONS BUILDING",Y,"A building, usually housing electrical or electronic equipment, used for gathering and disseminating information. Use specific type where known.",1,P,"-"
143446,"DECOY SITE SHELTER",Y,"Partly subterranean operations rooms for the lighting arrays of the various types of bombing decoys in use during the Second World War.",1,P,"-"
143447,"GROUP FILTER ROOM",Y,"A building, often with underground rooms, used to receive all reports of aircraft locations, to assimilate and assess this information in order to provide the most accurate possible picture to the Operations Room of a fighter or bomber Group.",1,P,"-"
143450,"OBSERVATION TOWER",Y,"An observation tower is a structure used to provide panoramic views of the surrounding area. They are often used as attractions at seaside resorts e.g. Blackpool Tower.",1,P,"-"
143456,"AIR DEFENCE SITE",N,"A site equipped for passive or active defence against an airborne enemy assault.",1,P,"-"
143457,"ACTIVE AIR DEFENCE SITE",N,"A site equipped for active defensive action against an airborne enemy assault.",1,P,"-"
143458,"PASSIVE AIR DEFENCE SITE",N,"Sites, buildings or structures involved in passive air defence, usually by forcing hostile aircraft to fly high or drop their bombs on the wrong targets. Use more specific term.",1,P,"-"
143459,"BOMBING DECOY SITE",Y,"A site comprising a system of lights, controlled fires or dummy constructions, used during WWII to provide a counterfeit target for enemy aircraft. Use more specific type where known.",1,P,"-"
143471,"DOMESTIC SITE",Y,"Sites used for the accommodation, welfare and recreation of servicemen, especially those serving in the Royal Air Force. Use only for sites associated with military installations. For non-military sites use DOMESTIC class and its narrower terms.",1,P,"-"
143473,"NET MAKING SITE",Y,"A building or room where nets are made",1,P,"-"
143475,"AIRSHIP CONSTRUCTION WORKS",Y,"Construction works for the production of rigid or dirigible airships.",1,P,"-"
143476,"HOFFMANN KILN",Y,"A kiln principally used in brick making which gives a continuous operation.",1,P,"-"
143477,"DISPERSED SITE",Y,"Accommodation and facilities for aircrew away from the main RAF airfield.",1,P,"-"
143480,"JEWISH CLEANING ROOM",Y,"A room used for the ritual cleaning of the body prior to burial",1,P,"-"
143482,"FOREST",Y,"A large tract of land covered with trees and interspersed with open areas of land. Traditionally forests were owned by the monarchy and had their own laws.",1,P,"-"
143483,"RAILWAY SYSTEM",Y,"An arrangement of railway tracks, stations and other buildings that together form a railway transport system.",1,P,"-"
143489,"COVERED WELL",Y,"A well with a superstructure, either partially or wholly enclosed with an access door, designed to protect the water source.",1,P,"-"
143490,"PUTTING GREEN",Y,"An open area of prepared ground used for practising putting with golf clubs.",1,P,"-"
143492,"Communal Kitchen",N,"-",1,N,"-"
143493,"MARSH",Y,"A low lying area of land that is usually waterlogged at all times and is flooded in wet weather.",1,P,"-"
143494,"PASTURE",Y,"A field covered with herbage for the grazing of livestock.",1,P,"-"
143495,"STEEL WORKING SITE",Y,"A site used for the manufacturing of steel. Use more specific type where known.",1,P,"-"
143496,"Hard Surface",N,"-",1,N,"-"
143500,"SEWER VENTILATION PIPE",Y,"A tall, hollow pipe, usually cast-iron, resembling a lamp-post. Used to ventilate sewer systems.",1,P,"-"
143501,"Stink Pole",N,"-",1,N,"-"
143502,"LAYER",Y,"An archaeological unit of soil in a horizontal plane which may seal features or be cut through by other features.",1,P,"-"
143507,"POT ARCH",Y,"Type of furnace used in the glass industry to pre-heat glass in crucibles, prior to the main melt. This may have been a separtate structure, or may have been part of the main furnace. All periods from the Roman onwards.",1,P,"-"
143508,"STOKE PIT",Y,"The position of a fire in a wood-fuelled furnace. All periods from the Iron Age  to the 17th century.",1,P,"-"
143509,"WINGED FURNACE",Y,"In the glass industry, a furnace of Lorraine Type, comprising a central rectangular melting furnace with ancillary structures at each corner, adjacent to the fires. Post-Mediaeval until superceded by coal-fired furnaces.",1,P,"-"
143511,"SIEGE",Y,"In the glass industry this is bench-like structure within the melting-furnace on which crucibles are placed.",1,P,"-"
143529,"SWING PIT",Y,"This is a pit used in the glass industry for the production of cylinder glass. The only surviving examle in England is at the Hartley Wood Glasworks, Sunderland. It is a feature of 19th century and later glassworks",1,P,"-"
143533,"VEHICLE TESTING STATION",Y,"A building or site used to assess the mechanical state of a vehicle.",1,P,"-"
143534,"FIRING PLATFORM",Y,"An area of a site or building providing a stable base for the firing of artillery pieces.",1,P,"-"
143535,"GATE GUARDIAN",Y,"A vehicle or aircraft placed at the entrance to a site as a symbolic guardian.",1,P,"-"
143536,"Ta Centre",N,"-",1,N,"-"
143537,"Lehr",N,"-",1,N,"-"
143539,"BOXING CLUB",Y,"A venue, with a boxing ring and associated facilities, which is used to train for and undertake amateur or professional boxing.",1,P,"-"
143540,"AIRCRAFT HANGAR (TYPE S)",Y,"A small transportable hangar built by the Teesdie Bridge and Engineering Company. Mainly used on RNAS airfields for folding wing aircraft.",1,P,"-"
143541,"FROMSON MASSILLON HANGAR",Y,"Similar in design to the FROMSON HANGAR but designed to drawing number 3752/43 and used for storing aircraft with small wingspans.",1,P,"-"
143543,"POLYTUNNEL",Y,"A plastic covered tunnel designed to protect vulnerable plants from the weather and allow vegetables to be grown out of season",1,P,"-"
143544,"CALLENDER HAMILTON HANGAR",Y,"Similar in design to the Callender Hangar but with a reduced height of 17ft. Built to Air Ministry drawing number 17346/40.",1,P,"-"
143546,"Watch Office With Tower",N,"-",1,N,"-"
143547,"WATCH OFFICE (207/36)",Y,"A two-storey watch office similar in design to drawing number 1959/34 but constructed completely from concrete. A large, almost square, ground plan with a central observation tower.",1,P,"-"
143548,"Meacon Station",N,"-",1,N,"-"
143576,"Ore Bin",N,"-",1,N,"-"
143581,"ASTRONOMICAL CLOCK",Y,"A clock with special mechanisms and dials to display astonomical information.",1,P,"-"
143582,"Guibal Fan",N,"-",1,N,"-"
143708,"Sirocco Fan",N,"-",1,N,"-"
143709,"FLOTATION UNIT",Y,"20th century plant for separating minerals using variations in water-repellent properties under controlled chemical conditions. Survives as ruins of buildings or tanks.",1,P,"-"
143710,"BOB SETTING",Y,"18th-19th century stone-lined pit which held the balance bob for a pump-rod or flat-rod system. It includes examples where the surviving feature is a pillar for the bearing, rather than the pit.",1,P,"-"
143711,"DRESSING WASTE",Y,"Residues from ore-processing operations; intact tips and deposits may preserve considerable evidence on the processes used. A high rpoportion have been destroyed by reprocessing.",1,P,"-"
143712,"OPENCUT",Y,"A linear open working along a lode vein, worked directly from the surface. Survives as a gully or ravine, normally with closed ends.",1,P,""
143713,"ASBESTOS FACTORY",Y,"Factory producing asbestos sheeting and or asbestos fibre.",1,P,"-"
143781,"FAN HOUSE",Y,"A building housing a fan used for the ventilation of mines",1,P,"-"
143808,"WALKER FAN HOUSE",Y,"A building housing a double inlet fan that was used for the ventillation of mine shafts",1,P,"-"
143809,"URANIUM WORKS",Y,"Buildings associated with the extaction of uranium from its pitchblende or copper ores.",1,P,"-"
143810,"URANIUM PROCESSING PLANT",Y,"Plant for the processing of uranium ores, such as pitchblende. Uranium is the principal extract, but radium may also be recovered as a by-product",1,P,"-"
143811,"BISMUTH MINE",Y,"Mine for the extraction of bismuth, which usually occurs in small quantities in the ores of other metal ores, particularly lead, and some copper ores.",1,P,"-"
143854,"OXLAND WORKS",Y,"Any building, group of buildings, or site at which tungsten ores have been converted to sodium tungstate by means of the Oxland Process. This was first used at Drakewalls Mine, Cornwall, in 1850.",1,P,"-"
143858,"ANTIMONY SMELTER",Y,"Any building, group of buildings, or site in which antimony was smelted. Mainly 18th century.",1,P,"-"
143898,"WADDLE FAN HOUSE",Y,"A building housing an electric powered ventilation fan for use in deep mine shafts",1,P,"-"
143950,"Keith Blackman Fan",N,"-",1,N,"-"
143951,"MANGANESE MILL",Y,"An mill in which manganese was ground to a powder between two horizontal millstones.",1,P,"-"
143952,"AMALGAMATION PLANT",Y,"An ore works at which gold was separated from the ore by the addition of mercury.",1,P,"-"
143953,"PATTINSON REFINERY",Y,"A long building with a louvred roof in which silver is refined using the Pattinson Process, which had been developed in the 1830s.",1,P,"-"
143956,"SILVER REFINERY",Y,"Any building or site in which silver was refined and/or extracted by smelting, cupellation, liquation or by the Parkes Process. IA-C20. Don't use for lead or copper smelters at which silver has been extracted unless silver-related features survive.",1,P,"-"
143957,"ALUMINIUM WORKS",Y,"Works for the extrusion of aluminium and for creating aluminium products.",1,P,"-"
143958,"COOKS FAN HOUSE",Y,"A building housing a steam driven ventilation fan used in mines",1,P,"-"
143959,"CHAMPIONS FURNACE",Y,"A zinc smelting furnace patented by William Champion of Bristol in 1738 for the reduction of zinc from zinc oxide by means of condensing.",1,P,"-"
143963,"CHLOROPHYLL FACTORY",Y,"A factory used for the industrial manufacture of chlorophyll for medical purposes.",1,P,"-"
143964,"FIRELIGHTER FACTORY",Y,"A factory used for the industrial manufacture of firelighters.",1,P,"-"
143965,"INLAND SALTWORKS",Y,"A site, building or factory where geologically-derived brine is used for the production of salt.",1,P,"-"
143966,"DIRECT BOILING SALT WORKS",Y,"A coastal site producing salt by boiling of unconcentrated seawater in a PANHOUSE, normally using coal fuel.  Foreshore BRINE TANKS may also be present",1,P,"-"
143967,"PARTIAL SOLAR SALT WORKS",Y,"A coastal site producing salt by solar evaporation of seawater in a series of PONDS, followed by boiling of the concentrated brine in a PANHOUSE",1,P,"-"
143968,"SLEECHING SALT WORKS",Y,"A coastal site producing salt by scraping up salt-impregnated sand and silt, leeching out the salt to produce a concentrated brine, then boiling in 'saltcotes' (small huts containing lead pans)",1,P,"-"
143969,"SOLAR SALT WORKS",Y,"A coastal site producing salt by solar evaporation of seawater in a series of PONDS, without any boiling stage",1,P,"-"
143970,"SALT POND",Y,"A shallow pond containing salt water and used for the manufacture of salt through the evaporation process. For metal vessels associated with the DIRECT BOILING and SLEECHING SALT WORKS use SALT PAN.",1,P,"-"
143971,"SALT REFINERY",Y,"A coastal site producing salt by dissolving rocksalt or other impure salt in seawater, then boiling the concentrated brine in a PANHOUSE",1,P,"-"
143972,"PANHOUSE",Y,"A building containing pans in which salt water or brine was boiled to produce salt.",1,P,"-"
144037,"Royal Flying Corps Side Opening Aircraft Hangar",N,"-",1,N,"-"
144462,"GUIBAL FAN HOUSE",Y,"A ventilating fan house with an expanding chimney.",1,P,"-"
144463,"SIROCCO FAN HOUSE",Y,"An electric fan used for the ventilation of mines.",1,P,"-"
144464,"KEITH BLACKMAN FAN HOUSE",Y,"A building housing an electric powered mine ventilation fan.",1,P,"-"
144465,"SPILLWAY",Y,"A channel carrying overflow water past a dam. Early 19th century onwards.",1,P,"-"
144466,"PIPELINE BRIDGE",Y,"A bridge used for carrying liquids, usually water, although sometimes oil, in a pipeline over a river. Mid 19th century onwards.",1,P,"-"
144467,"COOLING POND",Y,"A pond used for dissipating heat by evaporation from steam engine condensate. Mid 19th century to mid 20th century.",1,P,"-"
144469,"COASTAL SALTWORKS",Y,"A site, building or factory where seawater is used in the production of salt.",1,P,"-"
144474,"DRILL TOWER",Y,"A multi-level structure designed to simulate tall buildings to allow firefighters to practice firefighting and rescue techniques",1,P,"-"
144478,"PELTON WHEEL",Y,"An impulse water turbine comprising a wheel with hemispherical cups arranged around the circumference using high water pressure to revolve the wheel.",1,P,"-"
144484,"MASS GRAVE",Y,"A pit used to bury a large number of people who have died, or been killed, either as a result of warfare, epidemics or natural disasters.",1,P,"-"
144507,"CHARGING RAMP",Y,"An inclined ramp of earth, stone or brick used to deliver fuel to the firing hole of a kiln. Mediaeval and later.",1,P,"-"
144508,"HYDRATING PLANT",Y,"Series of machines for mechanically slaking lime. 20th century.",1,P,"-"
144509,"SOAPSTONE QUARRY",Y,"A quarry for the extraction of Soapstone (also known as steatite or soaprock), a metamorphic rock largely composed of the mineral talc and rich in magnesium.",1,P,"-"
144510,"SERPENTINE QUARRY",Y,"A quarry for the extraction of Serpentine, a major metamorphic mineral which is easily polished and easily carved. A major variety, lizardite, is found in Cornwall.",1,P,"-"
144553,"BARYTES WORKS",Y,"A complex of buildings where barytes is processed for industrial use.",1,P,"-"
144556,"TOTALISATOR",Y,"A mechanically operated display board used in greyhound racing, which showed the state of the Tote, or cumulative betting on individual greyhounds.",1,P,"-"
144557,"RUGBY FOOTBALL GROUND",Y,"A site including a pitch, stands and other ancillary buildings associated with the game of rugby.",1,P,"-"
144558,"Tote Board",N,"-",1,N,"-"
144559,"MAINTENANCE WORKSHOP",Y,"A building or room used for the repair and maintenance of machinery in a large complex, such as a hospital, school or factory.",1,P,"-"
144568,"MINK FARM",Y,"A building or group of buildings used for the raising of mink, a semi-aquatic mammal which is farmed for its fur.",1,P,"-"
144570,"MORMON TEMPLE",Y,"A place of worship for the followers of the Church of Jesus Christ of Latter Day Saints",1,P,"-"
144573,"SUBMARINE CABLE STATION",Y,"A building housing one end of an underwater telegraph cable.",1,P,"-"
144574,"TAILINGS WORKS",Y,"A 19th century ore processing works which processed the waste material from a mine.",1,P,"-"
144575,"BEAMWORK",Y,"Mediaeval-17th century mining method which involved exploiting an exposed surface vein. Rarely associated with waste.",1,P,"-"
144579,"SHODE WORKING",Y,"An extractive pit or pits, usually 2.5m square by 2m deep dug to extract tin ore in areas where streamworking is not possible. Usually dug along a vein rather than across it.",1,P,"-"
144588,"Salt Shute",N,"-",1,N,"-"
144589,"Ore Shute",N,"-",1,N,"-"
144590,"Ore Pass",N,"-",1,N,"-"
144599,"STATION CANOPY",Y,"A supported, roof structure covering all, or part, of a railway platform.",1,P,"-"
144600,"Platform Canopy",N,"-",1,N,"-"
144601,"AIRCRAFT TESTING SITE",Y,"A site used for the functional testing of aircraft and their components.",1,P,"-"
144602,"SLUICE HOUSE",Y,"A building containing machinery for operating sluices.",1,P,"-"
144603,"CYLINDER HOUSE",Y,"A building in which purified charcoal was produced by distillation of wood in sealed cast-iron retorts heated in fire-boxes. Tarry by-products were sometimes recovered by condensation flues.",1,P,"-"
144605,"COUNTRY PARK",Y,"An area of managed countryside designated for visitors to enjoy recreations, such as walking specified parks and trails, in a rural environment. Often provides public facilities such as parking, toilets, cafes and visitor information.",1,P,"-"
144606,"SONAR STATION",Y,"A building or site incorporating sonar equipment used for detecting the presence of enemy ships or submarines.",1,P,"-"
144613,"DIVER BATTERY",Y,"Heavy anti aircraft battery used from June 1944-May 1945 to combat the V-bomb threat. They are distinct from normal HAA batteries, being laid out in a V-shape, and early on were mainly for mobile 3.7-inch guns.",1,P,"-"
144615,"LIGHT ANTI AIRCRAFT (DIVER) BATTERY",Y,"WW2 LAA battery consisting of two or four 40m guns or Bofors guns. Associated structures included tented accommodation, ammunition shelters, a 100 gallon water tank, latrines, wash-house and kitchen.",1,P,"-"
144617,"SINGLE GUN (DIVER) BATTERY",Y,"40mm gun emplacement created between 24th-26th June 1944 as part of the fourth deployment of Diver LAA guns to the Kentish Gun Belt. Each site had an extant searchlight battery.",1,P,"-"
144619,"SHIP BREAKERS YARD",Y,"Place where ships and boats are dismantled.",1,P,"-"
144622,"VARNISH FACTORY",Y,"A factory in which varnish is manufactured.",1,P,"-"
144623,"SAFETY FUSE FACTORY",Y,"Factory for the production of safety fuses used in the ignition of gunpowder for blasting.",1,P,"-"
144624,"FURNITURE WAREHOUSE",Y,"A building or part of a building used for the storage of furniture or furniture related materials.",1,P,"-"
144625,"FURNITURE SHOWROOM",Y,"A room specifically used for the display of furniture and other related materials",1,P,"-"
144626,"MAGNETOMETER",Y,"An instrument for measuring magnetic forces, especially the strength of terrestrial magnetism.",1,P,"-"
144849,"INTELLIGENCE ANALYSIS BLOCK",Y,"A building or group of buildings in which communications signals, usually intercepted fro military purposes, are analysed.",1,P,"-"
144998,"BASILICAN CHURCH",Y,"A church, the plan of which is based on that of a Roman basilica.",1,P,"-"
145008,"HEADSTOCK SUPPORT",Y,"Platform, usually stone-built, which holds the winding gear of a mine shaft.",1,P,"-"
145009,"CONVEYOR",Y,"A mechanism used to transport minerals or granulated materials.",1,P,"-"
145014,"BYPRODUCT RECOVERY OVEN",Y,"An oven used in the coal industry for the recovery of gas, tar and other by-products of the coking process. Late 19th century-20th century.",1,P,"-"
145015,"HARDWARE FACTORY",Y,"A factory where general hardware, fittings, items of ironmongery are produced.",1,P,"-"
145016,"HARDWARE WAREHOUSE",Y,"A building or part of a building used specifically to store items of hardware and ironmongery.",1,P,"-"
145017,"HARDWARE SHOWROOM",Y,"A room to display various items of hardware and ironmongery.",1,P,"-"
145058,"RECYCLING CENTRE",Y,"A central point for the deposit, collection and recycling of waste materials.",1,P,"-"
145077,"STORAGE CLAMP",Y,"Large semi-subterranean feature often packed with straw for the storage of potatoes and other root crops.",1,P,"-"
145079,"FURNITURE WORKSHOP",Y,"A workshop for the manufacturing of furniture.",1,P,"-"
145080,"BAR (LICENSED)",Y,"An establishment where alcoholic and non alcoholic drinks are served, food may also be served. May be a an individual room within a larger multi purpose building such as a sports pavilion or a theatre.",1,P,"-"
145086,"SHOE WAREHOUSE",Y,"A building or part of a building used for the storage of shoes or boots.",1,P,"-"
145088,"AIRMENS INSTITUTE",Y,"An building, often including recreational facilities, provided for the relaxation of serving Royal Air Force Personnel.",1,P,"-"
145089,"STATIONERY WAREHOUSE",Y,"A building or part of a building used for the storage of stationery materials.",1,P,"-"
145097,"SOFT DRINKS FACTORY",Y,"A commercial building, or buildings, used for the production of soft drinks.",1,P,"-"
145099,"UPHOLSTERY WAREHOUSE",Y,"A large warehouse or store for upholstery.",1,P,"-"
145100,"UPHOLSTERY SHOWROOM",Y,"A building or room used for the exhibition of upholstery for sale.",1,P,"-"
145101,"SEGMENTED DITCH",Y,"A ditch which is not continuous but instead is made up of segments which may vary in length and width.",1,P,"-"
145102,"DEMOLITION LAYER",Y,"A layer underneath the topsoil containing rubble or fragments of building material, e.g. mortar, tile, flint.",1,P,"-"
145103,"OCCUPATION LAYER",Y,"A layer of remains left by a single culture, from which the culture can be dated or identified.",1,P,"-"
146324,"NAVAL BATTLEFIELD",Y,"Area or zone of sea where a battle, skirmish or action was fought between naval ships or warships and privateers. Not to be used for enemy action upon mercantile ships or a sudden strike by mine/torpedo against an enemy warship.",1,P,"-"
146325,"TRADING SETTLEMENT",Y,"A settlement used for trading.",1,P,"-"
146326,"GENERAL SERVICE SHED",Y,"1st World War end-opening aeroplane hangar.",1,P,"-"
146327,"GENERAL SERVICE FLIGHT SHED",Y,"1st World War end-opening aeroplane hangar.",1,P,"-"
146328,"GENERAL SERVICE AEROPLANE SHED",Y,"1st World War end-opening aeroplane hangar.",1,P,"-"
146329,"SEAPLANE MOORING",Y,"Moorings for a seaplane not part of a seaplane base.",1,P,"-"
146330,"GENERAL SERVICE AEROPLANE REPAIR SHED",Y,"1st World War end-opening aeroplane hangar.",1,P,"-"
146331,"BUTTER WALK",Y,"An arcade providing shelter for perishable market goods which also provides protection from the elements for the occupants of the adjoining properties.",1,P,"-"
146332,"Toll Hut",N,"-",1,N,"-"
146333,"WIND SCREEN",Y,"Vertical screens made of wood or steel framing mounted on concrete blocks were built to protect airships from cross winds when entering or leaving the airship sheds.",1,P,"-"
146349,"Experimental Weapons Testing Site",N,"-",1,N,"-"
146350,"AEROPLANE TWIN SHED",Y,"A coupled timber built end-opening First World War aircraft hangar.",1,P,"-"
146352,"LANDING CIRCLE",Y,"A landing circle marked out in white used as the airfield symbol.",1,P,"-"
146354,"VHF FIXER STATION",Y,"A Very High Frequency device to allow aircraft to pinpoint their position as an aid to naviagation. Built as part of the Rotor programme.",1,P,"-"
146356,"CHURCH OF PECULIAR PEOPLE",Y,"An offshoot of the Wesleyan movement founded in 1838 by John Banyard at Rochford, Essex. In 1956 it changed name to the Union of Evangelical Churches. There are 17 chapels in Essex and London.",1,P,"-"
146357,"STONE STORE",Y,"A building or area where stone is stored for industrial or agricultural use.",1,P,"-"
146358,"Buchanite Meeting House",N,"A place of worship and dwelling for members of the Buchanites, a sect that originated from Irvine, North Ayrshire, in the late 18th century.",1,N,"-"
146386,"ROTOR TEST TOWER",Y,"A purpose built tower used for the testing of helicopter rotor blades.",1,P,"-"
146387,"HELICOPTER TEST RIG",Y,"A purpose built apparatus for the testing of helicopters.",1,P,"-"
146388,"WATERFRONT",Y,"The area of a town or city, such as a harbour or dockyard, alongside a body of water.",1,P,"-"
146389,"HELICOPTER TEST SITE",Y,"A site on which rigs, towers and other associated structures and buildings used for the testing of helicopters and helicopter parts are located.",1,P,"-"
146397,"TRAVEL AGENTS",Y,"A commercial premises offering advice on destinations and other travel arrangements, and where travellers may purchase flights,make hotel reservations or book package holidays and tours.",1,P,"-"
146399,"Coal Post",N,"-",1,N,"-"
146400,"Coal Duty Post",N,"-",1,N,"-"
146401,"City Post",N,"-",1,N,"-"
146402,"City Of London Coal Duties Boundary Marker",N,"-",1,N,"-"
146403,"DUTY BOUNDARY MARKER",Y,"A boundary marker for the payment of tax or duty.",1,P,"-"
146404,"BEER CELLAR",Y,"A building or subterranean structure used for the storage of beer.",1,P,"-"
146405,"MEAT CELLAR",Y,"A building or subterranean structure used for the storage of meat.",1,P,"-"
146406,"CHEMICAL STORE",Y,"A space used for the storage of chemicals.",1,P,"-"
146407,"BOILER ROOM",Y,"A room containing a boiler, used to provide heating.",1,P,"-"
146409,"BALLAST HILL",Y,"An artificial mound created by the disposal of aggregate originally used as ballast in ships.",1,P,"-"
146424,"BARILLA MILL",Y,"A mill used for the preparation of Barilla, an ash of burnt seaweed that was used for the production of soda.",1,P,"-"
146426,"WARRENERS LODGE",Y,"Accommodation for the warrener(s) usually located within the boundary of the Rabbit Warren. They also provided a place to store nets, traps and other necessary equipment.",1,P,"-"
146427,"Warreners Cottage",N,"-",1,N,"-"
146428,"Warreners House",N,"-",1,N,"-"
146429,"FRAMEWORK KNITTERS WORKSHOP",Y,"A room or building for hand knitting garments on simple hand frames.",1,P,"-"
146430,"TOURNAMENT FIELD",Y,"A training ground and fighting arena for knightly sports.",1,P,"-"
146432,"TREE THROW",Y,"A bowl-shaped cavity or depression created in the subsoil by the long term presence and growth of tree roots or when a large tree is blown over or has its stump pulled out.",1,P,"-"
146435,"BRINE CISTERN",Y,"A structure for the storage of brine prior to processing, by evaporation, to extract salt.",1,P,"-"
146436,"BRINE SHAFT",Y,"A shaft cut to facilitate the extraction of salt from halite deposits by pumping water into the deposit and pumping out brine from which the salt is later extracted.",1,P,"-"
146437,"CANABAE LEGIONIS",Y,"A civilian settlement outside a Roman fort.",1,P,"-"
146455,"TOWNSHIP BOUNDARY",Y,"The limit line of a township.",1,P,"-"
147240,"SOUND LOCATOR EMPLACEMENT",Y,"An emplacement housing mobile sound locating acoustic dishes/horns for the detection of incoming enemy aircraft and the triangulation of their positions so that they could be targeted by Anti aircraft guns.",1,P,"-"
147241,"FORTIFIED BUILDING",Y,"A building which has been fortified, often as a temporary measure rather than as part of the original design",1,P,"-"
147247,"SLAB BLOCK",Y,"A rectangular multi-storey block of flats, greater in width than height.",1,P,"-"
147248,"POINT BLOCK",Y,"A tall multi-storey block of flats, slender with a square plan.",1,P,"-"
147249,"DECK ACCESS BLOCK",Y,"Block of flats incorporating broad, street-width balconies to give access to dwellings and connect to other blocks.",1,P,"-"
147250,"BALCONY ACCESS BLOCK",Y,"Block of flats within which the individual dwellings are accessed by narrow external balconies.",1,P,"-"
147251,"High Block",N,"-",1,N,"-"
147252,"Multi Storey Block",N,"-",1,N,"-"
147253,"High Rise Block Of Flats",N,"-",1,N,"-"
147254,"Multi Storey Block Of Flats",N,"-",1,N,"-"
147267,"DEPENDENT CHAPEL",Y,"A place of worship for the sect known as 'Cokelers', formed circa 1850 by John Sirgood. Most aspects of Dependent belief are fairly orthodox within the Arminian traditions of Protestant dissent. Chapels can be found in Sussex, Surrey, London and Kent.",1,P,"-"
147269,"INSTITUTE FOR THE DEAF",Y,"An establishment where deaf people receive education, training and social support.",1,P,"-"
147270,"DISABLED PEOPLES HOME",Y,"A residential home for adults with learning difficulties and/or physical disabilities.",1,P,"-"
147271,"HOSPITAL FOR PEOPLE WITH LEARNING DIFFICULTIES",Y,"A hospital where people with learning difficulties receive medical treatment.",1,P,"-"
147272,"CHILDRENS CARE HOME",Y,"A residential home for children with physical or learning disabilities, sensory impairment and/or mental health issues but who do not necessarily need medical attention.",1,P,"-"
147273,"CHILDRENS NURSING HOME",Y,"A residential home for children with physical and/or learning disabilities, sensory impairment and/or mental health issues who need medical intervention and/or care provided by registered nurses.",1,P,"-"
147274,"RETAIL PARK",Y,"A grouping of retail warehouses and supermarkets with associated car parking.",1,P,"-"
147282,"PORTABLE BUILDING",Y,"Prefabricated small building that is designed and built to be movable rather than permanently located.",1,P,"-"
147283,"Portacabin",N,"-",1,N,"-"
147300,"Jewish Prayer Hall",N,"-",1,N,"-"
147307,"ELECTRIC ENGINE",Y,"An engine in which the power is provided by electricity either in the form of batteries or direct from the mains supply.",1,P,"-"
147308,"OHEL",Y,"Prayer hall at burial ground, especially a small walk-in memorial devoted to a deceased Hasidic rabbi.",1,P,"-"
147314,"ISLAMIC SCHOOL",Y,"A school in which students are taught according to the beliefs of the muslim faith.",1,P,"-"
147331,"BULB STRIP",Y,"A small narrow rectilinear enclosure with high hedges boundaries for the cultivation and shelter of flowers, particularly Daffodils and Narcissi.",1,P,"-"
147332,"MONUMENTAL CHAMBER",Y,"Building used for the display of inscription panels and memorials to those buried in the underlying catacomb.",1,P,"-"
147333,"LLAMA HOUSE",Y,"A house used to accommodate Llamas at a zoo or wildlife park.",1,P,"-"
147334,"TYNESIDE FLAT",Y,"A distinctive form of terrace found in the northeast consisting of a long, two storey terrace indistinguishable from a conventional house externally, save that each unit has two front doors, one leading to a separate dwelling or dwellings upstairs.",1,P,"-"
147335,"LEMUR ENCLOSURE",Y,"An enclosure, usually within a zoo, designed to represent the natural environment for Lemurs, including shelter.",1,P,"-"
147336,"WINTER BEE HOUSE",Y,"A dark outbuilding or cellar with internal recesses for overwintering skeps of bees.",1,P,"-"
147356,"FISHING SHIEL",Y,"Small vernacular building used by fishermen for the preparing of nets and storage of equipment.",1,P,"-"
147431,"CHILDRENS ZOO",Y,"A garden or park, with ancilliary buildings, in which young and domesticated animals are kept for public exhibition, especially for children. Children are given the opportunity to come into close contact and handle animals.",1,P,"-"
147457,"ROCKWORK",Y,"An area of either natural or artificial stone arranged to resemble a rocky outcrop or cliff face within animal cages/enclosures of a Zoo.",1,P,"-"
147521,"SHIP GRAVEYARD",Y,"An area of the sea or coastline where vessels have been abandoned.",1,P,"-"
147523,"HAY AND STRAW MARKET",Y,"An indoor or outdoor market where hay and straw is sold.",1,P,"-"
147526,"OUTDOOR PLAYHOUSE",Y,"A purpose built theatre with a central open yard, dating to the Elizabethan period. Famous examples include The Globe and the Swan.",1,P,"-"
147527,"INN THEATRE",Y,"An inn temporarily used for the performance of plays and other public entertainment.",1,P,"-"
147541,"STOP GATE",Y,"Pairs of canal gates (also called Brindley gates) designed to rapidly shut off  a section of a canal to prevent flooding",1,P,"-"
147543,"ELECTRICITY GENERATING HALL",Y,"A building or structure where electricity is generated.",1,P,"-"
147549,"SUPREME COURT",Y,"The highest judicial court where appeals can be heard and whose rulings are not subject to further review by another court.",1,P,"-"
148437,"MATZEVAH",Y,"A Jewish graveyard headstone.",1,P,"-"
148438,"SIGNAL POST",Y,"A cast iron post similar to a lamp post, with revolving top to carry either coloured plates, or an oil lamp with coloured glass at night. Associated with canal or river navigation locks.",1,P,"-"
149204,"ASHKENAZI MATZEVAH",Y,"A matzevah from the Ashkenazi group of Jews descended from medieval Jewish communities of the Rhineland and Eastern Europe.  Characterised by upright headstones with Hebrew Inscriptions",1,P,"-"
149206,"GAUGING STATION",Y,"Canal docks where the freeboard of a boat was marked. By placing increasing ton weights at 4 points around the boat, its displacement could be marked for toll purposes.",1,P,"-"
149209,"SEPHARDI MATZEVAH",Y,"A matzevah from the Sephardi group of Jews descended from medieval Jewish communities of the Iberian Peninsular and Northern Africa.  Characterised by flat slabs with Hebrew Inscriptions",1,P,"-"
149817,"MUSLIM CEMETERY",Y,"A burial ground for followers of the Islamic faith.",1,P,"-"
151259,"ROMNEY HUT",Y,"A prefabricated structure of a steel frame clad in corrugated iron. Semi-circular in section they were used for storage and as workshops, cinemas etc during WWII. Designed at Romney House, London by the Directorate of Fortifications & Works.",1,P,"-"
151260,"QUONSET HUT",Y,"A lightweight prefabricated structure of corrugated galvanized steel having a semicircular cross section. The design was based on the Nissen hut developed by the British during the First World War.",1,P,"-"
151267,"CHARCOAL RETORT",Y,"Metal cylinder for producing charcoal using the retort method",1,P,"-"
151268,"Convent Of The Poor Clares",N,"Conventual order of nuns founded in 1253, inspired by the life of St Francis of Assisi",1,N,"-"
151271,"CIVIL DEFENCE TRAINING GROUND",Y,"An area used for the training of personnel in civil defence procedures.",1,P,"-"
151399,"PARACHUTE AND CABLE LAUNCHER",Y,"A site where a cable was fired into the air, with parachutes attached to either end, to present an aerial obstruction to bring down, through contact, fouling and general drag, or obstruct the passage of an aircraft. Usually found as one of a group.",1,P,"-"
151400,"Parachute And Cable Projecter",N,"-",1,N,"-"
151464,"ELECTRICITY DISTRIBUTION CABINET",Y,"Usually dating from the early 20th century these cabinets, sited alongside public highways, were used for the distribution of electricity for street lighting control and later for domestic use. In Wolverhampton these boxes also serviced the tram system.",1,P,"-"
151465,"Lucy Box",N,"-",1,N,"-"
151466,"Margery Cabinet",N,"-",1,N,"-"
151467,"Slate Pencil Mill",N,"-",1,N,"-"
151468,"Shipwreck",N,"-",1,N,"-"
151470,"FURNITURE SHOP",Y,"A shop selling household furniture.",1,P,"-"
151471,"OUTFITTER",Y,"A shop that sells men's clothes, either off the peg, bespoke or both.",1,P,"-"
151488,"SHEMOT",Y,"Sacred Jewish texts and appurtenances buried within a Jewish cemetery.",1,P,"-"
151492,"BABY GARDEN",Y,"A garden associated with a crematorium where the ashes of deceased infants are scattered or buried.",1,P,"-"
151680,"DEVIANT BURIAL",Y,"An interment of a human body that displays unusual burial practice such as positioning of the body, decapitation, dismemberment or over-secure burial.",1,P,"-"
151798,"BARK POT",Y,"A large cauldron used in the making of a preservative from the bark of spruce, fir or other conifers. The preservative was used to treat nets, sails and other fishing gear.",1,P,"-"
151799,"Bark Kettle",N,"-",1,N,"-"
151826,"PLUNGE POOL",Y,"A small cold water bath, often known as a natatio when part of a Roman bath complex.",1,P,"-"
151827,"FOOTPRINT",Y,"An impression made in soft ground by a passing animal or human. The soft ground may have subsequently hardened.",1,P,"-"
151829,"TOWN QUARTER",Y,"A core part of a town or city that has or had a particular set of characteristics; for example an area of high status residences or an area where a particular industry/trade was centred.",1,P,"-"
151830,"Quarter",N,"-",1,N,"-"
151867,"DUCK POND",Y,"A pond with protection for nesting ducks and other wild fowl",1,P,"-"
151869,"IRONSTONE LEVEL",Y,"A working tunnel or gallery in a mine used for the extraction of ironstone.",1,P,"-"
151870,"SUBMERGED LANDSCAPE",Y,"Former terrestrial landscape of any kind now submerged through erosion, as at Dunwich, or historical inundation processes, eg. post-glacial submersion of the North Sea landscape (Doggerland")."",1,P,"-"
151873,"BULL PIT",Y,"An enclosure used for baiting bulls.",1,P,"-"
151874,"SAVIGNIAC CELL",Y,"A residence of two or three monks of the Savigniac order dependent on a foreign mother house. The order was originally founded by monks in Savigny, Normandy, in 1105 and first established in Britain in 1123 at Tulket, Preston.",1,P,"-"
151875,"WAYMARKER CROSS",Y,"A rural cross erected to show the way.",1,P,"-"
151876,"NOVICES ROOM",Y,"A room in a monastery used by monks or nuns as a day room.",1,P,"-"
151879,"STAKE CIRCLE",Y,"A circle of wooden stakes or stake holes in the ground.",1,P,"-"
151880,"PETRIFYING WELL",Y,"A well with an unusually high mineral content that combined with extensive periods of evaporation may give objects a stony exterior. Once believed to have been caused by magic or witchcraft.",1,P,"-"
151881,"CHOLERA BURIAL GROUND",Y,"A burial ground for victims of cholera.",1,P,"-"
151882,"MORTAR CRATER",Y,"A depression in the ground caused by the explosion of a mortar shell.",1,P,"-"
151884,"FIREBREAK",Y,"A natural or man-made gap in vegetation or other combustible material that acts as a barrier to slow or stop the progress of a fire.",1,P,"-"
151885,"Fire Line",N,"-",1,N,"-"
151886,"Fire Belt",N,"-",1,N,"-"
151887,"Fireroad",N,"-",1,N,"-"
151888,"Fuel Break",N,"-",1,N,"-"
151889,"Cholera Cemetery",N,"-",1,N,"-"
151890,"FIRE PIT",Y,"A pit dug into the ground or a simple construction made of stone, brick or metal. Designed to contain a fire and prevent it from spreading, but can also be used to heat stone for breaking.",1,P,"-"
151891,"Gylynge House",N,"-",1,N,"-"
151892,"Clay Pipe Manufactory",N,"-",1,N,"-"
151893,"SILICA QUARRY",Y,"A place where silica or silicate, the most common mineral component of rock, is extracted from the ground.",1,P,"-"
151894,"Silicon Quarry",N,"-",1,N,"-"
151895,"MULTIVALLATE RAMPART",Y,"A defensive embankment with three or more ditches.",1,P,"-"
151939,"JIGGING MILL",Y,"A mill used to dress ore by means of a jigging machine.",1,P,"-"
151940,"KERBED MOUND",Y,"A mound kerbed with wooden stakes or boulders.",1,P,"-"
151952,"BAIT SHED",Y,"A shed for storing fishing bait.",1,P,"-"
152297,"JANAZGAH",Y,"Muslim funeral mosque.",1,P,"-"
152318,"GAS CHAMBER",Y,"A C20th military building used to test the efficiency of gas protection equipment provided for drivers of all forms of vehicles.",1,P,"-"
152319,"TRIAL LEVEL",Y,"Vertical or horizontal levels driven into a hill slope to assess the viability of mineral resources but never fully exploited.",1,P,"-"
152384,"PAVEMENT LIGHTS",Y,"A frame containing glass tiles or bricks set into a pavement to allow the lighting of basement areas.",1,P,"-"
152399,"SEAGULL TRENCH",Y,"A trench in the form of a flattened 'W' with a flat concrete roof covered in turf, supported on concrete pillars. The name derives from the resemblance to a child's drawing of a seagull in flight.",1,P,"-"
152444,"Hulk Assemblage",N,"-",1,N,"-"
152509,"Guidestone",N,"-",1,N,"-"
152525,"GRAVE LINING",Y,"Material, stone or wood, lining the inside of a grave.",1,P,"-"
152526,"WHINSTONE MINE",Y,"A mine used for the extraction of any hard dark-coloured rock.",1,P,"-"
152547,"PET FOOD FACTORY",Y,"Factory for the production of Pet Food.",1,P,"-"
152566,"TURF CUTTING",Y,"An area of shallow linear cuts made by the removal of turf for fuel or building material.",1,P,"-"
152567,"WORKERS TEMPORARY SETTLEMENT",Y,"A temporary settlement or encampment erected by construction workers (eg for reservoir construction).",1,P,"-"
152568,"ANIMAL FOOD PROCESSING PLANT",Y,"Buildings used in the production of animal food.",1,P,"-"
152578,"DABBIN",Y,"Mud walled building found on the Solway Plain.",1,P,"-"
152606,"ADMIRALTY SIGNAL STATION",Y,"A building or site used for naval communications.",1,P,"-"
152613,"ROOF TOP CAR PARK",Y,"A car park on the roof of a building.",1,P,"-"
152708,"PIGEON CREE",Y,"A housing for racing pigeons usually situated in allotments of back yards.",1,P,"-"
152713,"COURTIERS HOUSE",Y,"A house in which a member of the Royal Court lives.",1,P,"-"
152714,"NONCONFORMIST CEMETERY",Y,"A burial ground for Nonconformists. Use more specific term where known.",1,P,"-"
159128,"BROTHEL",Y,"An establishment in which prostitution is practiced.",1,P,"-"
159129,"Coal Plate",N,"-",1,N,"-"
159130,"Opercula",N,"-",1,N,"-"
159152,"DEER TRAP",Y,"An earthwork feature used by hunters to trap deer comprising a steep ditch into which the deer are chased with an enclosure to hold them at one end, known from the Isle of Rum and a debateable example in Cumbria.",1,P,"-"
159153,"Wolf Trap",N,"-",1,N,"-"
159172,"Windypit",N,"-",1,N,"-"
159173,"Trod",N,"-",1,N,"-"
159175,"CROSSROADS",Y,"A road junction where two (or occasionally more) roads cross each other.",1,P,"-"
159179,"ROADWAY",Y,"The central part of a road between the pavements or the verges.",1,P,"-"
159180,"CYCLE PATH",Y,"A path, or marked lane, designated for use by cyclists.",1,P,"-"
159183,"AVENUE (ROAD)",Y,"A wide street, traditionally lined with trees.",1,P,"-"
159184,"LORDS CHAPEL",Y,"A chapel within a parish church or other religious building for use by the lord of the manor and his family",1,P,"-"
159185,"HERMITAGE (GARDEN)",Y,"A garden building usually in a secluded spot, resembling a hermit's dwelling and built as a resting place, retreat or viewing point.",1,P,"-"
159192,"FUNERARY ENCLOSURE",Y,"An enclosure, usually private, used for burial. Often found within a cemetery.",1,P,"-"
159193,"FUNERARY BUILDING",Y,"A building associated with funerary rites and burials.",1,P,"-"
159194,"SINGLE AISLED BARN",Y,"A barn in which a central space is separated from a side aisle by posts and braces.",1,P,"-"
159195,"PLANNED SETTLEMENT",Y,"A settlement built to a pre-determined plan, including housing, infrastructure and associated amenities.",1,P,"-"
159196,"GARDEN CITY",Y,"A planned, self-contained, community incorporating green open spaces and containing housing, industrial and agricultural zones.",1,P,"-"
159197,"NEW TOWN",Y,"A settlement carefully planned from its inception and usually constructed in an area which was previously undeveloped. Many new towns were developed following the New Towns Act 1946.",1,P,"-"
159198,"SUBURB",Y,"A largely residential area on the outskirts of a town or city.",1,P,"-"
159199,"SCIENCE PARK",Y,"An area including buildings dedicated to scientific research for commercial purposes. Often associated with, or operated by, a university or higher education institution.",1,P,"-"
159200,"OLYMPIC VLLAGE",Y,"Residential area built to house athletes and their coaches at the Olympic Games. The buildings are generally reused as public housing after the contest.",1,P,"-"
159201,"Lantern Of The Dead",N,"-",1,N,"-"
159202,"TRILITHON",Y,"A structure composed of two large upright stone supporting a third, lintel stone.",1,P,"-"
159203,"TROPHY",Y,"A monument erected as a permanent reminder of a military victory. The design usually includes images of the spoils of the battle.",1,P,"-"
159204,"GUARD TOWER",Y,"A watchtower used to guard prisons, camps or other facilities.",1,P,"-"
159205,"Morgue",N,"-",1,N,"-"
159206,"CAMPUS",Y,"The grounds of an institution for higher education eg. a university, including the educational buildings, entertainment and sports facilities and student's halls of residence.",1,P,"-"
159207,"CAMPSITE",Y,"An area of land used for camping. Often includes facilities for washing, catering and entertainment.",1,P,"-"
159208,"Daubin",N,"-",1,N,"-"
159209,"PELOTA COURT",Y,"A court, usually with only 2 walls, used for playing pelota and its variants.",1,P,"-"
159210,"TRANSIT TELESCOPE",Y,"A telescope which is mounted so as to allow the observation of only those objects in the sky which are passing over a local meridian, an event known as transit.",1,P,"-"
159211,"Meridian Telescope",N,"-",1,N,"-"
159212,"SEISMOLOGY STATION",Y,"A building housing the instrumentation necessary for the observation and measurement of tremors generated by earthquakes.",1,P,"-"
159213,"CABARET",Y,"A club often with a dance floor or small stage and featuring entertainment generally of an improvisational, satirical, or topical nature which can be watched by the clientele whilst they drink and dine.",1,P,"-"
159214,"ANIMAL CREMATORIUM",Y,"Place for the cremation of animals.",1,P,"-"
159217,"WALL WALK",Y,"A walkway on the top of a defensive wall, providing access to the parapets and towers.",1,P,"-"
159218,"HOARDING (FORTIFICATION)",Y,"A temporary, usually roofed, wooden structure placed on the ramparts or walls of a castle to improve the defenders field of fire along the length of a wall.",1,P,"-"
159221,"Parochial School",N,"A school with religious education in addition to conventional education run by parishes.",1,N,"-"
159233,"HAMMER MILL",Y,"A mill, including a forge and powered hammers where hot metal is shaped by hammering and rolling.",1,P,"-"
159234,"CLOCK FACTORY",Y,"A factory manufacturing timepieces, including clocks and watches.",1,P,"-"
159235,"BEARING FACTORY",Y,"A factory manufacturing bearings, including ball bearings for use in precision equipment.",1,P,"-"
159236,"Ball Bearing Factory",N,"-",1,N,"-"
159237,"CABLE FACTORY",Y,"A factory manufacturing electrical cables.",1,P,"-"
159238,"ELECTRICAL EQUIPMENT FACTORY",Y,"A factory manufacturing electrical equipment, such as engines, transformers and generators for use in industry.",1,P,"-"
159239,"COSMETICS FACTORY",Y,"A factory manufacturing personal hygiene and beauty products",1,P,"-"
159240,"TEXTILE PRINTING WORKS",Y,"A factory complex consisting of PRINTING SHOPS, COLOUR HOUSES, DYE HOUSES, etc, in which patterns are printed onto textiles.",1,P,"-"
159241,"TAWING WORKS",Y,"A building or complex where soft skins are produced by tanning with alum.",1,P,"-"
159242,"FUR FACTORY",Y,"A building or complex where skins are prepared, with their hair still on, to make fur products.",1,P,"-"
159243,"ANIMAL HAIR FACTORY",Y,"A building or complex where animal hair is processed, using a variety of means, for use in products such as brushes, mattresses etc.",1,P,"-"
159244,"UMBRELLA AND CANE WORKS",Y,"A building or complex producing umbrellas, parasols and canes.",1,P,"-"
159245,"CORK PROCESSING WORKS",Y,"A building or complex where cork is treated and processed to be used in various products.",1,P,"-"
159246,"CORK FACTORY",Y,"A building or complex where corks and stoppers are made for use in bottling.",1,P,"-"
159251,"SERVICE SHAFT",Y,"A shaft allowing access to an area. Often used as an additional escape route to the main shaft in a mine or as an air shaft.",1,P,"-"
159252,"LOCK FLIGHT",Y,"A series of locks usually with short reaches between them allowing boats to travel up and down a steep incline.",1,P,"-"
159253,"PENSTOCK",Y,"A pipe, usually of reinforced concrete or metal, which delivers pressurized water from a dam to hydraulic turbines.",1,P,"-"
159254,"MANHOLE",Y,"A vertical shaft, usually with an internal ladder, allowing access to a sewer or underground counduit for inspection and maintenance.",1,P,"-"
159255,"FEEDER CHANNEL",Y,"A channel or pipe providing water to a canal or other body of water.",1,P,"-"
159256,"MULTI LEVEL BRIDGE",Y,"A bridge with two or more decks allowing it to carry various modes of transport at the same time.",1,P,"-"
159257,"AERIAL LIFT",Y,"A means of transportation where cars, chairs or cabins are carried above the ground by means of one or more cables suspended between towers or pylons.",1,P,"-"
159258,"CABLEWAY",Y,"An aerial lift in which cabins are suspended from a continuous cable between two towers which hold the winding mechanism. The cable may be supported by towers or pylons.",1,P,"-"
159259,"Cable Car",N,"-",1,N,"-"
159260,"Aerial Tramway",N,"-",1,N,"-"
159261,"MARQUEE",Y,"A large tent which can be used as accommodation for parties and exhibitions.",1,P,"-"
159264,"VERJUICE PRESS",Y,"Device for extracting juice from apples, usually crab apples, for use in cooking and medicine. Consists of a stone base carved with channels in the upper surface which was used with an upper weight, often secured with a wooden beam wedged into position.",1,P,"-"
159265,"WATER FEATURE",Y,"A body of water, building or structure found in a park or garden used as a water supply or ornament. Use more specific type where known.",1,P,"-"
159266,"REFLECTING POOL",Y,"A body of water placed in such a way as to reflect a building or landscape feature.",1,P,"-"
159267,"QUINCUNX",Y,"A geometrical planting of trees in the form of the number 5 as represented on a dice.",1,P,"-"
159268,"PLANT BED",Y,"A plot of earth used for the raising of plants.",1,P,"-"
159269,"Garden Bed",N,"-",1,N,"-"
159270,"ORNAMENTAL CLEARING",Y,"An area of land, usually planted with creeping plants and turf, laid out in a woodland landscape to produce the natural effect of a clearing.",1,P,"-"
159271,"SQUARE PARTERRE",Y,"A parterre consisting of square beds containing ornamental plants often laid out in intricate patterns mimicking embroidery.",1,P,"-"
159272,"TURF PARTERRE",Y,"A parterre consisting of an area of turf often with a pattern cut into it.",1,P,"-"
159277,"WATER SPORTS CENTRE",Y,"An area of land incorporating bodies of water, either natural or manmade for use in water sports activities such as canoeing, rowing and sailing. Usually includes a leisure complex with facilities for the users.",1,P,"-"
159285,"GIOCHI D'ACQUA",Y,"A water feature intended to play a trick on a visitor by drenching them unexpectedly. The device would be triggered by the visitors foot or remotely. Italian for 'water jokes'.",1,P,"-"
159286,"CORBEILLE",Y,"A flower bed, usually circular and convex in form, edged with wicker basketwork, iron hoops or terracotta.",1,P,"-"
159287,"PATTE D'OIE",Y,"A garden featrue where several allees radiate from a single point (usually the house). French for 'Goose Foot'",1,P,"-"
159292,"SECTIONAL HUT (TYPE A)",Y,"A prefabricated structure consisting of sectional timber framed units that were bolted together. The structure was clad with Canadian Cedar weatherboarding and had a roof of corrugated asbestos. They were used as temporary accommodation on airfields.",1,P,"-"
159293,"SECTIONAL HUT (TYPE B)",Y,"A prefabricated structure consisting of sectional timber framed units that were bolted together. The structure was clad with weatherboarding and had a felted roof. They were used as temporary accommodation on airfields. Also see 'Type A'",1,P,"-"
159294,"LAING HUT",Y,"A prefabricated structure of standard lightweight timber wall sections bolted together. Externally the walls were clad with plasterboard covered with felt. Designed in 1940 for use as barrack accommodation.",1,P,"-"
159295,"SECO HUT",Y,"A prefabricated structure of cellular hollow plywood 'aero' beams and columns clad with timber framed units of flat asbestos facing sheets and a felt roof. Designed as airfield accommodation that could be reused as post WWII emergency housing.",1,P,"-"
159296,"BCF FLAT ROOF HUT",Y,"A hut consisting of a frame of reinforced concrete posts into which concrete panels were slotted. Designed by the British Concrete Federation during WWII to be resistant to bomb blasts & used for military accommodation, child nurseries and clinics etc.",1,P,"-"
159297,"CTESIPHON HUT",Y,"A concrete arched military hut constructed by pouring concrete over hessian cloth that had been stretched over a temporary steel framework. Semi circular in section usually with end walls of brick. Designed by the Waller Housing Corp in 1943.",1,P,"-"
159298,"MAYCRETE HUT",Y,"A prefabricated structure of reinforced concrete posts supporting a pitched roof frame with an infilling of sawdust concrete panels. Produced by Maycrete Ltd during WWII.",1,P,"-"
159299,"NASHCRETE HUT",Y,"A prefabricated structure of reinforced concrete posts supporting a pitched roof frame with an infilling of concrete panels. Produced by during WWII as barrack accommodation and as emergency housing. Similar in style to Maycrete huts.",1,P,"-"
159300,"MINISTRY OF WORKS STANDARD HUT",Y,"A concrete hut produced by the Ministry of Works as a cheaper alternative to the BCF Hut as any suitable wall cladding could be employed in its construction. Usually used to form barrack blocks on airfields from 1944 onwards.",1,P,"-"
159301,"HANDCRAFT HUT",Y,"A prefabricated structure consisting of trough shaped asbestos sheets bolted together to form a seven sided building in section with end walls of rendered brick. Manufactured from 1942 by the Universal Asbestos Company for use as airfield accommodation.",1,P,"-"
159302,"TURNERS CURVED ASBESTOS HUT",Y,"A prefabricated structure consisting of six curved asbestos cement sheets that were bolted together, without a frame, creating a hut semi-circular in section. Used on airfields during WWII and manufactured from 1942 by the Turner Asbestos Company.",1,P,"-"
159303,"JANE CORRUGATED IRON HUT",Y,"A prefabricated temporary structure made of lightweight timber framed panels clad externally with corrugated iron sheets. Used during WWII as officers quarters. Possibly manufactured by Boulton and Paul Limited.",1,P,"-"
159304,"MINISTRY OF WORKS HALL HUT",Y,"A prefabricated structure of lightweight timber wall sections bolted together. Externally the walls were clad with plasterboard covered with felt. Designed for use as officers accomodation during WWII.",1,P,"-"
159305,"XYZ HUT",Y,"A prefabricated timber structure similar to Sectional hutting that was used by the Air Ministry for accommodation at airfields during WWII. Manufactured by Gerrard and Sons from 1939 to 1941.",1,P,"-"
159306,"MINISTRY OF SUPPLY TIMBER HUT",Y,"A prefabricated structure of a light timber frame with external weather boarded walls and a timber felt covered roof. They were used as barrack blocks during WWII. Manufactured by Magnet Limited.",1,P,"-"
159307,"MINISTRY OF SUPPLY LIVING HUT",Y,"A prefabricated structure of cant sided lightweight timber wall sections bolted together. Externally the walls were clad with plasterboard covered with felt. Designed for use as barrack accommodation during WWII.",1,P,"-"
159308,"HALF BRICK HUT",Y,"A type of temporary military hutting used throughout WWII constructed of brick in 'stretcher bond' 4.5 inches thick with a light steel truss roof usually covered with corrugated asbestos sheeting. Used for accommodation, as gyms, training huts etc.",1,P,"-"
159309,"BCF LIGHT HUT",Y,"A hut consisting of a frame of reinforced concrete posts into which panels of either pre cast concrete or corrugated asbestos could be slotted. Designed by the British Concrete Federation during WWII.",1,P,"-"
159310,"ORLIT HUT",Y,"A prefabricated structure of reinforced concrete posts and beams with infillings of pre stressed concrete planks and felted slabs. Initially used for military barracks in WWII and later for civilian housing. Manufactured by the Orlit Company.",1,P,"-"
159324,"PAVILION SCHOOL",Y,"A school design consisting of single-storey buildings with classrooms entered from a verandah.",1,P,"-"
159325,"BRITISH CONCRETE FEDERATION HUT",Y,"A hut consisting of a frame of reinforced concrete posts into which panels could be slotted. Designed by the British Concrete Federation (BCF) during WWII.",1,P,"-"
159326,"PSYCHIATRIC WARD",Y,"A section of a hospital specializing in the treatment of patients with serious mental disorders.",1,P,"-"
159327,"JUVENILE WARD",Y,"A section of a psychiatric hospital or psychiatric ward set aside for children and/or adolescents with mental illness.",1,P,"-"
159328,"Disabled Veterans Hospital",N,"-",1,N,"-"
159329,"Hospital For Disabled Veterans",N,"-",1,N,"-"
159330,"Hospital For The Mentally Handicapped",N,"-",1,N,"-"
159331,"PHYSICAL DISABILITY HOSPITAL",Y,"Specialist hospital treating patients with physical disabilities.",1,P,"-"
159343,"PLATFORM SHELTER",Y,"A structure providing protection against the weather, situated on railway platforms.",1,P,"-"
159345,"OILCLOTH MILL",Y,"A mill in which oilcloth (a heavy cotton or linen cloth with a linseed oil coating) was produced.",1,P,"-"
159384,"PRODUCTIVE WALLED GARDEN",Y,"A large kitchen garden enclosed by a substantial wall, not usually adjacent to its associated house.",1,P,"-"
159386,"SLIP (GARDEN)",Y,"A strip of cultivated land situated against the exterior of a walled garden's perimeter, so placed to maximise usable wall space.",1,P,"-"
159387,"FRAME YARD",Y,"A small enclosure containing cold frames, often of brick and glass construction, usually situated against the exterior of a walled garden's south-facing garden.",1,P,"-"
159388,"BACK SHED",Y,"A single-storey structure, usually situated against the exterior of a walled garden's south facing wall, used for storage and often accomodation.",1,P,"-"
159389,"DIPPING POND",Y,"A small pond, usually circular and serving as a feature at the centre of a walled garden, used for the purpose of filling watering cans.",1,P,"-"
159391,"IMMIGRATION CENTRE",Y,"A building or complex used for the temporary detention of people with no legal right to be in the UK who have refused to leave voluntarily.",1,P,"-"
160127,"FIGHTER PEN",Y,"A turf-covered mound in a curvilinear E-shape, and hard-standing to take an aircraft. There were usually an access point to an air raid shelter at the rear. In use during WW2",1,P,"-"
160189,"VEGETABLE CHUTE",Y,"A channel for conveying vegetables.",1,P,"-"
160193,"CYCLE LANE",Y,"An area of a carriageway, usually delimited by road markings, for the sole use of bicycles.",1,P,"-"
160196,"SAVINGS BANK",Y,"A bank which specializes in accepting savings deposits. Originally established to help the poor.",1,P,"-"
160217,"AIR RAID PRECAUTIONS CENTRE",Y,"A building used as a control centre for the Air Raid Precautions network, responsible for issuing air raid warnings and coordinating fire and rescue services.",1,P,"-"
160218,"AIR RAID PRECAUTIONS LANTERN",Y,"A specialized lantern, with a reduced glare, for use in air raids.",1,P,"-"
160219,"AIR RAID PRECAUTIONS OBSERVATION POST",Y,"An observation post used by Air Raid Precautions wardens to watch for aircraft and bomb strikes.",1,P,"-"
160220,"AIR RAID PRECAUTIONS REPORT CENTRE",Y,"A centre used by the Air Raid Precautions network to co-ordinate reports of air raids in an area.",1,P,"-"
160221,"AIR RAID PRECAUTIONS SIGN",Y,"A sign used by the Air Raid Precautions network to assist in identifying vital equipment and resources in the event of an air raid or to aid movement during blackouts.",1,P,"-"
160222,"AIR RAID PRECAUTIONS SIGNAL BOX",Y,"A brick built railway signal box, usually with a reinforced correct roof, designed to minimize the effects of blast damage from aerial bombardment and thus protect the signalling equipment.",1,P,"-"
160223,"AIR RAID PRECAUTIONS STORE",Y,"A building used for the storage and distribution of civilian respirators and Air Raid Precautions equipment.",1,P,"-"
160224,"AIR RAID PRECAUTIONS TRAINING CENTRE",Y,"A centre used to train Air Raid Precautions wardens.",1,P,"-"
160225,"AIR RAID WARNING SIREN",Y,"A siren used to warn of an impending attack by enemy aircraft.",1,P,"-"
160226,"FIREWATCHERS POST",Y,"A building or structure used to provide protection to an Air Raid Warden or firewatcher during an air raid, thus enabling the identification of the locations of fires caused by incendiary bombs in comparative safety.",1,P,"-"
160227,"GUN EMPLACEMENT (TYPE 55414)",Y,"A gun emplacement which conforms to Department of Fortification and Works drawing number 55414.",1,P,"-"
160228,"GUN EMPLACEMENT (TYPE 55415)",Y,"A gun emplacement which conforms to Department of Fortification and Works drawing number 55415.",1,P,"-"
160229,"GUN EMPLACEMENT (TYPE 55422)",Y,"A gun emplacement which conforms to Department of Fortification and Works drawing number 55422.",1,P,"-"
160230,"GUN EMPLACEMENT (TYPE 55483)",Y,"A gun emplacement which conforms to Department of Fortification and Works drawing number 55483.",1,P,"-"
160231,"GUN EMPLACEMENT (TYPE 55491)",Y,"A gun emplacement which conforms to Department of Fortification and Works drawing number 55491.",1,P,"-"
160232,"GUN EMPLACEMENT (TYPE 55503)",Y,"A gun emplacment which conforms to Department of Fortification and Works drawing number 55503",1,P,"-"
160233,"MACHINE GUN EMPLACEMENT",Y,"A structure, usually or concrete or sandbags, in which a machine gun was emplaced.",1,P,"-"
160234,"PARACHUTE STORE (10825/42)",Y,"A distinctive, clerestory-roofed building of three 10ft and two 12ft bays, used for the drying, storage and packing of military parachutes and built to Air Ministry drawing number 10825/42.",1,P,"-"
160235,"PARACHUTE STORE (11137/41)",Y,"A distinctive, clerestory-roofed building of five 10ft bays, used for the drying, storage and packing of military parachutes and built to Air Ministry drawing number 11137/41.",1,P,"-"
160236,"PARACHUTE STORE (175/36)",Y,"A protected parachute store similar in design to the 6351/37 except constructed wholly from reinforced concrete.",1,P,"-"
160237,"PARACHUTE STORE (17865/39)",Y,"A distinctive, clerestory-roofed building of five 10ft bays, used for the drying, storage and packing of military parachutes and built to Air Ministry drawing number 17865/39.",1,P,"-"
160238,"PARACHUTE STORE (2355/25)",Y,"A brick-built building with four windows on the north-facing wall with a pitched roof and with a dormer roof light on both sides, intended for drying, storing and packing parachutes.The 2355/25 was the first design for a purpose-built parachute store.",1,P,"-"
160239,"PARACHUTE STORE (3633/35)",Y,"A hut 51ft long by 20ft wide used to dry, store and pack parachutes.Similar in design to the 2355/25, but constructed in timber instead of brick.",1,P,"-"
160240,"PARACHUTE STORE (6351/37)",Y,"A protected parachute store built with permanent brick cavity walls and a roof of reinforced concrete slabs in two heights separated by lantern lights.",1,P,"-"
160241,"POWER HOUSE (1380/24)",Y,"A power house built to Air Ministry drawing number 1380/24.",1,P,"-"
160242,"POWER HOUSE (207/17)",Y,"A power house built to Air Ministry drawing number 207/17 and comprising four rooms; a driver's room, workshop and store, battery room and engine room containing 2 generator sets.",1,P,"-"
160243,"POWER HOUSE (476/18)",Y,"The standard RFC power house built to Air Ministry drawing number 476/18 and comprising an engine room with a small workshop and driver's room.",1,P,"-"
160244,"STAND BY SET HOUSE",Y,"A building housing the stand-by generator set and associated equipment which could supply electricity to all essential services in the event of a power cut.",1,P,"-"
160245,"STAND BY SET HOUSE (1039/41)",Y,"A stand by set house built to Air Ministry drawing number 1039/41.",1,P,"-"
160246,"STAND BY SET HOUSE (13244/41)",Y,"A stand by set house designed to drawing number 13244/41 and comprising of 4 rooms; a fuel storage room, a transformer chamber, a switchgear chamber and the main engine room with 2 diesel engines.",1,P,"-"
160247,"STAND BY SET HOUSE (16302/41)",Y,"A stand by set house similar to 13244/41 and designed to drawing number 16302/41 and comprising of 4 rooms; a fuel storage room, a transformer chamber, a switchgear chamber and the main engine room with 3 diesel engines.",1,P,"-"
160248,"STAND BY SET HOUSE (3527/43)",Y,"A portable stand by set house built to Air Ministry drawing number 3527/43.",1,P,"-"
160249,"Portable Stand By Set House",N,"-",1,N,"-"
160250,"STAND BY SET HOUSE (4238/44)",Y,"A stand by set house built to Air Ministry drawing number 4238/44.",1,P,"-"
160251,"STAND BY SET HOUSE (607/36)",Y,"An expansion period stand by set house designed to drawing number 607/36 and containing a single generator set and switch board. Constructed in reinforced concrete.",1,P,"-"
160253,"STAND BY SET HOUSE (8760/42)",Y,"A stand by set house built with a steel-framed pitched roof. Built to drawing number 8760/42 it was intended to supersede all earlier designs and was cheaper to produce. Both the transformer and fuel tanks were located outside the main building.",1,P,"-"
160254,"STAND BY SET HOUSE (974/35)",Y,"An expansion period stand by set house designed to drawing number 974/35 and containing a single generator set and switch board. Constructed with brick cavity walls.",1,P,"-"
160255,"SOUND MIRROR (20 FEET)",Y,"A concrete, circular concave dish 20 feet in diameter used as an acoustic listening device to detect approaching enemy aircraft.",1,P,"-"
160256,"SOUND MIRROR (200 FEET)",Y,"A concrete, concave wall 200 feet in length used as an acoustic listening device to detect approaching enemy aircraft.",1,P,"-"
160257,"SOUND MIRROR (30 FEET)",Y,"A concrete, circular concave dish 30 feet in diameter used as an acoustic listening device to detect approaching enemy aircraft.",1,P,"-"
160258,"SOUND MIRROR BUILDING",Y,"A building housing the acoustic detection equipment for a sound mirror",1,P,"-"
160259,"EARLY WARNING SITE",N,"A site, building or structure used for the detection of approaching hostile aircraft, shipping or missiles early enough to allow a counterattack or defensive measures to be taken. Use more specific term.",1,P,"-"
160260,"WATCH OFFICE WITH MET SECTION",Y,"A watch office with additional rooms given over to the meteorological section, including a forecast room and met store.",1,P,"-"
160261,"Watch Office With Meteorological Section",N,"-",1,N,"-"
160262,"WATCH OFFICE WITH MET SECTION (2328/39)",Y,"A two-storey, all-concrete construction with a watch office and additional rooms given over to the meteorological section, including a forecast room and met store. A concrete parapet all around the roof differentiates it from 5845/39.",1,P,"-"
160263,"Watch Office With Meteorological Section (2328/39)",N,"-",1,N,"-"
160265,"WATCH OFFICE WITH MET SECTION (2423/39)",Y,"An all timber constructed watch office with meterological section. Similar in design to 2328/39 and 5845/39. There were only two known examples built in the UK at Wick and St.Eval.",1,P,"-"
160266,"Watch Office With Meteorological Section (2423/39)",N,"-",1,N,"-"
160267,"WATCH OFFICE WITH MET SECTION (518/40)",Y,"A temporary brick and timber watch office based on the all-timber 2423/39. Built after 1941 on many Operational Training Unit airfields the design was superseded by 8936/40.",1,P,"-"
160268,"Watch Office With Meteorological Section (518/40)",N,"-",1,N,"-"
160269,"WATCH OFFICE WITH MET SECTION (5845/39)",Y,"A two-storey, brick construction with a watch office and additional rooms given over to the meteorological section, including a forecast room and met store. A brick parapet on the roof differentiates it from 2328/39.",1,P,"-"
160270,"Watch Office With Meteorological Section (5845/39)",N,"-",1,N,"-"
160271,"WATCH OFFICE WITH MET SECTION (8936/40)",Y,"Based on the previous all-timber design 2423/39 and the temporary brick and timber design 518/40, the 8936/40 was built with pre-cast concrete slabs replacing the timber floors and staircases with only the balcony and watch office roof in timber.",1,P,"-"
160272,"Watch Office With Meteorological Section (8936/40)",N,"-",1,N,"-"
160273,"WATCH OFFICE (1960/34)",Y,"A two-storey watch office, built to Air Ministry drawing number 1959/34 but with slight design modifications as detailed in drawing number 1960/34.",1,P,"-"
160276,"VICKERS MACHINE GUN EMPLACEMENT",Y,"A square, concrete pillbox-like structure with 36in thick walls and a single large embrasure used to emplace a Vickers Medium Machine Gun. The entrance was protected by an external blast wall.",1,P,"-"
160277,"LINK TRAINER",Y,"A building containing a flight siumlator used to provide safe training for pilots.",1,P,"-"
160278,"LINK TRAINER (10040/41)",Y,"A building housing a flight simulator designed to air ministry drawing number 10040/41.",1,P,"-"
160279,"LINK TRAINER (1762/39)",Y,"A building housing a flight simulator designed to air ministry drawing number 1762/39.",1,P,"-"
160280,"LINK TRAINER (4188/42)",Y,"A building housing a flight simulator designed to air ministry drawing number 4188/42.",1,P,"-"
160281,"LINK TRAINER (7790/40)",Y,"A building housing a flight simulator designed to air ministry drawing number 7790/40.",1,P,"-"
160282,"In Line Type Flarepath Site",N,"-",1,N,"-"
160283,"T Type Flarepath Site",N,"-",1,N,"-"
160284,"Avenue Type Flarepath Site",N,"-",1,N,"-"
160286,"Drem Type Flarepath Site",N,"-",1,N,"-"
160287,"Dummy Landing Ground (Night)",N,"-",1,N,"-"
160289,"Q SITE SHELTER (3395/40)",Y,"An operations room, built to drawing number 3395/40, to control the lighting arrays of the 'T' type of bombing decoy in use during the Second World War. It was semi-sunken for added protection and then covered in earth",1,P,"-"
160290,"Q SITE SHELTER (367/41)",Y,"An operations room, built to drawing number 367/41, to control the lighting arrays of the DREM type of bombing decoy in use during the Second World War. Unlike earlier designs it was surface built and then covered in earth to protect against flooding.",1,P,"-"
160291,"QF SITE",Y,"A decoy fire positioned close to a legitimate target which would be lit in the event of an incendiary attack in the hope that subsequent bombs would be drawn to the area of the decoy.",1,P,"-"
160293,"Sf Site",N,"-",1,N,"-"
160296,"ANTI TANK BUOY",Y,"Blocks of solid concrete, in the shape of a round bottomed cone usually 2 feet 6 inches across x 2 feet 9 inches high. Buoys were mainly used in road blocks intended to impede enemy movement in the event of invasion.",1,P,"-"
160298,"ANTI TANK CALTROP",Y,"Blocks of concrete with four protruding arms so that, whichever way up the caltrop is placed, one arm will always point upward. Used in imitation of the iron caltrops thrown on the ground to impede cavalry.",1,P,"-"
160299,"Caltrop",N,"-",1,N,"-"
160300,"ANTI TANK COFFIN",Y,"Rectangular slabs of concrete with a sloping top usually with sides of 5 feet by 3 feet and 3 feet high which when placed in rows were intended to form a substantial barrier to enemy armoured divisions in the event of invasion.",1,P,"-"
160301,"ANTI TANK CUBE",Y,"Cubes of solid concrete, usually with sides of 3 feet 6 inches or 5 feet which when placed in rows were intended to form a substantial barrier to enemy armoured divisions in the event of invasion.",1,P,"-"
160302,"Cube",N,"-",1,N,"-"
160303,"ANTI TANK CYLINDER",Y,"Blocks of solid concrete, in the form of cylinders usually 2 feet across x 2 feet 6 inches or 3 feet high. Cylinders were mainly used in road blocks intended to impede enemy movement in the event of invasion.",1,P,"-"
160304,"Cylinder",N,"-",1,N,"-"
160305,"ANTI TANK PIMPLE",Y,"Blocks of solid concrete,in the form of truncated pyramids usually 3 feet square x 2 feet high which could be placed in rows to impede enemy movement in the event of invasion. Pimples were recommended for use on soft ground.",1,P,"-"
160306,"Pimple",N,"-",1,N,"-"
160307,"Dragon'S Teeth",N,"-",1,N,"-"
160308,"Shark'S Teeth",N,"-",1,N,"-"
160309,"ANTI TANK TETRAHEDRON",Y,"Triangular concrete pyramids with 6 feet long sides and 5 feet high, intended to impede enemy movement in the event of invasion. Thought to be confined geogaphically to Southern Command.",1,P,"-"
160310,"ANTI TANK CONE",Y,"Cones of solid concrete usually 3 feet 6 inches in diameter x 2 feet high which, when placed in rows or groups were intended to form a substantial barrier to enemy armoured divisions in the event of invasion.",1,P,"-"
160311,"Cone",N,"-",1,N,"-"
160312,"Tetrahedron",N,"-",1,N,"-"
160313,"WATER TOWER (1178/25)",Y,"A large, circular, reinforced-concrete tank supported on concrete staging built to Air Ministry drawing number 1178/25 and designed to hold 30,000 gallons of water. The height of the tower varied according to local site requirements.",1,P,"-"
160314,"WATER TOWER (20/40)",Y,"A plate-steel water tower made with two compartments holding 30,000 gallons of water. Designed to Air Ministry drawing number 20/40.",1,P,"-"
160315,"WATER TOWER (9526/41)",Y,"A plate-steel water tank on a steel tower designed to hold 80,000 gallons of water. Designed to Air Ministry drawing number 9526/41.",1,P,"-"
160316,"ANTI TANK GIRDER",Y,"A metal girder, usually of iron or steel, embedded in the ground designed to obstruct the progress of hostile tanks or armoured vehicles.",1,P,"-"
160317,"ANTI TANK HAIRPIN",Y,"A road block formed by placing curved rails, hairpins,  in sockets in the road surface.",1,P,"-"
160318,"ANTI TANK DITCH (ARTIFICIAL)",Y,"A man made ditch designed to obstruct the progress of a tank or armoured vehicle. Ditches were often reveted with concrete or wood.",1,P,"-"
160319,"ANTI TANK DITCH (NATURAL IMPROVED)",Y,"A natural ditch the depth and/or width of which has been increased so as to prevent the progress of a tank or armoured vehicle.",1,P,"-"
160320,"ANTI TANK SCAFFOLDING",Y,"Scaffolding intended to impede the advance of enemy armoured divisions. Often found in association with one way" anti tank ditches."",1,P,"-"
160321,"ANTI TANK VERTICAL RAIL",Y,"A road block formed by placing rails or girders in an upright position in sockets in the road surface, forming a moveable barrier.",1,P,"-"
160322,"Hedgehog",N,"-",1,N,"-"
160323,"Aircraft Storage Shed (Type K)",N,"-",1,N,"-"
160324,"Aircraft Storage Shed (Type L)",N,"-",1,N,"-"
160325,"Aeroplane Shed (Type B)",N,"-",1,N,"-"
160326,"WATCH OFFICE (343/43)",Y,"A modification of WATCH OFFICE (12779/41) where the original large windows were removed and smaller frames fitted, the gap being filled with straight-joint brickwork.",1,P,"-"
160327,"WATCH OFFICE (4698/43)",Y,"A modification of WATCH OFFICE (207/36) where the central first floor observation post was removed and a new control room with balcony was added across the full width of the building.",1,P,""
160328,"WATCH OFFICE WITH OPERATIONS ROOM",Y,"A building, originally used as a shelter for the duty pilot or officer on watch on an airfield, incorporating an operations room.",1,P,"-"
160329,"WATCH OFFICE WITH OPS ROOM (13079/41)",Y,"Watch Office with operations room designed to Air Ministry drawing number (13079/41)",1,P,"-"
160330,"WATCH OFFICE WITH OPS ROOM (7345/41)",Y,"Watch Office with operations room designed to Air Ministry drawing number (7345/41",1,P,"-"
160331,"Watch Office With Operations Room (13079/41)",N,"-",1,N,"-"
160332,"Watch Office With Operations Room (7345/41)",N,"-",1,N,"-"
160333,"PILLBOX (TYPE PD541)",Y,"A circular pillbox designed by the Croft Granite, Brick and Concrete Company, with six loopholes. With no roof or door access was gained through the roof.",1,P,"-"
160334,"Croft Pillbox",N,"-",1,N,"-"
160335,"Super Robins",N,"-",1,N,"-"
160336,"Super Robins (Type A)",N,"-",1,N,"-"
160337,"Submarine Mine Establishment",N,"-",1,N,"-"
160338,"Seaplane Hangar",N,"-",1,N,"-"
160339,"INFANTRY POST",Y,"A defensive position, often constructed from sandbags, designed to protect a group of infantry.",1,P,"-"
160340,"Rifle Post",N,"-",1,N,"-"
160341,"Seaplane Station",N,"-",1,N,"-"
160342,"RIFLE PIT",Y,"A pit dug to protect a small group of infantry men.",1,P,"-"
160343,"ANTI LANDING OBSTACLE",Y,"Obstacles placed in open spaces and alongside roads designed to prevent the successful landing of enemy airborne forces.",1,P,"-"
160344,"Anti Glider Obstacle",N,"-",1,N,"-"
160345,"ANTI LANDING TRENCH",Y,"A purpose built trench designed to prevent the successful landing of enemy glider-borne and airborne forces.",1,P,"-"
160346,"AIR FORCE HEADQUARTERS",Y,"A building used for the daily administration of the Royal Air Force.",1,P,"-"
160347,"ARMY HEADQUARTERS",Y,"A building used for the daily administration of an army.",1,P,"-"
160348,"NAVAL HEADQUARTERS",Y,"A building used for the daily administration of the Royal Navy.",1,P,"-"
160349,"TERRITORIAL ARMY HEADQUARTERS",Y,"A building used as headquarters by the Territorial Army, the volunteer reserve of the British army.",1,P,"-"
160350,"Z STATION",Y,"A site, incorporating radio masts, built for for the detection of enemy vessels and aircraft based on the interception of radio transmissions",1,P,""
160351,"WOMENS LAND ARMY HOSTEL",Y,"A hostel used to accommodate members of the Womens Land Army who undertook essential agricultural work during the Second World War.",1,P,"-"
160352,"WOMENS LAND ARMY CAMP",Y,"A camp used to accommodate members of the Womens Land Army who undertook essential agricultural work during the Second World War.",1,P,"-"
160353,"WOMENS AUXILIARY AIR FORCE CAMP",Y,"A camp used for the accommodation of members of the Womens Auxiliary Air Force who undertook a variety of essential roles within the RAF to enable their male counterparts to fight more effectively.",1,P,"-"
160354,"Weapon Testing Facility",N,"-",1,N,"-"
160355,"TORPEDO RANGE",Y,"A designated area of water in which the perfromance of torpedoes can be evaluated.",1,P,"-"
160356,"BOMBER STATION CONTROL TOWER (294/45)",Y,"A control tower designed for use on Very Heavy Bomber Station Airfields. Designed to Air Ministry drawing number 294/45 they were the first to be have a Visual Control Room",1,P,"-"
160357,"Very Heavy Bomber Station Control Tower (294/45)",N,"-",1,N,"-"
160358,"Thor Missile Launch Site",N,"-",1,N,"-"
160359,"ROYAL OBSERVER CORPS COMMAND CENTRE",Y,"A command centre used to co-ordinate information received from Royal Observer Corps observation and monitoring posts.",1,P,"-"
160360,"ROYAL OBSERVER CORPS HEADQUARTERS",Y,"A building used by the Royal Observer Corps as a headquarters and reporting centre. It may also fulfil an observation and nuclear fallout monitoring role. Use term to describe headquarters for plotting and monitoring nuclear fallout.",1,P,"-"
160361,"Royal Observer Corps Monitoring Post",N,"-",1,N,"-"
160362,"ROYAL NAVY SHORE ESTABLISHMENT",Y,"A complex of buildings used as a headquarters and training base for Royal Navy personnel. Even though they are buildings on land shore establishments are deemed to be shipsand are designated 'HMS' eg. HMS Dolphin in Portsmouth.",1,P,"-"
160363,"ROYAL NAVAL BASE",Y,"A site, usually with docks and control buildings, used for the storage, maintenance and deployment of military vessels or the administration of the Royal Navy. May also include accommodation buildings for personnel.",1,P,"-"
160364,"ROYAL NAVAL DEPOT",Y,"A building or site used for the storage and distribution of the essential logistical requirements of the Royal Navy.",1,P,"-"
160365,"ROYAL NAVAL AIR STATION",Y,"An airfield with associated hangars and control buildings used for the storage, maintenance and deployment of military aircraft and airships flown by the Royal Naval Air Service.",1,P,"-"
160366,"ROYAL AIR FORCE BASE",Y,"A site, usually with an airfield, hangars and control buildings, used for the storage and deployment of military aircraft or the administration of the Royal Air Force. May also include accommodation buildings for personnel.",1,P,"-"
160367,"ROYAL AIR FORCE CAMP",Y,"A site with accommodation buildings and ancillary facilities for Royal Air Force personnel.",1,P,"-"
160368,"SECTION POST",Y,"A large pillbox-like structure, often L-shaped or angular, with numerous loopholes used as a defensive position.",1,P,"-"
160369,"DEFENDED BUILDING",Y,"A building which has been altered to increase its defensive characteristics. Use more specific term where known.",1,P,"-"
160370,"PEDESTAL",Y,"A concrete, cylindrical pedestal on which a spigot mortar was mounted. The pedestal is often the only evidence for a Spigot Mortar emplacement to survive.",1,P,"-"
160371,"ANTI LANDING POLE",Y,"A telegraph pole, tree trunk or similar erected on the side of a road, or in an open space, to prevent the landing of hostile aircraft",1,P,"-"
160372,"Pole",N,"-",1,N,"-"
160373,"REGIMENTAL HEADQUARTERS",Y,"The main administrative building and headquarters of a regiment",1,P,"-"
160375,"NAAFI BUILDING",Y,"A building, administered by the Navy, Army and Air Force Institutes, providing retail and leisure services to members of the armed forces.",1,P,"-"
160376,"FIRE TENDER HOUSE",Y,"A building, on an airfield, used to house a fire engine.",1,P,"-"
160377,"FIRE TENDER HOUSE (12563/40)",Y,"A building, on an airfield, used to house a fire engine designed to Air Ministry drawing number 12563/40.",1,P,"-"
160378,"FIRE TENDER HOUSE (5342/42)",Y,"A building, on an airfield, used to house a fire engine designed to Air Ministry drawing number 5342/42.",1,P,"-"
160379,"HOME GUARD OBSERVATION POST",Y,"An observation post used by members of the Home Guard.",1,P,"-"
160380,"K SITE",Y,"A decoy site designed to replicate the layout of an RAF satellite airfield, complete with dummy aircraft, simulated runways and simple structures intended to fool enemy aircraft during daylight raids.",1,P,"-"
160381,"Dummy Landing Ground (Day)",N,"-",1,N,"-"
160385,"Road Block",N,"-",1,N,"-"
160386,"STRONGPOINT",Y,"A fortifed position, often including fieldworks or defensive structures, designed to keep enemy forces engaged to allow reinforcements to be mobilized.",1,P,"-"
160387,"DRYING TOWER",Y,"A purpose-built building with a tower used for the drying of parachutes.",1,P,"-"
160388,"DRYING TOWER (11595/42)",Y,"A purpose-built building with a steel framed tower, based on drawing number (11595/42). Used for the drying of parachutes.",1,P,"-"
160389,"DRYING TOWER (9290/42)",Y,"A brick tower, based on drawing number (9290/42), usually added to an existing building. Used for the drying of parachutes.",1,P,"-"
160390,"DRYING TOWER (9294/42)",Y,"A purpose-built building with a brick tower constructed on one end, based on drawing number (9294/42). Used for the drying of parachutes.",1,P,"-"
160391,"DECOY AIRFIELD",Y,"A system of lights, controlled fires or dummy constructions, used to simulate an airfield and thus confuse enemy aircraft into bombing these counterfeit targets.",1,P,"-"
160392,"DECOY DOCKS",Y,"A system of lights, controlled fires or dummy constructions, used to simulate a dockyard and thus confuse enemy aircraft into bombing these counterfeit targets.",1,P,"-"
160393,"DECOY DOMESTIC SITE",Y,"A system of lights, controlled fires or dummy constructions, used to simulate a domestic site such as a city and thus confuse enemy aircraft into bombing counterfeit targets.",1,P,"-"
160394,"DECOY RAILWAY SITE",Y,"A system of lights, controlled fires or dummy constructions, used to simulate a railway yard or sidings and thus confuse enemy aircraft into bombing these counterfeit targets.",1,P,"-"
160395,"COAST ARTILLERY BATTERY",Y,"A defensive battery positioned facing out to sea enabling the guns to be brought to bear on enemy shipping and amphibious craft.",1,P,"-"
160396,"ANTI MOTOR TORPEDO BOAT BATTERY",Y,"A coastal battery containing one or more artillery pieces for to defend the coast against hostile motor torpedo boats.",1,P,"-"
160397,"EMERGENCY COAST DEFENCE BATTERY",Y,"A coastal battery constructed at short notice usually mounting a variety of artillery pieces.",1,P,"-"
160398,"CHAIN HOME EXTRA LOW STATION",Y,"A radar station with sets operating on a wavelength of 10cm or less. They were highly accurate radars and gave better sea level coverage than the earlier Chain Home Low stations.",1,P,"-"
160399,"CHAIN HOME LOW STATION",Y,"A radar station with sets operating on a wavelength of 1.5m. Chain Home Low Stations were intended for use in locating low-flying aircraft but was also capable of detecting high-flying aircraft.",1,P,"-"
160400,"COAST DEFENCE CHAIN HOME LOW STATION",Y,"A radar station with sets operating on a wavelenght of 1.5m established to provide radar plotting of both shipping and aircraft movements.",1,P,"-"
160401,"BOMBING TEACHER BUILDING",Y,"A building equipped with instruments and a flight simulator used to teach members of bomber crews how to correctly identify targets for bombing.",1,P,"-"
160402,"BOMBING RANGE TOWER",Y,"An observation tower located on or near to a bombing range.",1,P,"-"
160403,"BOMBING RANGE TARGET",Y,"Any structure or object, used for the purpose of practice bombing.",1,P,"-"
160404,"Bloodhound Missile Launch Site",N,"-",1,N,"-"
160405,"PYROTECHNIC STORE (2647/37)",Y,"A protected building used for the storage of explosives and other pyrotechnic equipment and designed to Air Ministry drawing number 2647/37.",1,P,"-"
160406,"SPIDER BILLET",Y,"A barracks comprising eight barrack blocks accessed via a central corridor. With four blocks on either side of the corridor the whole structure resembled a spider in plan.",1,P,"-"
160407,"SEMI DETACHED BUNGALOW",Y,"A bungalow joined to another to form one building.",1,P,"-"
160408,"BARRAGE BALLOON MOORING",Y,"A mooring, usually consisting of a concrete plinth, to which a barrage balloon was attached.",1,P,"-"
160409,"BARRAGE BALLOON HANGAR",Y,"A hangar used for the storage of barrage balloons.",1,P,"-"
160410,"BARRAGE BALLOON SHELTER",Y,"A building associated with a barrage balloon site and intended to provide shelter for the balloon crew from air attack.",1,P,"-"
160411,"BARRAGE BALLOON GAS DEPOT",Y,"A building or site used for the storage and distribution lighter than air gases for use in barrage balloons.",1,P,"-"
160412,"ANTI LANDING CABLE",Y,"A cable, usually erected between posts, used to prevent the landing or hostile aircraft.",1,P,"-"
160413,"Cable",N,"-",1,N,"-"
160414,"Bombing Range Direction Arrow",N,"-",1,N,"-"
160415,"CONSOL SHELTER",Y,"A small, steel shelter designed for use as a firewatchers post during an air raid.",1,P,"-"
160416,"COMMUNICATION TRENCH",Y,"A trench, usually linking two or more rows of trenches, enabling the conveyance of messages or equipment safely from one trench to another.",1,P,"-"
160417,"FIRE TRENCH",Y,"A trench cut around a building or structure to prevent the spread of fire.",1,P,"-"
160418,"LYON LIGHT EMPLACEMENT",Y,"An emplacement mounting a small, portable electrically-powered searchlight.",1,P,"-"
160452,"FUNDAMENTAL BENCH MARK",Y,"Used by Ordnance Survey to record high accuracy height above Ordnance Datum Newlyn. Marked by a low concrete pillar, and maybe surrounded by railings, they comprise an underground chamber protecting the reference point, built directly onto stable bedrock.",1,P,"-"
160497,"AEROPLANE REPAIR SECTION SHED",Y,"A shed used for the maintenance and repair of aircraft.",1,P,"-"
160498,"AIR SEA RESCUE STATION",Y,"A site or building used to co-ordinate Air-Sea Rescue operations.",1,P,"-"
160499,"ADMIRALTY SIGNAL ESTABLISHMENT",Y,"A building or site conducting research into communication techniques for use in the Royal Navy.",1,P,"-"
160500,"AIR TRAINING CORPS HEADQUARTERS",Y,"A building used for the daily administration of that branch of the RAF dealing with training pilots.",1,P,"-"
160501,"BATTLE HEADQUARTERS (3329/41)",Y,"A structure, based on drawing number (3329/41), intended to be the headquarters for the coordination of an airfield's defences. Constructed above ground this design was found to be vulnerable and was superceded by the (11008/41).",1,P,"-"
160502,"BEACH SCAFFOLDING",Y,"Scaffolding erected on a beach and in the surf so as to prevent hostile forces from landing.",1,P,"-"
160503,"Guard Room",N,"-",1,N,"-"
160504,"ROYAL ORDNANCE FACTORY",Y,"A factory used for the manufacture of ordnance including small arms, ammunition, artillery pieces and armoured fighting vehicles.",1,P,"-"
160505,"DEFENDED HOUSE",Y,"A house which has been altered to increase its defensive characteristics.",1,P,"-"
160506,"Loopholed House",N,"-",1,N,"-"
160507,"Aircraft Landing Ground",N,"-",1,N,"-"
160508,"EMERGENCY LANDING GROUND",Y,"A prepared area of cleared ground on which an aircraft could make an emergency landing.",1,P,"-"
160509,"DISPERSAL PEN",Y,"An area of hardstanding, surrounded on three sides by a protective wall or bank, used for parking aircraft, in a state of readiness, usually around the perimeter of an airfield.",1,P,"-"
160510,"FIGHTER COMMAND STATION",Y,"An airfield, and associated structures, used by one or more fighter squadrons.",1,P,"-"
160511,"FIRING RANGE BLOCKHOUSE",Y,"A shelter on a firing range from which the wepaons testing can be viewed in safety.",1,P,"-"
160512,"Firing Range Shelter",N,"-",1,N,"-"
160513,"GRENADE RANGE",Y,"An area of ground where training in the use of grenades can be carried out.",1,P,"-"
160514,"TRAINING AREA",Y,"A designated area of land, usually closed to the public, used for military exercises and training purposes.",1,P,"-"
160515,"TRAINING BASE",Y,"A military base used for training service personnel.",1,P,"-"
160516,"TRAINING CAMP",Y,"A military camp providing training facilities.",1,P,"-"
160517,"TRAINING SCHOOL WATCH OFFICE",Y,"Based on a typical 18ft span, 40ft long temporary brick hut but with two bay windows in the front elevation, one for the watch office and one for the chief instructor.",1,P,"-"
160518,"RADAR STATION SET HOUSE",Y,"A building housing the generator set and associated equipment supplying electricity to a radar station.",1,P,"-"
160519,"RADAR MAST",Y,"A tall, usually steel, structure used to receive and transmit radio signals in order to determine the height, distance and number of aircraft approaching.",1,P,"-"
160520,"RADIO TELEGRAPHY MAST",Y,"A tall, usually steel, structure used to receive and transmit radio telegraphy signals.",1,P,"-"
160521,"RAIDSAFE SHELTER",Y,"A small, industrially manufactured, air raid shelter, designed to be used inside buildings and to provide cover for nightwatchmen or firewatchers remaining on site during air raids.",1,P,"-"
160522,"ORDNANCE DEPOT",Y,"A building or site used by the armed forces for the storage and issuing of military stores and materials.",1,P,"-"
160523,"PHOTO INTERPRETATION CENTRE",Y,"A building in which photographers, taken for aerial reconnaissance purposes, are analysed and interpreted to provide intelligence on enemy activities.",1,P,"-"
160524,"OPERATIONS ROOM",Y,"A room used for directing military operations and exercises.",1,P,"-"
160525,"TARGET RANGE",Y,"An area of ground used for the testing of, and practicing with, weapons against fixed and moveable targets.",1,P,"-"
160526,"TARGET RAILWAY",Y,"A miniature railway on which targets can be placed to provide moving targets on a firing range.",1,P,"-"
160527,"SUPPLY DEPOT",Y,"A building or site used for the storage and distribution of the essential logistical requirements of an armed force.",1,P,"-"
160528,"GUN LAYING RADAR PLATFORM",Y,"A platform, usually in concrete, on which radar equipment was mounted to assist the targetting of artillery guns. The platform is often the only evidence surviving in the landscape.",1,P,"-"
160529,"FOUGASSE",Y,"A pit filled with rocks and metal, designed to be fired with an explosive charge.",1,P,"-"
160530,"DEMOLITION CHARGE SITE",Y,"A site used for the placing of an explosive, demolition charge. Many types of structures were prepared for demolition in the event of an invasion in order to cause the maximum disruption to the advance of hostile forces. Use more specifc type where known.",1,P,"-"
160531,"CANADIAN PIPE MINE",Y,"A steel pipe driven into the ground at a shallow, oblique angle and packed with explosives. They were intended to be detonated on the approach of a hostile amroured vehicle or tank in order to create an obstacle directly in its path.",1,P,"-"
160532,"Mcnaughton Tube",N,"-",1,N,"-"
160533,"MINED ROAD",Y,"A road which has had mines placed within its structure to enable it to be destroyed in the event of an invasion.",1,P,"-"
160534,"MOBILE SOUND LOCATOR",Y,"A mobile piece of equipment used by the Royal Observer Corps to track the movements of enemy aircraft.",1,P,"-"
160535,"MORRISON SHELTER",Y,"A portable indoor air raid shelter in the form of a steel topped table, often with wire meshing around the sides.",1,P,"-"
160536,"PLUTO SITE",Y,"A site associated with Operation PLUTO (Pipe Line Under The Ocean) the operation to supply the allies with fuel following the invasion of Normandy.",1,P,"-"
160537,"SPECIAL OPERATIONS EXECUTIVE BASE",Y,"A military base for the training of SOE operatives in the skills and techniques required to survive in enemy-occupied territory.",1,P,"-"
160538,"MILITARY OFFICE",Y,"An administrative building used to organize and co-ordinate the activities of members of the armed forces.",1,P,"-"
160539,"SQUADRON OFFICE",Y,"A building used for the administration of a squadron.",1,P,""
160540,"BARBED WIRE ENTANGLEMENT",Y,"One or more coils of barbed wire intended to impede the advance of hostile troops.",1,P,"-"
160541,"DANNERT WIRE",Y,"Barbed wire in the form of a coil which could be extended concertina-like to form a barrier to impede the movement of hostile troops.",1,P,"-"
162543,"YARD MARKER",Y,"An earthwork or structure on a rifle range used to mark a set distance from the rifle butts (usually at 50 or 100 yard intervals).",1,P,"-"
162544,"GOLF BUNKER",Y,"An obstacle on a golf course constituting a hazard. Usually taking the form of a sand trap or dirt mound.",1,P,"-"
162552,"ACCOMMODATION HUT",Y,"A hut used for the accommodation of members of the armed forces.",1,P,"-"
162553,"AIRCRAFT COMPASS PLATFORM",Y,"A circular concrete platform onto which aircraft would be taxied allowing the ground crew to calibrate, check and adjust the accuracy of the aircrafts compass, usually by rotating the platform.",1,P,"-"
162554,"AIRCRAFT CRASH SITE",Y,"A site which is known, or believed to be, where an aircraft crashed. It is an offence to interfere with the wreckage of crashed military aircraft without a licence (Protection of Military Remains Act 1986). Index with AIRCRAFT TYPE where known.",1,P,"-"
162555,"AIRCRAFT LEVEL CROSSING",Y,"A level crossing designed to allow the passage of aircraft to and from a runway which has a railway or road running through it.",1,P,"-"
162556,"AIRMENS QUARTERS",Y,"A building where non-commissioned aircrew are housed.",1,P,"-"
162557,"AMPHIBIOUS BASE",Y,"A site or building used for the storage and maintenance of both land and sea vehicles and from which terrestrial or maritime operations could be carried out.",1,P,"-"
162558,"ANTI AIRCRAFT BATTERY COMMAND POST",Y,"A command post used to direct the guns of an anti aircraft battery.",1,P,"-"
162559,"ANTI AIRCRAFT GUN POST",Y,"A light anti aircraft position, usually open-walled and built of concrete, brick or sandbags used to emplace one or more machine guns mounted on pintels.",1,P,"-"
162560,"ANTI AIRCRAFT GUN TOWER",Y,"A purpose-built firing platform on which an anti-aircraft battery could be emplaced.",1,P,"-"
162561,"ARTILLERY FIRING RANGE",Y,"A piece of ground, or a building, on which artillery may be fired at targets.",1,P,"-"
162562,"ANTI TANK GUNNERY RANGE",Y,"An area of ground on which anti tank guns can be placed for testing purposes and to practice firing at targets.",1,P,"-"
162563,"ANTI TANK ISLAND",Y,"A designated area within a town or village with fixed defences such as pillboxes, anti tank ditches and gun emplacements, designed to threaten the flanks of an enemy force which had broken through a stop line.",1,P,"-"
162564,"ANTI TANK WALL (ASSAULT TRAINING)",Y,"An anti tank wall constructed specifically to be used for training purposes.",1,P,"-"
162565,"Anti Tank Trap",N,"-",1,N,"-"
162566,"Anti Tank Trench",N,"-",1,N,"-"
162567,"Bcf Hut",N,"-",1,N,"-"
162568,"PIERMASTERS OFFICE",Y,"Office used by a Piermaster.",1,P,"-"
162570,"POULTIGGERY",Y,"A building combining a pigsty at ground level with a poultry house in a loft over.",1,P,"-"
162571,"Poultry Housing",N,"-",1,N,"-"
162572,"Silage Tower",N,"-",1,N,"-"
162573,"Ox House",N,"-",1,N,"-"
162574,"Cattle Yard",N,"-",1,N,"-"
162575,"Sheep Yard",N,"-",1,N,"-"
162576,"Horse Yard",N,"-",1,N,"-"
162577,"RAMS PEN",Y,"Cubicles for housing rams, resembling pigsties with their own yard but slightly larger.",1,P,"-"
162592,"ROMANY GYPSY SCHOOL",Y,"Boarding school for children of Travellers and Romany Gypsies while their parents were away on agricultural work",1,P,"-"
162593,"PREFABRICATED CLASSROOM",Y,"A classroom constructed from prefabricated sections.",1,P,"-"
162594,"LAGER BREWERY",Y,"Brewery which produces lager",1,P,"-"
162613,"COURTYARD PLAN",Y,"A farmstead where the working buildings are arranged around a yard.",1,P,"-"
162614,"LOOSE COURTYARD PLAN",Y,"A farmstead where mostly detached buildings have developed around one or more sides of an open cattle yard.",1,P,"-"
162615,"LOOSE COURTYARD PLAN (FOUR SIDED)",Y,"A farmstead where mostly detached buildings have developed around four sides of an open cattle yard.",1,P,"-"
162616,"LOOSE COURTYARD PLAN (ONE SIDED)",Y,"A farmstead where mostly detached buildings have developed around one side of an open cattle yard.",1,P,"-"
162617,"LOOSE COURTYARD PLAN (THREE SIDED)",Y,"A farmstead where mostly detached buildings have developed around three sides of an open cattle yard.",1,P,"-"
162618,"LOOSE COURTYARD PLAN (TWO SIDED)",Y,"A farmstead where mostly detached buildings have developed around two sides of an open cattle yard.",1,P,"-"
162619,"REGULAR COURTYARD PLAN",Y,"Regular courtyard farmsteads where the working buildings are carefully planned as linked ranges and are focused around one or more working yards. They often result from a single phase of building.",1,P,"-"
162620,"REGULAR COURTYARD E PLAN",Y,"Regular courtyard farmsteads where the buildings are arranged as an E-shaped plan around two cattle yards. Cattle housing and stabling typically extend as three ranges from the longer main range which includes a barn or mixing house.",1,P,"-"
162621,"REGULAR COURTYARD F PLAN",Y,"Regular courtyard farmsteads where the buildings are arranged as an F-shaped plan around two cattle yards. Cattle housing and stabling typically extend as three ranges from the longer main range which includes a barn or mixing house.",1,P,"-"
162622,"REGULAR COURTYARD FULL PLAN",Y,"Regular courtyard farmsteads where the buildings are arranged around all four sides of the yard.",1,P,"-"
162623,"REGULAR COURTYARD H PLAN",Y,"Regular courtyard farmsteads where the buildings are arranged as an H-shaped plan, commonly with cattle housing to two or more cattle yards.",1,P,"-"
162624,"REGULAR COURTYARD L PLAN",Y,"Regular courtyard farmsteads where the buildings are arranged as two linked ranges to create an L-shape. They can comprise a barn and an attached shelter shed to a cattle yard or an interlinked cattle housing and fodder range.",1,P,"-"
162625,"REGULAR COURTYARD MULTI YARD",Y,"A farmstead with multiple yards which are grouped together and regularly arranged (other than the defined E, F, H, T or Z plans). The yards may relate to one or more buildings or ranges which may be of either loose courtyard or regular courtyard form.",1,P,"-"
162626,"REGULAR COURTYARD T PLAN",Y,"Regular courtyard farmsteads where the buildings are arranged as two ranges at right angles to each other.",1,P,"-"
162627,"REGULAR COURTYARD U PLAN",Y,"Regular courtyard farmsteads where the buildings are arranged around three sides of a yard which is open to one side.",1,P,"-"
162628,"REGULAR COURTYARD Z PLAN",Y,"An uncommon form of a regular courtyard farmstead where the buildings are arranged in a Z-shaped form.",1,P,"-"
162629,"DISPERSED PLAN",Y,"A farmstead where the buildings and yards are loosely arranged, with no focal yard. Use more specific type where known.",1,P,"-"
162630,"DISPERSED CLUSTER PLAN",Y,"A dispersed farmstead where the farm buildings and farmhouse are loosely grouped together within the boundary of the farmstead.",1,P,"-"
162631,"DISPERSED DRIFTWAY PLAN",Y,"A dispersed farmstead where buildings and yards (regular or loose courtyard in their form) are sited alongside a routeway.",1,P,"-"
162632,"DISPERSED MULTI YARD PLAN",Y,"A dispersed farmstead where buildings are arranged around scattered yards which can be loose or regular in their form.",1,P,"-"
162633,"LINEAR PLAN",Y,"A farmstead where the house and working buildings are attached and in-line. Can include Bastles, Longhouses and Laithe houses.",1,P,"-"
162634,"PARALLEL PLAN",Y,"A farmstead, often of linear plan, where the working buildings are placed opposite and parallel to the house and attached working buildings with a relatively narrow space between.",1,P,"-"
162635,"ROW PLAN",Y,"A farmstead where the main range of working buildings are attached in-line and form a long row often facing a series of yards.",1,P,"-"
162636,"L PLAN (HOUSE ATTACHED)",Y,"A farmstead where the farmhouse and working buildings are attached and in-line. They can comprise the extension of linear farmsteads.",1,P,"-"
162637,"STADDLE BARN",Y,"A threshing barn, usually timber framed which is raised on staddle stones.",1,P,"-"
162638,"PORTAL FRAMED SHED",Y,"Mass produced iron framed shed usually clad in metal sheeting.",1,P,"-"
162639,"Squash Racquets Court",N,"-",1,N,"-"
162640,"BASTLE (NON DEFENSIVE)",Y,"A stone building with external access to the domestic accommodation via a permanent stair. The ground floor is normally used as a byre in rural contexts, but in an urban setting it may be intended for one of a number of other non domestic uses.",1,P,"-"
162641,"AUXILIARY UNIT SITE",N,"A site intended for use by the Auxiliary Units (or British Resistance Organisation) in the event of an invasion. Use more specific term.",1,P,"-"
162642,"AUXILIARY UNIT SPECIAL DUTIES BASE",Y,"A well concealed structure, usually constructed undergound, intended for use by members of the Special Duties section of the Auxiliary Units (or British Resistance Organization) in the event of invasion.",1,P,"-"
162643,"AUXILIARY UNIT SPECIAL DUTIES OUTSTATION",Y,"A hideout containing radio equipment to be used by the Special Duties sections of the Auxiliary Units to send information to the control station for relaying to headquarters.",1,P,"-"
162644,"AUXILIARY UNIT SPECIAL DUTIES CONTROL STATION",Y,"An underground hideout containing radio equipment to be used by the Special Duties sections of the Auxiliary Units to co-ordinate information collected by the outstations for relaying to headquarters.",1,P,"-"
162645,"AUXILIARY FIRE STATION",Y,"A fire station built for use by the Auxiliary Fire Service, established in 1938 to supplement existing local brigades.",1,P,"-"
162646,"AUXILIARY HOSPITAL",Y,"A building temporarily requistioned for use as a hospital. Auxiliary hospitals treated the less seriously wounded and were less strict than military hospitals although they remained under military control.",1,P,"-"
162647,"AUXILIARY UNIT BOMB STORE",Y,"A structure, usually well concealed, used to store explosives intended for use by the Auxiliary Units (or British Resistance Organization) in the event of an invasion.",1,P,"-"
162648,"REGIONAL GOVERNMENT SHELTER",Y,"A reinforced concrete structure, usually sited underground,  intended to be used by the regional government as an air raid shelter in the event of a nuclear attack.",1,P,"-"
162649,"GUN STORE",Y,"A building used for the storage of artillery pieces.",1,P,"-"
162650,"CIVIL DEFENCE GARAGE",Y,"A garage for the storage and maintenance of motor vehicles, such as ambluances and fire engines, used for civil defence purposes.",1,P,"-"
162651,"CIVIL DEFENCE HEADQUARTERS",Y,"A building used for the daily administration of Civil Defence activities.",1,P,"-"
162652,"CIVIL DEFENCE TRAINING CENTRE",Y,"A building or site used to train civilians and members of the services in the skills designed to protect the civilian population during times of war. Could also be used during times of national emergency.",1,P,"-"
162653,"CHEMICAL WEAPONS STORE",Y,"A protected building or site used for the safe storage of chemical weapons",1,P,"-"
162654,"MANORIAL FARM",Y,"A medieval high status farmstead, acting as the centre of the estate, directly controlled by the lord and used for the benefit of his household and dependents.",1,P,"-"
162655,"Demesne Farm",N,"-",1,N,"-"
162700,"Flying Boat Shed",N,"-",1,N,"-"
162701,"Flying Boat Hangar",N,"-",1,N,"-"
162712,"Airport Terminal",N,"-",1,N,"-"
162713,"Adit Entrance",N,"-",1,N,"-"
162714,"Administrative Office",N,"-",1,N,"-"
162715,"ARCH DAM",Y,"A curved dam usually built of concrete and designed with the curve upstream so that the force of the water compresses the structure and strengthens it as it pushes it into its foundations. Arch dams are best suited to narrow gorges",1,P,"-"
162716,"Arched Bridge",N,"-",1,N,"-"
162719,"Arp Centre",N,"-",1,N,"-"
162720,"Art College",N,"-",1,N,"-"
162721,"BASKETBALL COURT",Y,"A prepared area of ground, often enclosed, used for the game of basketball.",1,P,"-"
162722,"BELISHA BEACON",Y,"Traditionally an amber-coloured globe lamp atop a tall black and white pole, acting as a signal to road users that there is a pedestrian crossing. Modern beacons may also include an outer ring of flashing LED lights.",1,P,"-"
162723,"BET HAMIDRASH",Y,"A hall, often associated with a synagogue, used for studying the Torah and other religious texts.",1,P,"-"
162726,"BUTTRESS DAM",Y,"A dam with a watertight upstream side, which may be flat or curved, supported by a series of buttresses on the downstream side.",1,P,"-"
162727,"CEREAL FACTORY",Y,"A factory built for the production of breakfast cereals.",1,P,"-"
162728,"GIG MILL",Y,"A woollen mill in which the cloth was passed over rollers covered in short spikes to raise the nap in one direction only.",1,P,"-"
162729,"Gunpowder Magazine",N,"-",1,N,"-"
162732,"PAINTBALLING SITE",Y,"Site or building used for paintballing.",1,P,"-"
162752,"JAIN TEMPLE",Y,"A place of worship for the followers of Jainism",1,P,"-"
162753,"Derasar",N,"-",1,N,"-"
162754,"Basadi",N,"-",1,N,"-"
162755,"Jain Mandir",N,"-",1,N,"-"
162756,"Hindu Mandir",N,"-",1,N,"-"
162757,"Devalayam",N,"-",1,N,"-"
162758,"Devasthanam",N,"-",1,N,"-"
162759,"Gurdwara",N,"-",1,N,"-"
162794,"RAILWAY BUILDING",Y,"A building or structure of unknown function found on a railway. Use more specific type where known",1,P,"-"
162796,"DEPOT",Y,"A building or site used as a storage and distribution centre.",1,P,"-"
162813,"Motorway Service Station",N,"-",1,N,"-"
162832,"Anchorhold",N,"-",1,N,"-"
162852,"Crouched Burial",N,"-",1,N,"-"
162853,"DRAW KILN",Y,"A lime kiln built into a low hillside or slope to facilitate top loading of the limestone.",1,P,"-"
162854,"Driftway",N,"-",1,N,"-"
162872,"FLARE KILN",Y,"A lime kiln where the fuel is not mixed with the limestone but burnt below it.",1,P,"-"
162873,"FOX COVERT",Y,"A small area of managed woodland, created to provide cover for foxes.",1,P,"-"
162874,"GAME COVERT",Y,"A small area of managed woodland, created to provide cover for deer and other game.",1,P,"-"
162875,"Greek Mill",N,"-",1,N,"-"
162876,"Gunflint Mine",N,"-",1,N,"-"
162877,"Gurgite",N,"-",1,N,"-"
162878,"Haecwer",N,"-",1,N,"-"
162879,"Horreum",N,"-",1,N,"-"
162880,"Intermittent Flare Kiln",N,"-",1,N,"-"
162881,"Intermittent Kiln",N,"-",1,N,"-"
162882,"Periodic Kiln",N,"-",1,N,"-"
162883,"Mitre Gate",N,"-",1,N,"-"
162884,"Perpetual Kiln",N,"-",1,N,"-"
162892,"HARE WARREN",Y,"An area of land, usually enclosed, set aside for the breeding of hares.",1,P,"-"
162893,"Slag Bank",N,"-",1,N,"-"
162894,"SLAG PIT",Y,"A pit containing the waste product form iron working.",1,P,"-"
162895,"Slag Dump",N,"-",1,N,"-"
162912,"SOLAR EVAPORATION PAN",Y,"A shallow artificial pond, usually found on the coast, in which sea water is allowed to evaporate leaving behind the salt.",1,P,"-"
162913,"Solar Pan",N,"-",1,N,"-"
162932,"TANK",Y,"Armoured military vehicle with its own firepower, which operates on tracks for troop mobility over rough terrain. Some may be adapted, or purpose-built, to be amphibious, and may then be double-indexed as AMPHIBIOUS VEHICLE.",1,P,"-"
162952,"Chimney Stack",N,"-",1,N,"-"
162953,"Churchyard Watch House",N,"Use both terms.",1,N,"-"
162954,"Civil Court",N,"-",1,N,"-"
162955,"Clay Quarry",N,"Use both terms.",1,N,"-"
162956,"Cliff Dwelling",N,"-",1,N,"-"
162957,"Clockmakers Workshop",N,"-",1,N,"-"
162958,"CLOTH WAREHOUSE",Y,"A large building used for the storage of finished cloth.",1,P,"-"
162959,"FUELLING STATION",Y,"A facility used for the storage and distribution of fuel for transportation. Often associated with dockyards and railways.",1,P,"-"
162960,"Coaling Station",N,"-",1,N,"-"
162961,"Gliding Club",N,"-",1,N,"-"
162962,"Tub Font",N,"-",1,N,"-"
162963,"Marmalade Factory",N,"-",1,N,"-"
162964,"Verderers Court",N,"-",1,N,"-"
162965,"University Campus",N,"Use both terms.",1,N,"-"
162966,"Hospital Campus",N,"Use both terms.",1,N,"-"
162967,"BOMBER COMMAND STATION",Y,"An airfield, and associated structures, used by one or more bomber squadrons.",1,P,"-"
162968,"Bomber Aerodrome",N,"-",1,N,"-"
162969,"INFANTRY BARRACKS",Y,"A building, or buildings, providing accommodation for an infantry regiment.",1,P,"-"
162970,"Barrage Baloon Tethering Point",N,"-",1,N,"-"
162971,"Bowls House",N,"-",1,N,"-"
162972,"Bowls Pavilion",N,"-",1,N,"-"
162973,"Bowling House",N,"-",1,N,"-"
162974,"Bowls Lawn",N,"-",1,N,"-"
162975,"Gallery",N,"-",1,N,"-"
162976,"Art Studio",N,"-",1,N,"-"
162977,"Bridgemans Cottage",N,"-",1,N,"-"
162978,"Open Conduit",N,"-",1,N,"-"
162979,"Gasholder",N,"-",1,N,"-"
162980,"Gasholder House",N,"-",1,N,"-"
162981,"Gas Light",N,"-",1,N,"-"
162982,"Gas-Works",N,"",1,N,""
162983,"Vinehouse",N,"-",1,N,"-"
162984,"GOLF LINKS",Y,"A golf course, usually situated on or near the coast, consisting of sand dunes with few trees or water obstacles.",1,P,"-"
162985,"Herdsmans Cottage",N,"-",1,N,"-"
162986,"Limekiln",N,"-",1,N,"-"
162987,"New Connexion Chapel",N,"Use most appropriate term.",1,N,"-"
162988,"Stage School",N,"-",1,N,"-"
162989,"Greyhound Track",N,"-",1,N,"-"
162990,"HELTER SKELTER",Y,"A fairground ride, often a permanent structure, consisting of a tower with an internal staircase and an external spiral shaped slide.",1,P,"-"
162991,"Raf College",N,"-",1,N,"-"
162992,"Gliding Clubhouse",N,"Use both terms.",1,N,"-"
162993,"Tennis Clubhouse",N,"Use both terms.",1,N,"-"
162994,"Golf Clubhouse",N,"Use both terms.",1,N,"-"
163012,"Coastguard Post",N,"-",1,N,"-"
163013,"College Of Technology",N,"-",1,N,"-"
163014,"Colony",N,"-",1,N,"-"
163015,"Cree",N,"-",1,N,"-"
163016,"Cycle Track",N,"-",1,N,"-"
163017,"DARBAR SAHIB",Y,"The main hall of worship within a Sikh Temple.",1,P,"-"
163018,"Darbar",N,"-",1,N,"-"
163019,"DEER SHED",Y,"A building used to store fodder for deer.",1,P,"-"
163020,"DIVING POOL",Y,"A large, deep, manmade pool, usually with accompanying diving boards/platforms and forming part of a swimming pool complex.",1,P,"-"
163021,"Erecting Workshop",N,"-",1,N,"-"
163022,"Exercise Ring",N,"-",1,N,"-"
163023,"Fighter Aerodrome",N,"-",1,N,"-"
163052,"Cotton Spinning Mill",N,"-",1,N,"-"
163053,"COTTON WORKSHOP",Y,"A workshop used in the manufacture and preparation of cotton",1,P,"-"
163054,"Flying Clubhouse",N,"-",1,N,"-"
163055,"Lads Club",N,"-",1,N,"-"
163056,"Lookout Tower",N,"-",1,N,"-"
163172,"STANTON SHELTER",Y,"A commercially manufactured air raid shelter, using prefabricated parabolic concrete panels which could be combined to produce any length of shelter.Usually semi-sunken and covered with earth they were mainly used on RAF sites.",1,P,"-"
163212,"THEATRE STANDING",Y,"Platform or structure used for viewing performances.",1,P,"-"
163213,"SPIRIT CELLAR",Y,"A building or subterranean structure used for the storage of spirits.",1,P,"-"
163215,"MOTOR HOUSE",Y,"A building for housing, maintaining and repairing motor cars. Dating to the 1890s.",1,P,"-"
163217,"PRIVATE SURGERY",Y,"A surgery where patients who pay for medical treatments are seen and treated.",1,P,"-"
163218,"ROLLER MILL",Y,"A grain grinding mill in which the meal is ground into flour between revolving metal rolls.",1,P,"-"
163219,"Student Accommodation",N,"Purpose built accommodation for students built by a private company rather than a college or university.",1,N,"-"
163220,"LEVEL CROSSING GATE HUT",Y,"Hut for use at Level Crossings that were not adjacent to Signal Boxes.",1,P,"-"
163226,"CELTIC CROSS",Y,"A free-standing cross made of stone in the form of a cross with a ring surrounding the intersection. Often used as a grave marker",1,P,"-"
163227,"CASKET TOMB",Y,"A grave marker in the form of a casket.",1,P,"-"
163239,"Inland Landmark Tower",N,"-",1,N,"-"
163240,"Fermentation Block",N,"-",1,N,"-"
163242,"ACADEMY SCHOOL",Y,"A school that is directly funded by central government (specifically, the Department for Education) and independent of direct control by local government in England.",1,P,"-"
163246,"TELEVISION SET",Y,"Purpose built or modified structure or building used for scenery in a television program.",1,P,"-"
163247,"TANK RAMP",Y,"An inclined plane built to allow tanks to be loaded and unloaded between rolling stock on the railway network and vehicular low loaders.",1,P,"-"
163256,"RUSSIAN BATHS",Y,"A building housing a Russian-style steam bath or banya.",1,P,"-"
163258,"TRAM TURNTABLE",Y,"A mechanism used to turn a tram around.",1,P,"-"
163866,"Barracks Institute",N,"-",1,N,"-"
164002,"Botontinus",N,"-",1,N,"-"
164079,"ORDNANCE DISPOSAL SITE",Y,"Site for the disposal of unexploded ordnance, possibly attached to a bombing range.",1,P,"-"
164099,"REMOUNT DEPOT",Y,"A military depot where horses were taken and trained for service in the army.",1,P,"-"
164100,"SHIRT FACTORY",Y,"A factory where shirts are manufactured.",1,P,"-"
164101,"COLLAR FACTORY",Y,"A factory where collars, for shirts and other garments, are manufactured.",1,P,"-"
164103,"LAND ARMY HOSTEL",Y,"A building, often converted from its original use, for use as a temporary accommodation by members of the Women's Land Army during the First and Second World Wars.",1,P,"-"
164104,"GAS MASK FACTORY",Y,"Building or buildings used for the production of Gas Masks. Consider double-indexing with the term WAR PRODUCTION FACTORY if appropriate.",1,P,"-"
164105,"COUNTY BOUNDARY",Y,"The limit line of a county.",1,P,"-"
164106,"COMMEMORATIVE GARDEN",Y,"A garden created to commemorate a person or event.",1,P,"-"
164114,"ORNAMENTAL BATH",Y,"An ornamental garden feature, sometimes with an associated bath house.",1,P,"-"
164115,"OVERBRIDGE",Y,"A bridge that crosses over a railway.",1,P,"-"
164116,"UNDERBRIDGE",Y,"A bridge crossing under railway property.",1,P,"-"
164117,"RUNWAY LIGHTING",Y,"A system of lights to aid aircraft when landing at night. When viewed from above the runway lights form an outline of the runway.",1,P,"-"
164118,"Flare Path",N,"-",1,N,"-"
164119,"Elevator",N,"-",1,N,"-"
164121,"Friction Hoist",N,"-",1,N,"-"
164122,"Belt Conveyor",N,"-",1,N,"-"
164123,"Belt Hoist",N,"-",1,N,"-"
164124,"Cathead",N,"-",1,N,"-"
164126,"STONE MILL",Y,"A flour mill which uses one or more pairs of horizontal millstones to grind wheat into flour which millers call a 'sudden death' process; within not more than 90 seconds complete wheat grain becomes wholemeal flour.",1,P,""
164127,"COMBINATION MILL",Y,"A flour mill using both stones and rollers to produce flour and, perhaps mainly from the stones, animal feed from grains other than wheat.",1,P,"-"
164132,"Club Stewards House",N,"The residence of a person entrusted with the management of a Working Mans Club.",1,N,"-"
164133,"BESSEMER STEEL WORKS",Y,"Site where steel is produced from molten pig iron using a Bessemer Converter, a development from the cementation and crucible steel-making techniques .",1,P,"-"
164135,"CALCITE MINE",Y,"A place where calcite is extracted using both quarrying and deeper mining techniques. Calcite/limestone is used for making glass, paper, photography, statues, building, and animal food.",1,P,"-"
164136,"BATTLEFIELD DEBRIS",Y,"Ordnance, expended or otherwise, weapons, armour, personal effects, transport wreckage, or ship wreckage, left behind on the site of a terrestrial or naval battle.",1,P,"-"
164137,"BATTLEFIELD WRECKAGE",Y,"Structural elements (parts of hull etc.) or fixtures and fittings (masts, etc.) lost during a naval engagement without incurring the actual loss of a ship. May also be used as a monument type for expended ammunition (e.g. shells, cannonballs).",1,P,"-"
164139,"METAL BOX FACTORY",Y,"A building or buildings used for the manufacture of metal boxes or cases.",1,P,"-"
164142,"MAGNESIUM FACTORY",Y,"An industrial facility concerned with the manufacture of magnesium from magnesium hydroxide derived from sea water. Magnesium was used in the manufacture of aircraft.",1,P,"-"
164143,"CONTROL TOWER (5223A/51)",Y,"Central two-storeyed tower surmounted by an octagonal glazed control room giving a 360 degree view. Flanked by single-storey wings.",1,P,"-"
164168,"ROOM AND POWER MILL",Y,"A type of textile mill found in Lancashire in the 19th century. Small businesses paid the owner rent for space for their machines, and power from the mill engine or waterwheel.",1,P,"-"
164170,"CORDITE DOUGH STORE",Y,"A building in which cordite dough is stored before extrusion.",1,P,"-"
164171,"GUNCOTTON STOVE",Y,"A building in which moist guncotton is dried by warm air for use in nitroglycerine manufacture.",1,P,"-"
164172,"REQUISITIONED LAND",Y,"Land which has been temporarily taken over for use by the military or civilian authorities. During wartime land was requisitioned for various purposes, such as for argriculture or for military training/events etc.",1,P,"-"
164173,"CORDITE INCORPORATING HOUSE",Y,"A building in which cordite paste is blended with the solvent acetone and Vaseline to form a cordite dough.",1,P,"-"
164174,"Cordite Press House",N,"-",1,N,"-"
164179,"Cordite Drying Stove",N,"-",1,N,"-"
164181,"Acid Factory",N,"-",1,N,"-"
164183,"SLAB BRIDGE",Y,"A type of concrete bridge, developed in the 20th century, that consists of reinforced concrete deck slabs that sit on the supporting bridge piers and/or abutments.",1,P,"-"
164186,"BARRAGE BALLOON MANUFACTORING SITE",Y,"A site or building where barrage balloons are manufactured. Consider double-indexing with the term WAR PRODUCTION FACTORY if appropriate.",1,P,"-"
164188,"AEROSPACE ENGINEERING WORKS",Y,"A site specializing in the manufacture of parts for the Aerospace industry.",1,P,"-"
164189,"BANDAGE FACTORY",Y,"A building manufacturing bandages.",1,P,"-"
164190,"SLIPPER WORKS",Y,"Factory making slippers.",1,P,"-"
164191,"KNITTING FACTORY",Y,"A factory where knitted fabrics are manufacterd using knitting machines.",1,P,"-"
164194,"LAMSON PNEUMATIC TUBE SYSTEM",Y,"A communication system in which cylindrical containers are propelled through a network of tubes either by compressed air or partial vacuum. They are used for transporting solid objects, as opposed to conventional pipelines, which transport fluids.",1,P,"-"
164196,"ANODIZING WORKS",Y,"A processed used to increase the thickness of the natural oxide layer on the surface of metal parts. The part being treated forms the anode of an electrolytic cell.",1,P,"-"
164229,"TUFTING MACHINERY WORKS",Y,"An engineering works that produces tufting machinery especially for use in the manufacturing of carpets.",1,P,"-"
164357,"PAPER YARN MILL",Y,"Factory where yarn is made from paper.",1,P,"-"
164358,"CAVITATION TUNNEL",Y,"A tunnel used to test scale model propellers and hulls to consider the impact of caviation on wake, propulsion, vibration and noise.",1,P,"-"
164360,"GOOSEHOLE",Y,"A type of goose pen with stone-clad compartments, built into the base of a Cornish hedge near the periphery of a farmstead. Aspect is often towards entrance track or driveway since geese were used in similar role to guard dogs. Particular to Cornwall.",1,P,"-"
164361,"CHENILLE FACTORY",Y,"Factory for making Chenille a yarn produced by placing short lengths of yarn (the pile) between two core yarns (the core) these are then heated to set the pile in place.",1,P,"-"
164363,"Water Tunnel (Hydrodynamic)",N,"-",1,N,"-"
164367,"Defended Cottage",N,"-",1,N,"-"
164368,"TEXTILE MACHINERY WORKS",Y,"An engineering works that produces machinery specially for use in textile making.",1,P,"-"
164369,"SPORTS EQUIPMENT FACTORY",Y,"A factory manufacturing sports equipment.",1,P,"-"
164370,"BILLIARD TABLE FACTORY",Y,"A factory manufacturing billiard tables.",1,P,"-"
164372,"MATTRESS FACTORY",Y,"A factory where matresses are made.",1,P,"-"
164373,"SHADOW FACTORY",Y,"An existing factory that was converted for use as aircraft works in the run up to or during the Second World War.",1,P,"-"
164375,"SENSORY GARDEN",Y,"A garden that has been specifically created to be accessible to both disabled and non-disabled visitors. They may contain scented and edible plants and features designed to make sound etc.",1,P,"-"
164377,"ATOMIC WEAPONS RESEARCH STATION",Y,"Establishments responsible for the research into and the design, development and manufacture of nuclear warheads.",1,P,"-"
164378,"Bomb Chamber",N,"-",1,N,"-"
164379,"Detonation Chamber",N,"-",1,N,"-"
164381,"FIRING CHAMBER",Y,"A protected chamber for investigating the controlled detonation and burning of explosive compounds, typically associated with a protected control room and high speed visual recording facilities.",1,P,"-"
164382,"FIBREGLASS WORKS",Y,"A factory used to manufacture fibreglass.",1,P,"-"
164383,"CARAVAN FACTORY",Y,"A factory manufactoring caravans.",1,P,"-"
164384,"Fiberglass Works",N,"-",1,N,"-"
164385,"PACKAGING EQUIPMENT FACTORY",Y,"A factory used to make packaging equipment.",1,P,"-"
164386,"VOLUNTARY AID DETACHMENT HOSPITAL",Y,"A building temporarily requisitioned for use as an auxiliary hospital administered by members of the Voluntary Aid Detachment during the First World War.",1,P,"-"
164389,"Vad Hospital",N,"-",1,N,"-"
164390,"ROCKET",Y,"A missile or aircraft that obtain its thrust from a rocket engine. Some rockets will exist as monuments for example, in the form of gate guardians. Double index with the monument type where appropriate.",1,P,"-"
164391,"MISSILE TEST SITE",Y,"An area for the testing of guided missiles.",1,P,"-"
164395,"FLAME RETARDANT MATERIAL FACTORY",Y,"A factory making flame retardant materials.",1,P,"-"
164396,"MISSILE SILO",Y,"An underground vertical cylindrical structure for the storage and launching of ballistic missiles.",1,P,"-"
164397,"MISSILE UNDERGROUND LAUNCHER",Y,"A prototype semi-underground silo based launch system specifically designed to hold and fire the Blue Streak Missile. The silo was constructed at RAF Spadeadam in c1959 and abandoned in April 1960.",1,P,"-"
164399,"LAMINATE FLOOR FACTORY",Y,"A factory making laminate flooring.",1,P,"-"
166981,"HORSE ISOLATION HOSPITAL",Y,"A building built for the isolation and treatment of sick horses to prevent the spread of contagious diseases.",1,P,""
166983,"Harbour Foundation",N,"Harbour, quay, jetty or breakwater foundations, often comprising the remains of obsolete vessels scuttled for that purpose.",1,N,"-"
166985,"JUNCTION BOX",Y,"Casing for electrical connections: an enclosed and protected box inside which electrical circuits are interconnected or branched for distribution.",1,P,"-"
167016,"DECOY BATTERY",Y,"Dummy construction in the form of a battery used during WWII to provide a counterfeit target for enemy aircraft.",1,P,"-"
167017,"HERBAL BREWERY",Y,"A plsce were herbal beers are brewed.",1,P,"-"
167027,"Auxiliary Unit Hideout",N,"-",1,N,"-"
167028,"STOP LINE",Y,"A notional line of resistance defined by anti tank obstacles, pillboxes and gun emplacements.",1,P,"-"
167034,"Rocket Underground Launcher",N,"-",1,N,"-"
167057,"REQUISITIONED BUILDING",Y,"A building which has been temporarily taken over for use by the military or civilian authorities. During wartime buildings were requisitioned for various purposes, such as temporary hospitals
or headquarters.",1,P,"-"
167058,"CANADIAN FORESTRY CORPS CAMP",Y,"A camp providing accommodation for members of the Canadian Forestry Corps along with facilities such as saw mills for the sawing and squaring of timber to create pit props, shoring, crates etc for the war effort.",1,P,"-"
167061,"AGRICULTURAL TOOL WORKS",Y,"A small works used for the production of agricultural tools such as hay rakes.",1,P,"-"
167062,"PACKAGING FACTORY",Y,"A factory used to make packaging.",1,P,"-"
167063,"Explosives Storage Facility",N,"-",1,N,"-"
167064,"STORAGE FACILITY",N,"Sites and buildings used for the storage or equipment, ordnance or vehicles. Use more specific term.",1,P,"-"
167065,"STORAGE BUILDING",Y,"A building used for the storage of equipment.",1,P,"-"
167066,"Water Storage Facility",N,"-",1,N,"-"
167067,"Transport Site",N,"Use most appropriate term",1,N,"-"
167068,"Vehicle Park",N,"Use most appropriate term",1,N,"-"
167069,"AMBULANCE PARK",Y,"A site, usually including hardstandings and associated buildings, where ambulances can be parked and stored.",1,P,"-"
167070,"Ammunition Store",N,"-",1,N,"-"
167071,"AMMUNITION DEPOT",Y,"A site, including buildings and hardstandings, used for the storage and distribution of ammunition.",1,P,"-"
167072,"ART STORAGE FACILITY",Y,"A site used for the safe storage of the art held in the national collections. During the Second World War many paintings, sculptures and works of art were moved to modified mines for safe keeping to protect them against bomb damage.",1,P,"-"
167073,"AUXILIARY UNIT SPECIAL DUTIES ZERO STATION",Y,"An underground hideout containing radio equipment to be used by the Special Duties sections of the Auxiliary Units to recieve coded information from the out-stations in the surrounding area for relaying to headquarters via direct phone line.",1,P,"-"
167074,"AUXILIARY UNIT CONTROL STATION",Y,"An underground hideout containing radio equipment to be used by the Auxiliary Units to relay information gained from the various out-stations back to headquarters.",1,P,"-"
167075,"AUXILIARY UNIT OBSERVATION POST",Y,"An observation post, usually well concealed, intended for use by the Auxiliary Units (or British Resistance Organisation), in the event of an invasion, to watch enemy movements without being seen.",1,P,"-"
167076,"BATTERY ENGINE HOUSE",Y,"A building housing the engines used to power equipment used by a searchlight, anti-aircraft or coastal battery.",1,P,"-"
167077,"BILLET",Y,"Accommodation, often in private houses or lodgings, provided for military personnel.",1,P,"-"
167078,"BRITISH RESTAURANT",Y,"A non-profit making restaurant administered by a Local Food Committee which provided customers with good quality and wholesome food which could be purchased without ration coupons.",1,P,"-"
167079,"CHECKPOINT",Y,"A roadblock, usually manned by the Home Guard, where the credentials of civilians and military personnel where checked before allowing them to proceed.",1,P,"-"
167080,"COAST BATTERY GUN SITE",Y,"A gun emplacement associated with a coastal battery.",1,P,"-"
167081,"COASTAL BATTERY COMMAND POST",Y,"A command post used to direct the guns of a coastal battery.",1,P,"-"
167082,"COASTAL OBSERVATION POST",Y,"A building, situated on the coast, used for observing the movements of enemy shipping.",1,P,"-"
167083,"DINGHY SHED (2900/43)",Y,"A modified Nissen hut, based on drawing number (2900/43), used for the repair packing and storage of inflatable liferafts.",1,P,"-"
167084,"DINGHY SHED (2901/43)",Y,"A temporary brick building, based on drawing number (2901/43), used for the repair, packing and storage of inflatable liferafts.",1,P,"-"
167085,"EMERGENCY WAR HEADQUARTERS",Y,"A site, complex or building which has been converted for use as the headquarters for the civilian authorities in the event of a nuclear attack or major natural disaster destroying the seat of government.",1,P,"-"
167086,"FIRE SERVICES HEADQUARTERS",Y,"A building, either purpose-built or modified, used for the co-ordination of the Fire Service.",1,P,"-"
167087,"FOOD DEPOT",Y,"A building or site used for the storage and distribution of food.",1,P,"-"
167088,"FOOD AND REST CENTRE",Y,"A building used as emergency accommodation and food distribution centre for people displaced by a natural disaster or conflict.",1,P,"-"
167089,"Gymnasium",N,"Use GYMNASIUM (SPORTS) for recreational use or SECONDARY SCHOOL for the educational meaning.",1,N,"-"
167090,"FUEL DEPOT",Y,"A building or site used for the storage and distribution of fuel.",1,P,"-"
167091,"MOTOR TRANSPORT BUILDING",Y,"A building, on an airfield or military base, used for the maintenance and storage of motor vehicles.",1,P,"-"
167092,"STORAGE DEPOT",Y,"A building or site used for the storage of goods or equipment.",1,P,"-"
167093,"VEHICLE REPAIR CENTRE",Y,"A building or site used for the maintenance and repair of motor vehicles.",1,P,"-"
167152,"Sharks Teeth",N,"-",1,N,"-"
167309,"Control Building",N,"-",1,N,"-"
167311,"DEFENCE LINE",Y,"A system of defensive works such as anti-tank obstacles, ditches and pillboxes, designed to stop the advance of an enemy. Defence lines were constructed across and around strategic areas of ground and sites such as industrial towns.",1,P,"-"
167317,"NUCLEAR COMMAND CENTRE",Y,"An underground structure from which operations covering the whole, or part, of the country could be directed in the event of a nuclear attack. Usually equipped with air filtration equipment and supplies for several months.",1,P,"-"
167318,"RECREATION HUT",Y,"A hut, usually built as part of a complex on a military base or airfield and used for the recreation of military personnel.",1,P,"-"
167319,"SICK QUARTERS",Y,"A building used for the accommodation of sick and wounded members of the armed forces.",1,P,"-"
167320,"Transformer Building",N,"-",1,N,"-"
167321,"MEDICAL BLOCK",Y,"A building, usually part of a complex, where medical treatment and hospital facilities are provided.",1,P,"-"
167322,"Instructional Site",N,"-",1,N,"-"
167323,"FUEL TANK",Y,"A large, usually metal, container used for the storage of liquid fuels.",1,P,"-"
167324,"FIRE SERVICE HEADQUARTERS",Y,"A building, either purpose-built or modified, used for the co-ordination of the Fire Service.",1,P,"-"
167325,"Vehicle Shed",N,"-",1,N,"-"
167326,"CAR WASH",Y,"A facility where the exterior of a motor vehicle can be cleaned.",1,P,"-"
167327,"Vehicle Washdown Station",N,"-",1,N,"-"
167328,"TECHNICAL SITE",Y,"The area of a military base where engineering and maintenance functions are grouped.",1,P,"-"
167329,"EMERGENCY STORE",Y,"An establishment for the storage of food for use during wartime or similar states of emergency.",1,P,"-"
167330,"RECEPTION CENTRE",Y,"A facility for the kitting out and induction of recruits before being sent on for training.",1,P,"-"
167334,"CLERGY DAUGHTERS SCHOOL",Y,"19th century school for the daughters of clergymen.",1,P,"-"
167357,"CABLE INSULATION FACTORY",Y,"A factory manufacturing insulation material for electrical cables.",1,P,"-"
167358,"FIREPLACE FACTORY",Y,"A factory manufacturing fireplaces.",1,P,"-"
167609,"YARN PREPARATION WORKS",Y,"Works where yarn is prepared prior to spinning.",1,P,"-"
167611,"STARTING GATE",Y,"A gate or mechanism designed to allow animals which are being raced to start at the same time.",1,P,"-"
167848,"UNDERWATER DIVING FEATURE",Y,"Feature, typically a ship, boat, aircraft or vehicle, deliberately sunk for recreational and diver educational purposes in inland bodies of water used as dive centres, such as lakes and water-filled quarries, or offshore as artificial reefs.",1,P,"-"
167856,"Shears",N,"-",1,N,"-"
167863,"Religious Society Of Friends Meeting House",N,"-",1,N,"-"
167864,"Religious Society Of Friends Burial Ground",N,"-",1,N,"-"
167865,"Shear Hulk",N,"-",1,N,"-"
167866,"Shear Legs",N,"-",1,N,"-"
167867,"Masting Shears",N,"-",1,N,"-"
168065,"WAR MEMORIAL (FREESTANDING)",Y,"A freestanding structure commemorating nations, actions, soldiers and/or civilians that served or died as a result of conflict.",1,P,"-"
168066,"WAR MEMORIAL (TRIBUTE)",Y,"An attached plaque, inscription, mural or display commemorating nations, actions, soldiers and/or civilians that served or died as a result of conflict.",1,P,"-"
168105,"PLAYGROUND EQUIPMENT",Y,"Fixed equipment, such as slides, swings and climbing frames for children to play on. Often found in playgrounds, parks and school grounds.",1,P,"-"
168259,"ARTIFICIAL REEF",Y,"A human constructed underwater structure, usually built to promote marine life in areas with a generally featureless eas bed but have also been built to control erosion, block ship passage, or improve surfing.",1,P,"-"
168260,"Diver Attraction",N,"-",1,N,"-"
168338,"MORDANT WORKS",Y,"A chemical works producing mordants for the dying industry.",1,P,"-"
168344,"BAIZE WORKS",Y,"A factory making baize for snooker and gaming tables.",1,P,"-"
168346,"TRIPE BOILING SHOP",Y,"Workshop used in the the production of tripe.",1,P,"-"
169404,"CELESTINE WORKINGS",Y,"A site where Celestine or Celestite (a SrSO4), originally used in sugar beet refinement, is extracted from an open cast mine.",1,P,"-"
169844,"INLAND SORTING DEPOT",Y,"Sorting offices constructed during the Second World War designed to rapidly move goods from the vulnerable docks and ports via the rail network.",1,P,"-"
169857,"SMOKE GENERATOR",Y,"Smoke generators (also known as smoke pots) were used to create a smoke screen to provide defensive cover for strategic targets",1,P,"-"
169858,"FURLONG BOUNDARY",Y,"Linear earthwork boundary denoting furlongs",1,P,"-"
169871,"ROCKET HOUSE",Y,"A building specifically built to house life saving apparatus used when conditions prevented the lifeboat from deploying.",1,P,"-"
169911,"HOLIDAY ACCOMMODATION",Y,"A building used as a temporary form of accommodation during a holiday, which includes self-catering.",1,P,"-"
169931,"Avenue",N,"Use most appropriate term.",1,N,"-"
169961,"COBBLE QUARRY",Y,"An excavation from which cobble stone is obtained.",1,P,"-"
169962,"PRISON CHAPEL",Y,"A chapel for a prison, either attached or in a separate building.",1,P,"-"
169963,"ANGLICAN CHAPEL",Y,"A chapel where the followers of the Anglican tradition worship.",1,P,"-"
169964,"PENCIL SHARPENING STONE",Y,"A stone, usually found in a schoolyard, either built into a wall or forming part of a free standing structure, on which pencils can be sharpened. Although increasingly rare examples do survive.",1,P,"-"
169966,"Relief And Labour Test Yard",N,"-",1,N,"-"
169967,"Manure Depot",N,"-",1,N,"-"
169969,"Masonic Hostel",N,"-",1,N,"-"
169974,"VERGERS COTTAGE",Y,"The residence of a verger, typically a layperson who assists in the ordering of religious services within the Anglican church.",1,P,"-"
169983,"HILLSLOPE ENCLOSURE",Y,"An enclosure defined by a single bank and entrance. They occur on every type of ground, although they favour sheltered, valley side locations. Smaller and usually less well defended than hillforts they are thought to be settlements of Iron Age date.",1,P,"-"
169997,"CARE CENTRE",Y,"A centre providing emotional and practical support to those living with life-threatening illnesses.",1,P,"-"
170001,"DHARMA HALL",Y,"A space in a Buddist building that is used for teaching Dharma/Dhamma - the teachings of Buddha.",1,P,"-"
170006,"TREE CATHEDRAL",Y,"Trees, hedges and shrubs planted in the form of a medieval cathedral sometimes used as a memorial.",1,P,"-"
170007,"CHEMICAL WEAPONS RESEARCH STATION",Y,"Establishments responsible for the research into and the design, development and manufacture of chemical weapons",1,P,"-"
170008,"FOG BELL",Y,"A bell mounted on an anchored vessel, buoy, headland, rock etc and rung as a warning to mariners in foggy weather.",1,P,"-"
170019,"RECEPTION HOUSE",Y,"A building, usually associated with, or found within the grounds of, a cemetery and used for the storage of coffins prior to burial. Reception houses were introduced as a result of concerns around the implcations for public health of C19 burial practices.",1,P,"-"
170020,"Receiving House",N,"-",1,N,"-"
170049,"MICRARIUM",Y,"A building where artefacts, scientific specimens, antiquities and similar objects of interest could be examined through microscopes by members of the public.",1,P,"-"
170050,"Settling Pan",N,"-",1,N,"-"
170051,"RICE MILL",Y,"A mill for the processing of rice for use in food products.",1,P,"-"
170052,"STAIRCASE LOCK",Y,"Two or more adjacent locks where the upper gates of one lock serve as the lower gates of the next.",1,P,"-"
170053,"HORSE RECOVERY STEP",Y,"A step or ramp in the bank of a canal to enable horses to climb out of the water.",1,P,"-"
170054,"HYDRAULIC LIFT",Y,"A lift powered by an hydraulic system.",1,P,"-"
170055,"WATCH FACTORY",Y,"A factory that manufactures watches.",1,P,"-"
170056,"TURPENTINE FACTORY",Y,"A place in which turpentine is produced.",1,P,"-"
170057,"Navy League Home",N,"-",1,N,"-"
170058,"TELEGRAPH KEEPERS COTTAGE",Y,"The residence of a telegraph keeper, associated with a telegraph station.",1,P,"-"
170059,"PATENT SLIP",Y,"An inclined plane with a cradle designed to lift a ship from the water onto a slip.",1,P,"-"
170060,"Marine Railway",N,"-",1,N,"-"
170061,"BELTING WORKS",Y,"A works site making and/or maintaining drive belts for industrial power.",1,P,"-"
170065,"MASONS MARK",Y,"A device, monogram or symbol incised in stonework by a mason as a means of identifying his work. Particularly common in Romanesque and Gothic buildings.",1,P,"-"
170066,"APOTROPAIC MARK",Y,"A device, monogram or symbol usually carved on stone or woodwork near a buildingâ€™s entrance points, particularly doorways, windows and fireplaces, to protect inhabitants and visitors from witches and evil spirits.",1,P,"-"
170067,"Witches Mark",N,"-",1,N,"-"
170089,"ORGAN BLOWING CHAMBER",Y,"A dedicated room for housing the organ feeder bellows, can be an underground chamber or a free-standing building.",1,P,"-"
170091,"NATIONAL PARK",Y,"Areas of land that have been designated as national property where habitation and commercial activities are restricted to preserve their outstanding landscapes.",1,P,"-"
170102,"CHALK MINE",Y,"A site where chalk is extracted from the ground.",1,P,"-"
170103,"RIVER INTAKE",Y,"A dam and sluice combination, associated with an aqueduct, for the extraction of water from a river to feed a reservoir or water treatment plant.",1,P,"-"
170104,"RIVER GATE",Y,"A gate, made of wood, used as a livestock barrier by continuing a fence line across a river or stream. The gate usually consists of a series of  droppers, that can float up and down depending on water levels, attached to a length of cable or wooden pole.",1,P,"-"
170105,"TURBARY STONE",Y,"A marker stone used to demarcate the boundaries of peat cutting grounds and indicate who held the rights for each particular parcel of land.",1,P,"-"
170110,"Limestone Pavement Extraction",N,"-",1,N,"-"
170116,"JACKABLE TIMBER FRAMED BUILDING",Y,"A light timber framed building usually with brick panels which rests on a timber frame with jacking points; should ground subsidence occur the structure could be jacked to a level position. Usually found in the Cheshire Salt Field.",1,P,"-"
170624,"Renewable Energy Park",Y,"An area of land used for producing renewable energy, which can comprise a solar farm, wind turbines or biomass facility",1,P,"-"
170630,"FLOOD MARKER POST",Y,"A graduated post or pole adjacent to an area at risk of flooding to indicate the depth of water during a flood.",1,P,"-"
170631,"Flood Level Marker",N,"-",1,N,"-"
170632,"FLOOD MARKER",Y,"A plaque attached onto, or a line incised into, a wall face or other surface to indicate the height of flood water inundation.",1,P,"-"
170633,"AIRCRAFT BREAKING YARD",Y,"A site where aircraft are stored, dismantled and processed for the recovery of serviceable parts.",1,P,"-"
170634,"CLAYING TRENCH",Y,"A trench dug through topsoil in an arable field in order to extract underlying clay which was then spread on the field and ploughed in to improve soil fertility. Usually found in peaty soil areas such as the Lincolnshire and Cambridgeshire fenlands.",1,P,"-"
170635,"Q PIT",Y,"A kiln in the form of a pit dug into the earth which was used for the the production of white coal prior to the Industrial Revolution.",1,P,"-"
170636,"Q Hole",N,"-",1,N,"-"
170637,"WHETSTONE MINE",Y,"A place where silicate rock was extracted to be shaped for use as whetstones. Examples can be found in Derbyshire and the Blackdown Hills in Devon.",1,P,"-"
170638,"CHOPWOOD KILN",Y,"A type of kiln, usually built into banking, with a stone lining that was used to produce white coal which was used as fuel in the lead smelting process.",1,P,"-"
170639,"White Coal Kiln",N,"-",1,N,"-"
170640,"Chop Kiln",N,"-",1,N,"-"
170641,"CLAMP LIME KILN",Y,"A kiln in which lime is made by calcining limestone. This type of kiln usually consists of a circular bowl surrounded by pennanular banks with a funnel exit on the lower side. They normally survive as an earthwork. Superseded by Flare Kilns.",1,P,"-"
170658,"CURLING POND",Y,"A shallow outdoor pool, usually rectangular in shape filled with water which when frozen was used for the sport of Curling.",1,P,"-"
170770,"SARSEN PIT",Y,"A pit dug to extract Sarsen stones from the superficial geology in which they occur. They range in size from one dug for the extraction of a single boulder to pits from which multiple boulders are extracted & date from the Neolitic to the mid 20th century",1,P,"-"
170771,"BLAST SHELTER (2360/41)",Y,"An unroofed structure, found on military airfields, protected by brick walls and earth banks for shelter during air raids.",1,P,"-"
170772,"TECHNICAL LATRINE BLOCK (9026/41)",Y,"A standard latine block on RAF airfields.",1,P,"-"
170773,"RAILWAY WATER TROUGH",Y,"A very long trough laid between the rails of a railway track to allow a suitably equiped steam engine to scoop up water whilst in motion.",1,P,"-"
170774,"COALING STAGE",Y,"A structure for fuelling railway steam locomotives with coal, usually by dropping coal under gravity from an adjacent raised platform.",1,P,""
170801,"MOLLY HOUSE",Y,"An 18th Century term for an inn, tavern or coffeehouse where men could meet in secret to socialize and have sex.",1,P,"-"
170802,"CLEARED SLIPWAY",Y,"A channel in the intertidal zone cleared of large stones and boulders used for the launching and landing of small boats.",1,P,"-"
170803,"MIDDLE SCHOOL",Y,"The second school in the three tier system of education teaching children from the ages of nine to twelve.",1,P,"-"
170810,"LOWER SCHOOL",Y,"The first school in the three tier system of education teaching children up to the age of nine.",1,P,"-"
170812,"UPPER SCHOOL",Y,"The third school in the three tier system of education teaching children from the age of thirteen until the end of GCSEs or sixth form.",1,P,"-"
170813,"BEDDING TRENCH",Y,"A trench dug into the ground for the purpose of growing plants.  Bedding trenches are often, but not exclusively, associated with vineyards.",1,P,"-"
170814,"ANTIQUITY SITE EXCLUSION MARKER",Y,"Antiquity stars were used on training ranges to indicate areas off limits to troops. They marked the locations of scheduled archaeological features such as barrows, promontory forts and Iron Age forts.",1,P,"-"
170815,"CATCHWORK SYSTEM",Y,"Catchwork or catch-meadow systems diverted water along a series or channels or gutters, often arranged in parallel. They were caused to overflow or included openings to spread water downslope, to irrigate combe sides and encourage growth.",1,P,"-"
170839,"TREE",Y,"Individual tree, of note for its historical or landscape associations. For named trees, use NAMED TREE",1,P,"-"
170841,"Worked Stone",N,"-",1,N,"-"
170842,"SKI SLOPE",Y,"A sloping surface used for people to ski down, either on a snow-covered mountain or on a specially made surface or structure.",1,P,"-"
170851,"SOCIAL HOUSING",Y,"Housing for social tenants, provided by a local authority or a housing association (a not-for-profit organisation that owns, lets and manages rented housing).",1,P,""
170852,"Bonfire Kiln",N,"-",1,N,"-"
170853,"Submerged Forest",N,"-",1,N,"-"
170858,"OTTER TRAP",Y,"A structure built to trap or kill otters.",1,P,"-"
170859,"ANIMAL TRAP",Y,"A structure built to trap or kill animals. Use specific type where known.",1,P,"-"
170860,"SURFACE SHELTER",Y,"An air raid shelter built on the surface and protected solely by the use of materials such as concrete or external blast walls",1,P,""
170861,"SEMI-SUNKEN SHELTER",Y,"An air raid shelter that has been constructed with the structure half-buried in the ground. Usually the upper half of the shelter is covered in soil or other material to increase the protection.",1,P,""
170862,"UNDERGROUND SHELTER",Y,"An air raid shelter situated wholly underground and accessed via a surface entrance.  Although some were purpose built many were simply underground structures re-used as air raid shelters eg. London underground stations or Nottingham cave systems. Double-index with appropriate site type where re-used.",1,P,"-"
170863,"TRENCH SHELTER",Y,"An air raid shelter consisting of a trench dug into the earth. Originally open many were later covered over for added protection. The trench could be revetted with sandbags, timber, corrugated steel sheeting, brick or stone. Often laid out in V, U or zig-zag patterns.",1,P,"-"
170866,"VICARAGE GARDEN",Y,"An informal garden area belonging to a vicarage.",1,P,"-"
170867,"SUGAR CANE REFINERY",Y,"A site where raw sugar cane is processed into refined sugar.",1,P,"-"
170868,"CENTRIFUGAL RAILWAY",Y,"An early form of roller coaster, the first to feature a full loop, designed in 1833, demonstrated in 1843  	but out of fashion by the end of the mid 19th century.",1,P,"-"
170869,"ICE CREAM FACTORY",Y,"A factory where ice cream is made.",1,P,"-"
170870,"TEMPLE OF HUMANITY",Y,"A building used by the Church of Humanity, a positivist sect, for worship.",1,P,"-"
170871,"INDEPENDENT SCOTTISH PRESBYTERIAN CHAPEL",Y,"A chapel belonging to Scottish Presbyterians not of the Church of Scotland (e.g. groups resulting from the First Secession, the Second Secession or The Disruption).",1,P,"-"
170875,"DOCKMASTERS HOUSE",Y,"The residence of a dockmaster.",1,P,"-"
170876,"DOCK MAINTENANCE YARD",Y,"A yard with facilities for maintaining dock structures such as smithies, millwrights, foundries, lime kilns, mortar mills, etc.",1,P,"-"
170877,"EGYPTIAN ORTHODOX CHURCH",Y,"A place of worship for members of the Coptic Orthodox Church of Alexandria.",1,P,"-"
170878,"WOODEN BOX FACTORY",Y,"A factory producing wooden crates or boxes, for example the National Box Factories of the First World 	 War making and repairing ammunition boxes.",1,P,"-"
170879,"BRITISH GUM WORKS",Y,"A works producing British Gum, dextrin, by roasting starch.",1,P,"-"
170880,"SMALT WORKS",Y,"A factory producing smalt from cobalt.  Smalt has been used as an artisit's pigment from the late 16th century.",1,P,"-"
170881,"SACCHARINE WORKS",Y,"A factory producing saccharine.",1,P,"-"
170882,"SPICE MILL",Y,"A mill for the processing of spices for use in food products.",1,P,"-"
170883,"PRIMITIVE EPISCOPAL CHURCH",Y,"A revival variant of the American Anglican church.",1,P,"-"
170884,"ANTI AIRCRAFT GUNNERY RANGE",Y,"A firing range for anti-aircraft weaponry training.",1,P,"-"
170885,"MORTAR RANGE",Y,"A range for the practice of mortar firing.",1,P,"-"
170886,"TANK GUNNERY RANGE",Y,"An area of ground on which tanks practice firing at targets.",1,P,"-"
170887,"TANK TRAINING GROUND",Y,"An area for tank driving practice.",1,P,"-"
170888,"AIRCRAFT GUN HARMONISATION BUILDING",Y,"A structure in which aircraft wing-mounted guns were harmonised to achieve the desired convergence.",1,P,"-"
170889,"MILLWRIGHTS WORKSHOP",Y,"A workshop used by a millwright.",1,P,"-"
170890,"CHRONOMETER MAKERS WORKSHOP",Y,"A place where chronometers are manufactured.",1,P,"-"
170899,"Brine Well",N,"",1,N,""
170900,"Mass Dial",N,"-",1,N,"-"
170901,"RAILWAY MILEPOST",Y,"A post set up alongside a railway to mark the miles to and from a place.",1,P,"-"
170902,"TRAMWAY CUTTING",Y,"An artificial trough or valley through a hill, carrying at its base a tramway.",1,P,"-"
170903,"Islamic Centre",N,"-",1,N,"-"
170904,"Imambara",N,"-",1,N,"-"
170905,"Jamia Mosque",N,"-",1,N,"-"
170906,"Darul Uloom ",N,"-",1,N,"-"
170907,"ZAWIYA",N,"A building associated with a Sufi order.",1,P,"-"
170908,"HUSSEINYYA",Y,"A congregation hall for Muslim commemoration of Muharram.",1,P,"-"
170909,"Whale Oil House",N,"-",1,N,"-"
170910,"LOCOMOTIVE COALING PLANT",Y,"A structure for fuelling railway steam locomotives with coal. A more advanced type of Coaling Stage where coal wagons are lifted up and physically turned upside down to empty their contents into a raised bunker above the tracks.",1,P,"-"
170987,"OCCUPATION LEVEL CROSSING",Y,"A private level crossing which provides access between land and a public highway or between land that is under common occupation but divided by the railway line.",1,P,"-"
170988,"Occupation Crossing",N,"-",1,N,"-"
170989,"GANISTER QUARRY",Y,"A quarry for the extraction of ganister, a hard fine-grained quartz-arenite (sandstone) cemented with silica, used in the manufacture of silica bricks commonly used to line furnaces.",1,P,"-"
170990,"Road Embankment",N,"-",1,N,"-"
170991,"Railway Workers Hostel",N,"-",1,N,"-"
170992,"Militia Barracks",N,"-",1,N,"-"
170993,"BLAST FURNACE STOCK HOUSE",Y,"Structure at an iron works where sintered iron ore, coke and other ingredients are prepared for delivery to the blast furnace.",1,P,"-"
170994,"HOIST TOWER",Y,"A tall stone or brick building or iron structure used to lift iron ore and coke to the top of iron works blast furnace, which are loaded from the top. ",1,P,"-"
170995,"SALVAGE DEBRIS",Y,"Debris from salvaging activities on wreck sites.",1,P,"-"
170996,"VESSEL BREAKING SITE",Y,"A site, often just an area of the shore, used for the dismantling of redundant or irreparable vessels.",1,P,""
170997,"SINTER PLANT",Y,"A plant where iron ore is prepared prior to its use in a blast furnace. Ground iron ores are blended with coke dust, fluxes and furnace dust and heated at over 1,000 degrees Celsius to form a clinker-type material which is charged into the furnace with coke and limestones to reduce the quantity of coke needed and to utilise waste materials.",1,P,"-"
170998,"COWPER STOVE",Y,"A Cowper Stove consists of vertical tanks, heated by gas burners, which utilises gas obtained from the exhaust of a blast furnace. A widely-used system for generating hot blast which was patented by Edward Cowper in 1857.",1,P,""
170999,"MELT SHOP",Y,"A site where iron is further processed, with other ingredients to produce different specifications of steel before being cast in preparation for shaping.",1,P,"-"
171196,"MICACEOUS HAEMATITE MINE",Y,"Site where micaceous haematite was mined for use in rust-resistant paint. Particular to the Hennock-Lustleigh area of Devon where it was known as 'Shiny Ore'.",1,P,"-"
171197,"PEATWAY",N,"A trackway through blanket bog constructed to create a dry route. Formed by removing peat to link  	areas already eroded to the granite bedrock.",1,P,"-"
171198,"Wheelwrights Stone",N,"-",1,N,"-"
171199,"Shippon Stock Building",N,"-",1,N,"-"
171200,"BULLSEYE STONE",Y,"A flat slab of granite with a central hole, which is set into the main wall of a leat. It acts as a sluice, to  	maintain an optimum supply of water to a subsidiary leat.",1,P,"-"
171201,"RAILWAY ACCOMMODATION BRIDGE",Y,"A bridge over or under a Railway, allowing access between two parcels of land.",1,P,"-"
171202,"Catch Meadow",N,"-",1,N,"-"
171203,"Whim Platform ",N,"-",1,N,"-"
171205,"Sedilia",N,"-",1,N,"-"
171206,"Parallel Reave System",N,"-",1,N,"-"
171207,"Fortified Gatehouse",N,"-",1,N,"-"
171208,"Fortified Enclosure",N,"-",1,N,"-"
171213,"Target Tramway",N,"-",1,N,"-"
171215,"ANTI TANK POST",Y,"An anti tank obstacle in the form of a post, often of concrete or steel, inserted upright into the ground.",1,P,""
171216,"BRIQUETTING WORKS",Y,"A site where briquets are manufactured",1,P,"-"
171217,"CAMOUFLAGED STRUCTURE",Y,"A structure or building, decorated or modified to disguise its true function or conceal its placement.",1,P,"-"
171218,"Military Site",N,"-",1,N,"-"
171221,"Access Hole",N,"-",1,N,"-"
171222,"Open Cut",N,"-",1,N,"-"
171223,"Ritual Mound",N,"-",1,N,"-"
171224,"HORSE AND CARRIAGE REPOSITORY",Y,"A building where horses and carriages were exhibited for sale.",1,P,""
171231,"Harbour of Refuge",N,"-",1,N,"-"
171234,"Roadstead",N,"-",1,N,"-"
171235,"Rip Rap",N,"-",1,N,"-"
171236,"MASTERS HOUSE",Y,"A house associated with a complex in which the master of an establishment, such as a workhouse, is accommodated.",1,P,""
171237,"PALAEOENVIRONMENTAL SITE",Y,"A site showing evidence, including floral and faunal remains, of ancient environments.",1,P,"-"
171238,"SHEEP CREEP",Y,"An opening in a wall at ground level with a lintel across the top allowing sheep to pass through put preventing the movement of larger animals like horses and cattle.",1,P,"-"
171240,"TRAMWAY INCLINED PLANE",Y,"A slope on a tramway system, usually with rails, along which wagons and/or materials can be moved between two relatively flat stretches of tramway.",1,P,""
171241,"Railway Coal Stage",N,"-",1,N,"-"
171242,"Pillbox (Type FW3/24) with porch",N,"-",1,N,"-"
171243,"TRAMWAY CABLE SUPPORT POLE",Y,"A pole used to support the overhead electric cable on a tramway",1,P,"-"
171244,"Tramway Cable Pole",N,"-",1,N,"-"
171245,"TELEGRAPH CABLE MARKER",Y,"A marker placed above a buried underground telegraph cable.",1,P,"-"
171246,"Ground Line Gully",N,"-",1,N,"-"
171247,"PAPER BAG FACTORY",Y,"A factory with specialized machinery for the manufacturing of paper bags.",1,P,"-"
171248,"LIMESTONE MINE",Y,"A mine used for the extraction of limestone.",1,P,"-"
171256,"Nissen-Petren House",N,"-",1,N,"-"
171275,"ANCIENT WOODLAND",Y,"Woodland believed to have existed since at least 1600 in England and in England defined as such by Natural England. Usually managed for timber, coppice etc and often contains dividing banks, trackways, charcoal burning platforms etc.",1,P,"-"
171276,"Allotments",N,"-",1,N,"-"
171287,"VILLAGE SCHOOL",Y,"A school, usually catering to children of primary school age (4-11) situated in a village setting.",1,P,"-"
171288,"Vaults",N,"-",1,N,"-"
171289,"TRANSFORMER PLINTH (13241/41)",Y,"A brick or concrete structure built to the design of Air Ministry drawing number 13241/41,  housing a transformer on a military airfield.",1,P,"-"
171290,"DRAIN GRATE",Y,"An access cover for a drain allowing water to flow through it but providing a strong enough surface for pedestrians and vehicles to pass over without falling into the drain.",1,P,"-"
171291,"Storm Drain Grating",N,"-",1,N,"-"
171292,"Gully Grate",N,"-",1,N,"-"
171293,"Storm Grate",N,"-",1,N,"-"
171296,"MINERAL WELL",Y,"A well providing water rich in minerals",1,P,"-"
171297,"Belgic Oppidum",N,"-",1,N,"-"
171298,"Territorial Oppidum",N,"-",1,N,"-"
171299,"HOSPITALLERS GRANGE",Y,"An outlying farm or estate belonging to the Knights of the Order of the Hospital of St John of Jerusalem, commonly known as the Knights Hospitaller.",1,P,""
171300,"CHARITY FARM",Y,"A farm established and/or run by a charity, often endowed by a bequest from an individual benefactor for this use.",1,P,"-"
171301,"Charity Farmhouse",N,"-",1,N,"-"
171302,"FEN COTTAGE",Y,"Fen cottages are small, 1.5 storey, low-status vernacular dwellings constructed of local materials, usually timber-framed with infills of brick, clay lump or wattle and daub panels. Fen cottages are specifically associated with waterborne or water-adjacent smallholder activity that proliferated in the newly-drained fen landscape in the 18th and 19th centuries, intrinsic to the landscape character of the Fens.",1,P,"-"
171303,"PILE DWELLING SETTLEMENT",Y,"A settlement located on or near a river or within marshy landscapes. This type of settlement are raised on piles to prevent flooding.",1,P,"-"
171334,"Channel",N,"-",1,N,"-"
171335,"Cobbles",N,"-",1,N,"-"
171336,"Corral",N,"-",1,N,"-"
171337,"Cropmark",N,"-",1,N,"-"
171339,"Hollow-way",N,"-",1,N,"-"
171340,"Midden Pit",N,"-",1,N,"-"
171341,"Post-hole",N,"-",1,N,"-"
171342,"Posthole",N,"-",1,N,"-"
171343,"Post-holes",N,"-",1,N,"-"
171344,"Postholes",N,"-",1,N,"-"
171345,"Ring-ditch",N,"-",1,N,"-"
171346,"Ring-ditches",N,"-",1,N,"-"
171347,"Ring-gully",N,"-",1,N,"-"
171349,"Ring Gully",N,"-",1,N,"-"
171350,"Ring Gullies",N,"-",1,N,"-"
171351,"Ring-gullies",N,"-",1,N,"-"
171352,"Ring Ditches",N,"-",1,N,"-"
171353,"Scatter",N,"-",1,N,"-"
171354,"Stakehole",N,"-",1,N,"-"
171355,"Stake-hole",N,"-",1,N,"-"
171356,"LAUNCH CHAMBER",Y,"A large, underground or surface-level excavation from which a tunnel boring machine can begin its journey.",1,P,"-"
171359,"CHARCOAL PIT",Y,"A pit used for the manufacture of charcoal.",1,P,"-"
171374,"JUDGES BOX",Y,"Small square or rectangular building, platform or roofed structure, sited at or near the winning post of a horse racing course and designed to provide the race judge with a clear view of the finish line.",1,P,"-"
171379,"BOX FACTORY",Y,"A factory used for the manufacture of boxes.",1,P,"-"
171380,"National Box Factory",N,"-",1,N,"-"
171381,"EXCAVATION TRENCH",Y,"A remnant of an archaeological intervention that still remains visible in the landscape.",1,P,"-"
171384,"SADDLERS SHOP",Y,"A workshop for the small-scale production of saddles.",1,P,"-"
171385,"DRY CLEANERS SHOP",Y,"An establishment where clothes and other textiles can be taken to be cleaned by processes that use a solvent other than water.",1,P,"-"
171386,"Dry Cleaners",N,"-",1,N,"-"
171390,"TIME GUN",Y,"A gun, usually fired remotely by means of an electric current, formerly used to signal a specific time of day to inform the local inhabitants or workers in an area.",1,P,"-"
171391,"FISH DOCK",Y,"A dock used for landing fish from a fishing fleet. Usually associated with buildings for processing the fish, ice warehouses and a market.",1,P,"-"
171392,"Court Housing",N,"-",1,N,"-"
171393,"Court (Domestic)",N,"-",1,N,"-"
171394,"FEMALE PENITENTIARY",Y,"An institution designed to house 'fallen women' and to restore them to society through religious instruction and moral education.",1,P,""
171395,"WOMENS SHELTER",Y,"A building used for the temporary accommodation of vulnerable women particularly those escaping domestic violence.",1,P,"-"
171396,"OUTDOOR DANCING VENUE",Y,"An area of a park or garden, often in the form of a green or platform, where dancing can take place.",1,P,""
171397,"TOOL STORE",Y,"A building used to house tools.",1,P,"-"
171398,"Rivet and Tool Store",N,"-",1,N,"-"
171399,"LIVESTOCK RUNWAY",Y,"A runway with fencing or barriers down either side used to safely move livestock from one area of a site to another.",1,P,"-"
171421,"ROMANO CELTIC TEMPLE",Y,"A type of Roman temple, usually found in the north-western provinces of the Roman Empire. Romano Celtic temples differ in form from rectangular Classical temples but being either square or octagonal with a central cella rising above a surrounding ambulatory.",1,P,""
171422,"Romano British Temple",N,"-",1,N,"-"
